step,type,amount,oldbalanceOrg,newbalanceOrig,oldbalanceDest,newbalanceDest,isFraud,isFlaggedFraud
1,PAYMENT,6495.27,22040.0,15544.73,0.0,0.0,0,0
1,PAYMENT,3735.16,672.0,0.0,0.0,0.0,0,0
1,CASH_OUT,131991.26,0.0,0.0,1145221.51,0.0,0,0
1,PAYMENT,3920.09,21900.0,17979.91,0.0,0.0,0,0
1,PAYMENT,5770.32,938.3,0.0,0.0,0.0,0,0
1,PAYMENT,5430.53,12096.0,6665.47,0.0,0.0,0,0
1,CASH_OUT,234268.82,0.0,0.0,310152.51,424250.45,0,0
1,PAYMENT,7823.46,998.0,0.0,0.0,0.0,0,0
1,TRANSFER,181.0,181.0,0.0,0.0,0.0,1,0
1,CASH_OUT,181.0,181.0,0.0,21182.0,0.0,1,0
1,TRANSFER,2806.0,2806.0,0.0,0.0,0.0,1,0
1,CASH_OUT,2806.0,2806.0,0.0,26202.0,0.0,1,0
1,TRANSFER,20128.0,20128.0,0.0,0.0,0.0,1,0
1,CASH_OUT,20128.0,20128.0,0.0,6268.0,12145.85,1,0
1,TRANSFER,35063.63,35063.63,0.0,0.0,0.0,1,0
1,CASH_OUT,35063.63,35063.63,0.0,31140.0,7550.03,1,0
1,TRANSFER,25071.46,25071.46,0.0,0.0,0.0,1,0
1,CASH_OUT,25071.46,25071.46,0.0,9083.76,34155.22,1,0
1,CASH_OUT,132842.64,4499.08,0.0,0.0,132842.64,1,0
1,TRANSFER,235238.66,235238.66,0.0,0.0,0.0,1,0
1,CASH_OUT,235238.66,235238.66,0.0,0.0,235238.66,1,0
2,PAYMENT,6328.21,9009.0,2680.79,0.0,0.0,0,0
2,PAYMENT,3708.43,0.0,0.0,0.0,0.0,0,0
2,TRANSFER,14949.84,14949.84,0.0,0.0,0.0,1,0
2,CASH_OUT,14949.84,14949.84,0.0,18161.79,33111.63,1,0
2,TRANSFER,18627.02,18627.02,0.0,0.0,0.0,1,0
2,CASH_OUT,18627.02,18627.02,0.0,147251.58,165878.6,1,0
3,TRANSFER,76083.8,51900.58,0.0,186540.3,262624.1,0,0
3,TRANSFER,10539.37,10539.37,0.0,0.0,0.0,1,0
3,CASH_OUT,10539.37,10539.37,0.0,0.0,10539.37,1,0
3,TRANSFER,22877.0,22877.0,0.0,0.0,0.0,1,0
3,CASH_OUT,22877.0,22877.0,0.0,0.0,22877.0,1,0
4,PAYMENT,4059.46,11277.0,7217.54,0.0,0.0,0,0
4,PAYMENT,3973.91,30850.53,26876.62,0.0,0.0,0,0
4,TRANSFER,169941.73,169941.73,0.0,0.0,0.0,1,0
4,CASH_OUT,169941.73,169941.73,0.0,0.0,169941.73,1,0
4,TRANSFER,13707.11,13707.11,0.0,0.0,0.0,1,0
4,CASH_OUT,13707.11,13707.11,0.0,0.0,13707.11,1,0
4,TRANSFER,86070.17,86070.17,0.0,0.0,0.0,1,0
4,CASH_OUT,86070.17,86070.17,0.0,0.0,86070.17,1,0
5,TRANSFER,120074.73,120074.73,0.0,0.0,0.0,1,0
5,CASH_OUT,120074.73,120074.73,0.0,0.0,120074.73,1,0
5,TRANSFER,60726.57,60726.57,0.0,0.0,0.0,1,0
5,TRANSFER,10119.47,10119.47,0.0,0.0,0.0,1,0
5,CASH_OUT,10119.47,10119.47,0.0,0.0,10119.47,1,0
6,PAYMENT,10158.08,11513.0,1354.92,0.0,0.0,0,0
6,PAYMENT,13794.64,25455.0,11660.36,0.0,0.0,0,0
6,PAYMENT,10665.1,13112.0,2446.9,0.0,0.0,0,0
6,PAYMENT,10088.16,11501.0,1412.84,0.0,0.0,0,0
6,PAYMENT,5912.08,6093.0,180.92,0.0,0.0,0,0
6,CASH_OUT,183083.93,0.0,0.0,211419.76,701369.74,0,0
6,PAYMENT,13098.63,0.0,0.0,0.0,0.0,0,0
6,PAYMENT,55954.74,0.0,0.0,0.0,0.0,0,0
6,TRANSFER,33332.86,33332.86,0.0,0.0,0.0,1,0
6,CASH_OUT,33332.86,33332.86,0.0,31002.0,0.0,1,0
6,TRANSFER,25975.86,25975.86,0.0,0.0,0.0,1,0
6,CASH_OUT,25975.86,25975.86,0.0,98152.0,28041.27,1,0
6,TRANSFER,26768.5,26768.5,0.0,0.0,0.0,1,0
6,CASH_OUT,26768.5,26768.5,0.0,101976.0,128744.5,1,0
6,TRANSFER,30521.02,30521.02,0.0,0.0,0.0,1,0
6,CASH_OUT,30521.02,30521.02,0.0,0.0,30521.02,1,0
6,TRANSFER,216422.0,216422.0,0.0,0.0,0.0,1,0
6,CASH_OUT,216422.0,216422.0,0.0,10097.0,48630.5,1,0
6,TRANSFER,17320.91,17320.91,0.0,0.0,0.0,1,0
6,CASH_OUT,17320.91,17320.91,0.0,6244.44,0.0,1,0
6,TRANSFER,17246.0,17246.0,0.0,0.0,101717.84,1,0
6,CASH_OUT,17246.0,17246.0,0.0,0.0,17246.0,1,0
6,TRANSFER,10565.0,10565.0,0.0,0.0,0.0,1,0
6,CASH_OUT,10565.0,10565.0,0.0,36275.0,24380.72,1,0
6,TRANSFER,10224.0,10224.0,0.0,0.0,0.0,1,0
6,CASH_OUT,10224.0,10224.0,0.0,0.0,10224.0,1,0
6,TRANSFER,85354.69,85354.69,0.0,0.0,0.0,1,0
6,CASH_OUT,85354.69,85354.69,0.0,11170.0,10612.55,1,0
6,CASH_OUT,13704.0,13704.0,0.0,3382.84,143675.35,1,0
7,PAYMENT,9443.02,898.0,0.0,0.0,0.0,0,0
7,CASH_OUT,135471.58,0.0,0.0,194724.39,573514.06,0,0
7,CASH_OUT,376966.61,0.0,0.0,471298.94,129998.25,0,0
7,PAYMENT,12100.68,15608.0,3507.32,0.0,0.0,0,0
7,PAYMENT,1789.39,331.0,0.0,0.0,0.0,0,0
7,PAYMENT,13371.37,0.0,0.0,0.0,0.0,0,0
7,PAYMENT,4808.53,11035.0,6226.47,0.0,0.0,0,0
7,PAYMENT,10937.55,10871.0,0.0,0.0,0.0,0,0
7,PAYMENT,11251.72,4932.0,0.0,0.0,0.0,0,0
7,CASH_OUT,137664.09,8883.06,0.0,588891.42,588641.6,0,0
7,PAYMENT,11396.93,0.0,0.0,0.0,0.0,0,0
7,PAYMENT,3482.48,40004.0,36521.52,0.0,0.0,0,0
7,PAYMENT,43063.97,16317.01,0.0,0.0,0.0,0,0
7,PAYMENT,5029.66,189.0,0.0,0.0,0.0,0,0
7,PAYMENT,11096.2,25957.0,14860.8,0.0,0.0,0,0
7,CASH_OUT,55593.37,0.0,0.0,61609.0,117202.37,0,0
7,PAYMENT,6387.0,45147.0,38760.0,0.0,0.0,0,0
7,PAYMENT,3872.79,3274.0,0.0,0.0,0.0,0,0
7,PAYMENT,8151.69,0.0,0.0,0.0,0.0,0,0
7,PAYMENT,4530.52,0.0,0.0,0.0,0.0,0,0
7,TRANSFER,262434.54,262434.54,0.0,0.0,0.0,1,0
7,CASH_OUT,262434.54,262434.54,0.0,19525.79,438233.86,1,0
7,TRANSFER,21729.0,21729.0,0.0,0.0,0.0,1,0
7,CASH_OUT,21729.0,21729.0,0.0,27335.0,0.0,1,0
7,TRANSFER,164.0,164.0,0.0,0.0,0.0,1,0
7,CASH_OUT,164.0,164.0,0.0,4068.0,0.0,1,0
7,TRANSFER,21571.0,21571.0,0.0,0.0,0.0,1,0
7,CASH_OUT,21571.0,21571.0,0.0,30797.41,71140.3,1,0
8,PAYMENT,4368.98,10064.0,5695.02,0.0,0.0,0,0
8,PAYMENT,2336.74,0.0,0.0,0.0,0.0,0,0
8,PAYMENT,5522.01,17048.0,11525.99,0.0,0.0,0,0
8,CASH_OUT,26881.27,0.0,0.0,48291.23,0.0,0,0
8,PAYMENT,7202.25,42738.0,35535.75,0.0,0.0,0,0
8,PAYMENT,4685.91,0.0,0.0,0.0,0.0,0,0
8,PAYMENT,15952.57,0.0,0.0,0.0,0.0,0,0
8,CASH_OUT,287251.72,45775.0,0.0,262368.73,817839.9,0,0
8,CASH_OUT,54457.48,0.0,0.0,101869.46,0.0,0,0
8,PAYMENT,5605.46,0.0,0.0,0.0,0.0,0,0
8,PAYMENT,2129.18,36765.0,34635.82,0.0,0.0,0,0
8,CASH_OUT,77542.39,0.0,0.0,125187.73,202730.12,0,0
8,PAYMENT,19081.57,29436.31,10354.74,0.0,0.0,0,0
8,PAYMENT,37064.92,0.0,0.0,0.0,0.0,0,0
8,PAYMENT,67.77,20873.0,20805.23,0.0,0.0,0,0
8,CASH_OUT,131092.88,159434.0,28341.12,80554.59,375014.35,0,0
8,PAYMENT,17689.82,0.0,0.0,0.0,0.0,0,0
8,PAYMENT,5440.58,49929.0,44488.42,0.0,0.0,0,0
8,PAYMENT,9534.2,0.0,0.0,0.0,0.0,0,0
8,PAYMENT,13109.16,0.0,0.0,0.0,0.0,0,0
8,PAYMENT,1908.71,0.0,0.0,0.0,0.0,0,0
8,CASH_OUT,96414.15,0.0,0.0,113136.94,0.0,0,0
8,PAYMENT,3514.95,0.0,0.0,0.0,0.0,0,0
8,PAYMENT,9885.11,35.0,0.0,0.0,0.0,0,0
8,PAYMENT,2301.7,58416.0,56114.3,0.0,0.0,0,0
8,PAYMENT,10456.41,0.0,0.0,0.0,0.0,0,0
8,CASH_OUT,282492.45,199743.8,0.0,0.0,535471.63,0,0
8,PAYMENT,11238.56,2078.0,0.0,0.0,0.0,0,0
8,PAYMENT,745.69,0.0,0.0,0.0,0.0,0,0
8,CASH_OUT,5860.83,2055.0,0.0,26280.36,0.0,0,0
8,CASH_OUT,48081.67,0.0,0.0,223787.06,0.0,0,0
8,PAYMENT,2242.54,0.0,0.0,0.0,0.0,0,0
8,PAYMENT,413.23,14944.0,14530.77,0.0,0.0,0,0
8,PAYMENT,18476.16,0.0,0.0,0.0,0.0,0,0
8,CASH_OUT,104637.48,0.0,0.0,222713.58,474803.34,0,0
8,PAYMENT,12739.19,0.0,0.0,0.0,0.0,0,0
8,TRANSFER,361036.16,0.0,0.0,368634.21,0.0,0,0
8,PAYMENT,2549.32,20016.0,17466.68,0.0,0.0,0,0
8,CASH_OUT,111688.11,0.0,0.0,513617.34,548359.45,0,0
8,CASH_OUT,28208.87,0.0,0.0,289738.67,44049.23,0,0
8,CASH_OUT,99266.44,71611.0,0.0,6330.0,0.0,0,0
8,CASH_OUT,282873.7,0.0,0.0,1346825.33,0.0,0,0
8,PAYMENT,3461.47,10902.0,7440.53,0.0,0.0,0,0
8,PAYMENT,7481.95,19639.0,12157.05,0.0,0.0,0,0
8,PAYMENT,7083.57,0.0,0.0,0.0,0.0,0,0
8,TRANSFER,83731.11,30371.0,0.0,175688.87,683602.27,0,0
8,PAYMENT,7087.79,0.0,0.0,0.0,0.0,0,0
8,PAYMENT,1407.25,30456.0,29048.75,0.0,0.0,0,0
8,CASH_OUT,106334.4,0.0,0.0,158719.0,121150.57,0,0
8,CASH_OUT,303626.77,4096.0,0.0,0.0,756076.63,0,0
8,TRANSFER,101997.96,155795.0,53797.04,6277.68,0.0,0,0
8,CASH_OUT,94898.35,63007.01,0.0,4626.94,99525.3,0,0
8,PAYMENT,15912.21,32519.0,16606.79,0.0,0.0,0,0
8,PAYMENT,272.19,16827.0,16554.81,0.0,0.0,0,0
8,CASH_OUT,34045.1,54480.0,20434.9,66777.16,191339.02,0,0
8,CASH_OUT,53871.43,0.0,0.0,93839.54,155491.95,0,0
8,PAYMENT,4267.45,555.0,0.0,0.0,0.0,0,0
8,CASH_OUT,225211.23,95490.57,0.0,318178.29,1048017.45,0,0
8,CASH_OUT,251665.23,18704.0,0.0,253.0,488339.34,0,0
8,CASH_OUT,76763.58,0.0,0.0,103563.15,1014147.95,0,0
8,PAYMENT,14267.25,0.0,0.0,0.0,0.0,0,0
8,CASH_OUT,259818.71,9005.0,0.0,124080.61,136405.86,0,0
8,CASH_OUT,181728.11,0.0,0.0,11397.0,184477.77,1,0
8,TRANSFER,222.0,222.0,0.0,0.0,267095.19,1,0
8,CASH_OUT,222.0,222.0,0.0,24708.0,171647.35,1,0
8,TRANSFER,1996.17,1996.17,0.0,0.0,0.0,1,0
8,CASH_OUT,1996.17,1996.17,0.0,2559.74,4555.92,1,0
8,TRANSFER,89631.24,89631.24,0.0,0.0,0.0,1,0
8,CASH_OUT,89631.24,89631.24,0.0,21175.0,0.0,1,0
8,TRANSFER,29707.86,29707.86,0.0,0.0,0.0,1,0
8,CASH_OUT,29707.86,29707.86,0.0,10935.0,0.0,1,0
8,TRANSFER,43092.0,43092.0,0.0,0.0,0.0,1,0
8,CASH_OUT,43092.0,43092.0,0.0,660641.74,1158662.9,1,0
9,PAYMENT,11257.54,0.0,0.0,0.0,0.0,0,0
9,CASH_OUT,107041.2,12860.25,0.0,909368.0,1047511.79,0,0
9,PAYMENT,10110.8,41945.0,31834.2,0.0,0.0,0,0
9,PAYMENT,3462.82,268.0,0.0,0.0,0.0,0,0
9,CASH_OUT,67317.46,21790.0,0.0,7894.0,75211.46,0,0
9,CASH_OUT,193573.11,21090.0,0.0,29836.0,223409.11,0,0
9,TRANSFER,106741.56,0.0,0.0,692975.83,0.0,0,0
9,PAYMENT,16378.7,0.0,0.0,0.0,0.0,0,0
9,CASH_OUT,58643.14,0.0,0.0,111343.0,0.0,0,0
9,PAYMENT,5940.94,1180.0,0.0,0.0,0.0,0,0
9,PAYMENT,1818.25,9991.0,8172.75,0.0,0.0,0,0
9,PAYMENT,4730.93,63706.0,58975.07,0.0,0.0,0,0
9,CASH_OUT,257584.95,16636.0,0.0,0.0,129642.42,0,0
9,PAYMENT,16.22,0.0,0.0,0.0,0.0,0,0
9,PAYMENT,13741.59,0.0,0.0,0.0,0.0,0,0
9,CASH_OUT,280855.3,3989.0,0.0,20598.0,502251.72,0,0
9,CASH_OUT,278250.41,83163.0,0.0,16202.0,295286.96,0,0
9,CASH_OUT,81970.42,0.0,0.0,225152.87,307123.3,0,0
9,PAYMENT,4927.42,0.0,0.0,0.0,0.0,0,0
9,CASH_OUT,154583.24,0.0,0.0,951153.33,504875.58,0,0
9,CASH_OUT,273292.77,0.0,0.0,305239.92,820176.69,0,0
9,PAYMENT,33309.7,0.0,0.0,0.0,0.0,0,0
9,PAYMENT,7750.61,58740.0,50989.39,0.0,0.0,0,0
9,CASH_OUT,127727.33,0.0,0.0,872979.03,990259.64,0,0
9,CASH_OUT,252878.44,20473.0,0.0,38124.05,488380.13,0,0
9,CASH_OUT,225300.3,100731.0,0.0,0.0,304615.14,0,0
9,PAYMENT,12293.38,0.0,0.0,0.0,0.0,0,0
9,CASH_OUT,141831.83,0.0,0.0,252670.04,103490.73,0,0
9,PAYMENT,5165.71,10672.0,5506.29,0.0,0.0,0,0
9,TRANSFER,77095.3,4451.0,0.0,66966.76,144062.05,0,0
9,PAYMENT,27313.23,0.0,0.0,0.0,0.0,0,0
9,CASH_OUT,199686.71,35246.6,0.0,0.0,1263682.2,0,0
9,CASH_OUT,186836.95,69040.0,0.0,1022.0,187858.95,0,0
9,CASH_OUT,314195.59,0.0,0.0,754526.57,1068722.15,0,0
9,CASH_OUT,100231.92,0.0,0.0,140660.74,0.0,0,0
9,CASH_OUT,48504.58,5007.0,0.0,0.0,240315.52,0,0
9,PAYMENT,1904.33,0.0,0.0,0.0,0.0,0,0
9,CASH_OUT,28587.2,1190.0,0.0,80635.37,176700.27,0,0
9,PAYMENT,10403.92,0.0,0.0,0.0,0.0,0,0
9,PAYMENT,3927.0,10294.75,6367.75,0.0,0.0,0,0
9,CASH_OUT,22904.37,0.0,0.0,1074118.97,1254345.28,0,0
9,PAYMENT,21709.83,23865.0,2155.17,0.0,0.0,0,0
9,CASH_OUT,81036.81,40359.0,0.0,0.0,79825.36,0,0
9,CASH_OUT,225425.0,3556.0,0.0,26652.58,131646.85,0,0
9,TRANSFER,204063.36,10982.0,0.0,75194.0,279257.36,0,0
9,PAYMENT,25138.66,69465.44,44326.78,0.0,0.0,0,0
9,CASH_OUT,223418.1,0.0,0.0,516495.73,739913.83,0,0
9,PAYMENT,10039.49,20427.0,10387.51,0.0,0.0,0,0
9,PAYMENT,20724.19,0.0,0.0,0.0,0.0,0,0
9,CASH_OUT,47602.59,0.0,0.0,253617.98,301220.57,0,0
9,PAYMENT,23307.74,589.0,0.0,0.0,0.0,0,0
9,PAYMENT,3838.68,27855.11,24016.43,0.0,0.0,0,0
9,CASH_OUT,209768.93,0.0,0.0,394406.39,848150.16,0,0
9,TRANSFER,309108.26,100123.0,0.0,66710.01,796689.94,0,0
9,TRANSFER,159682.35,147692.0,0.0,8213.0,205802.25,0,0
9,PAYMENT,22806.56,666.0,0.0,0.0,0.0,0,0
9,CASH_OUT,9477.52,0.0,0.0,368605.5,666649.82,0,0
9,PAYMENT,15588.51,14498.0,0.0,0.0,0.0,0,0
9,CASH_IN,19361.28,27698.0,47059.28,0.0,0.0,0,0
9,PAYMENT,1501.3,0.0,0.0,0.0,0.0,0,0
9,PAYMENT,8875.79,3676.99,0.0,0.0,0.0,0,0
9,PAYMENT,10018.76,10024.0,5.24,0.0,0.0,0,0
9,CASH_OUT,440144.31,70501.0,0.0,102124.0,459092.26,0,0
9,PAYMENT,5645.1,0.0,0.0,0.0,0.0,0,0
9,PAYMENT,67804.37,51463.0,0.0,0.0,0.0,0,0
9,PAYMENT,15127.15,15194.0,66.85,0.0,0.0,0,0
9,CASH_OUT,107422.12,20792.0,0.0,264231.61,111059.1,0,0
9,CASH_OUT,124914.91,11539.0,0.0,0.0,152987.89,0,0
9,PAYMENT,6476.4,0.0,0.0,0.0,0.0,0,0
9,PAYMENT,8237.99,0.0,0.0,0.0,0.0,0,0
9,PAYMENT,3531.51,0.0,0.0,0.0,0.0,0,0
9,TRANSFER,191881.89,85699.0,0.0,10312.0,202193.89,0,0
9,CASH_OUT,361027.57,23033.0,0.0,202522.0,913998.72,0,0
9,PAYMENT,18110.93,0.0,0.0,0.0,0.0,0,0
9,PAYMENT,18760.02,55393.0,36632.98,0.0,0.0,0,0
9,TRANSFER,75863.06,0.0,0.0,340660.51,725396.37,0,0
9,PAYMENT,14505.38,0.0,0.0,0.0,0.0,0,0
9,PAYMENT,38349.47,42448.0,4098.53,0.0,0.0,0,0
9,CASH_OUT,3452.57,10620.0,7167.43,268573.0,61800.68,0,0
9,PAYMENT,18220.35,7263.94,0.0,0.0,0.0,0,0
9,CASH_OUT,12165.53,0.0,0.0,50271.0,0.0,0,0
9,CASH_OUT,238074.78,41519.0,0.0,555.0,0.0,0,0
9,PAYMENT,10042.84,0.0,0.0,0.0,0.0,0,0
9,PAYMENT,17283.51,3268.0,0.0,0.0,0.0,0,0
9,PAYMENT,14419.29,23860.97,9441.68,0.0,0.0,0,0
9,TRANSFER,182407.77,0.0,0.0,249070.1,329048.68,0,0
9,CASH_OUT,99881.85,0.0,0.0,20933.0,120814.85,0,0
9,PAYMENT,5790.27,33467.0,27676.73,0.0,0.0,0,0
9,CASH_OUT,109915.17,20823.0,0.0,56313.19,31463.14,0,0
9,CASH_OUT,191886.88,26524.0,0.0,0.0,191886.88,0,0
9,CASH_OUT,78225.91,0.0,0.0,88890.67,0.0,0,0
9,PAYMENT,10826.05,32194.0,21367.95,0.0,0.0,0,0
9,PAYMENT,7241.57,51209.0,43967.43,0.0,0.0,0,0
9,PAYMENT,1785.69,0.0,0.0,0.0,0.0,0,0
9,TRANSFER,90131.1,0.0,0.0,110426.0,200557.1,0,0
9,CASH_OUT,102627.74,0.0,0.0,129454.74,120994.81,0,0
9,PAYMENT,13773.79,0.0,0.0,0.0,0.0,0,0
9,CASH_OUT,12222.47,11738.0,0.0,212515.5,80435.19,0,0
9,CASH_OUT,41811.75,0.0,0.0,328074.79,369886.54,0,0
9,TRANSFER,11308.0,11308.0,0.0,0.0,0.0,1,0
9,CASH_OUT,11308.0,11308.0,0.0,0.0,302550.56,1,0
9,TRANSFER,21922.0,21922.0,0.0,0.0,0.0,1,0
9,TRANSFER,1055.0,1055.0,0.0,0.0,0.0,1,0
9,CASH_OUT,1055.0,1055.0,0.0,75179.0,0.0,1,0
9,TRANSFER,244068.01,244068.01,0.0,0.0,0.0,1,0
9,CASH_OUT,244068.01,244068.01,0.0,0.0,338538.16,1,0
10,PAYMENT,640.94,0.0,0.0,0.0,0.0,0,0
10,CASH_OUT,190784.66,454.0,0.0,0.0,190784.66,0,0
10,PAYMENT,11804.87,71359.04,59554.17,0.0,0.0,0,0
10,PAYMENT,6119.19,36590.0,30470.81,0.0,0.0,0,0
10,PAYMENT,11434.53,0.0,0.0,0.0,0.0,0,0
10,PAYMENT,16766.31,41637.0,24870.69,0.0,0.0,0,0
10,PAYMENT,6596.39,30787.0,24190.61,0.0,0.0,0,0
10,CASH_OUT,237722.43,30400.0,0.0,19314.0,731860.78,0,0
10,TRANSFER,18011.65,0.0,0.0,219565.7,237577.35,0,0
10,CASH_OUT,189240.58,107587.0,0.0,442055.94,631296.51,0,0
10,CASH_OUT,85439.1,0.0,0.0,93322.0,943396.92,0,0
10,PAYMENT,33719.47,41839.0,8119.53,0.0,0.0,0,0
10,PAYMENT,21164.61,52148.0,30983.39,0.0,0.0,0,0
10,PAYMENT,31180.28,0.0,0.0,0.0,0.0,0,0
10,PAYMENT,2606.4,0.0,0.0,0.0,0.0,0,0
10,PAYMENT,46220.22,10951.0,0.0,0.0,0.0,0,0
10,PAYMENT,145.81,49693.0,49547.19,0.0,0.0,0,0
10,CASH_OUT,116101.74,10798.0,0.0,375818.26,796689.94,0,0
10,PAYMENT,25948.03,10874.0,0.0,0.0,0.0,0,0
10,CASH_OUT,26539.37,5005.0,0.0,8342.0,0.0,0,0
10,CASH_IN,12635.88,0.0,12635.88,92529.87,49355.88,0,0
10,CASH_OUT,3759.06,0.0,0.0,19264.0,198555.61,0,0
10,PAYMENT,27637.69,0.0,0.0,0.0,0.0,0,0
10,CASH_OUT,262371.58,454.0,0.0,981333.54,1243705.12,0,0
10,PAYMENT,3517.73,15537.0,12019.27,0.0,0.0,0,0
10,CASH_OUT,149202.91,0.0,0.0,157180.56,306383.47,0,0
10,CASH_OUT,119253.65,0.0,0.0,182521.03,619810.51,0,0
10,CASH_OUT,188396.7,230656.0,42259.3,195770.0,0.0,0,0
10,CASH_OUT,102679.83,532.0,0.0,516329.15,72854.53,0,0
10,PAYMENT,32597.62,0.0,0.0,0.0,0.0,0,0
10,CASH_OUT,165292.25,23696.0,0.0,141040.13,590169.32,0,0
10,CASH_IN,26256.38,10220.0,36476.38,33212.78,6956.4,0,0
10,PAYMENT,11024.16,21164.0,10139.84,0.0,0.0,0,0
10,CASH_OUT,121053.82,398.0,0.0,167226.81,288280.63,0,0
10,PAYMENT,13957.84,0.0,0.0,0.0,0.0,0,0
10,CASH_OUT,246181.68,17681.0,0.0,0.0,476036.7,0,0
10,PAYMENT,12931.8,0.0,0.0,0.0,0.0,0,0
10,CASH_OUT,109093.39,0.0,0.0,161722.73,270816.12,0,0
10,PAYMENT,10653.77,10042.0,0.0,0.0,0.0,0,0
10,CASH_OUT,14353.09,0.0,0.0,184558.76,198911.85,0,0
10,PAYMENT,444.07,5091.0,4646.93,0.0,0.0,0,0
10,PAYMENT,19622.75,0.0,0.0,0.0,0.0,0,0
10,PAYMENT,31707.96,62528.0,30820.04,0.0,0.0,0,0
10,PAYMENT,2083.58,9742.89,7659.32,0.0,0.0,0,0
10,PAYMENT,16296.36,0.0,0.0,0.0,0.0,0,0
10,PAYMENT,15599.07,0.0,0.0,0.0,0.0,0,0
10,PAYMENT,75.45,11400.0,11324.55,0.0,0.0,0,0
10,CASH_OUT,151801.98,0.0,0.0,734984.12,886786.1,0,0
10,CASH_OUT,278041.71,0.0,0.0,725191.66,1026808.37,0,0
10,DEBIT,2748.85,16019.1,13270.25,454376.96,318169.02,0,0
10,PAYMENT,3865.52,30945.0,27079.48,0.0,0.0,0,0
10,PAYMENT,15004.03,343.0,0.0,0.0,0.0,0,0
10,CASH_OUT,256478.71,0.0,0.0,431928.27,845169.8,0,0
10,PAYMENT,5513.56,38893.0,33379.44,0.0,0.0,0,0
10,CASH_OUT,13830.95,0.0,0.0,765091.11,778922.06,0,0
10,CASH_OUT,254593.76,55455.0,0.0,145773.09,400366.85,0,0
10,PAYMENT,9044.9,0.0,0.0,0.0,0.0,0,0
10,CASH_OUT,151385.79,0.0,0.0,460608.55,516823.96,0,0
10,PAYMENT,808.29,10449.0,9640.71,0.0,0.0,0,0
10,PAYMENT,10682.31,6276.0,0.0,0.0,0.0,0,0
10,PAYMENT,18573.83,54310.66,35736.84,0.0,0.0,0,0
10,PAYMENT,19243.1,15279.06,0.0,0.0,0.0,0,0
10,PAYMENT,6878.18,5092.0,0.0,0.0,0.0,0,0
10,CASH_OUT,417638.44,0.0,0.0,562324.64,994858.25,0,0
10,CASH_OUT,207105.56,259772.0,52666.44,50254.34,623353.98,0,0
10,CASH_OUT,82529.1,0.0,0.0,180034.52,470849.13,0,0
10,PAYMENT,27959.71,0.0,0.0,0.0,0.0,0,0
10,PAYMENT,22433.12,21854.0,0.0,0.0,0.0,0,0
10,CASH_OUT,81429.22,73512.0,0.0,102343.08,183772.3,0,0
10,PAYMENT,16813.65,11225.0,0.0,0.0,0.0,0,0
10,PAYMENT,3096.07,608.0,0.0,0.0,0.0,0,0
10,CASH_OUT,54783.92,67518.33,12734.41,216829.83,842243.64,0,0
10,CASH_OUT,310078.62,50203.0,0.0,0.0,310078.62,0,0
10,TRANSFER,54983.11,9091.0,0.0,0.0,54983.11,0,0
10,CASH_OUT,458024.51,101154.0,0.0,514110.52,1038218.88,0,0
10,CASH_OUT,36529.62,0.0,0.0,792019.14,687850.74,0,0
10,PAYMENT,10907.02,8542.54,0.0,0.0,0.0,0,0
10,CASH_OUT,277524.03,21367.0,0.0,627565.66,905089.69,0,0
10,CASH_OUT,292508.38,0.0,0.0,607537.13,900045.51,0,0
10,CASH_OUT,165387.37,0.0,0.0,247854.33,50847.13,0,0
10,CASH_OUT,175982.29,0.0,0.0,224094.03,377236.88,0,0
10,CASH_OUT,14904.08,0.0,0.0,99127.05,114031.13,0,0
10,TRANSFER,59835.0,59835.0,0.0,0.0,0.0,1,0
10,CASH_OUT,59835.0,59835.0,0.0,255480.76,315315.76,1,0
10,CASH_OUT,277970.88,0.0,0.0,0.0,277970.88,1,0
10,TRANSFER,93810.76,93810.76,0.0,0.0,0.0,1,0
10,TRANSFER,9217.19,9217.19,0.0,0.0,96795.6,1,0
10,CASH_OUT,9217.19,9217.19,0.0,0.0,9217.19,1,0
11,CASH_OUT,182241.29,122383.0,0.0,38363.23,220604.52,0,0
11,CASH_OUT,379778.13,9608.0,0.0,0.0,379778.13,0,0
11,PAYMENT,20832.94,0.0,0.0,0.0,0.0,0,0
11,PAYMENT,24452.3,0.0,0.0,0.0,0.0,0,0
11,CASH_IN,50078.53,9743.0,59821.53,567329.99,882551.69,0,0
11,PAYMENT,27566.34,10983.66,0.0,0.0,0.0,0,0
11,CASH_OUT,273228.48,0.0,0.0,326779.0,73792.58,0,0
11,PAYMENT,4250.83,0.0,0.0,0.0,0.0,0,0
11,CASH_OUT,109242.45,0.0,0.0,345923.08,455165.53,0,0
11,PAYMENT,9710.84,0.0,0.0,0.0,0.0,0,0
11,CASH_OUT,311460.84,0.0,0.0,323861.35,751179.95,0,0
11,CASH_OUT,31313.78,0.0,0.0,36143.51,22114.15,0,0
11,PAYMENT,11385.08,0.0,0.0,0.0,0.0,0,0
11,PAYMENT,46982.18,0.0,0.0,0.0,0.0,0,0
11,CASH_OUT,153951.05,0.0,0.0,296731.11,450682.15,0,0
11,PAYMENT,8807.31,0.0,0.0,0.0,0.0,0,0
11,PAYMENT,2055.53,0.0,0.0,0.0,0.0,0,0
11,PAYMENT,1927.21,0.0,0.0,0.0,0.0,0,0
11,CASH_OUT,111448.69,0.0,0.0,919557.6,1031006.29,0,0
11,PAYMENT,22460.99,0.0,0.0,0.0,0.0,0,0
11,CASH_OUT,109713.91,0.0,0.0,164832.82,0.0,0,0
11,PAYMENT,7967.59,4096.0,0.0,0.0,0.0,0,0
11,PAYMENT,31164.36,13471.0,0.0,0.0,0.0,0,0
11,TRANSFER,105674.44,0.0,0.0,119440.33,161353.45,0,0
11,CASH_OUT,217286.83,0.0,0.0,722877.54,940164.37,0,0
11,PAYMENT,2534.85,0.0,0.0,0.0,0.0,0,0
11,PAYMENT,14406.3,5512.0,0.0,0.0,0.0,0,0
11,PAYMENT,6813.16,333.0,0.0,0.0,0.0,0,0
11,PAYMENT,8619.53,3418.0,0.0,0.0,0.0,0,0
11,CASH_OUT,18344.29,20397.0,2052.71,26724.37,45068.67,0,0
11,CASH_OUT,13530.81,0.0,0.0,524528.42,500393.77,0,0
11,CASH_OUT,182862.49,0.0,0.0,736079.98,918942.47,0,0
11,TRANSFER,24195.35,31771.0,7575.65,0.0,24195.35,0,0
11,CASH_OUT,56704.19,0.0,0.0,89806.0,195814.52,0,0
11,PAYMENT,1044.94,0.0,0.0,0.0,0.0,0,0
11,PAYMENT,10598.01,0.0,0.0,0.0,0.0,0,0
11,PAYMENT,9287.77,31239.0,21951.23,0.0,0.0,0,0
11,PAYMENT,15128.21,5081.0,0.0,0.0,0.0,0,0
11,TRANSFER,391508.92,106740.0,0.0,0.0,242515.91,0,0
11,DEBIT,2553.35,32326.0,29772.65,118419.44,120972.78,0,0
11,CASH_OUT,250285.36,253474.0,3188.64,0.0,250285.36,0,0
11,PAYMENT,14280.02,0.0,0.0,0.0,0.0,0,0
11,PAYMENT,12478.66,13650.17,1171.5,0.0,0.0,0,0
11,PAYMENT,7638.45,0.0,0.0,0.0,0.0,0,0
11,CASH_OUT,86793.52,50982.0,0.0,12291.0,0.0,0,0
11,PAYMENT,10882.98,0.0,0.0,0.0,0.0,0,0
11,PAYMENT,28660.72,777.0,0.0,0.0,0.0,0,0
11,PAYMENT,14788.09,0.0,0.0,0.0,0.0,0,0
11,PAYMENT,22877.05,719.0,0.0,0.0,0.0,0,0
11,PAYMENT,12073.14,6067.0,0.0,0.0,0.0,0,0
11,CASH_OUT,286482.0,0.0,0.0,630044.24,1095635.7,0,0
11,CASH_OUT,43692.23,0.0,0.0,48739.14,57407.0,0,0
11,DEBIT,7854.4,39866.0,32011.6,1224633.43,1232487.82,0,0
11,CASH_OUT,260995.83,0.0,0.0,492103.39,387570.31,0,0
11,CASH_OUT,2207.74,27470.89,25263.15,548986.8,551194.54,0,0
11,CASH_OUT,450183.43,40006.0,0.0,301787.0,530465.37,0,0
11,CASH_OUT,74289.17,0.0,0.0,165026.0,0.0,0,0
11,PAYMENT,12325.96,0.0,0.0,0.0,0.0,0,0
11,PAYMENT,35537.79,21356.0,0.0,0.0,0.0,0,0
11,PAYMENT,2105.89,0.0,0.0,0.0,0.0,0,0
11,PAYMENT,13096.32,0.0,0.0,0.0,0.0,0,0
11,PAYMENT,6478.85,39259.0,32780.15,0.0,0.0,0,0
11,PAYMENT,15566.11,61540.0,45973.89,0.0,0.0,0,0
11,PAYMENT,5624.3,5081.0,0.0,0.0,0.0,0,0
11,PAYMENT,46737.43,5093.0,0.0,0.0,0.0,0,0
11,CASH_OUT,110215.84,165.0,0.0,0.0,110215.84,0,0
11,CASH_OUT,3029.51,5172.0,2142.49,0.0,500956.26,0,0
11,TRANSFER,150859.15,0.0,0.0,971709.22,1122568.37,0,0
11,PAYMENT,4967.96,25235.0,20267.04,0.0,0.0,0,0
11,CASH_OUT,293078.5,0.0,0.0,205444.5,970541.85,0,0
11,CASH_OUT,151069.82,0.0,0.0,233327.29,384397.11,0,0
11,PAYMENT,26515.87,0.0,0.0,0.0,0.0,0,0
11,CASH_OUT,187403.8,0.0,0.0,319370.88,375572.35,0,0
11,CASH_OUT,175048.0,0.0,0.0,700522.82,1163780.67,0,0
11,CASH_OUT,423854.52,62702.0,0.0,1038741.74,1207548.51,0,0
11,PAYMENT,13533.55,30704.0,17170.45,0.0,0.0,0,0
11,CASH_OUT,214486.47,41595.0,0.0,163836.97,378323.43,0,0
11,TRANSFER,2100.0,2100.0,0.0,0.0,0.0,1,0
11,CASH_OUT,2100.0,2100.0,0.0,112512.48,114612.48,1,0
11,TRANSFER,12461.0,12461.0,0.0,0.0,0.0,1,0
11,CASH_OUT,12461.0,12461.0,0.0,27964.11,40425.11,1,0
12,PAYMENT,25035.0,4528.0,0.0,0.0,0.0,0,0
12,TRANSFER,84124.73,0.0,0.0,503569.0,587693.73,0,0
12,CASH_OUT,256987.73,124397.0,0.0,0.0,256987.73,0,0
12,PAYMENT,3776.84,0.0,0.0,0.0,0.0,0,0
12,TRANSFER,43020.94,0.0,0.0,733540.0,776560.95,0,0
12,CASH_OUT,53457.63,31025.0,0.0,26153.59,98455.64,0,0
12,CASH_OUT,272778.62,18542.0,0.0,14458.0,295913.2,0,0
12,CASH_OUT,125685.17,0.0,0.0,878032.23,1003717.4,0,0
12,PAYMENT,29751.13,0.0,0.0,0.0,0.0,0,0
12,PAYMENT,39973.28,11455.0,0.0,0.0,0.0,0,0
12,PAYMENT,32688.1,43971.74,11283.65,0.0,0.0,0,0
12,CASH_OUT,395743.26,20328.0,0.0,108.0,395851.26,0,0
12,PAYMENT,31720.05,33862.0,2141.95,0.0,0.0,0,0
12,PAYMENT,14789.22,0.0,0.0,0.0,0.0,0,0
12,CASH_OUT,40021.06,22898.0,0.0,0.0,40021.06,0,0
12,PAYMENT,2033.88,0.0,0.0,0.0,0.0,0,0
12,PAYMENT,4952.21,1279.0,0.0,0.0,0.0,0,0
12,PAYMENT,20907.63,9637.0,0.0,0.0,0.0,0,0
12,CASH_OUT,318113.96,100.0,0.0,623.0,318736.96,0,0
12,DEBIT,138024.67,26815.0,0.0,404175.16,542199.83,0,0
12,PAYMENT,12625.7,41966.0,29340.3,0.0,0.0,0,0
12,PAYMENT,27338.08,0.0,0.0,0.0,0.0,0,0
12,PAYMENT,16933.81,10819.0,0.0,0.0,0.0,0,0
12,PAYMENT,47540.29,38295.0,0.0,0.0,0.0,0,0
12,PAYMENT,9053.14,27765.0,18711.86,0.0,0.0,0,0
12,CASH_OUT,155144.11,31305.0,0.0,6572.0,0.0,0,0
12,CASH_OUT,371630.75,55874.0,0.0,262079.08,633709.84,0,0
12,CASH_OUT,19914.53,0.0,0.0,162420.28,182334.8,0,0
12,PAYMENT,7999.69,21067.0,13067.31,0.0,0.0,0,0
12,TRANSFER,75310.92,0.0,0.0,195743.71,881266.66,0,0
12,CASH_OUT,187263.72,10952.0,0.0,112862.47,300126.2,0,0
12,PAYMENT,21897.12,4527.0,0.0,0.0,0.0,0,0
12,CASH_OUT,98795.08,126304.24,27509.16,25038.92,123834.0,0,0
12,PAYMENT,28567.61,81793.0,53225.38,0.0,0.0,0,0
12,PAYMENT,11651.21,0.0,0.0,0.0,0.0,0,0
12,CASH_OUT,68433.62,20230.0,0.0,29197.0,73962.83,0,0
12,CASH_OUT,34265.59,198.0,0.0,210063.0,244328.59,0,0
12,CASH_OUT,105819.64,11890.0,0.0,15455.0,121274.64,0,0
12,CASH_OUT,51177.09,0.0,0.0,54067.34,105244.43,0,0
12,CASH_OUT,295420.0,42228.0,0.0,0.0,295420.0,0,0
12,CASH_OUT,223958.86,5907.0,0.0,33047.26,273175.43,0,0
12,PAYMENT,4494.12,6487.0,1992.88,0.0,0.0,0,0
12,PAYMENT,29507.25,0.0,0.0,0.0,0.0,0,0
12,PAYMENT,5385.1,55715.0,50329.9,0.0,0.0,0,0
12,CASH_OUT,166454.09,9944.0,0.0,65456.82,231910.91,0,0
12,PAYMENT,459.94,0.0,0.0,0.0,0.0,0,0
12,CASH_OUT,193480.67,169836.39,0.0,6471.19,205080.48,0,0
12,PAYMENT,21845.13,0.0,0.0,0.0,0.0,0,0
12,CASH_OUT,43068.52,0.0,0.0,417680.67,360138.44,0,0
12,CASH_OUT,72027.6,14618.0,0.0,201778.79,273806.39,0,0
12,PAYMENT,14867.46,0.0,0.0,0.0,0.0,0,0
12,PAYMENT,6172.74,0.0,0.0,0.0,0.0,0,0
12,PAYMENT,28108.09,0.0,0.0,0.0,0.0,0,0
12,CASH_OUT,347442.29,79889.0,0.0,12202.0,125900.92,0,0
12,CASH_OUT,25454.46,0.0,0.0,328752.53,236499.97,0,0
12,PAYMENT,12524.4,0.0,0.0,0.0,0.0,0,0
12,CASH_OUT,255931.21,100032.0,0.0,6147.15,262078.36,0,0
12,CASH_OUT,186120.13,24506.0,0.0,595008.66,1245847.46,0,0
12,CASH_OUT,234551.83,267072.33,32520.5,0.0,406840.66,0,0
12,PAYMENT,26265.36,118.0,0.0,0.0,0.0,0,0
12,CASH_OUT,234353.48,0.0,0.0,401185.72,635539.2,0,0
12,PAYMENT,7902.53,33293.0,25390.47,0.0,0.0,0,0
12,PAYMENT,2310.45,582.0,0.0,0.0,0.0,0,0
12,CASH_OUT,245474.48,85.0,0.0,22121.86,267596.34,0,0
12,TRANSFER,309369.8,0.0,0.0,540110.65,849480.45,0,0
12,PAYMENT,18655.4,0.0,0.0,0.0,0.0,0,0
12,TRANSFER,116882.41,108325.93,0.0,218166.07,987495.46,0,0
12,CASH_OUT,97118.9,5113.0,0.0,0.0,97118.9,0,0
12,CASH_OUT,7046.66,23086.0,16039.34,168966.59,231407.11,0,0
12,PAYMENT,10790.16,0.0,0.0,0.0,0.0,0,0
12,CASH_OUT,451193.99,40988.0,0.0,0.0,451193.99,0,0
12,CASH_OUT,60675.12,69703.0,9027.88,0.0,60675.12,0,0
12,PAYMENT,17743.43,21339.12,3595.68,0.0,0.0,0,0
12,PAYMENT,22789.01,47894.0,25104.99,0.0,0.0,0,0
12,CASH_OUT,160342.93,17809.79,0.0,358714.99,317220.0,0,0
12,PAYMENT,37752.06,0.0,0.0,0.0,0.0,0,0
12,CASH_OUT,122832.41,23958.0,0.0,11507.0,0.0,0,0
12,PAYMENT,11868.67,26008.0,14139.33,0.0,0.0,0,0
12,PAYMENT,2114.38,0.0,0.0,0.0,0.0,0,0
12,CASH_OUT,67632.45,0.0,0.0,1014485.23,821201.16,0,0
12,PAYMENT,551.02,0.0,0.0,0.0,0.0,0,0
12,CASH_OUT,249832.74,54734.0,0.0,828658.31,1078491.05,0,0
12,PAYMENT,12974.14,0.0,0.0,0.0,0.0,0,0
12,CASH_OUT,175658.32,0.0,0.0,183131.0,0.0,0,0
12,PAYMENT,2429.35,60728.4,58299.05,0.0,0.0,0,0
12,CASH_OUT,81011.64,0.0,0.0,131544.0,169473.79,0,0
12,PAYMENT,15718.91,0.0,0.0,0.0,0.0,0,0
12,PAYMENT,28306.62,11346.0,0.0,0.0,0.0,0,0
12,TRANSFER,263947.67,0.0,0.0,561723.6,825671.27,0,0
12,TRANSFER,19472.0,19472.0,0.0,0.0,0.0,1,0
12,CASH_OUT,19472.0,19472.0,0.0,0.0,19472.0,1,0
12,CASH_OUT,149668.66,0.0,0.0,44170.11,193838.76,1,0
12,TRANSFER,2007.0,2007.0,0.0,0.0,0.0,1,0
12,CASH_OUT,2007.0,2007.0,0.0,129917.8,250910.76,1,0
12,CASH_OUT,222048.71,0.0,0.0,2979.0,225027.71,1,0
12,TRANSFER,8677.0,8677.0,0.0,0.0,0.0,1,0
12,CASH_OUT,8677.0,8677.0,0.0,225127.62,233804.62,1,0
13,CASH_OUT,74999.4,248.0,0.0,0.0,212420.93,0,0
13,CASH_OUT,350917.01,12131.0,0.0,4631.98,682702.52,0,0
13,PAYMENT,2907.73,0.0,0.0,0.0,0.0,0,0
13,PAYMENT,1688.87,0.0,0.0,0.0,0.0,0,0
13,PAYMENT,33012.95,21390.0,0.0,0.0,0.0,0,0
13,CASH_OUT,194203.53,68689.0,0.0,45652.81,239856.34,0,0
13,CASH_OUT,29735.91,63234.0,33498.09,0.0,29735.91,0,0
13,PAYMENT,15361.5,0.0,0.0,0.0,0.0,0,0
13,CASH_OUT,391676.96,19995.0,0.0,67108.07,458785.02,0,0
13,PAYMENT,6996.9,31105.13,24108.23,0.0,0.0,0,0
13,CASH_OUT,247272.52,0.0,0.0,325769.21,573041.73,0,0
13,PAYMENT,3024.86,0.0,0.0,0.0,0.0,0,0
13,PAYMENT,7898.95,16184.0,8285.05,0.0,0.0,0,0
13,CASH_OUT,408969.88,404.0,0.0,503990.62,912960.5,0,0
13,CASH_OUT,125611.05,60683.0,0.0,220840.86,0.0,0,0
13,CASH_OUT,254534.97,0.0,0.0,480664.32,735199.3,0,0
13,CASH_OUT,394638.05,297.0,0.0,10625.7,959765.24,0,0
13,CASH_OUT,54013.22,0.0,0.0,466899.03,520912.25,0,0
13,PAYMENT,5189.47,0.0,0.0,0.0,0.0,0,0
13,PAYMENT,1628.88,0.0,0.0,0.0,0.0,0,0
13,PAYMENT,14420.31,21446.08,7025.77,0.0,0.0,0,0
13,CASH_OUT,433096.81,0.0,0.0,738339.37,1171436.18,0,0
13,PAYMENT,9001.92,0.0,0.0,0.0,0.0,0,0
13,CASH_OUT,92439.72,0.0,0.0,527066.45,766355.84,0,0
13,CASH_OUT,427068.24,264473.0,0.0,208329.18,635397.42,0,0
13,CASH_OUT,76328.25,0.0,0.0,481330.27,557658.52,0,0
13,CASH_OUT,281133.69,20140.0,0.0,0.0,281133.69,0,0
13,PAYMENT,7203.76,0.0,0.0,0.0,0.0,0,0
13,PAYMENT,5273.47,0.0,0.0,0.0,0.0,0,0
13,PAYMENT,1624.46,0.0,0.0,0.0,0.0,0,0
13,PAYMENT,2249.75,0.0,0.0,0.0,0.0,0,0
13,PAYMENT,1586.07,0.0,0.0,0.0,0.0,0,0
13,PAYMENT,5023.55,0.0,0.0,0.0,0.0,0,0
13,CASH_OUT,45452.85,0.0,0.0,206321.16,72852.32,0,0
13,CASH_OUT,359548.61,0.0,0.0,887385.41,1246934.01,0,0
13,PAYMENT,36186.08,26835.0,0.0,0.0,0.0,0,0
13,PAYMENT,11571.78,0.0,0.0,0.0,0.0,0,0
13,PAYMENT,5273.27,17594.48,12321.21,0.0,0.0,0,0
13,CASH_OUT,298920.57,0.0,0.0,1215709.08,0.0,0,0
13,PAYMENT,14013.97,1272.0,0.0,0.0,0.0,0,0
13,CASH_OUT,1938.5,3129.0,1190.5,114486.33,138110.94,0,0
13,CASH_OUT,70100.58,0.0,0.0,97786.21,115657.37,0,0
13,PAYMENT,442.32,0.0,0.0,0.0,0.0,0,0
13,PAYMENT,27674.3,391.0,0.0,0.0,0.0,0,0
13,CASH_OUT,161742.98,5509.0,0.0,0.0,976588.81,0,0
13,CASH_OUT,25907.19,0.0,0.0,126188.83,152096.01,0,0
13,CASH_OUT,128202.65,651.0,0.0,101881.03,230083.68,0,0
13,PAYMENT,9820.84,0.0,0.0,0.0,0.0,0,0
13,PAYMENT,22330.37,60501.96,38171.59,0.0,0.0,0,0
13,CASH_OUT,217399.09,37276.0,0.0,31012.0,165361.83,0,0
13,CASH_OUT,279355.04,50973.0,0.0,0.0,279355.04,0,0
13,PAYMENT,5705.2,0.0,0.0,0.0,0.0,0,0
13,CASH_OUT,114319.83,10307.0,0.0,636071.63,710052.94,0,0
13,PAYMENT,10568.7,0.0,0.0,0.0,0.0,0,0
13,PAYMENT,37931.16,43667.0,5735.84,0.0,0.0,0,0
13,PAYMENT,57277.26,16033.0,0.0,0.0,0.0,0,0
13,CASH_OUT,139077.5,21403.0,0.0,0.0,139077.5,0,0
13,CASH_OUT,293872.37,15461.0,0.0,0.0,524781.2,0,0
13,CASH_OUT,462490.92,12457.0,0.0,0.0,462490.92,0,0
13,CASH_OUT,45333.97,0.0,0.0,637879.93,683213.89,0,0
13,PAYMENT,7995.78,2071.0,0.0,0.0,0.0,0,0
13,CASH_OUT,90037.02,0.0,0.0,516714.28,606751.3,0,0
13,CASH_OUT,270602.13,65261.0,0.0,202948.3,473550.43,0,0
13,CASH_OUT,139553.2,0.0,0.0,427011.85,566565.05,0,0
13,CASH_OUT,326961.48,0.0,0.0,656435.54,983397.02,0,0
13,CASH_OUT,89506.1,49956.0,0.0,15664.64,105170.74,0,0
13,PAYMENT,40443.24,99878.0,59434.76,0.0,0.0,0,0
13,CASH_OUT,191844.32,0.0,0.0,327035.2,589276.49,0,0
13,DEBIT,1391.35,53833.86,52442.51,108795.21,110186.55,0,0
13,PAYMENT,56589.16,25955.0,0.0,0.0,0.0,0,0
13,PAYMENT,12362.68,41044.33,28681.65,0.0,0.0,0,0
13,PAYMENT,3287.28,0.0,0.0,0.0,0.0,0,0
13,PAYMENT,7901.58,35363.0,27461.42,0.0,0.0,0,0
13,CASH_IN,10283.09,13566.0,23849.09,430900.87,420617.78,0,0
13,CASH_OUT,185940.81,0.0,0.0,556890.13,742830.95,0,0
13,PAYMENT,12061.59,0.0,0.0,0.0,0.0,0,0
13,PAYMENT,42398.66,37678.0,0.0,0.0,0.0,0,0
13,CASH_OUT,417651.96,30707.0,0.0,358.0,418009.96,0,0
13,PAYMENT,18106.88,0.0,0.0,0.0,0.0,0,0
13,PAYMENT,6840.58,0.0,0.0,0.0,0.0,0,0
13,PAYMENT,13313.98,10277.0,0.0,0.0,0.0,0,0
13,CASH_OUT,213132.19,0.0,0.0,487843.17,700975.36,0,0
13,PAYMENT,3893.71,3947.08,53.38,0.0,0.0,0,0
13,CASH_OUT,6646.91,18386.0,11739.09,10625.0,0.0,0,0
13,CASH_OUT,22761.86,0.0,0.0,124513.83,147275.69,0,0
13,PAYMENT,10700.84,0.0,0.0,0.0,0.0,0,0
13,CASH_OUT,144610.9,0.0,0.0,160055.93,304666.83,0,0
13,PAYMENT,4109.04,15850.0,11740.96,0.0,0.0,0,0
13,PAYMENT,15676.28,39937.0,24260.72,0.0,0.0,0,0
13,PAYMENT,15449.84,44592.0,29142.16,0.0,0.0,0,0
13,PAYMENT,2749.31,0.0,0.0,0.0,0.0,0,0
13,CASH_OUT,323243.71,114519.0,0.0,11568.0,854064.01,0,0
13,PAYMENT,3406.55,9266.0,5859.45,0.0,0.0,0,0
13,PAYMENT,1020.35,52869.0,51848.65,0.0,0.0,0,0
13,PAYMENT,27401.02,2188.0,0.0,0.0,0.0,0,0
13,PAYMENT,4268.5,10699.0,6430.5,0.0,0.0,0,0
13,PAYMENT,5068.5,0.0,0.0,0.0,0.0,0,0
13,PAYMENT,3393.82,10921.0,7527.18,0.0,0.0,0,0
13,CASH_OUT,193987.11,0.0,0.0,201820.11,395807.21,0,0
13,PAYMENT,5160.32,0.0,0.0,0.0,0.0,0,0
13,PAYMENT,47720.38,42840.0,0.0,0.0,0.0,0,0
13,PAYMENT,11594.93,0.0,0.0,0.0,0.0,0,0
13,TRANSFER,490582.91,0.0,0.0,699332.63,1189915.55,0,0
13,TRANSFER,408.0,408.0,0.0,0.0,226013.18,1,0
13,CASH_OUT,408.0,408.0,0.0,898297.85,1075854.14,1,0
13,TRANSFER,48375.02,48375.02,0.0,0.0,0.0,1,0
13,CASH_OUT,48375.02,48375.02,0.0,374803.26,658520.33,1,0
13,CASH_OUT,454859.39,0.0,0.0,0.0,454859.39,1,0
13,TRANSFER,123194.95,79466.45,0.0,535933.16,263908.84,1,0
14,CASH_OUT,289538.61,59212.0,0.0,72196.0,347025.31,0,0
14,PAYMENT,8936.11,23494.04,14557.93,0.0,0.0,0,0
14,TRANSFER,265171.24,10349.0,0.0,0.0,265171.24,0,0
14,PAYMENT,3630.75,0.0,0.0,0.0,0.0,0,0
14,CASH_OUT,457960.74,3489.0,0.0,34994.5,331081.5,0,0
14,CASH_OUT,217079.89,0.0,0.0,608896.83,1261505.06,0,0
14,CASH_OUT,258259.21,147209.0,0.0,9169.64,267428.85,0,0
14,CASH_OUT,175370.97,47162.0,0.0,246738.5,422109.47,0,0
14,PAYMENT,628.9,43763.0,43134.1,0.0,0.0,0,0
14,CASH_OUT,69548.65,0.0,0.0,909615.1,979163.75,0,0
14,PAYMENT,10793.69,508.81,0.0,0.0,0.0,0,0
14,PAYMENT,12424.85,0.0,0.0,0.0,0.0,0,0
14,PAYMENT,23688.63,330.0,0.0,0.0,0.0,0,0
14,PAYMENT,4292.05,25972.0,21679.95,0.0,0.0,0,0
14,CASH_OUT,338382.1,1122.0,0.0,79664.0,704610.86,0,0
14,PAYMENT,17142.9,0.0,0.0,0.0,0.0,0,0
14,CASH_OUT,326189.82,90908.0,0.0,299236.86,629165.94,0,0
14,TRANSFER,38401.36,0.0,0.0,99938.0,52282.45,0,0
14,PAYMENT,3273.57,0.0,0.0,0.0,0.0,0,0
14,TRANSFER,362492.8,9069.0,0.0,206438.37,568931.17,0,0
14,CASH_OUT,21241.56,25393.0,4151.44,0.0,65240.66,0,0
14,PAYMENT,32365.58,0.0,0.0,0.0,0.0,0,0
14,PAYMENT,32015.47,0.0,0.0,0.0,0.0,0,0
14,PAYMENT,25562.63,0.0,0.0,0.0,0.0,0,0
14,PAYMENT,14243.0,0.0,0.0,0.0,0.0,0,0
14,PAYMENT,10089.19,0.0,0.0,0.0,0.0,0,0
14,CASH_OUT,141137.87,0.0,0.0,181124.27,166039.5,0,0
14,PAYMENT,9320.51,0.0,0.0,0.0,0.0,0,0
14,CASH_OUT,246823.93,0.0,0.0,515577.0,1114157.55,0,0
14,PAYMENT,23885.02,3421.0,0.0,0.0,0.0,0,0
14,PAYMENT,2893.05,0.0,0.0,0.0,0.0,0,0
14,PAYMENT,13455.39,0.0,0.0,0.0,0.0,0,0
14,CASH_OUT,75127.38,71657.0,0.0,1029425.77,1244689.58,0,0
14,CASH_OUT,87225.64,11320.0,0.0,0.0,87225.64,0,0
14,CASH_OUT,389572.83,99160.0,0.0,124011.87,879632.07,0,0
14,CASH_OUT,89179.8,0.0,0.0,814348.65,540394.76,0,0
14,PAYMENT,15689.57,0.0,0.0,0.0,0.0,0,0
14,CASH_OUT,149429.26,0.0,0.0,161765.79,124490.3,0,0
14,CASH_IN,21166.55,5056.0,26222.55,163111.01,0.0,0,0
14,CASH_OUT,108834.99,83314.16,0.0,76290.93,501038.6,0,0
14,PAYMENT,2796.93,14937.0,12140.07,0.0,0.0,0,0
14,PAYMENT,3242.78,0.0,0.0,0.0,0.0,0,0
14,CASH_OUT,230774.52,0.0,0.0,231020.05,443181.38,0,0
14,CASH_OUT,201199.15,21377.0,0.0,0.0,213108.4,0,0
14,PAYMENT,20848.67,25961.0,5112.33,0.0,0.0,0,0
14,PAYMENT,231.33,2935.0,2703.67,0.0,0.0,0,0
14,PAYMENT,19426.35,0.0,0.0,0.0,0.0,0,0
14,PAYMENT,1539.46,123.0,0.0,0.0,0.0,0,0
14,PAYMENT,7299.47,0.0,0.0,0.0,0.0,0,0
14,PAYMENT,5771.36,8220.35,2448.99,0.0,0.0,0,0
14,CASH_OUT,10711.88,0.0,0.0,11363.0,22074.88,0,0
14,CASH_OUT,500872.39,100418.0,0.0,0.0,500872.39,0,0
14,PAYMENT,3307.79,25241.16,21933.36,0.0,0.0,0,0
14,CASH_OUT,50949.36,652.0,0.0,169712.53,220661.89,0,0
14,PAYMENT,25610.07,20701.0,0.0,0.0,0.0,0,0
14,CASH_OUT,376299.5,50672.0,0.0,494640.3,680936.37,0,0
14,PAYMENT,764.38,41049.18,40284.8,0.0,0.0,0,0
14,PAYMENT,4239.01,5024.0,784.99,0.0,0.0,0,0
14,PAYMENT,9701.85,0.0,0.0,0.0,0.0,0,0
14,PAYMENT,4369.0,0.0,0.0,0.0,0.0,0,0
14,PAYMENT,8824.41,5076.0,0.0,0.0,0.0,0,0
14,PAYMENT,3143.6,0.0,0.0,0.0,0.0,0,0
14,CASH_OUT,280517.87,73516.0,0.0,201781.0,91415.78,0,0
14,PAYMENT,22181.85,19959.69,0.0,0.0,0.0,0,0
14,TRANSFER,168444.18,0.0,0.0,751251.86,919696.04,0,0
14,CASH_OUT,295945.37,0.0,0.0,448111.88,471580.13,0,0
14,PAYMENT,17765.51,26987.0,9221.49,0.0,0.0,0,0
14,PAYMENT,21032.35,39362.0,18329.65,0.0,0.0,0,0
14,PAYMENT,5088.56,20090.0,15001.44,0.0,0.0,0,0
14,PAYMENT,1617.84,0.0,0.0,0.0,0.0,0,0
14,CASH_OUT,430685.4,46721.0,0.0,1319718.43,931556.39,0,0
14,CASH_IN,34479.84,3502.0,37981.84,413.0,20518.84,0,0
14,PAYMENT,2784.91,0.0,0.0,0.0,0.0,0,0
14,CASH_OUT,114554.25,53981.0,0.0,0.0,475579.61,0,0
14,CASH_OUT,494043.99,21153.0,0.0,0.0,715001.84,0,0
14,CASH_OUT,1468.33,12423.0,10954.67,263075.62,433380.69,0,0
14,CASH_OUT,405192.12,0.0,0.0,430730.65,835922.76,0,0
14,CASH_OUT,52739.43,0.0,0.0,99999.05,1203568.06,0,0
14,PAYMENT,29039.16,592.0,0.0,0.0,0.0,0,0
14,CASH_OUT,96216.8,125371.0,29154.2,0.0,96216.8,0,0
14,PAYMENT,8139.83,338.0,0.0,0.0,0.0,0,0
14,PAYMENT,6585.01,0.0,0.0,0.0,0.0,0,0
14,CASH_OUT,257912.93,274899.26,16986.33,0.0,495431.86,0,0
14,CASH_OUT,891.15,41324.0,40432.85,378919.77,520584.08,0,0
14,CASH_OUT,353155.0,6064.0,0.0,4945.04,1041473.24,0,0
14,PAYMENT,15065.89,23980.0,8914.11,0.0,0.0,0,0
14,DEBIT,3473.01,0.0,0.0,288112.46,478153.78,0,0
14,PAYMENT,14014.19,0.0,0.0,0.0,0.0,0,0
14,PAYMENT,12475.15,45603.0,33127.85,0.0,0.0,0,0
14,PAYMENT,2862.72,0.0,0.0,0.0,0.0,0,0
14,CASH_OUT,74891.64,0.0,0.0,412802.35,677834.6,0,0
14,PAYMENT,8312.36,20490.0,12177.64,0.0,0.0,0,0
14,CASH_OUT,34169.49,0.0,0.0,1109255.51,1143425.0,0,0
14,CASH_OUT,77355.86,0.0,0.0,535187.02,610323.11,0,0
14,PAYMENT,7765.41,11095.0,3329.59,0.0,0.0,0,0
14,CASH_OUT,92103.88,0.0,0.0,287878.3,812077.06,0,0
14,PAYMENT,10696.0,0.0,0.0,0.0,0.0,0,0
14,CASH_OUT,226378.95,69731.0,0.0,696484.87,960346.74,0,0
14,PAYMENT,9908.89,778.0,0.0,0.0,0.0,0,0
14,CASH_OUT,93238.31,126206.0,32967.69,0.0,75341.91,0,0
14,PAYMENT,20303.25,0.0,0.0,0.0,0.0,0,0
14,CASH_IN,25777.79,22031.0,47808.79,228869.86,258560.69,0,0
14,CASH_OUT,372118.03,59647.0,0.0,0.0,372118.03,0,0
14,CASH_OUT,263195.69,196.0,0.0,8218.0,83113.56,0,0
14,PAYMENT,6734.59,0.0,0.0,0.0,0.0,0,0
14,TRANSFER,143032.0,143032.0,0.0,0.0,0.0,1,0
14,CASH_OUT,143032.0,143032.0,0.0,814654.61,1020323.73,1,0
14,TRANSFER,65488.05,65488.05,0.0,0.0,0.0,1,0
14,CASH_OUT,65488.05,65488.05,0.0,0.0,65488.05,1,0
15,CASH_OUT,380184.16,407.0,0.0,127262.83,507446.99,0,0
15,PAYMENT,12442.82,30799.0,18356.18,0.0,0.0,0,0
15,CASH_IN,6142.56,50498.0,56640.56,329043.57,322901.01,0,0
15,PAYMENT,19740.65,0.0,0.0,0.0,0.0,0,0
15,CASH_OUT,107521.15,0.0,0.0,343763.77,451284.92,0,0
15,CASH_OUT,31229.19,35734.0,4504.81,0.0,31229.19,0,0
15,PAYMENT,20188.07,0.0,0.0,0.0,0.0,0,0
15,CASH_OUT,61835.44,0.0,0.0,307512.02,868016.91,0,0
15,CASH_OUT,193128.0,72217.0,0.0,0.0,193128.0,0,0
15,CASH_OUT,416320.96,8268.0,0.0,770835.33,902315.64,0,0
15,CASH_OUT,9575.32,10689.0,1113.68,0.0,9575.32,0,0
15,PAYMENT,41216.03,0.0,0.0,0.0,0.0,0,0
15,TRANSFER,80534.5,0.0,0.0,1099777.71,1180312.21,0,0
15,TRANSFER,349425.03,0.0,0.0,548780.57,898205.6,0,0
15,PAYMENT,13298.09,0.0,0.0,0.0,0.0,0,0
15,CASH_OUT,62774.99,0.0,0.0,579540.22,642315.21,0,0
15,CASH_OUT,78854.74,0.0,0.0,479856.55,558711.3,0,0
15,PAYMENT,14359.09,58377.0,44017.91,0.0,0.0,0,0
15,PAYMENT,2334.36,52399.22,50064.86,0.0,0.0,0,0
15,CASH_IN,31324.5,188.0,31512.5,0.0,0.0,0,0
15,CASH_OUT,191289.11,12574.0,0.0,1051.0,192340.11,0,0
15,PAYMENT,1852.01,0.0,0.0,0.0,0.0,0,0
15,PAYMENT,655.1,0.0,0.0,0.0,0.0,0,0
15,CASH_OUT,107838.97,20530.0,0.0,0.0,107838.97,0,0
15,CASH_OUT,342432.1,15719.0,0.0,84002.03,426434.13,0,0
15,CASH_OUT,181077.68,204.0,0.0,160136.25,341213.93,0,0
15,CASH_OUT,58690.62,29853.0,0.0,0.0,58690.62,0,0
15,PAYMENT,2377.82,0.0,0.0,0.0,0.0,0,0
15,CASH_OUT,354473.17,3950.0,0.0,0.0,819569.19,0,0
15,PAYMENT,8283.97,0.0,0.0,0.0,0.0,0,0
15,CASH_OUT,270314.27,548.0,0.0,0.0,270314.27,0,0
15,CASH_OUT,203792.42,22271.0,0.0,157722.24,361514.66,0,0
15,CASH_OUT,329364.72,11522.0,0.0,0.0,204231.77,0,0
15,CASH_OUT,54062.29,1023.0,0.0,323003.0,0.0,0,0
15,CASH_OUT,91993.9,0.0,0.0,988015.3,1080009.2,0,0
15,CASH_OUT,67865.97,26747.0,0.0,151490.32,219356.29,0,0
15,PAYMENT,7649.14,20537.0,12887.86,0.0,0.0,0,0
15,PAYMENT,2637.28,24445.0,21807.72,0.0,0.0,0,0
15,CASH_OUT,100298.03,0.0,0.0,149736.7,272328.16,0,0
15,CASH_OUT,227727.86,20462.0,0.0,0.0,227727.86,0,0
15,CASH_OUT,182937.57,0.0,0.0,220241.77,403179.34,0,0
15,CASH_OUT,279690.02,14538.0,0.0,26615.16,306305.17,0,0
15,PAYMENT,20351.96,0.0,0.0,0.0,0.0,0,0
15,PAYMENT,1081.39,0.0,0.0,0.0,0.0,0,0
15,CASH_OUT,391212.88,75.0,0.0,401.0,252083.63,0,0
15,CASH_OUT,261118.73,243894.53,0.0,408020.89,669139.62,0,0
15,PAYMENT,15602.02,0.0,0.0,0.0,0.0,0,0
15,CASH_OUT,151602.08,30391.0,0.0,0.0,151602.08,0,0
15,PAYMENT,26035.75,3226.71,0.0,0.0,0.0,0,0
15,PAYMENT,25013.37,0.0,0.0,0.0,0.0,0,0
15,PAYMENT,3838.86,32557.99,28719.13,0.0,0.0,0,0
15,PAYMENT,3132.98,1164.0,0.0,0.0,0.0,0,0
15,PAYMENT,7025.08,0.0,0.0,0.0,0.0,0,0
15,CASH_OUT,908.52,0.0,0.0,758457.72,759366.24,0,0
15,CASH_OUT,130669.13,0.0,0.0,886902.98,1017572.11,0,0
15,CASH_OUT,231986.93,24272.0,0.0,587316.88,819303.82,0,0
15,PAYMENT,1274.06,0.0,0.0,0.0,0.0,0,0
15,CASH_OUT,81676.51,110219.69,28543.18,140726.06,222402.57,0,0
15,PAYMENT,6850.86,57143.94,50293.08,0.0,0.0,0,0
15,PAYMENT,13329.42,0.0,0.0,0.0,0.0,0,0
15,PAYMENT,28631.63,41055.0,12423.37,0.0,0.0,0,0
15,CASH_OUT,466527.97,121506.0,0.0,1219.0,467746.97,0,0
15,CASH_OUT,19202.66,0.0,0.0,68367.83,87570.49,0,0
15,CASH_OUT,244283.96,8512.16,0.0,0.0,223388.69,0,0
15,CASH_OUT,171949.47,0.0,0.0,847329.04,1019278.51,0,0
15,CASH_OUT,187870.44,0.0,0.0,548064.81,735935.25,0,0
15,CASH_OUT,218769.54,20037.0,0.0,0.0,230632.97,0,0
15,CASH_OUT,134004.45,0.0,0.0,310242.35,444246.8,0,0
15,CASH_OUT,358802.39,4553.0,0.0,551318.45,910120.84,0,0
15,CASH_OUT,298991.59,15690.0,0.0,0.0,298991.59,0,0
15,CASH_OUT,293429.17,15302.0,0.0,0.0,780966.21,0,0
15,CASH_OUT,123825.98,0.0,0.0,180221.1,304047.08,0,0
15,CASH_IN,52570.53,7056.0,59626.53,820790.49,520265.37,0,0
15,CASH_OUT,132981.61,107342.0,0.0,84651.98,0.0,0,0
15,CASH_OUT,217698.88,134000.1,0.0,258007.0,304300.55,0,0
15,CASH_OUT,219605.65,5171.66,0.0,525783.42,875695.52,0,0
15,CASH_OUT,68875.26,0.0,0.0,988017.57,1056892.83,0,0
15,PAYMENT,4160.67,20469.0,16308.33,0.0,0.0,0,0
15,CASH_OUT,114018.06,0.0,0.0,551307.37,665325.43,0,0
15,PAYMENT,7107.89,0.0,0.0,0.0,0.0,0,0
15,CASH_OUT,59361.04,0.0,0.0,449509.63,508870.67,0,0
15,PAYMENT,8674.86,0.0,0.0,0.0,0.0,0,0
15,PAYMENT,4112.33,19235.0,15122.67,0.0,0.0,0,0
15,CASH_OUT,202107.52,50794.16,0.0,178718.34,380825.86,0,0
15,PAYMENT,13274.36,0.0,0.0,0.0,0.0,0,0
15,CASH_OUT,121134.32,0.0,0.0,152238.45,273372.76,0,0
15,CASH_OUT,266296.42,0.0,0.0,417405.41,683701.82,0,0
15,CASH_OUT,178823.31,19998.0,0.0,336379.13,515202.45,0,0
15,PAYMENT,16175.44,3354.0,0.0,0.0,0.0,0,0
15,CASH_OUT,323512.59,255158.0,0.0,0.0,323512.59,0,0
15,PAYMENT,11676.34,0.0,0.0,0.0,0.0,0,0
15,PAYMENT,2520.46,11841.17,9320.71,0.0,0.0,0,0
15,TRANSFER,97104.12,0.0,0.0,97480.58,194584.7,0,0
15,PAYMENT,26662.24,0.0,0.0,0.0,0.0,0,0
15,CASH_OUT,5704.52,0.0,0.0,75524.38,79082.02,0,0
15,CASH_OUT,484867.32,2079.0,0.0,0.0,484867.32,0,0
15,TRANSFER,171700.12,50093.0,0.0,0.0,326048.21,0,0
15,CASH_OUT,6216.97,0.0,0.0,705271.47,1131876.81,0,0
15,CASH_OUT,313205.35,6128.0,0.0,0.0,277454.77,0,0
15,CASH_OUT,371670.17,0.0,0.0,593815.33,965485.5,0,0
15,CASH_OUT,233452.08,0.0,0.0,658103.39,891555.47,0,0
15,CASH_OUT,380700.17,0.0,0.0,385872.7,1210760.63,0,0
15,CASH_OUT,473340.48,56572.0,0.0,0.0,473340.48,0,0
15,CASH_OUT,84692.56,26744.0,0.0,28641.82,119643.61,0,0
15,CASH_OUT,159179.11,146834.0,0.0,94631.15,253810.26,0,0
15,CASH_OUT,3663.06,5653.06,1990.0,752253.36,779534.53,0,0
15,PAYMENT,4415.11,10427.0,6011.89,0.0,0.0,0,0
15,PAYMENT,576.27,21132.0,20555.73,0.0,0.0,0,0
15,CASH_OUT,247141.04,0.0,0.0,303297.32,550438.35,0,0
15,CASH_OUT,339253.56,236951.98,0.0,462299.97,801553.52,0,0
15,PAYMENT,2180.11,0.0,0.0,0.0,0.0,0,0
15,PAYMENT,28386.35,0.0,0.0,0.0,0.0,0,0
15,TRANSFER,119.0,119.0,0.0,0.0,0.0,1,0
15,TRANSFER,128473.62,128473.62,0.0,0.0,0.0,1,0
15,CASH_OUT,128473.62,128473.62,0.0,0.0,128473.62,1,0
15,TRANSFER,248056.41,248056.41,0.0,0.0,0.0,1,0
15,CASH_OUT,248056.41,248056.41,0.0,0.0,201427.47,1,0
15,TRANSFER,164500.81,164500.81,0.0,0.0,0.0,1,0
15,CASH_OUT,164500.81,164500.81,0.0,685636.21,850137.02,1,0
15,TRANSFER,212089.74,212089.74,0.0,0.0,0.0,1,0
15,CASH_OUT,212089.74,212089.74,0.0,257758.48,469848.23,1,0
15,CASH_OUT,95428.32,0.0,0.0,0.0,95428.32,1,0
15,TRANSFER,170.0,170.0,0.0,0.0,0.0,1,0
15,CASH_OUT,170.0,170.0,0.0,413421.36,345764.15,1,0
15,TRANSFER,59385.67,59385.67,0.0,0.0,0.0,1,0
15,CASH_OUT,59385.67,59385.67,0.0,74371.0,133756.67,1,0
16,CASH_OUT,160777.59,0.0,0.0,939028.88,728050.19,0,0
16,TRANSFER,423510.42,6069.0,0.0,171719.57,595229.99,0,0
16,PAYMENT,42083.33,9041.0,0.0,0.0,0.0,0,0
16,PAYMENT,15691.72,0.0,0.0,0.0,0.0,0,0
16,CASH_OUT,214747.97,29729.0,0.0,158225.25,372973.22,0,0
16,PAYMENT,8348.29,20472.0,12123.71,0.0,0.0,0,0
16,CASH_OUT,92983.44,3011.0,0.0,0.0,92983.44,0,0
16,CASH_OUT,57283.48,0.0,0.0,59423.0,86498.06,0,0
16,CASH_OUT,110692.1,30753.0,0.0,143948.53,254640.63,0,0
16,PAYMENT,30198.38,16733.0,0.0,0.0,0.0,0,0
16,PAYMENT,1868.98,10108.0,8239.02,0.0,0.0,0,0
16,PAYMENT,14558.81,222.0,0.0,0.0,0.0,0,0
16,TRANSFER,286685.13,0.0,0.0,431583.4,718268.53,0,0
16,CASH_OUT,422773.46,65485.0,0.0,85257.34,508030.79,0,0
16,PAYMENT,6204.26,0.0,0.0,0.0,0.0,0,0
16,CASH_OUT,29815.05,82603.0,52787.95,260233.28,290048.33,0,0
16,CASH_OUT,253849.92,54945.0,0.0,368605.82,1099280.39,0,0
16,CASH_OUT,171978.85,83635.0,0.0,78276.6,275636.99,0,0
16,CASH_OUT,30071.57,0.0,0.0,83113.56,113185.13,0,0
16,CASH_OUT,211504.69,639.0,0.0,212548.14,424052.84,0,0
16,CASH_OUT,12266.24,0.0,0.0,159549.08,171815.31,0,0
16,PAYMENT,9378.41,0.0,0.0,0.0,0.0,0,0
16,PAYMENT,16101.85,59780.0,43678.15,0.0,0.0,0,0
16,CASH_OUT,432986.54,55842.0,0.0,388079.91,821066.45,0,0
16,PAYMENT,7171.71,0.0,0.0,0.0,0.0,0,0
16,CASH_OUT,207856.01,51622.0,0.0,149910.87,357766.89,0,0
16,PAYMENT,18876.27,18200.0,0.0,0.0,0.0,0,0
16,PAYMENT,17680.23,0.0,0.0,0.0,0.0,0,0
16,PAYMENT,7303.42,172.0,0.0,0.0,0.0,0,0
16,PAYMENT,3350.31,9934.0,6583.69,0.0,0.0,0,0
16,PAYMENT,9341.31,0.0,0.0,0.0,0.0,0,0
16,PAYMENT,582.69,0.0,0.0,0.0,0.0,0,0
16,CASH_OUT,328220.63,0.0,0.0,367523.55,578658.21,0,0
16,PAYMENT,4713.95,2124.0,0.0,0.0,0.0,0,0
16,PAYMENT,13.13,19958.0,19944.87,0.0,0.0,0,0
16,PAYMENT,123.47,0.0,0.0,0.0,0.0,0,0
16,TRANSFER,172093.92,25632.0,0.0,0.0,172093.92,0,0
16,CASH_OUT,168972.17,194549.33,25577.16,259483.86,7692.72,0,0
16,DEBIT,1895.58,1087.0,0.0,362063.53,413429.88,0,0
16,CASH_OUT,273826.92,30633.0,0.0,0.0,273826.92,0,0
16,CASH_OUT,455542.49,3883.0,0.0,309429.97,764972.46,0,0
16,PAYMENT,4160.13,0.0,0.0,0.0,0.0,0,0
16,CASH_OUT,67610.17,0.0,0.0,575959.06,693265.72,0,0
16,PAYMENT,5270.35,0.0,0.0,0.0,0.0,0,0
16,CASH_OUT,102263.6,0.0,0.0,914855.64,1204506.05,0,0
16,PAYMENT,22443.05,0.0,0.0,0.0,0.0,0,0
16,PAYMENT,20058.28,0.0,0.0,0.0,0.0,0,0
16,PAYMENT,36689.25,35329.0,0.0,0.0,0.0,0,0
16,PAYMENT,6827.66,0.0,0.0,0.0,0.0,0,0
16,CASH_OUT,189281.52,21265.0,0.0,141744.0,121469.96,0,0
16,CASH_OUT,33608.52,0.0,0.0,727776.92,841931.84,0,0
16,PAYMENT,2276.77,0.0,0.0,0.0,0.0,0,0
16,PAYMENT,17670.24,0.0,0.0,0.0,0.0,0,0
16,CASH_OUT,96991.55,12593.0,0.0,10301.0,107292.55,0,0
16,PAYMENT,10748.67,0.0,0.0,0.0,0.0,0,0
16,PAYMENT,13810.54,52781.0,38970.46,0.0,0.0,0,0
16,CASH_OUT,87308.67,0.0,0.0,540394.76,718361.84,0,0
16,CASH_OUT,341257.11,6098.0,0.0,0.0,576400.28,0,0
16,CASH_OUT,81130.23,0.0,0.0,299476.36,380606.59,0,0
16,CASH_OUT,255160.06,1653.0,0.0,2508.0,131084.6,0,0
16,PAYMENT,15159.73,58802.0,43642.27,0.0,0.0,0,0
16,PAYMENT,12120.79,0.0,0.0,0.0,0.0,0,0
16,PAYMENT,17946.87,4116.0,0.0,0.0,0.0,0,0
16,PAYMENT,7802.98,2071.0,0.0,0.0,0.0,0,0
16,TRANSFER,338723.25,7246.0,0.0,124585.05,479334.54,0,0
16,PAYMENT,6213.47,6471.55,258.08,0.0,0.0,0,0
16,CASH_OUT,211151.48,0.0,0.0,365524.0,440739.17,0,0
16,CASH_OUT,408321.19,837.0,0.0,0.0,408321.19,0,0
16,PAYMENT,22533.15,0.0,0.0,0.0,0.0,0,0
16,CASH_OUT,54353.08,0.0,0.0,549468.34,603821.42,0,0
16,PAYMENT,4378.6,0.0,0.0,0.0,0.0,0,0
16,PAYMENT,26429.3,10861.0,0.0,0.0,0.0,0,0
16,CASH_OUT,9355.46,0.0,0.0,149384.0,313322.49,0,0
16,CASH_OUT,256620.8,0.0,0.0,393588.53,984325.93,0,0
16,CASH_OUT,4486.07,0.0,0.0,260580.83,265066.9,0,0
16,CASH_OUT,37539.23,0.0,0.0,250748.24,0.0,0,0
16,PAYMENT,18562.67,0.0,0.0,0.0,0.0,0,0
16,CASH_OUT,151342.68,81453.0,0.0,0.0,165662.3,0,0
16,PAYMENT,29263.79,0.0,0.0,0.0,0.0,0,0
16,PAYMENT,16214.31,204.0,0.0,0.0,0.0,0,0
16,CASH_IN,33763.71,141.0,33904.71,6617.9,0.0,0,0
16,PAYMENT,6451.18,0.0,0.0,0.0,0.0,0,0
16,PAYMENT,10530.57,0.0,0.0,0.0,0.0,0,0
16,PAYMENT,3716.81,0.0,0.0,0.0,0.0,0,0
16,CASH_OUT,131311.55,51706.0,0.0,100048.45,367673.61,0,0
16,CASH_OUT,75862.11,106393.0,30530.89,0.0,75862.11,0,0
16,PAYMENT,19861.26,15141.0,0.0,0.0,0.0,0,0
16,CASH_OUT,485095.23,46320.0,0.0,35741.0,520836.23,0,0
16,PAYMENT,5750.6,1444.0,0.0,0.0,0.0,0,0
16,TRANSFER,183164.7,619.0,0.0,33386.97,202629.62,0,0
16,PAYMENT,6402.23,0.0,0.0,0.0,0.0,0,0
16,CASH_OUT,304519.73,0.0,0.0,336968.11,628323.05,0,0
16,PAYMENT,3238.78,0.0,0.0,0.0,0.0,0,0
16,CASH_OUT,267122.66,52249.0,0.0,362410.33,629532.99,0,0
16,CASH_OUT,89049.45,21318.0,0.0,17166.22,106215.67,0,0
16,CASH_OUT,107811.99,0.0,0.0,370931.1,755647.13,0,0
16,PAYMENT,1705.81,11735.0,10029.19,0.0,0.0,0,0
16,CASH_OUT,257859.52,14794.0,0.0,0.0,257859.52,0,0
16,PAYMENT,5283.95,21639.0,16355.05,0.0,0.0,0,0
16,CASH_OUT,86192.03,0.0,0.0,293205.44,75216.57,0,0
16,CASH_OUT,255372.97,483.0,0.0,312712.19,568085.16,0,0
16,PAYMENT,12110.43,51993.0,39882.57,0.0,0.0,0,0
16,PAYMENT,49147.66,0.0,0.0,0.0,0.0,0,0
16,PAYMENT,11760.35,0.0,0.0,0.0,0.0,0,0
16,CASH_OUT,415799.51,7376.22,0.0,450202.11,866001.62,0,0
16,CASH_OUT,351516.16,15297.0,0.0,0.0,347974.98,0,0
16,TRANSFER,275713.52,0.0,0.0,540319.21,816032.73,0,0
16,CASH_OUT,223158.49,215.0,0.0,305643.42,528801.91,0,0
16,CASH_OUT,190888.72,660.0,0.0,129981.37,522308.55,0,0
16,PAYMENT,8509.3,0.0,0.0,0.0,0.0,0,0
16,CASH_OUT,103876.68,0.0,0.0,593169.84,697046.52,0,0
16,CASH_OUT,137035.52,0.0,0.0,734962.0,871997.52,0,0
16,PAYMENT,7200.37,0.0,0.0,0.0,0.0,0,0
16,PAYMENT,16090.36,0.0,0.0,0.0,0.0,0,0
16,CASH_OUT,120428.44,14368.0,0.0,110974.35,0.0,0,0
16,PAYMENT,8676.07,0.0,0.0,0.0,0.0,0,0
16,CASH_OUT,201467.61,51593.0,0.0,0.0,201467.61,0,0
16,CASH_OUT,116303.36,13138.0,0.0,0.0,116303.36,0,0
16,PAYMENT,24720.58,277.0,0.0,0.0,0.0,0,0
16,PAYMENT,28066.0,0.0,0.0,0.0,0.0,0,0
16,PAYMENT,16766.45,653.0,0.0,0.0,0.0,0,0
16,CASH_OUT,125375.44,170695.5,45320.06,180403.85,653432.99,0,0
16,CASH_OUT,193124.52,4070.0,0.0,0.0,193124.52,0,0
16,CASH_OUT,166808.97,119896.12,0.0,0.0,166808.97,0,0
16,PAYMENT,20014.41,0.0,0.0,0.0,0.0,0,0
16,PAYMENT,19538.54,0.0,0.0,0.0,0.0,0,0
16,PAYMENT,3799.21,20905.0,17105.79,0.0,0.0,0,0
16,PAYMENT,3521.38,15725.0,12203.62,0.0,0.0,0,0
16,PAYMENT,6944.79,3022.0,0.0,0.0,0.0,0,0
16,CASH_OUT,4843.14,0.0,0.0,709133.1,713976.23,0,0
16,PAYMENT,1312.25,31217.0,29904.75,0.0,0.0,0,0
16,CASH_OUT,220700.93,0.0,0.0,342140.83,562841.76,0,0
16,TRANSFER,31074.0,31074.0,0.0,0.0,0.0,1,0
16,CASH_OUT,31074.0,31074.0,0.0,0.0,31074.0,1,0
16,TRANSFER,121626.82,121626.82,0.0,0.0,0.0,1,0
16,CASH_OUT,121626.82,121626.82,0.0,653744.34,775371.16,1,0
17,CASH_OUT,273140.45,275833.0,2692.55,0.0,273140.45,0,0
17,CASH_OUT,45982.95,0.0,0.0,484689.29,767824.65,0,0
17,CASH_OUT,117088.75,0.0,0.0,808269.78,925358.53,0,0
17,TRANSFER,184401.62,0.0,0.0,725820.91,946492.98,0,0
17,PAYMENT,18670.51,617.0,0.0,0.0,0.0,0,0
17,CASH_OUT,126528.65,1191.0,0.0,80987.0,207515.65,0,0
17,PAYMENT,5035.87,0.0,0.0,0.0,0.0,0,0
17,PAYMENT,4224.65,35458.07,31233.43,0.0,0.0,0,0
17,CASH_OUT,101264.15,6930.0,0.0,102197.57,203461.72,0,0
17,CASH_OUT,171706.62,186699.0,14992.38,620208.3,677428.14,0,0
17,CASH_OUT,19267.46,14440.0,0.0,0.0,19267.46,0,0
17,PAYMENT,3137.54,0.0,0.0,0.0,0.0,0,0
17,TRANSFER,111038.64,2856.0,0.0,294854.38,405893.02,0,0
17,CASH_OUT,366415.98,40363.0,0.0,0.0,366415.98,0,0
17,TRANSFER,234840.59,61571.0,0.0,215132.98,307810.96,0,0
17,PAYMENT,4519.38,37612.08,33092.7,0.0,0.0,0,0
17,PAYMENT,20648.24,0.0,0.0,0.0,0.0,0,0
17,CASH_OUT,6322.11,0.0,0.0,143397.55,149719.66,0,0
17,CASH_OUT,54632.46,0.0,0.0,798968.18,853600.64,0,0
17,PAYMENT,953.55,0.0,0.0,0.0,0.0,0,0
17,CASH_OUT,118229.22,11584.0,0.0,116869.45,235098.67,0,0
17,CASH_OUT,268317.66,0.0,0.0,506262.31,1058624.98,0,0
17,PAYMENT,27714.73,588.0,0.0,0.0,0.0,0,0
17,TRANSFER,482981.6,0.0,0.0,555035.14,1038016.75,0,0
17,PAYMENT,5819.95,0.0,0.0,0.0,0.0,0,0
17,PAYMENT,1751.61,44354.0,42602.39,0.0,0.0,0,0
17,PAYMENT,26026.46,0.0,0.0,0.0,0.0,0,0
17,CASH_OUT,4562.82,0.0,0.0,730992.38,584003.11,0,0
17,PAYMENT,10265.57,61667.0,51401.43,0.0,0.0,0,0
17,CASH_OUT,332546.23,59303.0,0.0,249034.49,596600.97,0,0
17,PAYMENT,8035.48,20848.0,12812.52,0.0,0.0,0,0
17,PAYMENT,7837.11,0.0,0.0,0.0,0.0,0,0
17,PAYMENT,22880.75,160.0,0.0,0.0,0.0,0,0
17,PAYMENT,3477.97,30087.0,26609.03,0.0,0.0,0,0
17,PAYMENT,13006.36,50249.78,37243.41,0.0,0.0,0,0
17,DEBIT,2846.51,33912.0,31065.49,835889.92,838736.44,0,0
17,PAYMENT,4710.46,3479.83,0.0,0.0,0.0,0,0
17,PAYMENT,1326.83,0.0,0.0,0.0,0.0,0,0
17,CASH_OUT,3047.14,98.0,0.0,302757.82,305804.95,0,0
17,CASH_OUT,62807.25,35947.0,0.0,770343.42,1077976.72,0,0
17,PAYMENT,28703.0,0.0,0.0,0.0,0.0,0,0
17,CASH_OUT,228212.33,0.0,0.0,300075.52,528287.85,0,0
17,CASH_OUT,121437.35,0.0,0.0,314196.08,435633.43,0,0
17,CASH_OUT,743.79,0.0,0.0,1000694.32,1001438.1,0,0
17,PAYMENT,3522.11,49544.75,46022.65,0.0,0.0,0,0
17,CASH_IN,21112.08,33243.0,54355.08,898106.76,876994.68,0,0
17,CASH_OUT,16632.24,11173.0,0.0,1325735.15,952005.03,0,0
17,TRANSFER,182195.2,0.0,0.0,479587.41,661782.61,0,0
17,TRANSFER,200251.16,45262.0,0.0,84066.24,284317.4,0,0
17,PAYMENT,5711.86,815.0,0.0,0.0,0.0,0,0
17,PAYMENT,15041.57,0.0,0.0,0.0,0.0,0,0
17,PAYMENT,8763.27,246.0,0.0,0.0,0.0,0,0
17,PAYMENT,4233.1,0.0,0.0,0.0,0.0,0,0
17,CASH_OUT,210249.73,10875.0,0.0,104062.53,314312.26,0,0
17,PAYMENT,7515.05,10707.0,3191.95,0.0,0.0,0,0
17,PAYMENT,9911.94,0.0,0.0,0.0,0.0,0,0
17,CASH_OUT,412215.31,61096.0,0.0,0.0,412215.31,0,0
17,PAYMENT,13179.27,0.0,0.0,0.0,0.0,0,0
17,PAYMENT,26251.69,10600.0,0.0,0.0,0.0,0,0
17,CASH_OUT,90249.41,630.0,0.0,0.0,49876.43,0,0
17,CASH_OUT,102654.33,9092.0,0.0,273211.84,375866.17,0,0
17,CASH_OUT,66421.77,0.0,0.0,618084.07,684505.84,0,0
17,CASH_OUT,188330.38,129.0,0.0,706759.8,895090.18,0,0
17,PAYMENT,2747.53,518.0,0.0,0.0,0.0,0,0
17,CASH_OUT,167916.61,112423.01,0.0,816556.32,984472.93,0,0
17,PAYMENT,1200.98,0.0,0.0,0.0,0.0,0,0
17,CASH_OUT,222876.64,72203.0,0.0,49723.29,422320.03,0,0
17,PAYMENT,2113.84,0.0,0.0,0.0,0.0,0,0
17,PAYMENT,18253.52,0.0,0.0,0.0,0.0,0,0
17,PAYMENT,24817.41,54481.66,29664.25,0.0,0.0,0,0
17,PAYMENT,5991.78,0.0,0.0,0.0,0.0,0,0
17,PAYMENT,8781.33,990.0,0.0,0.0,0.0,0,0
17,PAYMENT,4535.44,7058.0,2522.56,0.0,0.0,0,0
17,PAYMENT,26908.0,0.0,0.0,0.0,0.0,0,0
17,CASH_OUT,22931.82,0.0,0.0,140484.6,163416.42,0,0
17,PAYMENT,26.17,0.0,0.0,0.0,0.0,0,0
17,PAYMENT,3463.67,13006.0,9542.33,0.0,0.0,0,0
17,TRANSFER,458950.32,175.0,0.0,652942.38,1043168.85,0,0
17,CASH_OUT,123281.2,0.0,0.0,382000.15,341026.01,0,0
17,PAYMENT,11814.1,0.0,0.0,0.0,0.0,0,0
17,PAYMENT,7973.29,0.0,0.0,0.0,0.0,0,0
17,CASH_OUT,271299.97,0.0,0.0,712081.86,983381.82,0,0
17,PAYMENT,7637.93,1320.0,0.0,0.0,0.0,0,0
17,PAYMENT,10720.39,0.0,0.0,0.0,0.0,0,0
17,CASH_OUT,68126.32,0.0,0.0,1097174.15,1165300.47,0,0
17,CASH_OUT,462467.61,12480.56,0.0,247144.91,709612.52,0,0
17,CASH_OUT,238179.05,42560.0,0.0,0.0,238179.05,0,0
17,CASH_OUT,59803.88,11760.0,0.0,22662.22,82466.1,0,0
17,PAYMENT,4629.65,0.0,0.0,0.0,0.0,0,0
17,TRANSFER,29388.27,20714.0,0.0,0.0,29388.27,0,0
17,CASH_OUT,312216.45,22833.0,0.0,477538.12,789754.58,0,0
17,CASH_OUT,141394.94,120.0,0.0,0.0,141394.94,0,0
17,CASH_OUT,84713.89,0.0,0.0,315704.45,400418.34,0,0
17,PAYMENT,11532.92,0.0,0.0,0.0,0.0,0,0
17,CASH_OUT,106064.05,0.0,0.0,137414.31,249271.32,0,0
17,PAYMENT,31033.06,0.0,0.0,0.0,0.0,0,0
17,PAYMENT,13859.77,16824.0,2964.23,0.0,0.0,0,0
17,PAYMENT,15179.93,0.0,0.0,0.0,0.0,0,0
17,CASH_OUT,183025.04,20027.0,0.0,0.0,183025.04,0,0
17,PAYMENT,22581.88,3271.0,0.0,0.0,0.0,0,0
17,PAYMENT,11114.94,21446.0,10331.06,0.0,0.0,0,0
17,CASH_OUT,342237.41,11213.0,0.0,0.0,554211.01,0,0
17,PAYMENT,16652.1,70539.0,53886.9,0.0,0.0,0,0
17,CASH_OUT,249489.61,0.0,0.0,712748.29,962237.9,0,0
17,PAYMENT,10759.06,0.0,0.0,0.0,0.0,0,0
17,CASH_OUT,87194.14,1064.0,0.0,0.0,30401.4,0,0
17,CASH_OUT,125048.52,31113.0,0.0,188364.87,313413.38,0,0
17,PAYMENT,9089.42,16059.11,6969.69,0.0,0.0,0,0
17,PAYMENT,42008.03,32254.0,0.0,0.0,0.0,0,0
17,PAYMENT,17416.1,561.0,0.0,0.0,0.0,0,0
17,TRANSFER,195351.76,195351.76,0.0,0.0,0.0,1,0
17,CASH_OUT,195351.76,195351.76,0.0,156408.25,265841.0,1,0
18,PAYMENT,23227.36,0.0,0.0,0.0,0.0,0,0
18,PAYMENT,6926.22,55206.18,48279.96,0.0,0.0,0,0
18,CASH_OUT,101594.58,139461.0,37866.42,426698.26,528292.84,0,0
18,CASH_OUT,311942.57,1018.0,0.0,65050.0,376992.57,0,0
18,CASH_OUT,157603.6,0.0,0.0,204958.9,362562.51,0,0
18,TRANSFER,302045.23,78480.91,0.0,962489.81,1264535.04,0,0
18,CASH_OUT,39109.74,468.0,0.0,193036.45,232146.18,0,0
18,PAYMENT,10356.74,0.0,0.0,0.0,0.0,0,0
18,CASH_OUT,375930.09,0.0,0.0,400815.12,697457.77,0,0
18,CASH_OUT,206150.16,193.0,0.0,0.0,206150.16,0,0
18,PAYMENT,6048.39,15099.0,9050.61,0.0,0.0,0,0
18,PAYMENT,19071.77,0.0,0.0,0.0,0.0,0,0
18,PAYMENT,5213.13,54964.06,49750.93,0.0,0.0,0,0
18,CASH_OUT,196809.06,0.0,0.0,937666.76,1002904.83,0,0
18,CASH_OUT,86453.59,52051.0,0.0,137948.87,224402.46,0,0
18,CASH_OUT,21184.78,0.0,0.0,88901.43,110086.21,0,0
18,PAYMENT,426.23,30578.0,30151.77,0.0,0.0,0,0
18,PAYMENT,2116.03,24238.0,22121.97,0.0,0.0,0,0
18,CASH_OUT,227745.37,20839.0,0.0,0.0,227745.37,0,0
18,CASH_OUT,33807.88,12195.0,0.0,111133.16,144941.04,0,0
18,PAYMENT,212.33,0.0,0.0,0.0,0.0,0,0
18,CASH_OUT,228277.34,38158.0,0.0,101096.81,329374.16,0,0
18,CASH_OUT,42644.88,0.0,0.0,285034.06,468647.2,0,0
18,PAYMENT,19624.76,147.0,0.0,0.0,0.0,0,0
18,PAYMENT,2351.06,0.0,0.0,0.0,0.0,0,0
18,CASH_OUT,57634.18,19620.0,0.0,0.0,0.0,0,0
18,PAYMENT,34115.94,1124.0,0.0,0.0,0.0,0,0
18,CASH_OUT,176229.62,0.0,0.0,271047.32,248053.38,0,0
18,CASH_OUT,79383.67,0.0,0.0,144991.98,296068.4,0,0
18,CASH_OUT,13206.6,51418.6,38211.99,91119.32,104325.93,0,0
18,CASH_OUT,214725.64,77752.78,0.0,252626.95,467352.59,0,0
18,CASH_OUT,140917.11,11541.0,0.0,399319.48,540236.58,0,0
18,PAYMENT,2586.56,0.0,0.0,0.0,0.0,0,0
18,PAYMENT,1629.63,165.0,0.0,0.0,0.0,0,0
18,CASH_OUT,148221.38,29852.0,0.0,10078.13,240494.52,0,0
18,TRANSFER,121308.63,0.0,0.0,200635.66,321944.29,0,0
18,TRANSFER,32901.66,0.0,0.0,364981.66,397883.32,0,0
18,PAYMENT,35554.08,54788.0,19233.92,0.0,0.0,0,0
18,TRANSFER,199398.53,1988.0,0.0,31786.0,0.0,0,0
18,CASH_OUT,269455.02,197.0,0.0,0.0,534034.35,0,0
18,PAYMENT,5922.81,0.0,0.0,0.0,0.0,0,0
18,CASH_OUT,156021.29,0.0,0.0,638963.3,972491.9,0,0
18,CASH_OUT,90223.49,0.0,0.0,762840.21,853063.71,0,0
18,CASH_OUT,101588.61,83910.0,0.0,46114.86,407327.58,0,0
18,CASH_OUT,136856.48,184604.0,47747.52,0.0,136856.48,0,0
18,CASH_OUT,97475.53,5550.0,0.0,15902.0,343134.38,0,0
18,CASH_OUT,356171.84,36355.41,0.0,785078.14,1141249.98,0,0
18,PAYMENT,22328.43,9152.0,0.0,0.0,0.0,0,0
18,TRANSFER,169234.4,0.0,0.0,176128.94,386997.34,0,0
18,TRANSFER,344408.97,20312.0,0.0,45352.18,389761.15,0,0
18,DEBIT,5292.44,5258.0,0.0,19567.7,24860.14,0,0
18,CASH_OUT,101424.04,142120.52,40696.49,221401.88,133931.98,0,0
18,TRANSFER,419917.55,0.0,0.0,629704.03,1049621.57,0,0
18,CASH_OUT,261380.28,0.0,0.0,455809.24,378898.37,0,0
18,CASH_OUT,293721.59,28087.0,0.0,448194.8,741916.39,0,0
18,PAYMENT,550.8,284.0,0.0,0.0,0.0,0,0
18,PAYMENT,10872.81,0.0,0.0,0.0,0.0,0,0
18,CASH_OUT,180972.62,160603.56,0.0,61882.0,242854.62,0,0
18,PAYMENT,19880.5,0.0,0.0,0.0,0.0,0,0
18,CASH_OUT,127766.5,8908.0,0.0,842202.13,969968.63,0,0
18,PAYMENT,15843.9,16534.36,690.46,0.0,0.0,0,0
18,PAYMENT,20476.85,71707.0,51230.15,0.0,0.0,0,0
18,CASH_OUT,217437.89,5914.0,0.0,6.0,294325.23,0,0
18,CASH_OUT,68625.24,22040.0,0.0,533.03,101195.8,0,0
18,PAYMENT,2171.33,0.0,0.0,0.0,0.0,0,0
18,PAYMENT,8619.5,0.0,0.0,0.0,0.0,0,0
18,CASH_IN,1280.41,3759.0,5039.41,0.0,0.0,0,0
18,PAYMENT,14868.99,0.0,0.0,0.0,0.0,0,0
18,PAYMENT,7117.69,0.0,0.0,0.0,0.0,0,0
18,PAYMENT,7300.06,10551.0,3250.94,0.0,0.0,0,0
18,PAYMENT,31210.14,11160.0,0.0,0.0,0.0,0,0
18,CASH_OUT,58128.46,126.0,0.0,0.0,58128.46,0,0
18,PAYMENT,4926.97,62648.0,57721.03,0.0,0.0,0,0
18,PAYMENT,497.84,47661.83,47164.0,0.0,0.0,0,0
18,CASH_OUT,165265.63,39895.0,0.0,719879.73,511564.61,0,0
18,PAYMENT,4508.32,170.0,0.0,0.0,0.0,0,0
18,PAYMENT,7977.68,51309.0,43331.32,0.0,0.0,0,0
18,TRANSFER,57907.4,19995.0,0.0,0.0,57907.4,0,0
18,CASH_OUT,225790.42,0.0,0.0,547265.38,773055.8,0,0
18,CASH_OUT,194037.78,0.0,0.0,304042.66,307806.99,0,0
18,CASH_OUT,172843.03,402.0,0.0,49209.15,222052.18,0,0
18,PAYMENT,9777.56,0.0,0.0,0.0,0.0,0,0
18,CASH_OUT,157781.93,52253.0,0.0,0.0,157781.93,0,0
18,CASH_OUT,169682.17,0.0,0.0,223814.69,515338.65,0,0
18,CASH_OUT,46843.24,10555.0,0.0,2367.96,74686.69,0,0
18,CASH_OUT,273259.17,96.0,0.0,137013.74,69417.73,0,0
18,CASH_OUT,263751.13,95503.44,0.0,792231.71,721995.29,0,0
18,CASH_OUT,168214.11,0.0,0.0,445619.82,884832.73,0,0
18,PAYMENT,20316.5,0.0,0.0,0.0,0.0,0,0
18,CASH_OUT,33227.08,0.0,0.0,481256.93,514484.01,0,0
18,PAYMENT,20914.91,14943.0,0.0,0.0,0.0,0,0
18,TRANSFER,296126.23,20762.0,0.0,639515.02,935641.25,0,0
18,PAYMENT,7095.27,0.0,0.0,0.0,0.0,0,0
18,CASH_OUT,27449.26,49166.0,21716.74,0.0,27449.26,0,0
18,TRANSFER,48949.56,0.0,0.0,209978.24,251555.37,0,0
18,CASH_OUT,285793.83,0.0,0.0,299792.57,532107.08,0,0
18,CASH_OUT,67668.48,0.0,0.0,246685.59,314354.07,0,0
18,CASH_OUT,120957.03,25067.0,0.0,0.0,728450.01,0,0
18,CASH_OUT,90467.49,0.0,0.0,493174.77,583642.27,0,0
18,CASH_OUT,247954.13,0.0,0.0,334641.06,582595.19,0,0
18,CASH_OUT,92377.98,0.0,0.0,386933.36,623421.16,0,0
18,CASH_OUT,43424.85,0.0,0.0,175643.43,224415.3,0,0
18,CASH_OUT,135412.4,0.0,0.0,520846.18,656258.58,0,0
18,PAYMENT,5465.8,867.0,0.0,0.0,0.0,0,0
18,CASH_OUT,145803.12,0.0,0.0,146401.09,551929.1,0,0
18,PAYMENT,13843.5,0.0,0.0,0.0,0.0,0,0
18,PAYMENT,9573.45,0.0,0.0,0.0,0.0,0,0
18,PAYMENT,14801.92,16158.0,1356.08,0.0,0.0,0,0
18,PAYMENT,11088.25,0.0,0.0,0.0,0.0,0,0
18,CASH_OUT,236568.49,278664.0,42095.51,0.0,236568.49,0,0
18,TRANSFER,183156.28,0.0,0.0,594825.83,1083287.05,0,0
18,PAYMENT,1843.53,0.0,0.0,0.0,0.0,0,0
18,CASH_OUT,112478.17,31871.0,0.0,31862.0,94015.85,0,0
18,TRANSFER,384963.93,0.0,0.0,499136.46,884100.39,0,0
18,PAYMENT,1236.47,23499.0,22262.53,0.0,0.0,0,0
18,CASH_OUT,188822.13,100815.0,0.0,0.0,508733.72,0,0
18,PAYMENT,20026.97,0.0,0.0,0.0,0.0,0,0
18,CASH_OUT,115969.8,56021.0,0.0,238771.25,354741.05,0,0
18,PAYMENT,2831.53,0.0,0.0,0.0,0.0,0,0
18,CASH_OUT,438720.65,153.0,0.0,0.0,938354.21,0,0
18,CASH_OUT,38878.01,22020.0,0.0,0.0,38878.01,0,0
18,CASH_OUT,100747.55,0.0,0.0,250164.66,350912.21,0,0
18,CASH_OUT,90421.63,0.0,0.0,126464.7,236870.78,0,0
18,CASH_OUT,138922.41,100952.0,0.0,15761.0,118295.77,0,0
18,PAYMENT,5324.64,274.0,0.0,0.0,0.0,0,0
18,PAYMENT,5585.7,50559.91,44974.2,0.0,0.0,0,0
18,PAYMENT,5452.07,18093.0,12640.93,0.0,0.0,0,0
18,PAYMENT,16164.6,0.0,0.0,0.0,0.0,0,0
18,CASH_OUT,98762.99,140891.0,42128.01,361106.59,459869.58,0,0
18,CASH_OUT,76447.33,0.0,0.0,126277.69,252024.49,0,0
18,CASH_OUT,54401.51,201.0,0.0,74660.0,129061.51,0,0
18,PAYMENT,9771.36,0.0,0.0,0.0,0.0,0,0
18,CASH_OUT,223372.51,31829.0,0.0,0.0,202312.86,0,0
18,PAYMENT,14626.34,0.0,0.0,0.0,0.0,0,0
18,CASH_OUT,53514.01,0.0,0.0,90775.6,135342.64,0,0
18,PAYMENT,2594.71,0.0,0.0,0.0,0.0,0,0
18,CASH_IN,7961.52,0.0,7961.52,79622.0,30612.83,0,0
18,PAYMENT,22276.68,8445.0,0.0,0.0,0.0,0,0
18,PAYMENT,30504.01,3123.0,0.0,0.0,0.0,0,0
18,PAYMENT,7771.65,12061.99,4290.33,0.0,0.0,0,0
18,CASH_OUT,38978.3,0.0,0.0,345919.12,384897.42,0,0
18,CASH_OUT,38988.51,2001.0,0.0,0.0,38988.51,0,0
18,CASH_OUT,225166.72,10446.0,0.0,0.0,225166.72,0,0
18,PAYMENT,1822.93,0.0,0.0,0.0,0.0,0,0
18,PAYMENT,14596.24,6791.0,0.0,0.0,0.0,0,0
18,TRANSFER,11481.0,11481.0,0.0,0.0,263492.28,1,0
18,TRANSFER,9131.0,9131.0,0.0,0.0,0.0,1,0
18,CASH_OUT,9131.0,9131.0,0.0,133084.02,142215.02,1,0
19,PAYMENT,1591.74,111.0,0.0,0.0,0.0,0,0
19,PAYMENT,7297.35,51966.0,44668.65,0.0,0.0,0,0
19,TRANSFER,257783.15,0.0,0.0,371166.03,699571.25,0,0
19,PAYMENT,1062.51,25849.0,24786.49,0.0,0.0,0,0
19,CASH_OUT,43921.94,82545.0,38623.06,431271.13,475193.06,0,0
19,CASH_OUT,96699.12,57374.0,0.0,0.0,96699.12,0,0
19,CASH_OUT,151520.96,70208.0,0.0,133242.96,284763.91,0,0
19,PAYMENT,4514.48,31428.0,26913.52,0.0,0.0,0,0
19,CASH_OUT,124734.27,0.0,0.0,240250.53,364984.8,0,0
19,PAYMENT,933.54,11133.0,10199.46,0.0,0.0,0,0
19,PAYMENT,2429.98,0.0,0.0,0.0,0.0,0,0
19,CASH_OUT,125264.54,6370.0,0.0,59575.72,184840.26,0,0
19,CASH_OUT,324053.49,11050.0,0.0,664805.01,988858.5,0,0
19,TRANSFER,205145.69,124559.39,0.0,749623.77,954769.46,0,0
19,CASH_OUT,185241.39,0.0,0.0,490804.0,781907.83,0,0
19,PAYMENT,3873.43,0.0,0.0,0.0,0.0,0,0
19,CASH_OUT,211436.88,0.0,0.0,968174.43,1179611.31,0,0
19,TRANSFER,440287.15,1323.0,0.0,0.0,440287.15,0,0
19,PAYMENT,2076.15,51663.0,49586.85,0.0,0.0,0,0
19,CASH_IN,1052.33,51928.0,52980.33,891570.49,882576.19,0,0
19,PAYMENT,14201.03,0.0,0.0,0.0,0.0,0,0
19,TRANSFER,284859.58,0.0,0.0,351189.86,639527.23,0,0
19,PAYMENT,1764.45,9620.0,7855.55,0.0,0.0,0,0
19,TRANSFER,177052.85,41567.0,0.0,101958.58,285679.79,0,0
19,PAYMENT,14547.95,0.0,0.0,0.0,0.0,0,0
19,PAYMENT,8778.09,0.0,0.0,0.0,0.0,0,0
19,CASH_OUT,169273.01,39993.0,0.0,43384.0,116460.22,0,0
19,CASH_OUT,171281.33,21838.0,0.0,294067.03,465348.36,0,0
19,PAYMENT,7077.52,0.0,0.0,0.0,0.0,0,0
19,PAYMENT,10206.02,0.0,0.0,0.0,0.0,0,0
19,CASH_OUT,191951.67,32352.0,0.0,0.0,445250.01,0,0
19,CASH_OUT,67408.48,19648.0,0.0,273841.88,341250.36,0,0
19,PAYMENT,10979.2,8031.0,0.0,0.0,0.0,0,0
19,TRANSFER,256606.69,0.0,0.0,682166.44,938773.13,0,0
19,PAYMENT,17544.02,0.0,0.0,0.0,0.0,0,0
19,PAYMENT,990.88,0.0,0.0,0.0,0.0,0,0
19,CASH_OUT,230837.95,0.0,0.0,533633.49,5222.7,0,0
19,PAYMENT,2288.72,0.0,0.0,0.0,0.0,0,0
19,PAYMENT,5642.46,417.0,0.0,0.0,0.0,0,0
19,TRANSFER,473832.75,978.0,0.0,0.0,473832.75,0,0
19,PAYMENT,4507.89,41879.0,37371.11,0.0,0.0,0,0
19,CASH_OUT,78433.87,0.0,0.0,227913.8,414254.78,0,0
19,PAYMENT,5004.18,8262.38,3258.2,0.0,0.0,0,0
19,CASH_OUT,29993.07,20301.0,0.0,195961.41,55494.28,0,0
19,PAYMENT,22456.52,0.0,0.0,0.0,0.0,0,0
19,TRANSFER,142057.62,22820.0,0.0,12333.0,0.0,0,0
19,CASH_OUT,105200.31,0.0,0.0,539650.27,644850.58,0,0
19,CASH_OUT,90719.89,363.0,0.0,69755.0,26409.72,0,0
19,CASH_OUT,104917.16,55198.51,0.0,106392.82,211309.99,0,0
19,PAYMENT,36.69,10482.0,10445.31,0.0,0.0,0,0
19,PAYMENT,17262.78,11879.0,0.0,0.0,0.0,0,0
19,TRANSFER,210263.99,263425.0,53161.01,22921.77,233185.76,0,0
19,CASH_OUT,72926.37,668.0,0.0,0.0,72926.37,0,0
19,CASH_OUT,74081.77,72022.0,0.0,120586.27,222154.45,0,0
19,PAYMENT,9332.24,24826.0,15493.76,0.0,0.0,0,0
19,CASH_OUT,139359.58,79656.0,0.0,290541.84,429901.42,0,0
19,PAYMENT,21235.51,77110.0,55874.49,0.0,0.0,0,0
19,CASH_OUT,222404.89,0.0,0.0,941135.73,1163540.62,0,0
19,PAYMENT,32282.3,0.0,0.0,0.0,0.0,0,0
19,PAYMENT,20489.34,22603.0,2113.66,0.0,0.0,0,0
19,CASH_OUT,168828.77,20233.0,0.0,170314.92,269543.68,0,0
19,CASH_IN,44337.94,0.0,44337.94,106232.0,61894.07,0,0
19,PAYMENT,11546.58,47026.21,35479.62,0.0,0.0,0,0
19,CASH_OUT,194726.23,72354.0,0.0,17470.67,338161.7,0,0
19,CASH_OUT,111119.95,24904.0,0.0,0.0,111119.95,0,0
19,TRANSFER,221866.58,29798.0,0.0,20493.9,242360.48,0,0
19,PAYMENT,4423.45,20075.0,15651.55,0.0,0.0,0,0
19,CASH_OUT,233348.46,0.0,0.0,243902.04,864406.55,0,0
19,CASH_OUT,223912.96,0.0,0.0,490397.76,714310.72,0,0
19,PAYMENT,16663.63,66941.0,50277.37,0.0,0.0,0,0
19,CASH_OUT,180084.18,0.0,0.0,769789.07,949873.25,0,0
19,TRANSFER,383393.97,41037.01,0.0,434741.68,818135.65,0,0
19,PAYMENT,237.05,0.0,0.0,0.0,0.0,0,0
19,TRANSFER,197976.82,288.0,0.0,14683.13,212659.96,0,0
19,PAYMENT,8466.03,0.0,0.0,0.0,0.0,0,0
19,CASH_OUT,244301.08,10465.0,0.0,0.0,244301.08,0,0
19,PAYMENT,12726.61,0.0,0.0,0.0,0.0,0,0
19,CASH_OUT,35253.56,0.0,0.0,59523.33,94776.89,0,0
19,CASH_OUT,128640.98,5029.0,0.0,0.0,128640.98,0,0
19,PAYMENT,7661.94,1088.0,0.0,0.0,0.0,0,0
19,PAYMENT,19694.69,0.0,0.0,0.0,0.0,0,0
19,PAYMENT,9141.37,0.0,0.0,0.0,0.0,0,0
19,PAYMENT,1509.52,42769.0,41259.48,0.0,0.0,0,0
19,CASH_OUT,35738.41,41850.0,6111.59,0.0,35738.41,0,0
19,CASH_OUT,210711.07,0.0,0.0,756232.97,638211.25,0,0
19,CASH_OUT,238484.52,0.0,0.0,566772.44,1107961.07,0,0
19,PAYMENT,19164.25,0.0,0.0,0.0,0.0,0,0
19,CASH_OUT,173799.13,55274.0,0.0,0.0,173799.13,0,0
19,TRANSFER,308959.24,0.0,0.0,753977.28,976319.73,0,0
19,PAYMENT,6262.78,25702.0,19439.22,0.0,0.0,0,0
19,PAYMENT,5815.33,0.0,0.0,0.0,0.0,0,0
19,PAYMENT,6297.67,0.0,0.0,0.0,0.0,0,0
19,CASH_OUT,88553.57,48982.0,0.0,0.0,88553.57,0,0
19,PAYMENT,4551.51,0.0,0.0,0.0,0.0,0,0
19,PAYMENT,8672.39,8034.0,0.0,0.0,0.0,0,0
19,PAYMENT,15767.81,0.0,0.0,0.0,0.0,0,0
19,CASH_OUT,236004.3,0.0,0.0,1364673.66,1220511.05,0,0
19,PAYMENT,15227.89,0.0,0.0,0.0,0.0,0,0
19,PAYMENT,2240.95,40311.0,38070.05,0.0,0.0,0,0
19,CASH_OUT,258172.62,0.0,0.0,345381.3,603553.92,0,0
19,PAYMENT,2439.45,0.0,0.0,0.0,0.0,0,0
19,CASH_OUT,251168.16,0.0,0.0,278554.38,529722.54,0,0
19,TRANSFER,5534.11,1160.0,0.0,221422.02,226956.13,0,0
19,PAYMENT,16752.22,0.0,0.0,0.0,0.0,0,0
19,CASH_OUT,37332.54,0.0,0.0,63368.92,100701.46,0,0
19,PAYMENT,20158.87,17695.17,0.0,0.0,0.0,0,0
19,CASH_OUT,159260.33,0.0,0.0,177543.11,336803.44,0,0
19,CASH_OUT,83500.63,0.0,0.0,515586.0,599086.63,0,0
19,CASH_OUT,108441.61,0.0,0.0,344304.0,289006.17,0,0
19,PAYMENT,6549.15,20455.0,13905.85,0.0,0.0,0,0
19,CASH_OUT,180490.19,0.0,0.0,370816.89,461835.07,0,0
19,PAYMENT,8884.98,20785.0,11900.02,0.0,0.0,0,0
19,CASH_OUT,63561.01,49545.0,0.0,203652.21,267213.21,0,0
19,CASH_OUT,77730.3,31016.0,0.0,0.0,77730.3,0,0
19,CASH_OUT,75665.74,1573.0,0.0,389286.84,464952.58,0,0
19,PAYMENT,9941.22,69865.11,59923.89,0.0,0.0,0,0
19,CASH_OUT,98058.59,0.0,0.0,176422.96,120497.74,0,0
19,CASH_OUT,57765.34,33716.0,0.0,0.0,57765.34,0,0
19,PAYMENT,1293.95,18093.0,16799.05,0.0,0.0,0,0
19,CASH_OUT,2536.83,30235.0,27698.17,222629.88,644553.24,0,0
19,CASH_OUT,87129.7,72123.0,0.0,93653.55,180783.25,0,0
19,PAYMENT,1054.8,0.0,0.0,0.0,0.0,0,0
19,PAYMENT,12068.16,39765.0,27696.84,0.0,0.0,0,0
19,PAYMENT,1695.49,13457.0,11761.51,0.0,0.0,0,0
19,CASH_OUT,125316.44,0.0,0.0,174130.92,299447.36,0,0
19,TRANSFER,131372.86,0.0,0.0,344057.47,475430.33,0,0
19,PAYMENT,9408.04,0.0,0.0,0.0,0.0,0,0
19,PAYMENT,4108.57,0.0,0.0,0.0,0.0,0,0
19,CASH_OUT,51661.82,22474.0,0.0,0.0,51661.82,0,0
19,CASH_OUT,28007.34,83451.2,55443.86,102362.0,130369.34,0,0
19,PAYMENT,988.61,0.0,0.0,0.0,0.0,0,0
19,PAYMENT,1891.61,0.0,0.0,0.0,0.0,0,0
19,CASH_OUT,182659.18,0.0,0.0,280637.0,463296.18,0,0
19,CASH_OUT,13971.58,32256.39,18284.81,1212252.24,1226223.82,0,0
19,PAYMENT,9859.96,20653.0,10793.04,0.0,0.0,0,0
19,PAYMENT,6095.65,6054.0,0.0,0.0,0.0,0,0
19,PAYMENT,1020.66,1201.0,180.34,0.0,0.0,0,0
19,CASH_OUT,199852.79,0.0,0.0,217384.65,547001.9,0,0
19,CASH_OUT,190984.72,171.0,0.0,15329.0,206313.72,0,0
19,PAYMENT,18556.18,0.0,0.0,0.0,0.0,0,0
19,CASH_OUT,13556.88,36369.0,22812.12,971056.74,992272.91,0,0
19,PAYMENT,13559.95,0.0,0.0,0.0,0.0,0,0
19,TRANSFER,143660.11,143660.11,0.0,0.0,0.0,1,0
19,CASH_OUT,143660.11,143660.11,0.0,0.0,143660.11,1,0
19,CASH_OUT,122101.57,0.0,0.0,0.0,639940.2,1,0
19,TRANSFER,161939.36,161939.36,0.0,0.0,0.0,1,0
19,CASH_OUT,161939.36,161939.36,0.0,628935.02,851972.34,1,0
20,TRANSFER,56053.6,0.0,0.0,190028.09,246081.69,0,0
20,PAYMENT,36367.18,0.0,0.0,0.0,0.0,0,0
20,PAYMENT,14184.77,0.0,0.0,0.0,0.0,0,0
20,PAYMENT,37305.65,41636.96,4331.31,0.0,0.0,0,0
20,PAYMENT,4420.69,46600.0,42179.31,0.0,0.0,0,0
20,PAYMENT,23023.34,0.0,0.0,0.0,0.0,0,0
20,PAYMENT,13920.5,0.0,0.0,0.0,0.0,0,0
20,CASH_OUT,241479.26,10611.0,0.0,525193.89,766673.15,0,0
20,CASH_OUT,231655.4,111164.0,0.0,560009.67,791665.07,0,0
20,CASH_OUT,292032.0,0.0,0.0,572078.53,864110.53,0,0
20,CASH_OUT,224886.97,338.0,0.0,0.0,224886.97,0,0
20,CASH_OUT,373433.96,0.0,0.0,393429.83,766863.79,0,0
20,PAYMENT,19530.26,0.0,0.0,0.0,0.0,0,0
20,PAYMENT,2771.99,6091.0,3319.01,0.0,0.0,0,0
20,PAYMENT,16389.58,0.0,0.0,0.0,0.0,0,0
20,CASH_OUT,172945.06,9019.0,0.0,1452.34,174397.4,0,0
20,PAYMENT,9136.98,0.0,0.0,0.0,0.0,0,0
20,CASH_OUT,9294.23,0.0,0.0,220827.39,230121.61,0,0
20,PAYMENT,7689.6,58155.1,50465.49,0.0,0.0,0,0
20,PAYMENT,4825.03,0.0,0.0,0.0,0.0,0,0
20,CASH_IN,51239.94,259.0,51498.94,620478.64,569238.71,0,0
20,PAYMENT,189.39,0.0,0.0,0.0,0.0,0,0
20,PAYMENT,5496.64,6283.0,786.36,0.0,0.0,0,0
20,CASH_OUT,11416.86,0.0,0.0,338695.03,350111.89,0,0
20,DEBIT,5021.46,11414.0,6392.54,142386.31,147407.77,0,0
20,PAYMENT,1669.61,0.0,0.0,0.0,0.0,0,0
20,CASH_OUT,129639.25,198.0,0.0,0.0,129639.25,0,0
20,CASH_OUT,237026.56,0.0,0.0,361452.72,642829.24,0,0
20,CASH_OUT,150362.01,0.0,0.0,398165.78,548527.79,0,0
20,DEBIT,109.62,55418.0,55308.38,102461.27,102570.89,0,0
20,TRANSFER,441610.79,0.0,0.0,624787.84,1066398.63,0,0
20,PAYMENT,11024.26,0.0,0.0,0.0,0.0,0,0
20,PAYMENT,14287.22,0.0,0.0,0.0,0.0,0,0
20,CASH_OUT,151732.83,0.0,0.0,293164.09,444896.92,0,0
20,CASH_OUT,191088.36,22191.0,0.0,0.0,191088.36,0,0
20,PAYMENT,11749.48,0.0,0.0,0.0,0.0,0,0
20,CASH_OUT,83466.91,21952.0,0.0,34608.92,0.0,0,0
20,TRANSFER,288810.63,0.0,0.0,348851.57,637662.2,0,0
20,PAYMENT,18726.88,0.0,0.0,0.0,0.0,0,0
20,CASH_OUT,488375.94,0.0,0.0,603462.21,1091838.14,0,0
20,PAYMENT,17857.3,0.0,0.0,0.0,0.0,0,0
20,CASH_OUT,26468.19,4260.0,0.0,1222670.86,1249139.05,0,0
20,CASH_OUT,185834.24,0.0,0.0,1038366.72,1224200.96,0,0
20,PAYMENT,17540.68,10349.0,0.0,0.0,0.0,0,0
20,CASH_OUT,37547.79,11034.0,0.0,451454.48,489002.27,0,0
20,PAYMENT,13674.99,0.0,0.0,0.0,0.0,0,0
20,PAYMENT,19349.19,0.0,0.0,0.0,0.0,0,0
20,CASH_OUT,94798.71,11998.0,0.0,14491.0,0.0,0,0
20,PAYMENT,18734.36,1450.0,0.0,0.0,0.0,0,0
20,CASH_OUT,155187.89,0.0,0.0,179563.9,334751.79,0,0
20,PAYMENT,7611.66,31071.0,23459.34,0.0,0.0,0,0
20,CASH_IN,46866.36,12353.0,59219.36,0.0,0.0,0,0
20,CASH_OUT,134969.89,64670.0,0.0,255786.47,390756.36,0,0
20,CASH_OUT,234070.08,58076.14,0.0,294225.19,528295.27,0,0
20,PAYMENT,4227.27,8032.0,3804.73,0.0,0.0,0,0
20,CASH_OUT,175886.5,25136.0,0.0,19447.0,38981.69,0,0
20,CASH_OUT,6468.2,0.0,0.0,46889.17,53357.36,0,0
20,CASH_OUT,118087.51,0.0,0.0,617236.64,735324.14,0,0
20,CASH_OUT,139472.67,93172.02,0.0,784299.1,923771.78,0,0
20,PAYMENT,4611.68,0.0,0.0,0.0,0.0,0,0
20,PAYMENT,24255.43,293.0,0.0,0.0,0.0,0,0
20,PAYMENT,816.02,0.0,0.0,0.0,0.0,0,0
20,PAYMENT,5736.02,31174.0,25437.98,0.0,0.0,0,0
20,CASH_OUT,12646.57,0.0,0.0,168020.06,180666.63,0,0
20,CASH_OUT,1052.19,10860.0,9807.81,784397.92,1051396.43,0,0
20,CASH_OUT,166031.38,6583.0,0.0,219479.22,385510.61,0,0
20,CASH_OUT,108456.05,76919.0,0.0,320916.87,429372.92,0,0
20,PAYMENT,4145.3,39813.0,35667.7,0.0,0.0,0,0
20,CASH_OUT,128771.8,1097.0,0.0,186622.32,80595.13,0,0
20,PAYMENT,13439.95,10716.0,0.0,0.0,0.0,0,0
20,PAYMENT,12080.09,0.0,0.0,0.0,0.0,0,0
20,PAYMENT,900.43,25967.62,25067.2,0.0,0.0,0,0
20,CASH_OUT,202019.79,145599.0,0.0,15678.81,217698.59,0,0
20,PAYMENT,27919.45,0.0,0.0,0.0,0.0,0,0
20,CASH_OUT,231464.19,27524.0,0.0,0.0,231464.19,0,0
20,PAYMENT,8776.18,65396.0,56619.82,0.0,0.0,0,0
20,CASH_OUT,210018.05,16401.0,0.0,0.0,210018.05,0,0
20,CASH_OUT,107009.09,0.0,0.0,291358.4,398367.49,0,0
20,PAYMENT,5622.76,6191.0,568.24,0.0,0.0,0,0
20,PAYMENT,19537.24,76856.74,57319.5,0.0,0.0,0,0
20,CASH_OUT,171186.15,786.0,0.0,11792.67,323320.41,0,0
20,CASH_OUT,262319.07,52150.0,0.0,126462.18,388781.25,0,0
20,PAYMENT,18975.26,0.0,0.0,0.0,0.0,0,0
20,PAYMENT,7010.62,183.0,0.0,0.0,0.0,0,0
20,CASH_OUT,47300.0,60726.0,13426.0,0.0,47300.0,0,0
20,CASH_OUT,233642.9,0.0,0.0,245718.02,303351.26,0,0
20,CASH_OUT,83020.46,10178.0,0.0,0.0,83020.46,0,0
20,CASH_OUT,72963.89,1117.03,0.0,193232.75,266196.64,0,0
20,CASH_OUT,104598.94,59181.16,0.0,107208.01,255905.61,0,0
20,CASH_OUT,49822.81,11059.0,0.0,0.0,49822.81,0,0
20,CASH_OUT,125063.25,0.0,0.0,190754.51,315817.76,0,0
20,PAYMENT,12376.44,5031.0,0.0,0.0,0.0,0,0
20,PAYMENT,16342.19,10690.55,0.0,0.0,0.0,0,0
20,PAYMENT,4657.22,0.0,0.0,0.0,0.0,0,0
20,PAYMENT,33703.55,0.0,0.0,0.0,0.0,0,0
20,CASH_OUT,397.1,0.0,0.0,207085.13,207482.23,0,0
20,PAYMENT,21160.88,57077.71,35916.83,0.0,0.0,0,0
20,TRANSFER,16614.82,16614.82,0.0,0.0,0.0,1,0
20,CASH_OUT,16614.82,16614.82,0.0,904409.29,921024.11,1,0
21,CASH_OUT,101508.5,146930.0,45421.5,203100.24,304608.74,0,0
21,CASH_OUT,99004.13,0.0,0.0,388061.33,487065.45,0,0
21,PAYMENT,30818.48,0.0,0.0,0.0,0.0,0,0
21,PAYMENT,10086.52,21477.0,11390.48,0.0,0.0,0,0
21,CASH_OUT,235033.24,0.0,0.0,343503.06,578536.3,0,0
21,PAYMENT,344.99,0.0,0.0,0.0,0.0,0,0
21,PAYMENT,5609.42,19981.0,14371.58,0.0,0.0,0,0
21,TRANSFER,19799.89,2987.0,0.0,23681.91,43481.79,0,0
21,PAYMENT,10009.05,0.0,0.0,0.0,0.0,0,0
21,CASH_OUT,335806.83,15130.0,0.0,85880.54,421687.37,0,0
21,CASH_OUT,229518.23,0.0,0.0,508783.44,738301.67,0,0
21,PAYMENT,12669.2,0.0,0.0,0.0,0.0,0,0
21,PAYMENT,3439.33,13942.12,10502.79,0.0,0.0,0,0
21,CASH_OUT,346731.53,0.0,0.0,437217.0,783948.53,0,0
21,CASH_OUT,74017.83,711.0,0.0,0.0,74017.83,0,0
21,CASH_OUT,79387.69,0.0,0.0,235839.29,315226.98,0,0
21,CASH_OUT,115.75,0.0,0.0,8759.89,8875.64,0,0
21,PAYMENT,6184.98,359.0,0.0,0.0,0.0,0,0
21,CASH_OUT,23057.81,180.0,0.0,2839.82,25897.63,0,0
21,PAYMENT,5389.48,19723.0,14333.52,0.0,0.0,0,0
21,PAYMENT,1531.0,0.0,0.0,0.0,0.0,0,0
21,CASH_OUT,44611.31,0.0,0.0,285326.57,329937.88,0,0
21,CASH_OUT,166932.36,0.0,0.0,1255275.58,1128693.5,0,0
21,TRANSFER,151745.59,0.0,0.0,270082.54,413958.08,0,0
21,PAYMENT,3912.48,9174.0,5261.52,0.0,0.0,0,0
21,PAYMENT,4550.76,1827.0,0.0,0.0,0.0,0,0
21,CASH_OUT,164661.02,11667.0,0.0,28585.19,611602.46,0,0
21,CASH_OUT,87433.31,1214.0,0.0,107132.01,194565.33,0,0
21,PAYMENT,11384.37,34541.0,23156.63,0.0,0.0,0,0
21,PAYMENT,6256.75,52375.0,46118.25,0.0,0.0,0,0
21,PAYMENT,15288.91,8051.0,0.0,0.0,0.0,0,0
21,CASH_OUT,197626.88,0.0,0.0,800301.28,997928.16,0,0
21,PAYMENT,19153.33,0.0,0.0,0.0,0.0,0,0
21,CASH_OUT,124669.38,16171.0,0.0,0.0,124669.38,0,0
21,CASH_OUT,51787.68,40078.0,0.0,0.0,51787.68,0,0
21,PAYMENT,6510.49,30180.0,23669.51,0.0,0.0,0,0
21,CASH_OUT,127080.27,0.0,0.0,245971.63,373051.9,0,0
21,CASH_OUT,53234.94,0.0,0.0,159448.62,212683.56,0,0
21,CASH_OUT,157437.58,23696.66,0.0,1204521.21,1169581.43,0,0
21,PAYMENT,2795.06,18722.92,15927.86,0.0,0.0,0,0
21,PAYMENT,1851.92,0.0,0.0,0.0,0.0,0,0
21,CASH_OUT,46370.08,36715.09,0.0,183394.4,229764.49,0,0
21,CASH_IN,38498.61,21258.0,59756.61,223984.17,185485.56,0,0
21,CASH_OUT,224289.86,201215.0,0.0,156879.77,381169.63,0,0
21,CASH_OUT,80143.06,0.0,0.0,154564.2,234707.26,0,0
21,PAYMENT,16473.07,34986.93,18513.85,0.0,0.0,0,0
21,PAYMENT,15796.59,63167.0,47370.41,0.0,0.0,0,0
21,PAYMENT,4849.29,6372.0,1522.71,0.0,0.0,0,0
21,CASH_OUT,154747.07,0.0,0.0,1203648.98,963174.02,0,0
21,CASH_OUT,272311.09,0.0,0.0,501729.34,774040.44,0,0
21,TRANSFER,245696.71,24517.39,0.0,284218.82,529915.53,0,0
21,PAYMENT,5582.88,15420.0,9837.12,0.0,0.0,0,0
21,PAYMENT,1460.98,7204.4,5743.42,0.0,0.0,0,0
21,DEBIT,4825.13,11112.0,6286.87,370704.19,375529.33,0,0
21,PAYMENT,11831.98,29803.0,17971.02,0.0,0.0,0,0
21,PAYMENT,18828.22,0.0,0.0,0.0,0.0,0,0
21,TRANSFER,158299.34,158299.34,0.0,0.0,0.0,1,0
21,CASH_OUT,158299.34,158299.34,0.0,36152.54,271369.74,1,0
21,CASH_OUT,23292.3,0.0,0.0,392364.62,415656.92,1,0
22,PAYMENT,10855.2,0.0,0.0,0.0,0.0,0,0
22,PAYMENT,2398.44,1259.0,0.0,0.0,0.0,0,0
22,PAYMENT,2585.97,29820.0,27234.03,0.0,0.0,0,0
22,TRANSFER,424363.07,98676.0,0.0,0.0,424363.07,0,0
22,TRANSFER,477956.67,4075.0,0.0,368635.12,846591.78,0,0
22,PAYMENT,2265.92,38044.44,35778.51,0.0,0.0,0,0
22,PAYMENT,13087.35,0.0,0.0,0.0,0.0,0,0
22,CASH_OUT,138608.43,70077.51,0.0,212155.45,350763.88,0,0
22,PAYMENT,12844.84,0.0,0.0,0.0,0.0,0,0
22,PAYMENT,1386.96,11319.0,9932.04,0.0,0.0,0,0
22,PAYMENT,4712.06,15717.0,11004.94,0.0,0.0,0,0
22,PAYMENT,4064.73,19910.0,15845.27,0.0,0.0,0,0
22,CASH_OUT,146193.85,0.0,0.0,659175.51,805369.36,0,0
22,PAYMENT,8909.05,0.0,0.0,0.0,0.0,0,0
22,CASH_OUT,338729.13,0.0,0.0,803201.49,1141930.63,0,0
22,PAYMENT,8129.22,80.0,0.0,0.0,0.0,0,0
22,PAYMENT,5806.0,1388.0,0.0,0.0,0.0,0,0
22,PAYMENT,8912.94,14427.0,5514.06,0.0,0.0,0,0
22,PAYMENT,413.04,0.0,0.0,0.0,0.0,0,0
22,PAYMENT,2770.38,0.0,0.0,0.0,0.0,0,0
22,PAYMENT,3178.67,0.0,0.0,0.0,0.0,0,0
22,CASH_OUT,132190.8,0.0,0.0,1113326.71,1245517.51,0,0
22,PAYMENT,18938.09,3414.36,0.0,0.0,0.0,0,0
22,PAYMENT,2418.26,45144.84,42726.58,0.0,0.0,0,0
22,CASH_OUT,254173.84,131638.0,0.0,152446.88,406620.72,0,0
22,PAYMENT,623.19,0.0,0.0,0.0,0.0,0,0
22,PAYMENT,9733.87,0.0,0.0,0.0,0.0,0,0
22,TRANSFER,116511.61,56967.0,0.0,572569.58,689081.19,0,0
22,CASH_OUT,249500.01,0.0,0.0,899656.15,1149156.16,0,0
22,PAYMENT,14779.44,72515.0,57735.56,0.0,0.0,0,0
22,TRANSFER,37735.73,0.0,0.0,65203.39,102939.11,0,0
22,PAYMENT,3892.47,568.0,0.0,0.0,0.0,0,0
22,TRANSFER,226734.45,0.0,0.0,326836.25,553570.71,0,0
22,TRANSFER,37100.29,37100.29,0.0,0.0,0.0,1,0
22,CASH_OUT,37100.29,37100.29,0.0,433212.41,470312.7,1,0
22,TRANSFER,235512.2,235512.2,0.0,0.0,0.0,1,0
22,TRANSFER,74804.24,74804.24,0.0,0.0,0.0,1,0
22,CASH_OUT,74804.24,74804.24,0.0,0.0,74804.24,1,0
22,TRANSFER,77773.14,77773.14,0.0,0.0,0.0,1,0
22,TRANSFER,239646.72,239646.72,0.0,0.0,0.0,1,0
23,PAYMENT,13445.48,34293.0,20847.52,0.0,0.0,0,0
23,PAYMENT,4556.56,0.0,0.0,0.0,0.0,0,0
23,PAYMENT,3761.05,0.0,0.0,0.0,0.0,0,0
23,PAYMENT,16954.79,0.0,0.0,0.0,0.0,0,0
23,CASH_OUT,29604.6,0.0,0.0,801530.92,831135.53,0,0
23,PAYMENT,21545.76,20261.0,0.0,0.0,0.0,0,0
23,CASH_OUT,164491.77,156337.0,0.0,323190.95,487682.72,0,0
23,PAYMENT,7773.72,14508.0,6734.28,0.0,0.0,0,0
23,PAYMENT,9356.05,5794.0,0.0,0.0,0.0,0,0
23,PAYMENT,3264.82,117.0,0.0,0.0,0.0,0,0
23,PAYMENT,2852.94,0.0,0.0,0.0,0.0,0,0
23,PAYMENT,270.76,0.0,0.0,0.0,0.0,0,0
23,PAYMENT,551.1,20414.0,19862.9,0.0,0.0,0,0
23,PAYMENT,17734.87,63652.0,45917.13,0.0,0.0,0,0
23,CASH_OUT,162453.87,0.0,0.0,345046.35,507500.22,0,0
23,CASH_OUT,118417.28,0.0,0.0,605703.85,724121.13,0,0
23,PAYMENT,3868.94,832.0,0.0,0.0,0.0,0,0
23,PAYMENT,3131.33,21400.0,18268.67,0.0,0.0,0,0
23,CASH_OUT,214538.83,0.0,0.0,376442.23,590981.06,0,0
23,PAYMENT,12051.19,12642.0,590.81,0.0,0.0,0,0
23,PAYMENT,18580.98,248.0,0.0,0.0,0.0,0,0
23,CASH_OUT,139990.24,0.0,0.0,947846.5,1087836.74,0,0
23,PAYMENT,11691.25,0.0,0.0,0.0,0.0,0,0
23,PAYMENT,5846.74,16900.0,11053.26,0.0,0.0,0,0
23,TRANSFER,146127.1,146127.1,0.0,0.0,0.0,1,0
23,CASH_OUT,146127.1,146127.1,0.0,177874.39,324001.49,1,0
24,CASH_OUT,53036.38,0.0,0.0,165162.07,218198.45,0,0
24,PAYMENT,5206.77,259.0,0.0,0.0,0.0,0,0
24,PAYMENT,10176.69,0.0,0.0,0.0,0.0,0,0
24,PAYMENT,24485.83,29873.0,5387.17,0.0,0.0,0,0
24,DEBIT,6068.97,2742.0,0.0,19929.75,25998.72,0,0
24,PAYMENT,47013.74,0.0,0.0,0.0,0.0,0,0
24,PAYMENT,6902.62,11274.0,4371.38,0.0,0.0,0,0
24,TRANSFER,6844.73,6844.73,0.0,0.0,0.0,1,0
24,CASH_OUT,6844.73,6844.73,0.0,264100.7,270945.42,1,0
25,CASH_OUT,294.3,6794.95,6500.65,101967.17,102261.47,0,0
25,PAYMENT,18555.31,18964.0,408.69,0.0,0.0,0,0
25,PAYMENT,17048.21,50762.47,33714.26,0.0,0.0,0,0
25,PAYMENT,4835.54,15960.0,11124.46,0.0,0.0,0,0
25,PAYMENT,28673.21,56804.22,28131.01,0.0,0.0,0,0
25,TRANSFER,8383.17,8383.17,0.0,0.0,0.0,1,0
25,TRANSFER,217231.0,217231.0,0.0,0.0,0.0,1,0
25,TRANSFER,44829.81,44829.81,0.0,0.0,0.0,1,0
25,CASH_OUT,44829.81,44829.81,0.0,301552.31,346382.12,1,0
25,TRANSFER,18126.95,18126.95,0.0,0.0,0.0,1,0
25,CASH_OUT,18126.95,18126.95,0.0,0.0,18126.95,1,0
25,TRANSFER,249159.26,249159.26,0.0,0.0,0.0,1,0
25,CASH_OUT,249159.26,249159.26,0.0,285997.41,535156.67,1,0
26,TRANSFER,37065.55,37065.55,0.0,0.0,0.0,1,0
26,TRANSFER,78741.64,78741.64,0.0,0.0,0.0,1,0
26,CASH_OUT,78741.64,78741.64,0.0,48628.52,127370.16,1,0
29,TRANSFER,268641.82,268641.82,0.0,0.0,0.0,1,0
29,CASH_OUT,268641.82,268641.82,0.0,197163.95,465805.77,1,0
30,TRANSFER,122235.11,122235.11,0.0,0.0,0.0,1,0
30,CASH_OUT,122235.11,122235.11,0.0,0.0,122235.11,1,0
30,TRANSFER,236947.25,236947.25,0.0,0.0,0.0,1,0
30,CASH_OUT,236947.25,236947.25,0.0,70084.28,307031.53,1,0
30,TRANSFER,19016.22,19016.22,0.0,0.0,0.0,1,0
30,TRANSFER,109401.88,109401.88,0.0,0.0,0.0,1,0
30,CASH_OUT,109401.88,109401.88,0.0,245588.62,354990.5,1,0
31,TRANSFER,120406.39,120406.39,0.0,0.0,0.0,1,0
31,CASH_OUT,120406.39,120406.39,0.0,0.0,120406.39,1,0
31,TRANSFER,21516.38,21516.38,0.0,0.0,0.0,1,0
31,CASH_OUT,21516.38,21516.38,0.0,900122.84,921639.22,1,0
32,TRANSFER,81867.07,81867.07,0.0,0.0,0.0,1,0
32,CASH_OUT,81867.07,81867.07,0.0,135117.98,216985.05,1,0
33,PAYMENT,27410.09,3346.92,0.0,0.0,0.0,0,0
33,CASH_OUT,55847.91,530.0,0.0,0.0,55847.91,0,0
33,CASH_OUT,118617.15,0.0,0.0,275325.27,393942.42,0,0
33,PAYMENT,13043.32,0.0,0.0,0.0,0.0,0,0
33,CASH_OUT,107963.96,0.0,0.0,381649.95,489613.91,0,0
33,CASH_OUT,319199.31,10880.0,0.0,602061.78,921261.09,0,0
33,CASH_OUT,127597.51,0.0,0.0,315984.94,443582.45,0,0
33,PAYMENT,2925.14,0.0,0.0,0.0,0.0,0,0
33,PAYMENT,17217.83,1297.0,0.0,0.0,0.0,0,0
33,CASH_OUT,288256.96,60193.0,0.0,0.0,288256.96,0,0
33,PAYMENT,1856.28,26919.78,25063.5,0.0,0.0,0,0
33,CASH_OUT,328548.62,112912.0,0.0,171126.0,0.0,0,0
33,PAYMENT,4916.6,0.0,0.0,0.0,0.0,0,0
33,PAYMENT,9418.04,12584.0,3165.96,0.0,0.0,0,0
33,PAYMENT,9453.72,4073.0,0.0,0.0,0.0,0,0
33,PAYMENT,18216.0,0.0,0.0,0.0,0.0,0,0
33,CASH_IN,47574.36,10896.0,58470.36,234375.47,186801.12,0,0
33,CASH_OUT,182936.39,61574.0,0.0,30059.47,212995.87,0,0
33,TRANSFER,431234.78,0.0,0.0,455482.51,886717.29,0,0
33,CASH_OUT,74460.91,0.0,0.0,1118997.29,1193458.19,0,0
33,PAYMENT,16195.7,0.0,0.0,0.0,0.0,0,0
33,PAYMENT,76642.71,0.0,0.0,0.0,0.0,0,0
33,PAYMENT,15945.43,15359.0,0.0,0.0,0.0,0,0
33,PAYMENT,7275.42,21669.0,14393.58,0.0,0.0,0,0
33,PAYMENT,16874.28,4005.0,0.0,0.0,0.0,0,0
33,CASH_OUT,391092.8,248181.0,0.0,46109.71,329721.0,0,0
33,PAYMENT,22523.9,5547.0,0.0,0.0,0.0,0,0
33,PAYMENT,10758.52,6084.0,0.0,0.0,0.0,0,0
33,CASH_IN,24294.17,11062.0,35356.17,24769.83,475.66,0,0
33,CASH_OUT,231231.43,29781.0,0.0,0.0,366922.82,0,0
33,CASH_OUT,120007.79,157090.47,37082.68,0.0,974063.98,0,0
33,CASH_OUT,64859.07,63742.13,0.0,260238.88,325097.95,0,0
33,CASH_OUT,289216.36,0.0,0.0,771573.11,1060789.47,0,0
33,PAYMENT,10244.96,0.0,0.0,0.0,0.0,0,0
33,CASH_OUT,336671.14,301.0,0.0,158256.54,494927.68,0,0
33,CASH_OUT,31982.64,0.0,0.0,146425.39,178408.03,0,0
33,CASH_OUT,159052.2,0.0,0.0,722191.99,881244.19,0,0
33,CASH_OUT,305996.09,81394.0,0.0,675113.1,981109.2,0,0
33,PAYMENT,24089.84,0.0,0.0,0.0,0.0,0,0
33,PAYMENT,5117.53,8109.0,2991.47,0.0,0.0,0,0
33,CASH_OUT,224059.91,10580.0,0.0,245608.68,469668.6,0,0
33,CASH_OUT,142498.56,175.0,0.0,715198.15,857696.71,0,0
33,PAYMENT,9166.87,0.0,0.0,0.0,0.0,0,0
33,CASH_OUT,50529.44,0.0,0.0,1111221.45,1161750.89,0,0
33,TRANSFER,18992.85,0.0,0.0,908913.14,927905.99,0,0
33,TRANSFER,214975.9,214975.9,0.0,0.0,0.0,1,0
33,CASH_OUT,214975.9,214975.9,0.0,152331.28,374513.69,1,0
34,PAYMENT,332.81,0.0,0.0,0.0,0.0,0,0
34,CASH_OUT,440588.4,31.0,0.0,0.0,440588.4,0,0
34,PAYMENT,5905.06,0.0,0.0,0.0,0.0,0,0
34,CASH_OUT,1561.09,0.0,0.0,5806.0,16933.78,0,0
34,CASH_OUT,79528.3,0.0,0.0,201272.89,280801.18,0,0
34,TRANSFER,490593.34,0.0,0.0,726721.03,1114403.35,0,0
34,CASH_OUT,126991.35,300.0,0.0,407737.79,534729.14,0,0
34,CASH_OUT,256546.76,33726.0,0.0,34007.0,290553.76,0,0
34,CASH_OUT,295711.63,0.0,0.0,366515.86,662227.49,0,0
34,CASH_OUT,265900.34,0.0,0.0,693668.44,959568.79,0,0
34,CASH_OUT,58216.67,3635.0,0.0,0.0,58216.67,0,0
34,PAYMENT,18277.33,1112.0,0.0,0.0,0.0,0,0
34,PAYMENT,35777.9,75751.0,39973.1,0.0,0.0,0,0
34,PAYMENT,19199.03,0.0,0.0,0.0,0.0,0,0
34,PAYMENT,7646.3,0.0,0.0,0.0,0.0,0,0
34,PAYMENT,31792.12,9908.0,0.0,0.0,0.0,0,0
34,CASH_IN,46258.27,13195.0,59453.27,0.0,0.0,0,0
34,CASH_OUT,234215.59,31597.0,0.0,0.0,234215.59,0,0
34,CASH_OUT,29061.66,0.0,0.0,790442.26,819503.92,0,0
34,PAYMENT,1875.36,21492.0,19616.64,0.0,0.0,0,0
34,CASH_OUT,198028.15,85274.29,0.0,208207.74,406235.88,0,0
34,CASH_OUT,333669.72,0.0,0.0,870030.15,1203699.88,0,0
34,PAYMENT,27189.22,11022.0,0.0,0.0,0.0,0,0
34,PAYMENT,3605.84,0.0,0.0,0.0,0.0,0,0
34,PAYMENT,55296.02,4486.0,0.0,0.0,0.0,0,0
34,TRANSFER,45438.8,15549.0,0.0,0.0,20654.16,0,0
34,PAYMENT,6492.49,0.0,0.0,0.0,0.0,0,0
34,PAYMENT,26010.66,0.0,0.0,0.0,0.0,0,0
34,PAYMENT,7297.81,9075.0,1777.19,0.0,0.0,0,0
34,CASH_OUT,25478.59,8281.0,0.0,0.0,25478.59,0,0
34,CASH_OUT,217027.24,8916.0,0.0,86221.08,303248.33,0,0
34,CASH_OUT,253750.45,20874.0,0.0,1297243.26,1108860.26,0,0
34,CASH_OUT,396103.76,0.0,0.0,640181.82,1036285.58,0,0
34,CASH_OUT,316386.6,5203.0,0.0,147824.21,464210.81,0,0
34,CASH_OUT,255906.16,65347.0,0.0,815584.27,1071490.43,0,0
34,CASH_OUT,201153.04,58710.0,0.0,0.0,201153.04,0,0
34,PAYMENT,1008.6,0.0,0.0,0.0,0.0,0,0
34,PAYMENT,4224.74,10895.0,6670.26,0.0,0.0,0,0
34,PAYMENT,7463.36,21711.0,14247.64,0.0,0.0,0,0
34,PAYMENT,39210.71,10515.0,0.0,0.0,0.0,0,0
34,PAYMENT,9929.52,0.0,0.0,0.0,0.0,0,0
34,PAYMENT,40970.52,0.0,0.0,0.0,0.0,0,0
34,PAYMENT,7143.19,0.0,0.0,0.0,0.0,0,0
34,TRANSFER,245677.56,0.0,0.0,384556.0,945054.68,0,0
34,PAYMENT,131.85,0.0,0.0,0.0,0.0,0,0
34,CASH_OUT,142384.58,51898.0,0.0,144812.11,448536.78,0,0
34,PAYMENT,8128.32,10432.0,2303.68,0.0,0.0,0,0
34,PAYMENT,3737.32,16896.0,13158.68,0.0,0.0,0,0
34,PAYMENT,8682.45,57719.0,49036.55,0.0,0.0,0,0
34,CASH_OUT,138833.32,11225.0,0.0,0.0,465319.13,0,0
34,CASH_OUT,128888.11,1154.0,0.0,491347.01,620235.12,0,0
34,CASH_IN,9829.92,36683.0,46512.92,763760.92,753931.0,0,0
34,CASH_OUT,40808.25,0.0,0.0,41489.21,82297.45,0,0
34,PAYMENT,5920.61,0.0,0.0,0.0,0.0,0,0
34,CASH_OUT,340775.92,0.0,0.0,376523.66,447607.09,0,0
34,CASH_OUT,138938.21,1073.0,0.0,0.0,138938.21,0,0
34,PAYMENT,20484.2,0.0,0.0,0.0,0.0,0,0
34,PAYMENT,18571.28,0.0,0.0,0.0,0.0,0,0
34,PAYMENT,17551.15,0.0,0.0,0.0,0.0,0,0
34,CASH_OUT,303901.3,24333.0,0.0,66987.62,648755.04,0,0
34,PAYMENT,17885.18,65118.78,47233.61,0.0,0.0,0,0
34,CASH_OUT,222041.85,121924.0,0.0,0.0,222041.85,0,0
34,CASH_OUT,165989.73,184159.0,18169.27,207361.57,373351.3,0,0
34,PAYMENT,14419.82,22205.0,7785.18,0.0,0.0,0,0
34,CASH_OUT,198328.31,0.0,0.0,867339.53,850330.43,0,0
34,CASH_OUT,318400.87,4174.0,0.0,311669.54,630070.42,0,0
34,PAYMENT,4884.37,0.0,0.0,0.0,0.0,0,0
34,CASH_OUT,343772.85,40310.0,0.0,222694.09,566466.94,0,0
34,PAYMENT,18834.83,7104.0,0.0,0.0,0.0,0,0
34,PAYMENT,14016.95,6329.0,0.0,0.0,0.0,0,0
34,TRANSFER,464286.41,27545.0,0.0,0.0,185895.98,0,0
34,CASH_OUT,76245.97,12675.0,0.0,536.02,76782.0,0,0
34,PAYMENT,20735.54,32482.0,11746.46,0.0,0.0,0,0
34,CASH_OUT,209233.66,0.0,0.0,260336.5,873850.91,0,0
34,PAYMENT,15706.41,0.0,0.0,0.0,0.0,0,0
34,PAYMENT,3320.68,24807.0,21486.32,0.0,0.0,0,0
34,CASH_OUT,81506.9,0.0,0.0,126195.0,162040.99,0,0
34,CASH_OUT,134963.4,0.0,0.0,154380.0,0.0,0,0
34,CASH_OUT,287109.87,20967.52,0.0,771144.3,1058254.17,0,0
34,CASH_OUT,176315.07,96192.54,0.0,204292.99,380608.06,0,0
34,PAYMENT,15647.1,6566.0,0.0,0.0,0.0,0,0
34,CASH_OUT,144288.17,0.0,0.0,458953.36,603241.52,0,0
34,CASH_OUT,172156.66,0.0,0.0,951955.55,1124112.21,0,0
34,CASH_OUT,19314.2,0.0,0.0,1071056.39,1090370.59,0,0
34,CASH_OUT,180575.03,0.0,0.0,219209.69,399784.72,0,0
34,CASH_OUT,275520.19,0.0,0.0,305978.42,581498.62,0,0
34,CASH_OUT,224021.63,0.0,0.0,326090.98,550112.61,0,0
34,PAYMENT,14951.19,43091.0,28139.81,0.0,0.0,0,0
34,TRANSFER,51424.22,51424.22,0.0,0.0,0.0,1,0
34,CASH_OUT,51424.22,51424.22,0.0,87252.78,138677.0,1,0
34,TRANSFER,52557.21,52557.21,0.0,0.0,0.0,1,0
34,CASH_OUT,52557.21,52557.21,0.0,0.0,52557.21,1,0
34,TRANSFER,27951.26,27951.26,0.0,0.0,0.0,1,0
34,CASH_OUT,27951.26,27951.26,0.0,10439.0,698752.71,1,0
34,TRANSFER,30917.39,30917.39,0.0,0.0,0.0,1,0
34,CASH_OUT,30917.39,30917.39,0.0,339926.42,370843.82,1,0
34,TRANSFER,40458.0,40458.0,0.0,0.0,0.0,1,0
34,CASH_OUT,40458.0,40458.0,0.0,561393.36,331179.02,1,0
34,TRANSFER,71693.42,71693.42,0.0,0.0,0.0,1,0
34,CASH_OUT,71693.42,71693.42,0.0,0.0,71693.42,1,0
35,CASH_OUT,171860.72,60630.0,0.0,637047.32,808908.04,0,0
35,CASH_OUT,1096.81,0.0,0.0,283393.76,284490.57,0,0
35,PAYMENT,1056.17,7892.0,6835.83,0.0,0.0,0,0
35,CASH_OUT,208926.48,0.0,0.0,713692.34,922618.82,0,0
35,CASH_OUT,237519.57,600.0,0.0,9215.4,246734.97,0,0
35,CASH_OUT,386217.23,10808.0,0.0,0.0,386217.23,0,0
35,PAYMENT,10818.11,10517.0,0.0,0.0,0.0,0,0
35,CASH_OUT,270591.7,5054.0,0.0,68881.77,339473.47,0,0
35,CASH_OUT,11975.53,18902.0,6926.47,0.0,11975.53,0,0
35,PAYMENT,3675.84,0.0,0.0,0.0,0.0,0,0
35,PAYMENT,11741.78,71194.99,59453.21,0.0,0.0,0,0
35,CASH_OUT,354624.55,21135.0,0.0,86287.31,440911.86,0,0
35,PAYMENT,5772.12,6126.0,353.88,0.0,0.0,0,0
35,PAYMENT,1264.9,7126.0,5861.1,0.0,0.0,0,0
35,PAYMENT,3769.24,679.0,0.0,0.0,0.0,0,0
35,CASH_OUT,192009.01,95745.22,0.0,622355.95,814364.96,0,0
35,PAYMENT,8378.97,0.0,0.0,0.0,0.0,0,0
35,CASH_OUT,456773.01,14447.0,0.0,200455.44,657228.44,0,0
35,CASH_OUT,62161.06,3689.0,0.0,481227.88,543388.94,0,0
35,CASH_IN,48902.44,11049.0,59951.44,70610.87,21708.44,0,0
35,CASH_OUT,4389.77,0.0,0.0,11647.4,16037.17,0,0
35,TRANSFER,173249.47,8749.15,0.0,291664.68,464914.15,0,0
35,CASH_OUT,139108.28,0.0,0.0,339910.03,479018.32,0,0
35,PAYMENT,23652.47,8367.0,0.0,0.0,0.0,0,0
35,PAYMENT,7266.56,1146.0,0.0,0.0,0.0,0,0
35,TRANSFER,277931.27,11183.0,0.0,0.0,277931.27,0,0
35,PAYMENT,20801.76,1841.74,0.0,0.0,0.0,0,0
35,CASH_OUT,23371.02,47635.83,24264.81,453021.37,401914.1,0,0
35,CASH_OUT,54313.06,12546.0,0.0,0.0,1120817.79,0,0
35,PAYMENT,21057.29,10247.0,0.0,0.0,0.0,0,0
35,CASH_OUT,33664.85,54988.0,21323.15,379465.27,413130.12,0,0
35,CASH_OUT,158686.8,0.0,0.0,184010.86,483684.6,0,0
35,CASH_OUT,177591.81,0.0,0.0,314205.24,491797.05,0,0
35,CASH_OUT,161024.17,241.0,0.0,814464.14,975488.31,0,0
35,PAYMENT,7313.35,0.0,0.0,0.0,0.0,0,0
35,PAYMENT,20894.95,45465.0,24570.05,0.0,0.0,0,0
35,CASH_OUT,254539.91,69551.54,0.0,0.0,254539.91,0,0
35,PAYMENT,29242.85,12950.0,0.0,0.0,0.0,0,0
35,PAYMENT,639.9,0.0,0.0,0.0,0.0,0,0
35,PAYMENT,29042.03,0.0,0.0,0.0,0.0,0,0
35,CASH_OUT,184134.65,0.0,0.0,405797.38,589932.03,0,0
35,TRANSFER,250636.28,0.0,0.0,701193.82,951830.1,0,0
35,CASH_OUT,190718.71,190055.1,0.0,261837.54,452556.25,0,0
35,PAYMENT,12039.91,289.0,0.0,0.0,0.0,0,0
35,PAYMENT,9245.47,12671.0,3425.53,0.0,0.0,0,0
35,PAYMENT,6286.88,3593.14,0.0,0.0,0.0,0,0
35,CASH_OUT,473763.54,21554.0,0.0,70734.77,544498.31,0,0
35,PAYMENT,24848.49,2079.0,0.0,0.0,0.0,0,0
35,PAYMENT,24449.81,29893.0,5443.19,0.0,0.0,0,0
35,PAYMENT,18861.88,27976.0,9114.12,0.0,0.0,0,0
35,CASH_IN,30637.8,14650.0,45287.8,0.0,0.0,0,0
35,PAYMENT,5173.14,7174.0,2000.86,0.0,0.0,0,0
35,CASH_OUT,298902.65,16138.0,0.0,0.0,298902.65,0,0
35,CASH_OUT,107759.5,0.0,0.0,121575.77,229335.27,0,0
35,CASH_OUT,87696.24,3088.0,0.0,0.0,87696.24,0,0
35,CASH_OUT,313337.44,249.0,0.0,4079.0,388524.85,0,0
35,CASH_OUT,17217.72,0.0,0.0,689055.6,1238258.97,0,0
35,PAYMENT,52485.01,91456.92,38971.91,0.0,0.0,0,0
35,PAYMENT,1387.86,0.0,0.0,0.0,0.0,0,0
35,PAYMENT,5653.76,1888.0,0.0,0.0,0.0,0,0
35,CASH_OUT,61741.21,29765.0,0.0,1093800.59,1155541.8,0,0
35,PAYMENT,15069.1,0.0,0.0,0.0,0.0,0,0
35,PAYMENT,7196.97,4042.0,0.0,0.0,0.0,0,0
35,CASH_OUT,70191.61,0.0,0.0,745074.04,815265.65,0,0
35,PAYMENT,6598.19,0.0,0.0,0.0,0.0,0,0
35,CASH_OUT,106645.85,0.0,0.0,126783.42,233429.27,0,0
35,PAYMENT,2374.57,30171.0,27796.43,0.0,0.0,0,0
35,CASH_OUT,207842.97,104331.0,0.0,0.0,207842.97,0,0
35,PAYMENT,3327.96,0.0,0.0,0.0,0.0,0,0
35,PAYMENT,62255.5,119403.04,57147.54,0.0,0.0,0,0
35,PAYMENT,25342.53,5094.0,0.0,0.0,0.0,0,0
35,PAYMENT,6877.98,0.0,0.0,0.0,0.0,0,0
35,PAYMENT,7218.74,0.0,0.0,0.0,0.0,0,0
35,CASH_OUT,127493.1,20642.0,0.0,526487.2,805413.63,0,0
35,PAYMENT,5999.48,4405.0,0.0,0.0,0.0,0,0
35,TRANSFER,337534.75,22641.0,0.0,248882.19,586416.94,0,0
35,CASH_OUT,166516.42,0.0,0.0,499174.88,665691.3,0,0
35,PAYMENT,60521.08,0.0,0.0,0.0,0.0,0,0
35,CASH_OUT,219516.08,0.0,0.0,337919.54,557435.62,0,0
35,CASH_OUT,65491.23,0.0,0.0,78562.42,213163.64,0,0
35,PAYMENT,6255.47,1679.17,0.0,0.0,0.0,0,0
35,TRANSFER,122032.62,122032.62,0.0,0.0,0.0,1,0
35,CASH_OUT,122032.62,122032.62,0.0,0.0,122032.62,1,0
35,CASH_OUT,112280.88,0.0,0.0,40512.49,152793.36,1,0
35,TRANSFER,171788.82,171788.82,0.0,0.0,0.0,1,0
35,CASH_OUT,171788.82,171788.82,0.0,19962.0,0.0,1,0
35,TRANSFER,136983.26,136983.26,0.0,0.0,0.0,1,0
35,CASH_OUT,136983.26,136983.26,0.0,0.0,136983.26,1,0
36,TRANSFER,209405.68,0.0,0.0,264438.87,473844.56,0,0
36,CASH_OUT,289324.05,10624.0,0.0,575857.84,865181.88,0,0
36,PAYMENT,4451.44,42793.0,38341.56,0.0,0.0,0,0
36,CASH_OUT,343390.14,21345.0,0.0,0.0,270679.15,0,0
36,PAYMENT,28372.91,9524.0,0.0,0.0,0.0,0,0
36,PAYMENT,6715.47,0.0,0.0,0.0,0.0,0,0
36,PAYMENT,6506.21,24114.0,17607.79,0.0,0.0,0,0
36,PAYMENT,5448.75,48205.62,42756.87,0.0,0.0,0,0
36,CASH_OUT,8340.65,0.0,0.0,473844.56,482185.21,0,0
36,CASH_OUT,396556.25,2380.0,0.0,0.0,396556.25,0,0
36,CASH_OUT,127507.08,0.0,0.0,817741.41,945248.49,0,0
36,CASH_OUT,146025.72,99396.0,0.0,154885.79,300911.51,0,0
36,PAYMENT,7282.36,260.0,0.0,0.0,0.0,0,0
36,TRANSFER,104792.08,0.0,0.0,248586.0,28031.62,0,0
36,PAYMENT,15346.74,0.0,0.0,0.0,0.0,0,0
36,PAYMENT,5986.72,0.0,0.0,0.0,0.0,0,0
36,CASH_OUT,7684.04,0.0,0.0,218723.35,226407.39,0,0
36,CASH_OUT,12072.21,9978.0,0.0,209724.53,221796.73,0,0
36,CASH_OUT,172238.29,0.0,0.0,285534.82,457773.12,0,0
36,CASH_IN,28598.35,21615.0,50213.35,0.0,0.0,0,0
36,CASH_OUT,25018.47,0.0,0.0,29834.0,17771.26,0,0
36,PAYMENT,3091.86,14949.78,11857.92,0.0,0.0,0,0
36,PAYMENT,14469.5,0.0,0.0,0.0,0.0,0,0
36,CASH_OUT,180306.71,0.0,0.0,899877.85,1080184.56,0,0
36,TRANSFER,114702.84,0.0,0.0,787432.1,902134.94,0,0
36,CASH_OUT,199034.06,0.0,0.0,647839.73,846873.79,0,0
36,CASH_OUT,77082.8,42176.0,0.0,0.0,77082.8,0,0
36,CASH_OUT,4839.03,40157.0,35317.97,0.0,4839.03,0,0
36,CASH_OUT,63149.69,0.0,0.0,793628.22,856777.92,0,0
36,CASH_OUT,111786.58,40538.0,0.0,204411.99,172489.01,0,0
36,CASH_OUT,10948.57,0.0,0.0,178966.32,189914.88,0,0
36,CASH_OUT,353056.08,0.0,0.0,476991.24,830047.31,0,0
36,CASH_OUT,30914.66,18352.0,0.0,514596.16,545510.82,0,0
36,PAYMENT,19042.66,865.0,0.0,0.0,0.0,0,0
36,CASH_OUT,265698.45,30736.0,0.0,0.0,265698.45,0,0
36,CASH_OUT,96636.34,30060.0,0.0,1123763.2,1220399.53,0,0
36,CASH_OUT,40552.01,0.0,0.0,467727.03,508279.04,0,0
36,PAYMENT,2673.6,0.0,0.0,0.0,0.0,0,0
36,PAYMENT,37416.01,0.0,0.0,0.0,0.0,0,0
36,CASH_OUT,12802.71,11545.15,0.0,0.0,12802.71,0,0
36,PAYMENT,372.16,0.0,0.0,0.0,0.0,0,0
36,CASH_OUT,44952.61,0.0,0.0,148227.35,193179.96,0,0
36,CASH_OUT,39373.07,0.0,0.0,66134.84,105507.91,0,0
36,PAYMENT,13808.62,0.0,0.0,0.0,0.0,0,0
36,CASH_OUT,182082.37,0.0,0.0,461092.03,643174.4,0,0
36,PAYMENT,1448.25,0.0,0.0,0.0,0.0,0,0
36,PAYMENT,37123.54,0.0,0.0,0.0,0.0,0,0
36,PAYMENT,6179.24,0.0,0.0,0.0,0.0,0,0
36,PAYMENT,3147.25,0.0,0.0,0.0,0.0,0,0
36,PAYMENT,11185.4,33004.0,21818.6,0.0,0.0,0,0
36,PAYMENT,390.52,0.0,0.0,0.0,0.0,0,0
36,CASH_OUT,229156.41,0.0,0.0,543388.94,1073473.09,0,0
36,PAYMENT,28591.87,0.0,0.0,0.0,0.0,0,0
36,PAYMENT,4115.35,30620.0,26504.65,0.0,0.0,0,0
36,CASH_OUT,325373.77,101084.37,0.0,329935.41,529672.44,0,0
36,PAYMENT,2096.14,30422.0,28325.86,0.0,0.0,0,0
36,CASH_IN,35025.52,278.0,35303.52,0.0,0.0,0,0
36,CASH_OUT,226588.8,0.0,0.0,679871.28,906460.08,0,0
36,PAYMENT,17354.54,0.0,0.0,0.0,0.0,0,0
36,PAYMENT,22645.15,0.0,0.0,0.0,0.0,0,0
36,PAYMENT,14084.92,19599.0,5514.08,0.0,0.0,0,0
36,CASH_OUT,165466.8,110603.0,0.0,343879.27,509346.07,0,0
36,CASH_OUT,201807.37,0.0,0.0,788086.88,989894.25,0,0
36,PAYMENT,5717.1,115.0,0.0,0.0,0.0,0,0
36,PAYMENT,2652.3,0.0,0.0,0.0,0.0,0,0
36,CASH_OUT,284187.67,0.0,0.0,730223.39,1173579.8,0,0
36,CASH_OUT,211245.35,62128.0,0.0,538827.07,750072.43,0,0
36,PAYMENT,3397.94,0.0,0.0,0.0,0.0,0,0
36,PAYMENT,8387.45,29136.0,20748.55,0.0,0.0,0,0
36,CASH_OUT,119848.66,23099.0,0.0,209934.07,452937.08,0,0
36,PAYMENT,49004.96,16978.15,0.0,0.0,0.0,0,0
36,PAYMENT,10921.76,0.0,0.0,0.0,0.0,0,0
36,CASH_OUT,230951.46,4156.0,0.0,0.0,230951.46,0,0
36,TRANSFER,225608.01,111764.0,0.0,390614.02,616222.03,0,0
36,PAYMENT,13978.17,49481.0,35502.83,0.0,0.0,0,0
36,PAYMENT,1889.29,0.0,0.0,0.0,0.0,0,0
36,PAYMENT,22740.96,42420.0,19679.04,0.0,0.0,0,0
36,CASH_OUT,134507.05,0.0,0.0,417976.05,552483.11,0,0
36,CASH_OUT,20316.04,0.0,0.0,199078.53,219394.57,0,0
36,PAYMENT,18568.7,7249.0,0.0,0.0,0.0,0,0
36,CASH_OUT,144267.22,49822.0,0.0,0.0,144267.22,0,0
36,TRANSFER,401357.01,0.0,0.0,864100.87,1265457.88,0,0
36,CASH_OUT,62577.61,0.0,0.0,142667.23,52164.18,0,0
36,TRANSFER,239302.78,21879.15,0.0,507133.66,746436.44,0,0
36,CASH_OUT,83959.49,17719.0,0.0,0.0,83959.49,0,0
36,CASH_OUT,457584.07,4612.0,0.0,104869.18,562453.25,0,0
36,CASH_OUT,309272.17,10907.0,0.0,722820.77,1032092.93,0,0
36,PAYMENT,57652.78,68180.0,10527.22,0.0,0.0,0,0
36,PAYMENT,4443.4,464.0,0.0,0.0,0.0,0,0
36,TRANSFER,286727.7,0.0,0.0,430266.78,716994.47,0,0
36,TRANSFER,113338.99,113338.99,0.0,0.0,0.0,1,0
36,TRANSFER,636.0,636.0,0.0,0.0,0.0,1,0
36,CASH_OUT,636.0,636.0,0.0,0.0,636.0,1,0
36,TRANSFER,32382.96,32382.96,0.0,0.0,0.0,1,0
36,CASH_OUT,32382.96,32382.96,0.0,0.0,32382.96,1,0
36,TRANSFER,103056.0,103056.0,0.0,0.0,0.0,1,0
36,CASH_OUT,103056.0,103056.0,0.0,444182.13,547238.13,1,0
36,CASH_OUT,234377.29,0.0,0.0,34937.86,269315.15,1,0
37,CASH_OUT,39062.71,0.0,0.0,279418.67,188039.27,0,0
37,CASH_OUT,293231.45,46716.0,0.0,193385.51,486616.96,0,0
37,CASH_OUT,113257.51,0.0,0.0,417102.34,530359.85,0,0
37,CASH_OUT,81244.68,9619.0,0.0,0.0,81244.68,0,0
37,PAYMENT,5879.45,0.0,0.0,0.0,0.0,0,0
37,CASH_OUT,347500.55,1361.0,0.0,0.0,347500.55,0,0
37,CASH_OUT,50506.79,20510.0,0.0,0.0,50506.79,0,0
37,PAYMENT,6075.17,0.0,0.0,0.0,0.0,0,0
37,CASH_OUT,28356.85,0.0,0.0,33557.28,61914.13,0,0
37,PAYMENT,7595.96,0.0,0.0,0.0,0.0,0,0
37,CASH_OUT,24983.91,31351.0,6367.09,3877.73,85882.37,0,0
37,PAYMENT,30333.54,48801.0,18467.46,0.0,0.0,0,0
37,PAYMENT,8131.54,0.0,0.0,0.0,0.0,0,0
37,PAYMENT,813.88,0.0,0.0,0.0,0.0,0,0
37,PAYMENT,8272.29,0.0,0.0,0.0,0.0,0,0
37,PAYMENT,1376.68,0.0,0.0,0.0,0.0,0,0
37,CASH_OUT,189232.44,20982.0,0.0,0.0,189232.44,0,0
37,CASH_OUT,118105.8,0.0,0.0,133789.7,251895.5,0,0
37,CASH_OUT,333183.37,65917.0,0.0,4189.68,337373.05,0,0
37,PAYMENT,44770.84,5396.0,0.0,0.0,0.0,0,0
37,CASH_OUT,9931.67,0.0,0.0,308278.0,318209.67,0,0
37,PAYMENT,7198.17,55659.0,48460.83,0.0,0.0,0,0
37,PAYMENT,12812.16,0.0,0.0,0.0,0.0,0,0
37,PAYMENT,39767.76,531.0,0.0,0.0,0.0,0,0
37,PAYMENT,39301.0,522.0,0.0,0.0,0.0,0,0
37,PAYMENT,49568.87,71135.0,21566.13,0.0,0.0,0,0
37,CASH_OUT,455985.87,30805.0,0.0,0.0,455985.87,0,0
37,PAYMENT,13832.27,0.0,0.0,0.0,0.0,0,0
37,PAYMENT,7478.67,15537.0,8058.33,0.0,0.0,0,0
37,PAYMENT,2352.62,0.0,0.0,0.0,0.0,0,0
37,TRANSFER,7863.04,0.0,0.0,171728.77,179591.81,0,0
37,CASH_OUT,150626.89,0.0,0.0,281734.51,432361.4,0,0
37,CASH_OUT,173549.69,0.0,0.0,357823.42,531373.11,0,0
37,CASH_OUT,241904.26,81047.0,0.0,406126.33,648030.59,0,0
37,TRANSFER,359667.28,0.0,0.0,527870.45,887537.72,0,0
37,CASH_OUT,8286.77,0.0,0.0,234345.15,242631.92,0,0
37,PAYMENT,6358.01,0.0,0.0,0.0,0.0,0,0
37,PAYMENT,13380.74,13570.08,189.34,0.0,0.0,0,0
37,PAYMENT,8914.79,32303.0,23388.21,0.0,0.0,0,0
37,CASH_OUT,242738.15,42582.0,0.0,0.0,242738.15,0,0
37,CASH_OUT,12211.72,0.0,0.0,998097.18,1010308.9,0,0
37,PAYMENT,2362.31,0.0,0.0,0.0,0.0,0,0
37,TRANSFER,444210.02,0.0,0.0,564554.14,1008764.16,0,0
37,CASH_OUT,75727.26,0.0,0.0,85487.82,161215.08,0,0
37,PAYMENT,13051.07,26420.0,13368.93,0.0,0.0,0,0
37,CASH_OUT,7647.47,633.0,0.0,362399.39,370046.87,0,0
37,PAYMENT,12799.06,0.0,0.0,0.0,0.0,0,0
37,PAYMENT,6447.3,56680.55,50233.25,0.0,0.0,0,0
37,PAYMENT,853.94,0.0,0.0,0.0,0.0,0,0
37,CASH_OUT,290666.74,79903.0,0.0,54882.0,40176.78,0,0
37,CASH_OUT,350679.17,144765.0,0.0,0.0,166578.72,0,0
37,PAYMENT,43424.91,1102.0,0.0,0.0,0.0,0,0
37,CASH_OUT,192578.35,208316.0,15737.65,241121.62,433699.97,0,0
37,CASH_OUT,233572.63,0.0,0.0,282943.62,723556.18,0,0
37,PAYMENT,5588.16,60683.52,55095.36,0.0,0.0,0,0
37,PAYMENT,711.36,154.0,0.0,0.0,0.0,0,0
37,TRANSFER,220041.98,9322.0,0.0,274153.29,494195.27,0,0
37,PAYMENT,6470.99,0.0,0.0,0.0,0.0,0,0
37,PAYMENT,9084.78,0.0,0.0,0.0,0.0,0,0
37,CASH_OUT,184924.89,33757.15,0.0,930465.33,1115390.22,0,0
37,PAYMENT,8368.18,0.0,0.0,0.0,0.0,0,0
37,PAYMENT,13100.59,0.0,0.0,0.0,0.0,0,0
37,CASH_OUT,17205.95,11693.0,0.0,94683.07,111889.03,0,0
37,PAYMENT,2806.39,0.0,0.0,0.0,0.0,0,0
37,CASH_OUT,235802.28,0.0,0.0,626729.15,862531.44,0,0
37,PAYMENT,6487.9,39932.0,33444.1,0.0,0.0,0,0
37,CASH_OUT,72472.86,0.0,0.0,304557.77,377030.63,0,0
37,CASH_OUT,188781.97,32250.0,0.0,87962.73,276744.7,0,0
37,CASH_OUT,295236.72,40181.0,0.0,0.0,295236.72,0,0
37,PAYMENT,24608.03,15627.0,0.0,0.0,0.0,0,0
37,PAYMENT,2702.17,0.0,0.0,0.0,0.0,0,0
37,PAYMENT,21774.34,20954.0,0.0,0.0,0.0,0,0
37,CASH_OUT,26995.2,51666.0,24670.8,506562.25,533557.45,0,0
37,CASH_OUT,233458.02,0.0,0.0,258391.39,491849.42,0,0
37,CASH_OUT,91835.1,66.0,0.0,37402.25,129237.35,0,0
37,CASH_OUT,345931.03,25095.0,0.0,0.0,345931.03,0,0
37,PAYMENT,14815.08,0.0,0.0,0.0,0.0,0,0
37,TRANSFER,63507.13,0.0,0.0,385726.25,449233.38,0,0
37,PAYMENT,35919.71,2288.0,0.0,0.0,0.0,0,0
37,PAYMENT,4571.29,0.0,0.0,0.0,0.0,0,0
37,PAYMENT,20454.8,0.0,0.0,0.0,0.0,0,0
37,PAYMENT,13036.78,0.0,0.0,0.0,0.0,0,0
37,PAYMENT,26445.97,216.0,0.0,0.0,0.0,0,0
37,CASH_OUT,272523.57,11264.0,0.0,0.0,272523.57,0,0
37,PAYMENT,12329.91,0.0,0.0,0.0,0.0,0,0
37,PAYMENT,8855.14,24169.7,15314.56,0.0,0.0,0,0
37,CASH_OUT,25551.94,0.0,0.0,516226.51,541778.45,0,0
37,PAYMENT,14243.58,20572.0,6328.42,0.0,0.0,0,0
37,PAYMENT,11563.48,16193.0,4629.52,0.0,0.0,0,0
37,PAYMENT,236.61,0.0,0.0,0.0,0.0,0,0
37,CASH_OUT,200135.81,31915.0,0.0,0.0,200135.81,0,0
37,TRANSFER,1842.0,1842.0,0.0,0.0,0.0,1,0
37,CASH_OUT,1842.0,1842.0,0.0,0.0,1842.0,1,0
37,TRANSFER,180967.56,180967.56,0.0,0.0,0.0,1,0
37,CASH_OUT,180967.56,180967.56,0.0,95280.53,276248.1,1,0
37,TRANSFER,93083.27,93083.27,0.0,0.0,0.0,1,0
37,TRANSFER,128133.0,128133.0,0.0,0.0,0.0,1,0
37,CASH_OUT,128133.0,128133.0,0.0,160395.62,288528.62,1,0
37,CASH_OUT,112486.46,0.0,0.0,257274.47,369760.93,1,0
38,PAYMENT,41168.22,0.0,0.0,0.0,0.0,0,0
38,PAYMENT,1514.55,0.0,0.0,0.0,0.0,0,0
38,PAYMENT,6713.94,60178.59,53464.65,0.0,0.0,0,0
38,PAYMENT,12769.56,0.0,0.0,0.0,0.0,0,0
38,PAYMENT,11895.29,0.0,0.0,0.0,0.0,0,0
38,CASH_OUT,118818.33,0.0,0.0,221781.61,340599.94,0,0
38,PAYMENT,27914.06,12154.0,0.0,0.0,0.0,0,0
38,PAYMENT,8985.17,0.0,0.0,0.0,0.0,0,0
38,PAYMENT,9641.05,39778.0,30136.95,0.0,0.0,0,0
38,CASH_OUT,131404.02,0.0,0.0,163187.41,294591.43,0,0
38,CASH_OUT,193771.36,374.0,0.0,158406.89,352178.24,0,0
38,CASH_OUT,345346.63,26291.0,0.0,118243.87,463590.5,0,0
38,CASH_OUT,280391.65,153071.0,0.0,505972.67,786364.32,0,0
38,PAYMENT,7703.78,0.0,0.0,0.0,0.0,0,0
38,CASH_OUT,490625.29,5114.0,0.0,92343.25,582968.53,0,0
38,PAYMENT,3894.5,25479.0,21584.5,0.0,0.0,0,0
38,PAYMENT,8556.59,0.0,0.0,0.0,0.0,0,0
38,CASH_OUT,12615.59,0.0,0.0,776843.77,789459.36,0,0
38,CASH_OUT,148770.31,24676.0,0.0,508861.92,657632.23,0,0
38,PAYMENT,5926.42,0.0,0.0,0.0,0.0,0,0
38,CASH_OUT,270287.29,20968.0,0.0,0.0,270287.29,0,0
38,PAYMENT,21221.31,69612.0,48390.69,0.0,0.0,0,0
38,CASH_OUT,61557.05,100608.0,39050.95,0.0,61557.05,0,0
38,CASH_OUT,180252.31,0.0,0.0,208027.41,388279.72,0,0
38,CASH_OUT,476983.94,3720.0,0.0,0.0,476983.94,0,0
38,CASH_OUT,385723.52,29260.0,0.0,0.0,385723.52,0,0
38,PAYMENT,15203.16,7133.0,0.0,0.0,0.0,0,0
38,PAYMENT,15496.68,10802.0,0.0,0.0,0.0,0,0
38,CASH_OUT,38521.18,0.0,0.0,88322.54,126843.72,0,0
38,CASH_OUT,263667.69,492.0,0.0,0.0,489242.59,0,0
38,PAYMENT,2592.98,60076.0,57483.02,0.0,0.0,0,0
38,CASH_OUT,58378.46,0.0,0.0,471853.93,530232.39,0,0
38,PAYMENT,5199.61,0.0,0.0,0.0,0.0,0,0
38,PAYMENT,36158.24,130.0,0.0,0.0,0.0,0,0
38,PAYMENT,10174.79,0.0,0.0,0.0,0.0,0,0
38,CASH_OUT,286472.73,52856.0,0.0,0.0,286472.73,0,0
38,TRANSFER,128122.02,10999.0,0.0,32587.79,160709.81,0,0
38,PAYMENT,17476.71,0.0,0.0,0.0,0.0,0,0
38,CASH_OUT,128891.0,20671.0,0.0,0.0,128891.0,0,0
38,PAYMENT,30127.83,0.0,0.0,0.0,0.0,0,0
38,PAYMENT,14976.63,29428.01,14451.39,0.0,0.0,0,0
38,CASH_OUT,53948.16,0.0,0.0,293604.54,347552.7,0,0
38,PAYMENT,13444.46,19946.0,6501.54,0.0,0.0,0,0
38,PAYMENT,13324.47,0.0,0.0,0.0,0.0,0,0
38,CASH_OUT,301461.07,0.0,0.0,454276.73,755737.8,0,0
38,CASH_OUT,394846.85,21525.0,0.0,0.0,394846.85,0,0
38,CASH_OUT,133093.31,33834.0,0.0,198216.31,331309.62,0,0
38,CASH_OUT,14350.6,30461.0,16110.4,0.0,14350.6,0,0
38,PAYMENT,4641.12,0.0,0.0,0.0,0.0,0,0
38,PAYMENT,1747.65,0.0,0.0,0.0,0.0,0,0
38,CASH_OUT,470864.09,0.0,0.0,519478.8,990342.9,0,0
38,CASH_OUT,133972.2,105.0,0.0,0.0,133972.2,0,0
38,PAYMENT,8888.94,0.0,0.0,0.0,0.0,0,0
38,DEBIT,10075.94,5855.0,0.0,23594.34,33670.28,0,0
38,CASH_OUT,140907.33,0.0,0.0,1060666.67,1201574.0,0,0
38,CASH_OUT,221658.14,0.0,0.0,504589.21,726247.34,0,0
38,CASH_OUT,302924.76,7361.0,0.0,63663.6,192345.78,0,0
38,CASH_OUT,120940.16,39975.0,0.0,0.0,120940.16,0,0
38,CASH_OUT,316265.86,38775.0,0.0,570648.92,886914.77,0,0
38,CASH_OUT,108063.3,0.0,0.0,265496.2,373559.51,0,0
38,CASH_OUT,289965.16,5650.0,0.0,217538.27,507503.43,0,0
38,PAYMENT,5757.15,52584.42,46827.27,0.0,0.0,0,0
38,PAYMENT,13187.94,30606.0,17418.06,0.0,0.0,0,0
38,CASH_OUT,231263.5,8908.59,0.0,965732.23,702366.94,0,0
38,CASH_OUT,222434.67,0.0,0.0,245415.08,467849.75,0,0
38,CASH_OUT,177440.74,0.0,0.0,686335.04,863775.77,0,0
38,PAYMENT,9896.79,0.0,0.0,0.0,0.0,0,0
38,PAYMENT,10789.15,0.0,0.0,0.0,0.0,0,0
38,PAYMENT,3036.8,29806.28,26769.48,0.0,0.0,0,0
38,PAYMENT,14658.59,50366.0,35707.41,0.0,0.0,0,0
38,PAYMENT,2278.31,0.0,0.0,0.0,0.0,0,0
38,PAYMENT,5142.42,764.0,0.0,0.0,0.0,0,0
38,CASH_OUT,101321.47,115487.0,14165.53,0.0,101321.47,0,0
38,PAYMENT,20696.97,0.0,0.0,0.0,0.0,0,0
38,PAYMENT,18204.11,10925.0,0.0,0.0,0.0,0,0
38,PAYMENT,3812.05,0.0,0.0,0.0,0.0,0,0
38,CASH_OUT,28306.21,0.0,0.0,178293.76,206599.97,0,0
38,CASH_IN,5608.26,37307.0,42915.26,50635.58,45027.32,0,0
38,CASH_OUT,95897.51,115.0,0.0,648269.01,744166.52,0,0
38,CASH_OUT,158831.6,0.0,0.0,691069.75,849901.35,0,0
38,CASH_OUT,120976.41,170.0,0.0,25129.0,0.0,0,0
38,CASH_OUT,126789.45,100306.0,0.0,16082.21,142871.66,0,0
38,CASH_OUT,113594.85,52419.0,0.0,0.0,113594.85,0,0
38,PAYMENT,4961.14,26651.0,21689.86,0.0,0.0,0,0
38,CASH_OUT,344837.73,0.0,0.0,662465.36,1007303.09,0,0
38,TRANSFER,90204.54,90204.54,0.0,0.0,0.0,1,0
38,CASH_OUT,90204.54,90204.54,0.0,0.0,90204.54,1,0
38,TRANSFER,21367.0,21367.0,0.0,0.0,0.0,1,0
38,CASH_OUT,21367.0,21367.0,0.0,898934.02,920301.02,1,0
38,TRANSFER,2395.29,2395.29,0.0,0.0,0.0,1,0
38,CASH_OUT,2395.29,2395.29,0.0,276538.59,470937.03,1,0
38,TRANSFER,3372.0,3372.0,0.0,0.0,0.0,1,0
38,CASH_OUT,3372.0,3372.0,0.0,456659.44,460031.44,1,0
38,CASH_OUT,407005.78,0.0,0.0,0.0,407005.78,1,0
39,CASH_OUT,147083.26,14317.0,0.0,682304.79,829388.05,0,0
39,CASH_OUT,182280.58,0.0,0.0,691126.62,873407.2,0,0
39,CASH_OUT,108065.33,0.0,0.0,672732.62,780797.95,0,0
39,PAYMENT,32297.4,22722.79,0.0,0.0,0.0,0,0
39,CASH_OUT,86819.58,5043.0,0.0,219926.65,306746.23,0,0
39,PAYMENT,10597.14,0.0,0.0,0.0,0.0,0,0
39,CASH_OUT,408193.21,29872.0,0.0,277587.72,685780.94,0,0
39,CASH_OUT,58878.14,0.0,0.0,172957.0,219175.49,0,0
39,CASH_OUT,156614.94,41474.0,0.0,0.0,156614.94,0,0
39,PAYMENT,7870.79,0.0,0.0,0.0,0.0,0,0
39,PAYMENT,20129.45,74.0,0.0,0.0,0.0,0,0
39,TRANSFER,276995.93,99788.0,0.0,212269.29,489265.23,0,0
39,CASH_OUT,216451.33,110268.0,0.0,240941.33,457392.66,0,0
39,PAYMENT,7595.05,0.0,0.0,0.0,0.0,0,0
39,CASH_OUT,107835.86,183.0,0.0,0.0,107835.86,0,0
39,PAYMENT,760.66,0.0,0.0,0.0,0.0,0,0
39,CASH_OUT,261446.5,50029.0,0.0,2045.0,263491.5,0,0
39,CASH_OUT,6274.75,45313.0,39038.25,576772.95,76257.22,0,0
39,CASH_OUT,61013.74,0.0,0.0,108205.2,169218.94,0,0
39,CASH_OUT,214288.59,0.0,0.0,697645.31,911933.89,0,0
39,CASH_OUT,64857.24,0.0,0.0,84819.16,149676.4,0,0
39,CASH_OUT,135158.2,0.0,0.0,838370.62,973528.82,0,0
39,TRANSFER,477532.59,39598.0,0.0,0.0,308031.22,0,0
39,CASH_OUT,97471.4,0.0,0.0,458661.16,556132.55,0,0
39,PAYMENT,27273.48,11325.74,0.0,0.0,0.0,0,0
39,PAYMENT,268.45,51305.23,51036.78,0.0,0.0,0,0
39,CASH_OUT,71821.46,20129.0,0.0,0.0,71821.46,0,0
39,PAYMENT,22306.39,4065.7,0.0,0.0,0.0,0,0
39,CASH_OUT,191990.97,0.0,0.0,916414.23,1108405.2,0,0
39,CASH_OUT,286561.53,638.0,0.0,217388.71,503950.23,0,0
39,PAYMENT,19351.75,10162.0,0.0,0.0,0.0,0,0
39,PAYMENT,8847.04,0.0,0.0,0.0,0.0,0,0
39,PAYMENT,1442.18,0.0,0.0,0.0,0.0,0,0
39,PAYMENT,6244.7,0.0,0.0,0.0,0.0,0,0
39,PAYMENT,9524.31,0.0,0.0,0.0,0.0,0,0
39,PAYMENT,15801.04,0.0,0.0,0.0,0.0,0,0
39,CASH_OUT,60803.74,100814.0,40010.26,0.0,60803.74,0,0
39,PAYMENT,3983.98,46696.05,42712.07,0.0,0.0,0,0
39,PAYMENT,604.97,0.0,0.0,0.0,0.0,0,0
39,PAYMENT,4421.58,20245.0,15823.42,0.0,0.0,0,0
39,CASH_OUT,457285.49,67445.0,0.0,411759.24,869044.73,0,0
39,CASH_OUT,30292.68,73032.0,42739.32,471345.85,501638.53,0,0
39,PAYMENT,10483.67,70652.0,60168.33,0.0,0.0,0,0
39,CASH_OUT,101663.73,0.0,0.0,334818.63,436482.36,0,0
39,CASH_OUT,162845.88,20416.0,0.0,938780.62,1101626.5,0,0
39,PAYMENT,13352.11,21162.0,7809.89,0.0,0.0,0,0
39,CASH_OUT,88783.55,51843.0,0.0,10168.0,251430.03,0,0
39,PAYMENT,5218.85,37738.0,32519.15,0.0,0.0,0,0
39,CASH_OUT,407013.64,28899.98,0.0,199641.41,606655.06,0,0
39,CASH_OUT,1800.97,316.0,0.0,315065.71,316866.67,0,0
39,CASH_OUT,261998.43,10915.0,0.0,53627.55,145801.86,0,0
39,PAYMENT,7191.43,0.0,0.0,0.0,0.0,0,0
39,PAYMENT,5219.63,0.0,0.0,0.0,0.0,0,0
39,CASH_OUT,100253.56,0.0,0.0,147957.77,248211.32,0,0
39,CASH_OUT,7188.32,500.0,0.0,42500.21,49688.53,0,0
39,CASH_OUT,127329.54,3086.0,0.0,400077.92,527407.46,0,0
39,PAYMENT,2358.79,0.0,0.0,0.0,0.0,0,0
39,CASH_OUT,119118.33,0.0,0.0,429151.65,548269.98,0,0
39,CASH_OUT,154542.36,51067.0,0.0,0.0,154542.36,0,0
39,CASH_OUT,114196.24,15233.0,0.0,0.0,114196.24,0,0
39,PAYMENT,4639.88,655.0,0.0,0.0,0.0,0,0
39,PAYMENT,8147.0,0.0,0.0,0.0,0.0,0,0
39,PAYMENT,862.35,0.0,0.0,0.0,0.0,0,0
39,PAYMENT,8741.9,0.0,0.0,0.0,0.0,0,0
39,TRANSFER,238717.5,238717.5,0.0,0.0,0.0,1,0
39,CASH_OUT,238717.5,238717.5,0.0,601511.4,671690.05,1,0
39,TRANSFER,18887.0,18887.0,0.0,0.0,0.0,1,0
39,CASH_OUT,18887.0,18887.0,0.0,131489.74,150376.74,1,0
39,TRANSFER,39013.3,39013.3,0.0,0.0,0.0,1,0
39,CASH_OUT,39013.3,39013.3,0.0,924162.55,1089489.11,1,0
39,TRANSFER,152042.16,152042.16,0.0,0.0,0.0,1,0
39,CASH_OUT,152042.16,152042.16,0.0,710428.02,862470.18,1,0
40,PAYMENT,4113.38,0.0,0.0,0.0,0.0,0,0
40,CASH_OUT,9556.41,0.0,0.0,847927.19,857483.6,0,0
40,CASH_OUT,322678.72,217.0,0.0,60314.51,382993.23,0,0
40,CASH_OUT,56158.49,0.0,0.0,1146932.02,1203090.51,0,0
40,PAYMENT,4664.31,0.0,0.0,0.0,0.0,0,0
40,CASH_OUT,89727.78,0.0,0.0,564253.03,653980.81,0,0
40,CASH_OUT,287745.85,0.0,0.0,449813.78,801258.22,0,0
40,CASH_OUT,301052.34,2723.0,0.0,147043.34,670990.43,0,0
40,PAYMENT,2744.82,43261.0,40516.18,0.0,0.0,0,0
40,PAYMENT,26387.68,11274.0,0.0,0.0,0.0,0,0
40,CASH_OUT,29271.4,0.0,0.0,326780.8,356052.2,0,0
40,PAYMENT,7281.0,0.0,0.0,0.0,0.0,0,0
40,PAYMENT,10624.75,49666.0,39041.25,0.0,0.0,0,0
40,CASH_OUT,140089.9,155915.61,15825.7,256958.89,484326.43,0,0
40,PAYMENT,6110.83,30456.0,24345.17,0.0,0.0,0,0
40,PAYMENT,9000.7,28358.0,19357.3,0.0,0.0,0,0
40,CASH_OUT,67761.19,0.0,0.0,315290.02,383051.2,0,0
40,CASH_OUT,45662.25,31676.0,0.0,157727.94,0.0,0,0
40,PAYMENT,16082.51,0.0,0.0,0.0,0.0,0,0
40,PAYMENT,1248.8,57912.0,56663.2,0.0,0.0,0,0
40,PAYMENT,4762.77,0.0,0.0,0.0,0.0,0,0
40,CASH_OUT,147650.65,52785.0,0.0,345818.18,493468.83,0,0
40,CASH_OUT,264115.48,0.0,0.0,325676.27,589791.75,0,0
40,PAYMENT,1983.24,14272.25,12289.01,0.0,0.0,0,0
40,TRANSFER,341285.67,25425.0,0.0,25029.59,366315.27,0,0
40,CASH_OUT,145441.5,0.0,0.0,222648.6,368090.09,0,0
40,CASH_OUT,117094.09,45582.0,0.0,672776.05,789870.15,0,0
40,CASH_OUT,194925.4,175710.73,0.0,335769.28,530694.68,0,0
40,CASH_OUT,150668.86,19692.0,0.0,62109.15,212778.01,0,0
40,PAYMENT,238.62,0.0,0.0,0.0,0.0,0,0
40,TRANSFER,176945.96,0.0,0.0,479267.91,656213.87,0,0
40,TRANSFER,390038.74,12714.0,0.0,116751.38,506790.12,0,0
40,CASH_OUT,23735.75,40026.0,16290.25,128694.73,152430.48,0,0
40,TRANSFER,122768.56,0.0,0.0,525059.96,793286.61,0,0
40,CASH_OUT,65054.06,0.0,0.0,529563.62,693682.84,0,0
40,DEBIT,595.0,10022.0,9427.0,1049995.3,1050590.3,0,0
40,CASH_OUT,10504.99,0.0,0.0,255616.42,266121.41,0,0
40,CASH_OUT,109340.53,48503.0,0.0,404272.55,513613.08,0,0
40,PAYMENT,1798.07,0.0,0.0,0.0,0.0,0,0
40,PAYMENT,7931.09,5035.0,0.0,0.0,0.0,0,0
40,PAYMENT,15827.63,0.0,0.0,0.0,0.0,0,0
40,PAYMENT,156.48,50172.0,50015.52,0.0,0.0,0,0
40,PAYMENT,39998.49,42322.0,2323.51,0.0,0.0,0,0
40,PAYMENT,13365.77,23896.16,10530.39,0.0,0.0,0,0
40,PAYMENT,1562.86,7000.0,5437.14,0.0,0.0,0,0
40,PAYMENT,998.86,15822.83,14823.97,0.0,0.0,0,0
40,TRANSFER,247706.76,550.0,0.0,0.0,247706.76,0,0
40,CASH_OUT,287101.55,98801.0,0.0,220941.95,733359.52,0,0
40,CASH_OUT,139793.71,0.0,0.0,779307.6,919101.32,0,0
40,CASH_OUT,1600.06,0.0,0.0,9037.81,10637.87,0,0
40,PAYMENT,17.1,0.0,0.0,0.0,0.0,0,0
40,PAYMENT,6941.76,0.0,0.0,0.0,0.0,0,0
40,CASH_OUT,316950.51,0.0,0.0,690294.34,1139222.27,0,0
40,PAYMENT,4402.72,0.0,0.0,0.0,0.0,0,0
40,CASH_OUT,182907.01,20070.0,0.0,0.0,182907.01,0,0
40,CASH_OUT,176861.4,35211.0,0.0,0.0,176861.4,0,0
40,PAYMENT,20089.0,0.0,0.0,0.0,0.0,0,0
40,CASH_OUT,125689.1,0.0,0.0,301855.73,851630.15,0,0
40,CASH_OUT,361148.2,101048.0,0.0,855889.71,1217037.9,0,0
40,PAYMENT,14361.79,0.0,0.0,0.0,0.0,0,0
40,TRANSFER,84679.62,0.0,0.0,787678.67,872358.29,0,0
40,PAYMENT,15405.7,0.0,0.0,0.0,0.0,0,0
40,PAYMENT,34639.92,49690.0,15050.08,0.0,0.0,0,0
40,CASH_OUT,138678.59,50721.0,0.0,0.0,138678.59,0,0
40,CASH_OUT,215941.87,27069.0,0.0,0.0,215941.87,0,0
40,PAYMENT,21057.74,0.0,0.0,0.0,0.0,0,0
40,CASH_OUT,33886.42,0.0,0.0,1145160.64,1179047.06,0,0
40,CASH_IN,807.25,17924.0,18731.25,89972.39,89165.14,0,0
40,CASH_OUT,209337.2,15000.0,0.0,0.0,209337.2,0,0
40,PAYMENT,11118.69,16515.67,5396.98,0.0,0.0,0,0
40,CASH_OUT,157266.8,28014.0,0.0,730199.7,887466.5,0,0
40,TRANSFER,155262.73,90013.0,0.0,224309.38,379572.1,0,0
40,PAYMENT,18007.27,0.0,0.0,0.0,0.0,0,0
40,PAYMENT,7212.86,55989.0,48776.14,0.0,0.0,0,0
40,PAYMENT,9065.37,0.0,0.0,0.0,0.0,0,0
40,PAYMENT,6612.22,0.0,0.0,0.0,0.0,0,0
40,PAYMENT,24053.61,28968.0,4914.39,0.0,0.0,0,0
40,PAYMENT,6366.07,0.0,0.0,0.0,0.0,0,0
40,CASH_OUT,24428.05,0.0,0.0,201766.0,226194.05,0,0
40,TRANSFER,26950.06,26950.06,0.0,0.0,0.0,1,0
40,CASH_OUT,26950.06,26950.06,0.0,255430.21,282380.27,1,0
40,TRANSFER,20314.97,20314.97,0.0,0.0,0.0,1,0
40,TRANSFER,7887.75,7887.75,0.0,0.0,0.0,1,0
40,CASH_OUT,7887.75,7887.75,0.0,0.0,7887.75,1,0
40,TRANSFER,31930.24,31930.24,0.0,0.0,0.0,1,0
40,CASH_OUT,31930.24,31930.24,0.0,113287.58,145217.82,1,0
40,TRANSFER,212613.29,212613.29,0.0,0.0,0.0,1,0
41,CASH_OUT,69830.57,12324.0,0.0,199210.67,269041.25,0,0
41,PAYMENT,12841.61,4866.03,0.0,0.0,0.0,0,0
41,CASH_OUT,379319.64,6098.0,0.0,0.0,379319.64,0,0
41,PAYMENT,281.85,0.0,0.0,0.0,0.0,0,0
41,PAYMENT,19094.37,0.0,0.0,0.0,0.0,0,0
41,PAYMENT,3537.19,0.0,0.0,0.0,0.0,0,0
41,CASH_OUT,75831.81,0.0,0.0,418052.18,493883.99,0,0
41,PAYMENT,186.19,11248.0,11061.81,0.0,0.0,0,0
41,CASH_OUT,222329.48,30629.0,0.0,0.0,222329.48,0,0
41,CASH_OUT,54282.2,51683.0,0.0,902013.12,956295.32,0,0
41,CASH_IN,15614.92,864.0,16478.92,16326.97,712.05,0,0
41,CASH_OUT,183572.82,0.0,0.0,643070.63,826643.46,0,0
41,PAYMENT,6769.45,32361.82,25592.36,0.0,0.0,0,0
41,CASH_OUT,199453.57,115565.0,0.0,121741.62,321195.19,0,0
41,CASH_OUT,37637.01,0.0,0.0,327810.61,365447.62,0,0
41,PAYMENT,13136.37,2073.0,0.0,0.0,0.0,0,0
41,CASH_OUT,7305.58,30567.0,23261.42,1214943.73,1222249.31,0,0
41,CASH_OUT,109457.06,38.0,0.0,207552.22,317009.28,0,0
41,CASH_OUT,342659.57,0.0,0.0,687877.65,1030537.22,0,0
41,CASH_OUT,295494.27,22364.0,0.0,181722.61,477216.88,0,0
41,CASH_OUT,196403.13,0.0,0.0,296862.98,493266.11,0,0
41,CASH_OUT,239951.78,72875.0,0.0,0.0,239951.78,0,0
41,CASH_OUT,205097.44,15446.0,0.0,376869.41,581966.85,0,0
41,PAYMENT,3722.72,29189.0,25466.28,0.0,0.0,0,0
41,CASH_OUT,167956.37,4318.0,0.0,174280.02,342236.4,0,0
41,CASH_OUT,75236.24,86481.0,11244.76,277237.99,352474.23,0,0
41,PAYMENT,9519.52,37412.0,27892.48,0.0,0.0,0,0
41,CASH_OUT,137863.1,25302.0,0.0,0.0,137863.1,0,0
41,CASH_OUT,44216.12,0.0,0.0,640580.04,684796.16,0,0
41,CASH_OUT,291751.52,0.0,0.0,482169.28,773920.8,0,0
41,TRANSFER,282994.28,20383.0,0.0,0.0,282994.28,0,0
41,CASH_OUT,146901.79,0.0,0.0,315168.94,462070.74,0,0
41,PAYMENT,2457.91,0.0,0.0,0.0,0.0,0,0
41,CASH_OUT,131300.5,0.0,0.0,346542.45,477842.95,0,0
41,TRANSFER,256953.54,20416.0,0.0,1191.38,258144.92,0,0
41,PAYMENT,2907.25,0.0,0.0,0.0,0.0,0,0
41,PAYMENT,12441.54,11438.0,0.0,0.0,0.0,0,0
41,PAYMENT,21414.72,0.0,0.0,0.0,0.0,0,0
41,PAYMENT,18377.2,0.0,0.0,0.0,0.0,0,0
41,CASH_OUT,264917.37,110678.0,0.0,453394.59,718311.96,0,0
41,CASH_OUT,182908.46,0.0,0.0,782875.04,965783.5,0,0
41,CASH_OUT,201132.61,11729.0,0.0,0.0,201132.61,0,0
41,PAYMENT,26267.42,0.0,0.0,0.0,0.0,0,0
41,CASH_OUT,55998.17,0.0,0.0,103527.78,159525.96,0,0
41,PAYMENT,3885.19,0.0,0.0,0.0,0.0,0,0
41,PAYMENT,3948.04,848.0,0.0,0.0,0.0,0,0
41,CASH_OUT,95544.67,362.0,0.0,361716.34,457261.01,0,0
41,PAYMENT,12668.77,0.0,0.0,0.0,0.0,0,0
41,PAYMENT,5128.31,23295.0,18166.69,0.0,0.0,0,0
41,PAYMENT,1124.02,1251.0,126.98,0.0,0.0,0,0
41,PAYMENT,24148.12,0.0,0.0,0.0,0.0,0,0
41,CASH_OUT,181674.54,41566.0,0.0,995388.47,1177063.01,0,0
41,PAYMENT,3648.48,29716.0,26067.52,0.0,0.0,0,0
41,PAYMENT,10556.82,0.0,0.0,0.0,0.0,0,0
41,CASH_OUT,68682.95,75.0,0.0,0.0,68682.95,0,0
41,CASH_OUT,111450.54,4080.0,0.0,58586.37,170036.91,0,0
41,CASH_OUT,318672.35,108647.0,0.0,773361.35,1092033.7,0,0
41,CASH_OUT,244890.06,3642.0,0.0,125659.04,370549.1,0,0
41,PAYMENT,2228.47,0.0,0.0,0.0,0.0,0,0
41,CASH_IN,48609.89,446.0,49055.89,399088.51,350478.62,0,0
41,PAYMENT,13532.46,14985.0,1452.54,0.0,0.0,0,0
41,PAYMENT,8654.69,0.0,0.0,0.0,0.0,0,0
41,CASH_OUT,169484.99,43301.0,0.0,939850.29,1109335.29,0,0
41,CASH_OUT,17286.33,0.0,0.0,501301.81,518588.14,0,0
41,PAYMENT,6546.0,8017.0,1471.0,0.0,0.0,0,0
41,PAYMENT,8536.88,0.0,0.0,0.0,0.0,0,0
41,CASH_OUT,117415.97,117190.0,0.0,0.0,117415.97,0,0
41,CASH_OUT,55232.38,40004.88,0.0,217673.0,166622.8,0,0
41,CASH_OUT,452663.35,158562.0,0.0,647757.76,1100421.11,0,0
41,CASH_OUT,351029.01,1981.0,0.0,743936.13,1094965.13,0,0
41,CASH_OUT,281454.99,0.0,0.0,381782.91,663237.9,0,0
41,CASH_OUT,5066.87,0.0,0.0,36856.91,41923.79,0,0
41,PAYMENT,1074.75,7027.0,5952.25,0.0,0.0,0,0
41,CASH_OUT,181527.03,206604.0,25076.97,0.0,181527.03,0,0
41,CASH_OUT,145057.02,21159.0,0.0,0.0,145057.02,0,0
41,PAYMENT,2679.35,22470.0,19790.65,0.0,0.0,0,0
41,PAYMENT,10629.48,1212.0,0.0,0.0,0.0,0,0
41,CASH_OUT,84870.23,0.0,0.0,259992.45,344862.68,0,0
41,PAYMENT,665.85,0.0,0.0,0.0,0.0,0,0
41,PAYMENT,17867.9,0.0,0.0,0.0,0.0,0,0
41,PAYMENT,34516.83,0.0,0.0,0.0,0.0,0,0
41,CASH_OUT,44503.02,0.0,0.0,433797.47,478300.49,0,0
41,PAYMENT,3255.54,0.0,0.0,0.0,0.0,0,0
41,CASH_OUT,187074.35,0.0,0.0,337101.37,524175.72,0,0
41,CASH_OUT,106288.23,0.0,0.0,124064.01,230352.24,0,0
41,CASH_OUT,134675.17,0.0,0.0,838826.66,973501.83,0,0
41,PAYMENT,13908.01,0.0,0.0,0.0,0.0,0,0
41,CASH_OUT,91611.39,0.0,0.0,570655.81,662267.2,0,0
41,PAYMENT,14356.44,0.0,0.0,0.0,0.0,0,0
41,PAYMENT,6797.62,0.0,0.0,0.0,0.0,0,0
41,PAYMENT,7040.03,0.0,0.0,0.0,0.0,0,0
41,PAYMENT,437.29,19850.0,19412.71,0.0,0.0,0,0
41,CASH_OUT,92181.0,16472.0,0.0,0.0,92181.0,0,0
41,CASH_OUT,256072.64,22831.0,0.0,72835.5,328908.14,0,0
41,PAYMENT,2155.48,5577.0,3421.52,0.0,0.0,0,0
41,CASH_OUT,27654.38,10359.0,0.0,209033.72,236688.1,0,0
41,PAYMENT,352.26,0.0,0.0,0.0,0.0,0,0
41,PAYMENT,32456.92,0.0,0.0,0.0,0.0,0,0
41,PAYMENT,19554.05,55360.0,35805.95,0.0,0.0,0,0
41,TRANSFER,82806.2,82806.2,0.0,0.0,0.0,1,0
41,CASH_OUT,82806.2,82806.2,0.0,0.0,0.0,1,0
41,TRANSFER,32690.68,32690.68,0.0,0.0,0.0,1,0
42,PAYMENT,35825.1,16116.85,0.0,0.0,0.0,0,0
42,CASH_OUT,108080.81,385.0,0.0,948127.73,1056208.54,0,0
42,PAYMENT,19213.71,0.0,0.0,0.0,0.0,0,0
42,PAYMENT,6450.67,0.0,0.0,0.0,0.0,0,0
42,CASH_OUT,53297.25,30930.0,0.0,0.0,53297.25,0,0
42,PAYMENT,2257.01,0.0,0.0,0.0,0.0,0,0
42,PAYMENT,18493.07,0.0,0.0,0.0,0.0,0,0
42,PAYMENT,15435.45,3262.0,0.0,0.0,0.0,0,0
42,CASH_OUT,34137.95,15072.0,0.0,0.0,34137.95,0,0
42,PAYMENT,365.46,0.0,0.0,0.0,0.0,0,0
42,PAYMENT,1343.1,23067.0,21723.9,0.0,0.0,0,0
42,CASH_OUT,327596.29,10846.0,0.0,0.0,367567.53,0,0
42,PAYMENT,1106.32,0.0,0.0,0.0,0.0,0,0
42,PAYMENT,2010.5,498.0,0.0,0.0,0.0,0,0
42,CASH_OUT,248365.85,415.0,0.0,25550.03,273915.89,0,0
42,CASH_OUT,172129.61,539.0,0.0,118895.02,775033.56,0,0
42,CASH_OUT,278945.3,0.0,0.0,562013.94,1212177.73,0,0
42,CASH_OUT,268039.14,12996.0,0.0,0.0,268039.14,0,0
42,PAYMENT,46247.85,0.0,0.0,0.0,0.0,0,0
42,CASH_OUT,199468.4,0.0,0.0,276671.87,290507.5,0,0
42,PAYMENT,4706.88,0.0,0.0,0.0,0.0,0,0
42,PAYMENT,2143.71,2491.73,348.02,0.0,0.0,0,0
42,CASH_OUT,55947.28,37058.0,0.0,937215.26,993162.54,0,0
42,CASH_OUT,44558.46,104754.98,60196.52,106221.19,150779.65,0,0
42,CASH_OUT,281820.89,12724.0,0.0,93622.41,375443.3,0,0
42,PAYMENT,304.42,0.0,0.0,0.0,0.0,0,0
42,CASH_OUT,19580.04,0.0,0.0,831087.54,850667.57,0,0
42,PAYMENT,4287.53,0.0,0.0,0.0,0.0,0,0
42,CASH_IN,1607.35,22007.0,23614.35,0.0,0.0,0,0
42,PAYMENT,9059.24,0.0,0.0,0.0,0.0,0,0
42,PAYMENT,6159.62,0.0,0.0,0.0,0.0,0,0
42,CASH_OUT,4672.13,28465.5,23793.37,15720.97,20393.1,0,0
42,PAYMENT,1332.11,0.0,0.0,0.0,0.0,0,0
42,PAYMENT,7320.11,2080.0,0.0,0.0,0.0,0,0
42,CASH_OUT,108268.32,0.0,0.0,139439.26,247707.57,0,0
42,CASH_OUT,138756.04,5159.0,0.0,475711.99,469410.06,0,0
42,CASH_OUT,288454.17,0.0,0.0,760492.25,1048946.42,0,0
42,CASH_IN,16703.87,11261.0,27964.87,921090.03,904386.16,0,0
42,TRANSFER,997.98,0.0,0.0,54744.73,55742.71,0,0
42,CASH_OUT,84376.74,21494.0,0.0,149633.38,234010.12,0,0
42,PAYMENT,12828.47,0.0,0.0,0.0,0.0,0,0
42,CASH_OUT,58068.52,10942.0,0.0,261366.29,187573.63,0,0
42,CASH_OUT,36162.79,0.0,0.0,200863.13,237025.92,0,0
42,CASH_OUT,138349.95,0.0,0.0,217910.79,102048.89,0,0
42,CASH_OUT,72991.43,1379.0,0.0,0.0,72991.43,0,0
42,PAYMENT,14891.34,1069.0,0.0,0.0,0.0,0,0
42,PAYMENT,15557.59,45827.0,30269.41,0.0,0.0,0,0
42,PAYMENT,10132.23,5857.0,0.0,0.0,0.0,0,0
42,CASH_OUT,8773.43,36565.0,27791.57,0.0,8773.43,0,0
42,CASH_OUT,221882.23,12195.0,0.0,427290.36,649172.59,0,0
42,PAYMENT,12350.45,0.0,0.0,0.0,0.0,0,0
42,CASH_OUT,144383.12,147171.0,2787.88,0.0,144383.12,0,0
42,PAYMENT,5462.17,0.0,0.0,0.0,0.0,0,0
42,CASH_OUT,230092.6,14559.0,0.0,280102.07,510194.67,0,0
42,PAYMENT,9044.85,11054.0,2009.15,0.0,0.0,0,0
42,CASH_OUT,29984.37,0.0,0.0,334739.18,364723.55,0,0
42,TRANSFER,22127.76,0.0,0.0,87001.69,109129.45,0,0
42,PAYMENT,12275.8,0.0,0.0,0.0,0.0,0,0
42,CASH_OUT,67479.1,5763.0,0.0,0.0,67479.1,0,0
42,PAYMENT,3736.31,0.0,0.0,0.0,0.0,0,0
42,PAYMENT,2983.53,0.0,0.0,0.0,0.0,0,0
42,CASH_OUT,111871.9,134071.66,22199.76,118117.09,229988.99,0,0
42,PAYMENT,5668.85,22489.0,16820.15,0.0,0.0,0,0
42,PAYMENT,11487.87,0.0,0.0,0.0,0.0,0,0
42,CASH_OUT,106643.54,410.0,0.0,191641.09,298284.63,0,0
42,PAYMENT,7847.35,0.0,0.0,0.0,0.0,0,0
42,CASH_OUT,67326.58,0.0,0.0,681259.2,748585.78,0,0
42,CASH_OUT,112354.32,67497.0,0.0,899302.95,1011657.28,0,0
42,PAYMENT,7273.88,204.0,0.0,0.0,0.0,0,0
42,CASH_OUT,237727.86,20479.0,0.0,338292.24,576020.1,0,0
42,PAYMENT,1840.29,0.0,0.0,0.0,0.0,0,0
42,PAYMENT,11620.04,20640.0,9019.96,0.0,0.0,0,0
42,CASH_OUT,250817.87,33648.0,0.0,29816.24,280634.1,0,0
42,PAYMENT,12668.81,39040.44,26371.63,0.0,0.0,0,0
42,PAYMENT,8846.53,0.0,0.0,0.0,0.0,0,0
42,PAYMENT,2600.19,8022.0,5421.81,0.0,0.0,0,0
42,TRANSFER,105972.53,130281.9,24309.37,1110812.05,1216784.58,0,0
42,PAYMENT,10078.92,875.0,0.0,0.0,0.0,0,0
42,PAYMENT,3944.23,0.0,0.0,0.0,0.0,0,0
42,CASH_OUT,124801.42,112.0,0.0,277792.12,402593.54,0,0
42,PAYMENT,47720.9,0.0,0.0,0.0,0.0,0,0
42,PAYMENT,20230.53,13520.55,0.0,0.0,0.0,0,0
42,PAYMENT,3200.45,19970.0,16769.55,0.0,0.0,0,0
42,PAYMENT,19491.46,0.0,0.0,0.0,0.0,0,0
42,CASH_OUT,241588.45,239815.09,0.0,70637.65,312226.1,0,0
42,PAYMENT,6661.55,0.0,0.0,0.0,0.0,0,0
42,PAYMENT,28481.91,5785.1,0.0,0.0,0.0,0,0
42,PAYMENT,4928.7,0.0,0.0,0.0,0.0,0,0
42,CASH_OUT,188047.68,14856.0,0.0,0.0,188047.68,0,0
42,PAYMENT,13973.68,0.0,0.0,0.0,0.0,0,0
42,PAYMENT,18063.92,50903.0,32839.08,0.0,0.0,0,0
42,CASH_OUT,233538.24,41491.0,0.0,815900.51,1049438.75,0,0
42,PAYMENT,17498.96,69805.0,52306.04,0.0,0.0,0,0
42,CASH_OUT,89606.08,2055.0,0.0,643746.08,733352.16,0,0
42,PAYMENT,19371.96,4959.0,0.0,0.0,0.0,0,0
42,CASH_OUT,128922.36,103049.0,0.0,1135032.1,1263954.46,0,0
42,PAYMENT,26022.94,0.0,0.0,0.0,0.0,0,0
42,CASH_OUT,27935.25,1692.0,0.0,480464.04,508399.29,0,0
42,CASH_OUT,29642.08,0.0,0.0,442731.6,472373.68,0,0
42,PAYMENT,6207.05,32409.93,26202.88,0.0,0.0,0,0
42,PAYMENT,4503.69,0.0,0.0,0.0,0.0,0,0
42,CASH_OUT,84900.09,0.0,0.0,221911.71,306811.8,0,0
42,CASH_OUT,2714.03,0.0,0.0,238172.73,405300.59,0,0
42,PAYMENT,9577.81,0.0,0.0,0.0,0.0,0,0
42,TRANSFER,47778.25,0.0,0.0,119655.29,167433.54,0,0
42,CASH_OUT,258351.97,1647.0,0.0,0.0,258351.97,0,0
42,CASH_OUT,129859.55,11428.0,0.0,1074497.75,1204357.29,0,0
42,CASH_OUT,152436.19,49655.0,0.0,0.0,152436.19,0,0
42,PAYMENT,27425.03,0.0,0.0,0.0,0.0,0,0
42,CASH_OUT,70248.56,20092.0,0.0,67513.31,17778.75,0,0
42,PAYMENT,1287.82,8430.0,7142.18,0.0,0.0,0,0
42,CASH_OUT,253630.85,49196.0,0.0,231010.29,484641.14,0,0
42,CASH_OUT,141879.55,0.0,0.0,312734.85,454614.4,0,0
42,PAYMENT,14978.18,11625.41,0.0,0.0,0.0,0,0
42,CASH_OUT,27127.91,14671.0,0.0,304257.75,331385.65,0,0
42,CASH_OUT,113097.67,0.0,0.0,552230.54,665328.2,0,0
42,CASH_OUT,158676.17,0.0,0.0,253209.86,411886.03,0,0
42,CASH_OUT,218860.05,0.0,0.0,942115.0,1160975.05,0,0
42,CASH_OUT,286955.23,201702.0,0.0,0.0,286955.23,0,0
42,PAYMENT,17156.49,9438.54,0.0,0.0,0.0,0,0
42,TRANSFER,36359.57,36359.57,0.0,0.0,0.0,1,0
42,CASH_OUT,36359.57,36359.57,0.0,20206.65,56566.22,1,0
43,PAYMENT,45700.91,0.0,0.0,0.0,0.0,0,0
43,PAYMENT,8164.06,60853.0,52688.94,0.0,0.0,0,0
43,CASH_OUT,87094.48,0.0,0.0,397937.01,485031.49,0,0
43,PAYMENT,30745.21,67666.61,36921.39,0.0,0.0,0,0
43,CASH_OUT,191797.3,0.0,0.0,362246.99,554044.3,0,0
43,PAYMENT,527.61,0.0,0.0,0.0,0.0,0,0
43,CASH_OUT,470917.17,0.0,0.0,475776.73,946693.9,0,0
43,CASH_OUT,211448.45,13769.0,0.0,259011.28,783889.03,0,0
43,CASH_IN,28047.68,24800.0,52847.68,39851.73,11804.05,0,0
43,CASH_OUT,114542.91,5064.0,0.0,16855.47,110020.86,0,0
43,CASH_OUT,139739.42,0.0,0.0,475302.39,615041.81,0,0
43,PAYMENT,8898.23,0.0,0.0,0.0,0.0,0,0
43,PAYMENT,23621.94,0.0,0.0,0.0,0.0,0,0
43,CASH_IN,59516.27,298.0,59814.27,128268.8,68752.53,0,0
43,CASH_OUT,25896.77,0.0,0.0,265665.4,291562.17,0,0
43,CASH_OUT,8387.41,21088.0,12700.59,1142179.81,1150567.23,0,0
43,PAYMENT,2662.11,0.0,0.0,0.0,0.0,0,0
43,CASH_OUT,93930.82,0.0,0.0,116000.99,209931.81,0,0
43,CASH_OUT,287485.7,29153.0,0.0,193909.29,481394.99,0,0
43,PAYMENT,15013.74,13176.29,0.0,0.0,0.0,0,0
43,CASH_OUT,7562.87,20915.07,13352.2,72669.41,80232.28,0,0
43,CASH_OUT,182048.22,3378.79,0.0,307875.56,489923.77,0,0
43,PAYMENT,16588.58,0.0,0.0,0.0,0.0,0,0
43,PAYMENT,9742.84,0.0,0.0,0.0,0.0,0,0
43,PAYMENT,1839.85,0.0,0.0,0.0,0.0,0,0
43,PAYMENT,2593.39,0.0,0.0,0.0,0.0,0,0
43,PAYMENT,11625.4,21063.0,9437.6,0.0,0.0,0,0
43,PAYMENT,2482.64,0.0,0.0,0.0,0.0,0,0
43,CASH_OUT,493207.2,23510.0,0.0,193540.23,686747.44,0,0
43,TRANSFER,187213.73,0.0,0.0,306898.72,494112.45,0,0
43,PAYMENT,1016.68,0.0,0.0,0.0,0.0,0,0
43,PAYMENT,13751.23,25595.0,11843.77,0.0,0.0,0,0
43,CASH_OUT,34049.61,30096.0,0.0,202023.37,236072.98,0,0
43,CASH_OUT,35370.98,0.0,0.0,391598.84,426969.83,0,0
43,CASH_OUT,39598.42,0.0,0.0,284720.86,151419.32,0,0
43,CASH_OUT,233873.72,72313.0,0.0,132627.78,366501.5,0,0
43,PAYMENT,7391.82,0.0,0.0,0.0,0.0,0,0
43,CASH_OUT,59715.57,232.0,0.0,45528.44,105244.0,0,0
43,CASH_OUT,63958.46,12066.0,0.0,13568.39,77526.85,0,0
43,PAYMENT,45512.65,0.0,0.0,0.0,0.0,0,0
43,PAYMENT,7383.15,21034.4,13651.25,0.0,0.0,0,0
43,CASH_OUT,17778.95,0.0,0.0,927313.21,945092.16,0,0
43,CASH_OUT,84387.74,0.0,0.0,731097.55,815485.29,0,0
43,CASH_OUT,132903.08,454.0,0.0,0.0,132903.08,0,0
43,CASH_OUT,254523.77,4427.0,0.0,947384.89,1201908.66,0,0
43,CASH_OUT,58967.27,45633.0,0.0,154094.82,213062.09,0,0
43,PAYMENT,28238.34,0.0,0.0,0.0,0.0,0,0
43,CASH_OUT,233800.29,0.0,0.0,575425.4,809225.69,0,0
43,CASH_OUT,35558.44,0.0,0.0,115306.02,150864.46,0,0
43,CASH_OUT,11519.08,16462.0,4942.92,0.0,11519.08,0,0
43,TRANSFER,225922.14,105.0,0.0,0.0,225922.14,0,0
43,PAYMENT,39103.67,0.0,0.0,0.0,0.0,0,0
43,CASH_OUT,14078.77,0.0,0.0,1017089.32,1031168.09,0,0
43,CASH_IN,48427.63,831.0,49258.63,73041.01,24613.38,0,0
43,CASH_OUT,85356.16,56528.74,0.0,163614.97,248971.13,0,0
43,CASH_OUT,180583.48,0.0,0.0,210666.84,391250.32,0,0
43,PAYMENT,10669.16,6086.0,0.0,0.0,0.0,0,0
43,PAYMENT,4900.77,0.0,0.0,0.0,0.0,0,0
43,CASH_OUT,164881.95,22140.0,0.0,0.0,164881.95,0,0
43,CASH_OUT,123648.13,0.0,0.0,283830.62,407478.75,0,0
43,CASH_OUT,177511.08,0.0,0.0,960166.23,1137677.31,0,0
43,TRANSFER,152009.32,0.0,0.0,185531.13,337540.45,0,0
43,PAYMENT,14760.53,0.0,0.0,0.0,0.0,0,0
43,CASH_OUT,268070.15,9139.0,0.0,404948.48,673018.64,0,0
43,PAYMENT,3822.79,41438.0,37615.21,0.0,0.0,0,0
43,PAYMENT,9991.48,0.0,0.0,0.0,0.0,0,0
43,TRANSFER,408094.43,65787.94,0.0,564469.2,972563.63,0,0
43,PAYMENT,53628.95,0.0,0.0,0.0,0.0,0,0
43,PAYMENT,5444.53,0.0,0.0,0.0,0.0,0,0
43,CASH_OUT,88527.97,34373.0,0.0,0.0,88527.97,0,0
43,PAYMENT,35576.4,38272.0,2695.6,0.0,0.0,0,0
43,CASH_OUT,1788.12,0.0,0.0,82258.91,84047.04,0,0
43,PAYMENT,11867.11,20986.0,9118.89,0.0,0.0,0,0
43,PAYMENT,6309.93,0.0,0.0,0.0,0.0,0,0
43,PAYMENT,10777.35,0.0,0.0,0.0,0.0,0,0
43,CASH_OUT,96359.91,31845.0,0.0,200238.8,296598.7,0,0
43,PAYMENT,5278.71,6726.0,1447.29,0.0,0.0,0,0
43,PAYMENT,34027.58,0.0,0.0,0.0,0.0,0,0
43,PAYMENT,5803.38,0.0,0.0,0.0,0.0,0,0
43,PAYMENT,4588.07,482.0,0.0,0.0,0.0,0,0
43,CASH_OUT,42980.83,208.0,0.0,0.0,42980.83,0,0
43,PAYMENT,10386.38,49594.0,39207.62,0.0,0.0,0,0
43,PAYMENT,3882.44,0.0,0.0,0.0,0.0,0,0
43,PAYMENT,1545.92,33381.0,31835.08,0.0,0.0,0,0
43,CASH_OUT,166380.34,1511.0,0.0,206229.36,372609.7,0,0
43,CASH_OUT,52877.11,0.0,0.0,319034.25,316248.42,0,0
43,PAYMENT,11559.38,849.0,0.0,0.0,0.0,0,0
43,PAYMENT,655.47,35972.8,35317.33,0.0,0.0,0,0
43,CASH_OUT,181800.35,64303.59,0.0,920016.19,1101816.54,0,0
43,PAYMENT,3514.55,4089.0,574.45,0.0,0.0,0,0
43,CASH_OUT,283697.05,261.0,0.0,55948.46,339645.52,0,0
43,PAYMENT,9679.8,41048.0,31368.2,0.0,0.0,0,0
43,CASH_OUT,252185.16,35580.0,0.0,0.0,252185.16,0,0
43,CASH_OUT,347411.42,0.0,0.0,756224.42,1103635.84,0,0
43,PAYMENT,10620.85,0.0,0.0,0.0,0.0,0,0
43,PAYMENT,2762.73,28426.09,25663.36,0.0,0.0,0,0
43,TRANSFER,417651.32,60212.0,0.0,0.0,417651.32,0,0
43,PAYMENT,1586.03,5554.0,3967.97,0.0,0.0,0,0
43,CASH_OUT,238958.26,5144.0,0.0,494595.17,733553.43,0,0
43,CASH_OUT,126024.02,19388.0,0.0,116783.64,432066.44,0,0
43,PAYMENT,4398.11,26502.27,22104.16,0.0,0.0,0,0
43,CASH_OUT,61157.58,0.0,0.0,102454.42,163612.01,0,0
43,PAYMENT,16767.76,21152.65,4384.89,0.0,0.0,0,0
43,PAYMENT,12318.89,0.0,0.0,0.0,0.0,0,0
43,CASH_OUT,313348.4,10974.0,0.0,0.0,313348.4,0,0
43,CASH_OUT,86350.65,0.0,0.0,114561.36,200912.02,0,0
43,CASH_OUT,173540.6,31719.0,0.0,0.0,75983.22,0,0
43,PAYMENT,5552.55,0.0,0.0,0.0,0.0,0,0
43,CASH_OUT,183402.2,0.0,0.0,581085.02,764487.22,0,0
43,PAYMENT,8981.48,0.0,0.0,0.0,0.0,0,0
43,PAYMENT,9670.66,0.0,0.0,0.0,0.0,0,0
43,CASH_OUT,39767.78,0.0,0.0,338852.5,378620.28,0,0
43,PAYMENT,6003.43,0.0,0.0,0.0,0.0,0,0
43,PAYMENT,20403.52,0.0,0.0,0.0,0.0,0,0
43,PAYMENT,20393.05,10647.0,0.0,0.0,0.0,0,0
43,PAYMENT,10758.99,40612.0,29853.01,0.0,0.0,0,0
43,PAYMENT,4043.33,0.0,0.0,0.0,0.0,0,0
43,CASH_OUT,60417.03,31960.0,0.0,0.0,60417.03,0,0
43,CASH_OUT,254549.26,140.0,0.0,122316.57,376865.83,0,0
43,PAYMENT,8964.1,49842.0,40877.9,0.0,0.0,0,0
43,CASH_OUT,212124.9,20523.0,0.0,235238.04,447362.94,0,0
43,CASH_OUT,301678.87,64234.0,0.0,923417.25,1225096.12,0,0
43,CASH_OUT,108932.76,86425.0,0.0,69829.91,178762.66,0,0
43,TRANSFER,29988.0,29988.0,0.0,0.0,0.0,1,0
43,CASH_OUT,29988.0,29988.0,0.0,0.0,29988.0,1,0
43,TRANSFER,93459.89,93459.89,0.0,0.0,0.0,1,0
43,CASH_OUT,93459.89,93459.89,0.0,15825.7,109285.59,1,0
43,TRANSFER,21987.0,21987.0,0.0,0.0,0.0,1,0
43,CASH_OUT,21987.0,21987.0,0.0,123690.93,145677.94,1,0
44,PAYMENT,924.54,0.0,0.0,0.0,0.0,0,0
44,DEBIT,4863.34,7825.0,2961.66,617120.75,621984.1,0,0
44,PAYMENT,4143.67,0.0,0.0,0.0,0.0,0,0
44,PAYMENT,3305.08,11720.0,8414.92,0.0,0.0,0,0
44,PAYMENT,7147.51,13433.0,6285.49,0.0,0.0,0,0
44,PAYMENT,11965.09,27184.13,15219.03,0.0,0.0,0,0
44,CASH_OUT,48588.2,941.0,0.0,850212.85,898801.05,0,0
44,PAYMENT,6593.13,0.0,0.0,0.0,0.0,0,0
44,TRANSFER,478238.6,0.0,0.0,743841.64,1222080.24,0,0
44,PAYMENT,4709.34,0.0,0.0,0.0,0.0,0,0
44,PAYMENT,3047.1,43780.0,40732.9,0.0,0.0,0,0
44,TRANSFER,96932.07,294.0,0.0,507451.87,604383.94,0,0
44,TRANSFER,436355.75,11771.0,0.0,54025.68,490381.43,0,0
44,CASH_OUT,100195.03,0.0,0.0,195532.02,295727.05,0,0
44,CASH_OUT,282900.49,0.0,0.0,401597.81,684498.31,0,0
44,PAYMENT,8285.99,5678.0,0.0,0.0,0.0,0,0
44,CASH_OUT,141487.18,0.0,0.0,860034.48,1001521.67,0,0
44,PAYMENT,2777.85,5401.78,2623.93,0.0,0.0,0,0
44,PAYMENT,4842.12,14139.44,9297.32,0.0,0.0,0,0
44,CASH_OUT,157980.28,0.0,0.0,1021906.9,1179887.18,0,0
44,PAYMENT,5808.65,5762.67,0.0,0.0,0.0,0,0
44,PAYMENT,9700.8,2116.0,0.0,0.0,0.0,0,0
44,CASH_OUT,365553.0,0.0,0.0,683478.26,1049031.26,0,0
44,PAYMENT,16483.28,0.0,0.0,0.0,0.0,0,0
44,PAYMENT,14436.42,0.0,0.0,0.0,0.0,0,0
44,PAYMENT,11914.74,0.0,0.0,0.0,0.0,0,0
44,PAYMENT,7507.02,0.0,0.0,0.0,0.0,0,0
44,PAYMENT,2489.01,0.0,0.0,0.0,0.0,0,0
44,CASH_OUT,23868.02,0.0,0.0,814905.0,838773.02,0,0
44,CASH_OUT,262548.89,5906.0,0.0,409361.45,671910.34,0,0
44,PAYMENT,11162.76,0.0,0.0,0.0,0.0,0,0
44,PAYMENT,5403.98,41164.0,35760.02,0.0,0.0,0,0
44,CASH_OUT,37454.07,13383.0,0.0,0.0,37454.07,0,0
44,DEBIT,3118.46,5081.0,1962.54,153174.79,156293.26,0,0
44,CASH_OUT,127506.75,0.0,0.0,320079.01,447585.77,0,0
44,PAYMENT,5555.48,6741.27,1185.79,0.0,0.0,0,0
44,CASH_OUT,253680.69,257.0,0.0,83971.66,337652.35,0,0
44,CASH_OUT,40942.03,39894.0,0.0,103117.9,144059.93,0,0
44,PAYMENT,8464.16,11657.0,3192.84,0.0,0.0,0,0
44,CASH_OUT,35642.46,177.0,0.0,212390.53,248033.0,0,0
44,PAYMENT,6721.74,50229.0,43507.26,0.0,0.0,0,0
44,PAYMENT,16026.21,8228.0,0.0,0.0,0.0,0,0
44,CASH_OUT,14428.52,20645.0,6216.48,0.0,14428.52,0,0
44,CASH_OUT,26251.74,0.0,0.0,870443.92,896695.66,0,0
44,PAYMENT,8213.34,0.0,0.0,0.0,0.0,0,0
44,CASH_OUT,504.85,2631.0,2126.15,0.0,504.85,0,0
44,PAYMENT,1270.93,0.0,0.0,0.0,0.0,0,0
44,PAYMENT,5983.5,20652.0,14668.5,0.0,0.0,0,0
44,PAYMENT,6140.48,0.0,0.0,0.0,0.0,0,0
44,PAYMENT,17243.18,0.0,0.0,0.0,0.0,0,0
44,CASH_OUT,224562.92,0.0,0.0,484916.56,709479.48,0,0
44,CASH_OUT,174855.07,52250.0,0.0,174408.61,349263.68,0,0
44,CASH_OUT,150272.21,101860.0,0.0,379124.79,529397.01,0,0
44,CASH_OUT,155601.85,0.0,0.0,175725.0,281147.41,0,0
44,CASH_OUT,45340.55,65401.0,20060.45,0.0,45340.55,0,0
44,CASH_OUT,88015.08,0.0,0.0,415153.5,503168.58,0,0
44,CASH_OUT,427747.13,0.0,0.0,442955.44,870702.58,0,0
44,CASH_OUT,126885.17,22035.0,0.0,145849.97,272735.14,0,0
44,CASH_OUT,185087.25,0.0,0.0,221807.5,406894.75,0,0
44,CASH_OUT,64268.11,0.0,0.0,70558.56,134826.67,0,0
44,CASH_OUT,38275.34,0.0,0.0,55707.36,93982.7,0,0
44,PAYMENT,10002.35,53437.25,43434.89,0.0,0.0,0,0
44,CASH_OUT,214604.43,20193.0,0.0,47865.34,262469.76,0,0
44,PAYMENT,19430.98,0.0,0.0,0.0,0.0,0,0
44,CASH_OUT,143528.58,11023.0,0.0,178585.33,322113.91,0,0
44,CASH_OUT,30100.25,5376.0,0.0,0.0,30100.25,0,0
44,CASH_OUT,49138.43,0.0,0.0,357393.92,406532.35,0,0
44,CASH_OUT,50008.13,0.0,0.0,893098.12,943106.25,0,0
44,PAYMENT,5216.31,53155.0,47938.69,0.0,0.0,0,0
44,CASH_OUT,43560.4,0.0,0.0,595866.84,860503.65,0,0
44,PAYMENT,7380.24,12047.63,4667.39,0.0,0.0,0,0
44,CASH_OUT,202172.85,12572.85,0.0,312720.48,514893.33,0,0
44,PAYMENT,3604.68,48698.0,45093.32,0.0,0.0,0,0
44,PAYMENT,57.32,0.0,0.0,0.0,0.0,0,0
44,CASH_OUT,5968.39,0.0,0.0,323102.96,329071.35,0,0
44,CASH_OUT,147413.02,0.0,0.0,215963.14,363376.17,0,0
44,PAYMENT,9653.89,4420.67,0.0,0.0,0.0,0,0
44,PAYMENT,190.69,0.0,0.0,0.0,0.0,0,0
44,CASH_OUT,162491.07,185263.55,22772.47,948001.99,1110493.06,0,0
44,PAYMENT,13187.24,18667.63,5480.39,0.0,0.0,0,0
44,PAYMENT,26487.06,0.0,0.0,0.0,0.0,0,0
44,PAYMENT,10758.58,0.0,0.0,0.0,0.0,0,0
44,PAYMENT,9766.11,10875.0,1108.89,0.0,0.0,0,0
44,DEBIT,6904.77,12054.0,5149.23,1033517.24,1040422.01,0,0
44,PAYMENT,12990.71,12971.04,0.0,0.0,0.0,0,0
44,PAYMENT,22195.13,0.0,0.0,0.0,0.0,0,0
44,PAYMENT,4802.66,18339.32,13536.66,0.0,0.0,0,0
44,CASH_OUT,279628.0,32078.0,0.0,61534.2,341162.2,0,0
44,CASH_OUT,100302.15,89.0,0.0,0.0,100302.15,0,0
44,PAYMENT,1083.61,0.0,0.0,0.0,0.0,0,0
44,CASH_OUT,468819.81,156651.0,0.0,0.0,468819.81,0,0
44,CASH_OUT,142581.85,0.0,0.0,653224.31,795806.16,0,0
44,CASH_OUT,62399.95,3153.0,0.0,176723.39,239123.34,0,0
44,PAYMENT,80.54,0.0,0.0,0.0,0.0,0,0
44,CASH_IN,49633.11,6073.0,55706.11,1241180.82,1191547.71,0,0
44,PAYMENT,6399.76,10489.0,4089.24,0.0,0.0,0,0
44,TRANSFER,134874.24,120316.0,0.0,0.0,134874.24,0,0
44,CASH_OUT,92484.49,0.0,0.0,126739.29,219223.78,0,0
44,PAYMENT,17136.49,0.0,0.0,0.0,0.0,0,0
44,CASH_OUT,102873.9,45359.0,0.0,0.0,102873.9,0,0
44,CASH_OUT,173659.06,0.0,0.0,1083325.57,1256984.62,0,0
44,CASH_OUT,81399.02,0.0,0.0,542723.27,624122.28,0,0
44,PAYMENT,8786.23,39328.84,30542.61,0.0,0.0,0,0
44,CASH_OUT,124016.39,16107.35,0.0,172041.31,500609.87,0,0
44,CASH_OUT,193567.92,0.0,0.0,697112.43,890680.35,0,0
44,PAYMENT,10255.31,0.0,0.0,0.0,0.0,0,0
44,PAYMENT,1000.6,0.0,0.0,0.0,0.0,0,0
44,TRANSFER,44571.94,44571.94,0.0,0.0,0.0,1,0
44,CASH_OUT,44571.94,44571.94,0.0,11984.0,0.0,1,0
45,PAYMENT,1384.94,0.0,0.0,0.0,0.0,0,0
45,CASH_OUT,222087.35,0.0,0.0,684741.81,906829.15,0,0
45,PAYMENT,9941.0,29977.0,20036.0,0.0,0.0,0,0
45,CASH_OUT,120740.46,0.0,0.0,413277.13,534017.59,0,0
45,PAYMENT,23017.63,0.0,0.0,0.0,0.0,0,0
45,PAYMENT,4613.71,0.0,0.0,0.0,0.0,0,0
45,TRANSFER,218751.52,0.0,0.0,990749.1,1209500.62,0,0
45,PAYMENT,13687.02,13830.65,143.62,0.0,0.0,0,0
45,CASH_OUT,68102.68,116158.0,48055.32,0.0,68102.68,0,0
45,TRANSFER,149206.32,0.0,0.0,276468.29,425674.61,0,0
45,CASH_OUT,77892.9,19942.0,0.0,0.0,77892.9,0,0
45,CASH_OUT,21946.69,256.0,0.0,0.0,21946.69,0,0
45,TRANSFER,296296.34,50975.0,0.0,873761.15,1170057.49,0,0
45,PAYMENT,8076.97,30631.0,22554.03,0.0,0.0,0,0
45,CASH_OUT,106656.43,0.0,0.0,896270.89,808493.15,0,0
45,CASH_OUT,125713.8,29725.0,0.0,535039.3,663926.24,0,0
45,CASH_OUT,152968.01,0.0,0.0,528612.82,681580.83,0,0
45,CASH_OUT,257698.8,29906.0,0.0,0.0,257698.8,0,0
45,PAYMENT,2808.05,0.0,0.0,0.0,0.0,0,0
45,TRANSFER,313827.13,30953.0,0.0,207558.51,521385.64,0,0
45,CASH_OUT,212697.65,5615.0,0.0,49811.19,262508.84,0,0
45,PAYMENT,3887.16,0.0,0.0,0.0,0.0,0,0
45,CASH_OUT,40680.64,0.0,0.0,154496.07,195176.71,0,0
45,CASH_OUT,226524.52,11596.27,0.0,997272.22,1223796.74,0,0
45,PAYMENT,11524.51,10449.0,0.0,0.0,0.0,0,0
45,PAYMENT,1106.17,33363.55,32257.38,0.0,0.0,0,0
45,PAYMENT,9113.4,19927.0,10813.6,0.0,0.0,0,0
45,DEBIT,2621.39,29802.0,27180.61,71708.78,74330.17,0,0
45,PAYMENT,2389.18,9981.13,7591.95,0.0,0.0,0,0
45,CASH_OUT,377197.14,0.0,0.0,611454.71,988651.85,0,0
45,CASH_OUT,76372.0,20769.0,0.0,0.0,76372.0,0,0
45,PAYMENT,928.07,0.0,0.0,0.0,0.0,0,0
45,CASH_OUT,86722.14,11408.0,0.0,0.0,86722.14,0,0
45,TRANSFER,280622.28,43.0,0.0,174511.92,455134.2,0,0
45,CASH_OUT,169601.8,0.0,0.0,531068.39,700670.19,0,0
45,CASH_OUT,472389.23,0.0,0.0,717080.16,1189469.39,0,0
45,PAYMENT,8846.57,4085.0,0.0,0.0,0.0,0,0
45,CASH_OUT,180162.65,39254.0,0.0,597825.66,777988.31,0,0
45,CASH_OUT,65403.64,38563.0,0.0,0.0,65403.64,0,0
45,CASH_OUT,351396.53,0.0,0.0,437111.36,665244.21,0,0
45,CASH_OUT,304299.25,58237.0,0.0,74187.58,378486.83,0,0
45,CASH_OUT,76724.66,0.0,0.0,183434.54,260159.2,0,0
45,PAYMENT,5085.81,10484.0,5398.19,0.0,0.0,0,0
45,CASH_OUT,137261.82,80552.54,0.0,322185.65,459447.46,0,0
45,PAYMENT,1124.9,21343.0,20218.1,0.0,0.0,0,0
45,TRANSFER,360188.31,59736.0,0.0,311014.77,948377.8,0,0
45,PAYMENT,2789.66,0.0,0.0,0.0,0.0,0,0
45,TRANSFER,296540.89,0.0,0.0,953282.88,1249823.77,0,0
45,CASH_OUT,73648.16,7066.0,0.0,178195.22,251843.38,0,0
45,PAYMENT,7850.52,5003.0,0.0,0.0,0.0,0,0
45,PAYMENT,288.2,20644.0,20355.8,0.0,0.0,0,0
45,CASH_OUT,32244.99,0.0,0.0,1148537.86,1180782.85,0,0
45,PAYMENT,14298.38,0.0,0.0,0.0,0.0,0,0
45,PAYMENT,15028.7,13563.0,0.0,0.0,0.0,0,0
45,PAYMENT,19926.08,21457.0,1530.92,0.0,0.0,0,0
45,PAYMENT,14219.95,385.0,0.0,0.0,0.0,0,0
45,CASH_OUT,101585.97,240.0,0.0,276774.34,378360.31,0,0
45,PAYMENT,7107.33,20296.0,13188.67,0.0,0.0,0,0
45,PAYMENT,12449.82,20708.0,8258.18,0.0,0.0,0,0
45,PAYMENT,5917.02,0.0,0.0,0.0,0.0,0,0
45,TRANSFER,213983.59,213983.59,0.0,0.0,0.0,1,0
45,CASH_OUT,213983.59,213983.59,0.0,0.0,213983.59,1,0
45,TRANSFER,217255.97,217255.97,0.0,0.0,0.0,1,0
45,TRANSFER,155761.29,155761.29,0.0,0.0,0.0,1,0
45,CASH_OUT,155761.29,155761.29,0.0,192775.45,348536.74,1,0
46,PAYMENT,33754.92,0.0,0.0,0.0,0.0,0,0
46,PAYMENT,4172.84,281.0,0.0,0.0,0.0,0,0
46,CASH_OUT,96943.73,0.0,0.0,1048216.14,1145159.87,0,0
46,PAYMENT,10503.74,21807.3,11303.56,0.0,0.0,0,0
46,PAYMENT,15280.37,20308.0,5027.63,0.0,0.0,0,0
46,PAYMENT,3354.89,0.0,0.0,0.0,0.0,0,0
46,PAYMENT,12833.31,28821.79,15988.47,0.0,0.0,0,0
46,PAYMENT,5972.99,18135.59,12162.6,0.0,0.0,0,0
46,PAYMENT,5828.74,0.0,0.0,0.0,0.0,0,0
46,PAYMENT,20322.48,40356.0,20033.52,0.0,0.0,0,0
46,PAYMENT,31033.38,91445.49,60412.11,0.0,0.0,0,0
46,PAYMENT,5162.09,63170.0,58007.91,0.0,0.0,0,0
46,TRANSFER,159236.91,12313.0,0.0,0.0,159236.91,0,0
46,CASH_OUT,55573.84,20276.0,0.0,0.0,55573.84,0,0
46,PAYMENT,4758.41,61927.0,57168.59,0.0,0.0,0,0
46,PAYMENT,12778.65,20087.77,7309.12,0.0,0.0,0,0
46,PAYMENT,11467.98,11007.0,0.0,0.0,0.0,0,0
46,PAYMENT,5250.86,0.0,0.0,0.0,0.0,0,0
46,CASH_OUT,137764.79,42003.0,0.0,0.0,137764.79,0,0
46,CASH_OUT,15430.58,0.0,0.0,576336.15,591766.73,0,0
46,PAYMENT,1194.84,0.0,0.0,0.0,0.0,0,0
46,PAYMENT,5848.47,11266.0,5417.53,0.0,0.0,0,0
46,PAYMENT,3423.53,27419.0,23995.47,0.0,0.0,0,0
46,PAYMENT,6782.31,6848.0,65.69,0.0,0.0,0,0
46,PAYMENT,1015.52,57847.68,56832.16,0.0,0.0,0,0
46,CASH_OUT,52196.84,57989.0,5792.16,0.0,52196.84,0,0
46,PAYMENT,5177.35,0.0,0.0,0.0,0.0,0,0
46,DEBIT,5516.06,1887.0,0.0,610273.24,615789.3,0,0
46,PAYMENT,5589.1,20133.0,14543.9,0.0,0.0,0,0
46,PAYMENT,10507.83,0.0,0.0,0.0,0.0,0,0
46,CASH_OUT,163341.51,0.0,0.0,821356.67,984698.19,0,0
46,CASH_OUT,41911.81,0.0,0.0,305441.15,347352.95,0,0
46,PAYMENT,6542.98,229.0,0.0,0.0,0.0,0,0
46,CASH_OUT,118329.1,11166.0,0.0,308468.27,426797.37,0,0
46,PAYMENT,11446.88,19279.0,7832.12,0.0,0.0,0,0
46,CASH_OUT,139524.19,3060.0,0.0,177708.88,317233.06,0,0
46,CASH_OUT,139421.54,13374.0,0.0,0.0,139421.54,0,0
46,PAYMENT,2478.65,11623.0,9144.35,0.0,0.0,0,0
46,PAYMENT,2889.15,31748.0,28858.85,0.0,0.0,0,0
46,CASH_OUT,151788.16,21440.0,0.0,91073.41,242861.57,0,0
46,PAYMENT,13757.75,0.0,0.0,0.0,0.0,0,0
46,PAYMENT,7199.44,0.0,0.0,0.0,0.0,0,0
46,CASH_OUT,11683.66,0.0,0.0,245791.57,257475.24,0,0
46,TRANSFER,35016.23,35016.23,0.0,0.0,0.0,1,0
46,CASH_OUT,35016.23,35016.23,0.0,65435.34,100451.57,1,0
46,TRANSFER,71372.0,71372.0,0.0,0.0,0.0,1,0
46,CASH_OUT,71372.0,71372.0,0.0,613464.04,684836.04,1,0
46,TRANSFER,82971.91,82971.91,0.0,0.0,0.0,1,0
46,CASH_OUT,82971.91,82971.91,0.0,39316.96,122288.87,1,0
47,CASH_OUT,114114.15,56266.29,0.0,1031195.58,1145309.73,0,0
47,PAYMENT,1908.74,0.0,0.0,0.0,0.0,0,0
47,PAYMENT,3738.72,45722.0,41983.28,0.0,0.0,0,0
47,PAYMENT,2211.61,0.0,0.0,0.0,0.0,0,0
47,PAYMENT,14365.7,58600.37,44234.66,0.0,0.0,0,0
47,PAYMENT,2020.32,30170.0,28149.68,0.0,0.0,0,0
47,PAYMENT,6828.7,10042.0,3213.3,0.0,0.0,0,0
47,PAYMENT,17035.69,0.0,0.0,0.0,0.0,0,0
47,PAYMENT,3904.73,10889.0,6984.27,0.0,0.0,0,0
47,PAYMENT,6897.91,1157.0,0.0,0.0,0.0,0,0
47,PAYMENT,2438.8,189.0,0.0,0.0,0.0,0,0
47,PAYMENT,5439.37,26428.0,20988.63,0.0,0.0,0,0
47,PAYMENT,7189.89,722.0,0.0,0.0,0.0,0,0
47,PAYMENT,7272.05,0.0,0.0,0.0,0.0,0,0
47,PAYMENT,3755.73,29.91,0.0,0.0,0.0,0,0
47,PAYMENT,7801.66,16643.0,8841.34,0.0,0.0,0,0
47,PAYMENT,1724.87,5031.0,3306.13,0.0,0.0,0,0
47,PAYMENT,9759.0,1546.0,0.0,0.0,0.0,0,0
47,PAYMENT,7050.26,12553.0,5502.74,0.0,0.0,0,0
47,PAYMENT,906.41,917.0,10.59,0.0,0.0,0,0
47,PAYMENT,8343.16,5152.0,0.0,0.0,0.0,0,0
47,PAYMENT,16568.82,229.0,0.0,0.0,0.0,0,0
47,CASH_OUT,180674.61,84793.04,0.0,608879.11,789553.72,0,0
47,CASH_OUT,17343.49,166.0,0.0,97114.79,114458.29,0,0
47,CASH_OUT,265022.95,12296.0,0.0,281144.72,546167.66,0,0
47,PAYMENT,2899.86,14536.0,11636.14,0.0,0.0,0,0
47,TRANSFER,320350.14,154379.0,0.0,142404.04,462754.18,0,0
47,TRANSFER,225850.53,225850.53,0.0,0.0,0.0,1,0
47,TRANSFER,243028.65,243028.65,0.0,0.0,0.0,1,0
47,CASH_OUT,243028.65,243028.65,0.0,441285.14,684313.79,1,0
47,TRANSFER,13172.17,13172.17,0.0,0.0,0.0,1,0
47,CASH_OUT,13172.17,13172.17,0.0,0.0,13172.17,1,0
47,TRANSFER,61487.67,61487.67,0.0,0.0,0.0,1,0
47,CASH_OUT,61487.67,61487.67,0.0,0.0,61487.67,1,0
47,TRANSFER,156011.24,156011.24,0.0,0.0,0.0,1,0
47,CASH_OUT,156011.24,156011.24,0.0,152239.96,308251.2,1,0
47,TRANSFER,36532.84,36532.84,0.0,0.0,0.0,1,0
47,CASH_OUT,36532.84,36532.84,0.0,0.0,36532.84,1,0
48,CASH_OUT,237906.42,0.0,0.0,541189.96,779096.38,0,0
48,PAYMENT,15893.2,64379.0,48485.8,0.0,0.0,0,0
48,CASH_OUT,101809.58,0.0,0.0,618558.74,720368.32,0,0
48,PAYMENT,13487.65,61978.0,48490.35,0.0,0.0,0,0
48,PAYMENT,8939.25,20777.0,11837.75,0.0,0.0,0,0
48,PAYMENT,31908.72,0.0,0.0,0.0,0.0,0,0
48,PAYMENT,4505.44,32155.0,27649.56,0.0,0.0,0,0
48,PAYMENT,6346.06,0.0,0.0,0.0,0.0,0,0
48,PAYMENT,15616.1,43615.0,27998.9,0.0,0.0,0,0
48,PAYMENT,2515.96,33192.78,30676.82,0.0,0.0,0,0
48,CASH_OUT,124778.86,22103.0,0.0,33655.92,158434.77,0,0
48,PAYMENT,6284.99,20200.0,13915.01,0.0,0.0,0,0
48,CASH_OUT,19151.27,0.0,0.0,786786.54,805937.81,0,0
48,CASH_OUT,37306.5,0.0,0.0,734788.17,772094.67,0,0
48,PAYMENT,6902.54,52720.94,45818.4,0.0,0.0,0,0
48,PAYMENT,8143.94,111.0,0.0,0.0,0.0,0,0
48,PAYMENT,5207.18,239.0,0.0,0.0,0.0,0,0
48,PAYMENT,6531.86,0.0,0.0,0.0,0.0,0,0
48,PAYMENT,10924.54,0.0,0.0,0.0,0.0,0,0
48,PAYMENT,12983.29,68395.81,55412.52,0.0,0.0,0,0
48,TRANSFER,138657.78,0.0,0.0,729730.03,868387.81,0,0
48,TRANSFER,318739.37,10514.35,0.0,674387.8,993127.17,0,0
48,PAYMENT,8635.84,0.0,0.0,0.0,0.0,0,0
48,PAYMENT,4285.96,90.0,0.0,0.0,0.0,0,0
48,CASH_OUT,68859.65,52163.83,0.0,543363.57,612223.22,0,0
48,PAYMENT,4504.66,9430.0,4925.34,0.0,0.0,0,0
48,TRANSFER,147267.01,147267.01,0.0,0.0,0.0,1,0
48,CASH_OUT,147267.01,147267.01,0.0,107418.0,64210.56,1,0
49,PAYMENT,7945.89,19221.61,11275.72,0.0,0.0,0,0
49,PAYMENT,9534.97,35040.45,25505.47,0.0,0.0,0,0
49,PAYMENT,7076.8,10.0,0.0,0.0,0.0,0,0
49,PAYMENT,3333.24,6419.0,3085.76,0.0,0.0,0,0
49,PAYMENT,2223.34,52418.0,50194.66,0.0,0.0,0,0
49,TRANSFER,114017.19,114017.19,0.0,0.0,0.0,1,0
50,TRANSFER,112668.54,112668.54,0.0,0.0,0.0,1,0
50,CASH_OUT,112668.54,112668.54,0.0,0.0,112668.54,1,0
51,TRANSFER,202887.77,202887.77,0.0,0.0,0.0,1,0
51,CASH_OUT,202887.77,202887.77,0.0,0.0,202887.77,1,0
51,TRANSFER,115881.21,115881.21,0.0,0.0,0.0,1,0
52,TRANSFER,128426.58,128426.58,0.0,0.0,0.0,1,0
52,CASH_OUT,128426.58,128426.58,0.0,0.0,128426.58,1,0
53,TRANSFER,99139.27,99139.27,0.0,0.0,0.0,1,0
53,CASH_OUT,99139.27,99139.27,0.0,28766.55,127905.82,1,0
53,TRANSFER,6215.44,6215.44,0.0,0.0,0.0,1,0
53,CASH_OUT,6215.44,6215.44,0.0,191197.42,197412.85,1,0
55,TRANSFER,283400.42,283400.42,0.0,0.0,0.0,1,0
55,TRANSFER,109028.8,109028.8,0.0,0.0,0.0,1,0
55,CASH_OUT,109028.8,109028.8,0.0,674110.57,783139.37,1,0
55,TRANSFER,167715.53,167715.53,0.0,0.0,0.0,1,0
55,CASH_OUT,167715.53,167715.53,0.0,492360.21,660075.73,1,0
56,TRANSFER,42789.93,42789.93,0.0,0.0,0.0,1,0
56,CASH_OUT,42789.93,42789.93,0.0,0.0,42789.93,1,0
56,TRANSFER,136562.78,136562.78,0.0,0.0,0.0,1,0
56,CASH_OUT,136562.78,136562.78,0.0,21100.34,157663.12,1,0
56,TRANSFER,82767.31,82767.31,0.0,0.0,0.0,1,0
56,CASH_OUT,82767.31,82767.31,0.0,401173.22,483940.53,1,0
57,TRANSFER,157610.11,157610.11,0.0,0.0,0.0,1,0
57,CASH_OUT,157610.11,157610.11,0.0,949587.48,1107197.59,1,0
58,TRANSFER,246938.77,246938.77,0.0,0.0,0.0,1,0
58,CASH_OUT,246938.77,246938.77,0.0,0.0,246938.77,1,0
58,TRANSFER,106673.26,106673.26,0.0,0.0,0.0,1,0
58,CASH_OUT,106673.26,106673.26,0.0,0.0,106673.26,1,0
58,TRANSFER,109525.67,109525.67,0.0,0.0,0.0,1,0
59,TRANSFER,21174.45,21174.45,0.0,0.0,0.0,1,0
59,CASH_OUT,21174.45,21174.45,0.0,31409.08,52583.53,1,0
59,TRANSFER,192765.49,192765.49,0.0,0.0,0.0,1,0
59,TRANSFER,9748.89,9748.89,0.0,0.0,0.0,1,0
59,CASH_OUT,9748.89,9748.89,0.0,180869.12,190618.01,1,0
59,TRANSFER,44733.5,44733.5,0.0,0.0,0.0,1,0
60,TRANSFER,40486.25,40486.25,0.0,0.0,0.0,1,0
60,TRANSFER,89014.32,89014.32,0.0,0.0,0.0,1,0
60,CASH_OUT,89014.32,89014.32,0.0,330651.68,419666.0,1,0
60,TRANSFER,45807.51,45807.51,0.0,0.0,0.0,1,0
60,CASH_OUT,45807.51,45807.51,0.0,267824.05,313631.56,1,0
61,TRANSFER,37720.99,37720.99,0.0,0.0,0.0,1,0
61,CASH_OUT,37720.99,37720.99,0.0,288804.07,326525.06,1,0
61,TRANSFER,55062.46,55062.46,0.0,0.0,0.0,1,0
61,CASH_OUT,55062.46,55062.46,0.0,0.0,55062.46,1,0
63,TRANSFER,148188.84,148188.84,0.0,0.0,0.0,1,0
63,CASH_OUT,148188.84,148188.84,0.0,194134.25,342323.08,1,0
63,TRANSFER,14017.38,14017.38,0.0,0.0,0.0,1,0
63,CASH_OUT,14017.38,14017.38,0.0,0.0,14017.38,1,0
63,TRANSFER,197226.65,197226.65,0.0,0.0,0.0,1,0
63,CASH_OUT,197226.65,197226.65,0.0,0.0,197226.65,1,0
64,TRANSFER,31574.65,31574.65,0.0,0.0,0.0,1,0
64,CASH_OUT,31574.65,31574.65,0.0,199385.83,230960.48,1,0
64,TRANSFER,37796.75,37796.75,0.0,0.0,0.0,1,0
64,CASH_OUT,37796.75,37796.75,0.0,211905.39,249702.14,1,0
64,TRANSFER,17051.69,17051.69,0.0,0.0,0.0,1,0
64,CASH_OUT,17051.69,17051.69,0.0,289129.2,306180.89,1,0
64,TRANSFER,104957.85,104957.85,0.0,0.0,0.0,1,0
64,CASH_OUT,104957.85,104957.85,0.0,29237.79,134195.64,1,0
65,TRANSFER,174923.28,174923.28,0.0,0.0,0.0,1,0
65,CASH_OUT,174923.28,174923.28,0.0,0.0,174923.28,1,0
65,TRANSFER,126690.14,126690.14,0.0,0.0,0.0,1,0
65,CASH_OUT,126690.14,126690.14,0.0,353834.29,480524.43,1,0
65,TRANSFER,215.83,215.83,0.0,0.0,0.0,1,0
66,TRANSFER,150405.2,150405.2,0.0,0.0,0.0,1,0
66,CASH_OUT,150405.2,150405.2,0.0,170707.62,321112.82,1,0
66,TRANSFER,272791.44,272791.44,0.0,0.0,0.0,1,0
66,CASH_OUT,272791.44,272791.44,0.0,715267.02,988058.46,1,0
66,TRANSFER,107188.41,107188.41,0.0,0.0,0.0,1,0
66,CASH_OUT,107188.41,107188.41,0.0,696135.43,803323.83,1,0
66,TRANSFER,126715.84,126715.84,0.0,0.0,0.0,1,0
66,CASH_OUT,126715.84,126715.84,0.0,273157.93,399873.77,1,0
66,TRANSFER,79441.66,79441.66,0.0,0.0,0.0,1,0
67,TRANSFER,42513.08,42513.08,0.0,0.0,0.0,1,0
67,CASH_OUT,42513.08,42513.08,0.0,0.0,42513.08,1,0
67,TRANSFER,106460.7,106460.7,0.0,0.0,0.0,1,0
68,TRANSFER,13890.42,13890.42,0.0,0.0,0.0,1,0
68,CASH_OUT,13890.42,13890.42,0.0,0.0,13890.42,1,0
68,TRANSFER,281743.12,281743.12,0.0,0.0,0.0,1,0
68,CASH_OUT,281743.12,281743.12,0.0,158099.98,439843.09,1,0
68,TRANSFER,157494.6,157494.6,0.0,0.0,0.0,1,0
68,CASH_OUT,157494.6,157494.6,0.0,509029.31,666523.92,1,0
69,TRANSFER,19776.71,19776.71,0.0,0.0,0.0,1,0
69,CASH_OUT,19776.71,19776.71,0.0,1138941.53,1158718.24,1,0
69,TRANSFER,271731.05,271731.05,0.0,0.0,0.0,1,0
69,CASH_OUT,271731.05,271731.05,0.0,0.0,271731.05,1,0
69,TRANSFER,175328.85,175328.85,0.0,0.0,0.0,1,0
69,CASH_OUT,175328.85,175328.85,0.0,110129.95,285458.8,1,0
70,TRANSFER,266766.78,266766.78,0.0,0.0,0.0,1,0
70,CASH_OUT,266766.78,266766.78,0.0,0.0,266766.78,1,0
70,TRANSFER,167067.78,167067.78,0.0,0.0,0.0,1,0
70,CASH_OUT,167067.78,167067.78,0.0,169160.19,336227.97,1,0
71,TRANSFER,91691.75,91691.75,0.0,0.0,0.0,1,0
71,CASH_OUT,91691.75,91691.75,0.0,329117.96,420809.71,1,0
71,TRANSFER,14385.54,14385.54,0.0,0.0,0.0,1,0
71,CASH_OUT,14385.54,14385.54,0.0,28309.09,42694.63,1,0
71,TRANSFER,62091.44,62091.44,0.0,0.0,0.0,1,0
73,TRANSFER,12619.29,12619.29,0.0,0.0,0.0,1,0
73,CASH_OUT,12619.29,12619.29,0.0,204470.03,217089.31,1,0
73,TRANSFER,193663.9,193663.9,0.0,0.0,0.0,1,0
73,CASH_OUT,193663.9,193663.9,0.0,0.0,193663.9,1,0
74,TRANSFER,74177.92,74177.92,0.0,0.0,0.0,1,0
74,CASH_OUT,74177.92,74177.92,0.0,79018.51,153196.43,1,0
74,TRANSFER,59127.34,59127.34,0.0,0.0,0.0,1,0
74,CASH_OUT,59127.34,59127.34,0.0,17207.02,76334.36,1,0
74,TRANSFER,59813.61,59813.61,0.0,0.0,0.0,1,0
74,CASH_OUT,59813.61,59813.61,0.0,0.0,59813.61,1,0
74,TRANSFER,158489.29,158489.29,0.0,0.0,0.0,1,0
74,CASH_OUT,158489.29,158489.29,0.0,0.0,158489.29,1,0
74,TRANSFER,85637.08,85637.08,0.0,0.0,0.0,1,0
74,CASH_OUT,85637.08,85637.08,0.0,235137.06,320774.13,1,0
76,TRANSFER,9917.27,9917.27,0.0,0.0,0.0,1,0
76,CASH_OUT,9917.27,9917.27,0.0,408610.64,418527.91,1,0
77,TRANSFER,239473.85,239473.85,0.0,0.0,0.0,1,0
77,CASH_OUT,239473.85,239473.85,0.0,729245.09,968718.94,1,0
78,TRANSFER,113829.89,113829.89,0.0,0.0,0.0,1,0
78,CASH_OUT,113829.89,113829.89,0.0,0.0,113829.89,1,0
78,TRANSFER,178569.48,178569.48,0.0,0.0,0.0,1,0
78,CASH_OUT,178569.48,178569.48,0.0,263128.53,441698.01,1,0
79,TRANSFER,61178.51,61178.51,0.0,0.0,0.0,1,0
79,CASH_OUT,61178.51,61178.51,0.0,238787.35,299965.86,1,0
80,TRANSFER,42659.39,42659.39,0.0,0.0,0.0,1,0
80,CASH_OUT,42659.39,42659.39,0.0,173558.43,216217.82,1,0
80,TRANSFER,173782.59,173782.59,0.0,0.0,0.0,1,0
80,TRANSFER,62134.33,62134.33,0.0,0.0,0.0,1,0
80,CASH_OUT,62134.33,62134.33,0.0,509204.33,571338.66,1,0
80,TRANSFER,244814.12,244814.12,0.0,0.0,0.0,1,0
81,TRANSFER,82527.13,82527.13,0.0,0.0,0.0,1,0
81,CASH_OUT,82527.13,82527.13,0.0,397267.85,479794.98,1,0
81,TRANSFER,78028.89,78028.89,0.0,0.0,0.0,1,0
81,CASH_OUT,78028.89,78028.89,0.0,473519.42,551548.31,1,0
81,TRANSFER,221936.6,221936.6,0.0,0.0,0.0,1,0
81,CASH_OUT,221936.6,221936.6,0.0,1811.03,223747.62,1,0
82,TRANSFER,45077.1,45077.1,0.0,0.0,0.0,1,0
82,CASH_OUT,45077.1,45077.1,0.0,126262.18,171339.29,1,0
83,TRANSFER,24412.07,24412.07,0.0,0.0,0.0,1,0
84,TRANSFER,8380.79,8380.79,0.0,0.0,0.0,1,0
84,CASH_OUT,8380.79,8380.79,0.0,0.0,8380.79,1,0
84,TRANSFER,39379.45,39379.45,0.0,0.0,0.0,1,0
84,CASH_OUT,39379.45,39379.45,0.0,188532.97,227912.43,1,0
84,TRANSFER,152331.26,152331.26,0.0,0.0,0.0,1,0
84,CASH_OUT,152331.26,152331.26,0.0,676868.23,829199.49,1,0
85,TRANSFER,64344.59,64344.59,0.0,0.0,0.0,1,0
85,CASH_OUT,64344.59,64344.59,0.0,0.0,64344.59,1,0
85,TRANSFER,4094.07,4094.07,0.0,0.0,0.0,1,0
85,CASH_OUT,4094.07,4094.07,0.0,296534.2,300628.27,1,0
85,TRANSFER,167679.27,167679.27,0.0,0.0,0.0,1,0
85,CASH_OUT,167679.27,167679.27,0.0,165580.61,333259.88,1,0
86,TRANSFER,21829.31,21829.31,0.0,0.0,0.0,1,0
86,CASH_OUT,21829.31,21829.31,0.0,357009.54,378838.85,1,0
86,TRANSFER,17822.02,17822.02,0.0,0.0,0.0,1,0
86,TRANSFER,88649.1,88649.1,0.0,0.0,0.0,1,0
86,TRANSFER,72547.29,72547.29,0.0,0.0,0.0,1,0
86,CASH_OUT,72547.29,72547.29,0.0,79736.28,152283.57,1,0
87,TRANSFER,114339.1,114339.1,0.0,0.0,0.0,1,0
87,CASH_OUT,114339.1,114339.1,0.0,41413.23,155752.33,1,0
87,TRANSFER,115461.48,115461.48,0.0,0.0,0.0,1,0
87,CASH_OUT,115461.48,115461.48,0.0,21619.28,137080.75,1,0
89,TRANSFER,43928.31,43928.31,0.0,0.0,0.0,1,0
89,CASH_OUT,43928.31,43928.31,0.0,0.0,43928.31,1,0
89,TRANSFER,268230.43,268230.43,0.0,0.0,0.0,1,0
89,CASH_OUT,268230.43,268230.43,0.0,0.0,268230.43,1,0
90,TRANSFER,113309.55,113309.55,0.0,0.0,0.0,1,0
90,CASH_OUT,113309.55,113309.55,0.0,0.0,113309.55,1,0
90,TRANSFER,134515.36,134515.36,0.0,0.0,0.0,1,0
90,CASH_OUT,134515.36,134515.36,0.0,29488.06,164003.41,1,0
90,TRANSFER,266746.42,266746.42,0.0,0.0,0.0,1,0
90,TRANSFER,39664.74,39664.74,0.0,0.0,0.0,1,0
90,CASH_OUT,39664.74,39664.74,0.0,0.0,39664.74,1,0
90,TRANSFER,249791.3,249791.3,0.0,0.0,0.0,1,0
90,CASH_OUT,249791.3,249791.3,0.0,0.0,249791.3,1,0
91,TRANSFER,28308.97,28308.97,0.0,0.0,0.0,1,0
91,CASH_OUT,28308.97,28308.97,0.0,0.0,28308.97,1,0
92,TRANSFER,271908.4,271908.4,0.0,0.0,0.0,1,0
92,TRANSFER,101903.69,101903.69,0.0,0.0,0.0,1,0
92,CASH_OUT,101903.69,101903.69,0.0,280117.63,382021.32,1,0
92,TRANSFER,21574.55,21574.55,0.0,0.0,0.0,1,0
92,CASH_OUT,21574.55,21574.55,0.0,0.0,21574.55,1,0
92,TRANSFER,19742.71,19742.71,0.0,0.0,0.0,1,0
93,CASH_OUT,382882.16,0.0,0.0,465983.42,848865.58,0,0
93,PAYMENT,913.53,0.0,0.0,0.0,0.0,0,0
93,PAYMENT,3371.79,280.0,0.0,0.0,0.0,0,0
93,PAYMENT,5323.59,50874.0,45550.41,0.0,0.0,0,0
93,PAYMENT,780.0,124.0,0.0,0.0,0.0,0,0
93,CASH_OUT,56173.16,2637.0,0.0,615483.46,671656.62,0,0
93,TRANSFER,38150.22,38150.22,0.0,0.0,0.0,1,0
93,CASH_OUT,38150.22,38150.22,0.0,30220.14,68370.36,1,0
93,TRANSFER,4120.14,4120.14,0.0,0.0,0.0,1,0
93,CASH_OUT,4120.14,4120.14,0.0,0.0,4120.14,1,0
93,TRANSFER,175313.96,175313.96,0.0,0.0,0.0,1,0
93,TRANSFER,269545.63,269545.63,0.0,0.0,0.0,1,0
93,CASH_OUT,269545.63,269545.63,0.0,905690.55,1175236.17,1,0
94,CASH_OUT,155277.55,1825.58,0.0,384727.11,540004.66,0,0
94,CASH_OUT,19680.61,37478.07,17797.46,159890.75,179571.36,0,0
94,CASH_OUT,160600.91,102617.0,0.0,0.0,160600.91,0,0
94,PAYMENT,15394.75,21334.0,5939.25,0.0,0.0,0,0
94,PAYMENT,6936.0,0.0,0.0,0.0,0.0,0,0
94,PAYMENT,19857.57,0.0,0.0,0.0,0.0,0,0
94,PAYMENT,7317.72,0.0,0.0,0.0,0.0,0,0
94,CASH_OUT,64781.17,0.0,0.0,784476.38,849257.55,0,0
94,TRANSFER,203990.87,61318.0,0.0,0.0,203990.87,0,0
94,PAYMENT,10369.56,2409.0,0.0,0.0,0.0,0,0
94,PAYMENT,25065.95,0.0,0.0,0.0,0.0,0,0
94,CASH_OUT,149758.68,34134.0,0.0,181219.52,330978.2,0,0
94,PAYMENT,10743.46,5029.0,0.0,0.0,0.0,0,0
94,PAYMENT,11163.53,940.0,0.0,0.0,0.0,0,0
94,PAYMENT,2169.25,51894.0,49724.75,0.0,0.0,0,0
94,PAYMENT,1126.04,49808.0,48681.96,0.0,0.0,0,0
94,CASH_OUT,33448.87,70263.0,36814.13,251002.33,284451.2,0,0
94,PAYMENT,8223.05,67441.48,59218.43,0.0,0.0,0,0
94,TRANSFER,112263.87,0.0,0.0,367794.3,480058.17,0,0
94,CASH_IN,12557.56,2190.0,14747.56,0.0,0.0,0,0
94,PAYMENT,1884.72,30973.0,29088.28,0.0,0.0,0,0
94,PAYMENT,24075.95,0.0,0.0,0.0,0.0,0,0
94,CASH_OUT,86765.49,58423.0,0.0,56072.73,142838.22,0,0
95,PAYMENT,12106.62,30300.0,18193.38,0.0,0.0,0,0
95,PAYMENT,7380.12,0.0,0.0,0.0,0.0,0,0
95,CASH_OUT,152502.39,0.0,0.0,497110.57,649612.96,0,0
95,TRANSFER,168086.2,82.0,0.0,181217.68,349303.87,0,0
95,PAYMENT,11066.34,255.0,0.0,0.0,0.0,0,0
95,PAYMENT,3319.4,38002.0,34682.6,0.0,0.0,0,0
95,PAYMENT,9225.73,1164.0,0.0,0.0,0.0,0,0
95,CASH_OUT,55790.73,19912.0,0.0,262757.0,318547.73,0,0
95,PAYMENT,10262.98,0.0,0.0,0.0,0.0,0,0
95,PAYMENT,5963.09,0.0,0.0,0.0,0.0,0,0
95,PAYMENT,1711.48,36376.0,34664.52,0.0,0.0,0,0
95,TRANSFER,363425.41,0.0,0.0,374924.3,738349.71,0,0
95,PAYMENT,13118.52,72426.0,59307.48,0.0,0.0,0,0
95,CASH_OUT,363460.3,0.0,0.0,823382.19,1186842.5,0,0
95,CASH_OUT,277368.39,216.0,0.0,113976.85,391345.24,0,0
95,PAYMENT,7076.08,20976.0,13899.92,0.0,0.0,0,0
95,PAYMENT,10532.61,162.0,0.0,0.0,0.0,0,0
95,PAYMENT,13842.2,36227.0,22384.8,0.0,0.0,0,0
95,PAYMENT,6419.73,35539.0,29119.27,0.0,0.0,0,0
95,CASH_OUT,219966.92,1321.0,0.0,693910.23,913877.15,0,0
95,PAYMENT,2405.9,0.0,0.0,0.0,0.0,0,0
95,TRANSFER,56745.14,56745.14,0.0,0.0,0.0,1,0
95,CASH_OUT,56745.14,56745.14,0.0,51433.88,108179.02,1,0
95,TRANSFER,33676.59,33676.59,0.0,0.0,0.0,1,0
95,CASH_OUT,33676.59,33676.59,0.0,0.0,33676.59,1,0
95,TRANSFER,87999.25,87999.25,0.0,0.0,0.0,1,0
95,CASH_OUT,87999.25,87999.25,0.0,0.0,87999.25,1,0
95,TRANSFER,53062.52,53062.52,0.0,0.0,0.0,1,0
96,CASH_OUT,117707.29,1904.06,0.0,145335.5,263042.8,0,0
96,PAYMENT,11334.25,0.0,0.0,0.0,0.0,0,0
96,PAYMENT,17159.94,17123.25,0.0,0.0,0.0,0,0
96,PAYMENT,4191.12,0.0,0.0,0.0,0.0,0,0
96,TRANSFER,134018.39,1004.0,0.0,0.0,134018.39,0,0
96,CASH_OUT,121359.89,29702.0,0.0,92051.04,213410.93,0,0
96,PAYMENT,5054.05,41549.0,36494.95,0.0,0.0,0,0
96,CASH_OUT,229834.61,11011.77,0.0,772781.05,1002615.66,0,0
96,PAYMENT,15461.34,0.0,0.0,0.0,0.0,0,0
96,PAYMENT,2586.53,0.0,0.0,0.0,0.0,0,0
96,PAYMENT,1881.92,20878.0,18996.08,0.0,0.0,0,0
96,CASH_OUT,238772.13,126310.19,0.0,410993.65,649765.78,0,0
96,PAYMENT,1610.23,47252.0,45641.77,0.0,0.0,0,0
96,PAYMENT,3031.35,12674.0,9642.65,0.0,0.0,0,0
96,PAYMENT,927.31,5164.0,4236.69,0.0,0.0,0,0
96,PAYMENT,12488.41,49430.51,36942.1,0.0,0.0,0,0
96,PAYMENT,30217.84,0.0,0.0,0.0,0.0,0,0
96,PAYMENT,7264.98,9752.0,2487.02,0.0,0.0,0,0
96,PAYMENT,3996.6,19481.0,15484.4,0.0,0.0,0,0
96,CASH_OUT,211261.25,25145.0,0.0,0.0,211261.25,0,0
96,PAYMENT,6976.12,3085.0,0.0,0.0,0.0,0,0
96,PAYMENT,6372.73,0.0,0.0,0.0,0.0,0,0
96,PAYMENT,7201.36,50791.45,43590.09,0.0,0.0,0,0
97,PAYMENT,13853.55,2294.18,0.0,0.0,0.0,0,0
97,PAYMENT,9405.46,2048.0,0.0,0.0,0.0,0,0
97,TRANSFER,5624.02,5624.02,0.0,0.0,0.0,1,0
97,CASH_OUT,5624.02,5624.02,0.0,204072.3,209696.33,1,0
97,TRANSFER,253498.36,253498.36,0.0,0.0,0.0,1,0
97,TRANSFER,31329.62,31329.62,0.0,0.0,0.0,1,0
97,CASH_OUT,31329.62,31329.62,0.0,99659.09,130988.71,1,0
98,TRANSFER,8055.06,8055.06,0.0,0.0,0.0,1,0
98,CASH_OUT,8055.06,8055.06,0.0,0.0,8055.06,1,0
98,TRANSFER,63624.08,63624.08,0.0,0.0,0.0,1,0
98,CASH_OUT,63624.08,63624.08,0.0,0.0,63624.08,1,0
99,TRANSFER,130653.37,130653.37,0.0,0.0,0.0,1,0
99,CASH_OUT,130653.37,130653.37,0.0,89246.77,219900.14,1,0
100,TRANSFER,54994.1,54994.1,0.0,0.0,0.0,1,0
100,CASH_OUT,54994.1,54994.1,0.0,14941.39,69935.49,1,0
100,TRANSFER,28871.9,28871.9,0.0,0.0,0.0,1,0
100,CASH_OUT,28871.9,28871.9,0.0,500205.51,529077.41,1,0
101,TRANSFER,253793.28,253793.28,0.0,0.0,0.0,1,0
101,CASH_OUT,253793.28,253793.28,0.0,525977.66,779770.94,1,0
101,TRANSFER,127905.82,127905.82,0.0,0.0,0.0,1,0
101,CASH_OUT,127905.82,127905.82,0.0,0.0,127905.82,1,0
101,TRANSFER,146681.74,146681.74,0.0,0.0,0.0,1,0
101,CASH_OUT,146681.74,146681.74,0.0,63872.75,210554.49,1,0
102,TRANSFER,46081.45,46081.45,0.0,0.0,0.0,1,0
102,CASH_OUT,46081.45,46081.45,0.0,379334.45,425415.9,1,0
102,TRANSFER,22025.14,22025.14,0.0,0.0,0.0,1,0
103,TRANSFER,137508.01,137508.01,0.0,0.0,0.0,1,0
103,CASH_OUT,137508.01,137508.01,0.0,0.0,137508.01,1,0
104,TRANSFER,142336.65,142336.65,0.0,0.0,0.0,1,0
104,CASH_OUT,142336.65,142336.65,0.0,267803.17,410139.82,1,0
104,TRANSFER,86170.94,86170.94,0.0,0.0,0.0,1,0
104,CASH_OUT,86170.94,86170.94,0.0,288270.7,374441.64,1,0
104,TRANSFER,125159.2,125159.2,0.0,0.0,0.0,1,0
104,CASH_OUT,125159.2,125159.2,0.0,26664.19,151823.38,1,0
105,TRANSFER,40413.81,40413.81,0.0,0.0,0.0,1,0
105,CASH_OUT,40413.81,40413.81,0.0,0.0,40413.81,1,0
105,TRANSFER,35496.47,35496.47,0.0,0.0,0.0,1,0
105,CASH_OUT,35496.47,35496.47,0.0,123871.82,159368.28,1,0
105,TRANSFER,188854.39,188854.39,0.0,0.0,0.0,1,0
105,CASH_OUT,188854.39,188854.39,0.0,0.0,188854.39,1,0
105,TRANSFER,216351.05,216351.05,0.0,0.0,0.0,1,0
105,CASH_OUT,216351.05,216351.05,0.0,0.0,216351.05,1,0
106,TRANSFER,71277.45,71277.45,0.0,0.0,0.0,1,0
106,TRANSFER,8999.56,8999.56,0.0,0.0,0.0,1,0
106,CASH_OUT,8999.56,8999.56,0.0,0.0,8999.56,1,0
106,TRANSFER,2231.46,2231.46,0.0,0.0,0.0,1,0
106,CASH_OUT,2231.46,2231.46,0.0,0.0,2231.46,1,0
106,TRANSFER,186227.75,186227.75,0.0,0.0,0.0,1,0
106,CASH_OUT,186227.75,186227.75,0.0,225566.47,411794.22,1,0
106,TRANSFER,110457.0,110457.0,0.0,0.0,0.0,1,0
106,TRANSFER,219489.62,219489.62,0.0,0.0,0.0,1,0
106,CASH_OUT,219489.62,219489.62,0.0,0.0,219489.62,1,0
107,TRANSFER,37133.63,37133.63,0.0,0.0,0.0,1,0
107,CASH_OUT,37133.63,37133.63,0.0,848718.57,885852.2,1,0
107,TRANSFER,204675.48,204675.48,0.0,0.0,0.0,1,0
107,CASH_OUT,204675.48,204675.48,0.0,109380.43,314055.91,1,0
108,TRANSFER,36847.9,36847.9,0.0,0.0,0.0,1,0
108,CASH_OUT,36847.9,36847.9,0.0,0.0,36847.9,1,0
108,TRANSFER,99808.45,99808.45,0.0,0.0,0.0,1,0
108,CASH_OUT,99808.45,99808.45,0.0,47744.92,147553.37,1,0
109,TRANSFER,177344.53,177344.53,0.0,0.0,0.0,1,0
109,CASH_OUT,177344.53,177344.53,0.0,567501.75,744846.28,1,0
109,TRANSFER,126375.17,126375.17,0.0,0.0,0.0,1,0
109,CASH_OUT,126375.17,126375.17,0.0,0.0,126375.17,1,0
109,TRANSFER,252417.45,252417.45,0.0,0.0,0.0,1,0
109,CASH_OUT,252417.45,252417.45,0.0,401309.51,653726.95,1,0
109,TRANSFER,20243.24,20243.24,0.0,0.0,0.0,1,0
109,CASH_OUT,20243.24,20243.24,0.0,1132460.42,1152703.66,1,0
109,TRANSFER,94613.12,94613.12,0.0,0.0,0.0,1,0
109,CASH_OUT,94613.12,94613.12,0.0,0.0,94613.12,1,0
110,TRANSFER,93732.16,93732.16,0.0,0.0,0.0,1,0
110,CASH_OUT,93732.16,93732.16,0.0,131244.99,224977.15,1,0
111,TRANSFER,98692.72,98692.72,0.0,0.0,0.0,1,0
111,CASH_OUT,98692.72,98692.72,0.0,67599.16,166291.88,1,0
112,TRANSFER,42418.85,42418.85,0.0,0.0,0.0,1,0
112,CASH_OUT,42418.85,42418.85,0.0,0.0,42418.85,1,0
113,TRANSFER,37119.58,37119.58,0.0,0.0,0.0,1,0
113,CASH_OUT,37119.58,37119.58,0.0,0.0,37119.58,1,0
115,TRANSFER,120232.13,120232.13,0.0,0.0,0.0,1,0
115,TRANSFER,116977.16,116977.16,0.0,0.0,0.0,1,0
115,CASH_OUT,116977.16,116977.16,0.0,285995.28,402972.44,1,0
116,TRANSFER,12477.96,12477.96,0.0,0.0,0.0,1,0
116,CASH_OUT,12477.96,12477.96,0.0,0.0,12477.96,1,0
116,TRANSFER,85408.24,85408.24,0.0,0.0,0.0,1,0
116,CASH_OUT,85408.24,85408.24,0.0,299363.12,384771.36,1,0
117,TRANSFER,251621.18,251621.18,0.0,0.0,0.0,1,0
117,TRANSFER,149279.69,149279.69,0.0,0.0,0.0,1,0
117,CASH_OUT,149279.69,149279.69,0.0,229339.41,378619.1,1,0
117,TRANSFER,16671.29,16671.29,0.0,0.0,0.0,1,0
117,CASH_OUT,16671.29,16671.29,0.0,794922.06,811593.35,1,0
118,TRANSFER,50845.13,50845.13,0.0,0.0,0.0,1,0
118,TRANSFER,167963.64,167963.64,0.0,0.0,0.0,1,0
118,CASH_OUT,167963.64,167963.64,0.0,0.0,167963.64,1,0
119,CASH_OUT,125333.76,0.0,0.0,212612.13,337945.89,0,0
119,PAYMENT,5354.86,46.0,0.0,0.0,0.0,0,0
119,PAYMENT,7672.58,42866.0,35193.42,0.0,0.0,0,0
119,CASH_OUT,174222.42,0.0,0.0,948086.78,1122309.21,0,0
119,PAYMENT,16136.57,49884.0,33747.43,0.0,0.0,0,0
119,PAYMENT,9519.33,0.0,0.0,0.0,0.0,0,0
119,TRANSFER,224913.14,224913.14,0.0,0.0,0.0,1,0
119,TRANSFER,21698.13,21698.13,0.0,0.0,0.0,1,0
119,CASH_OUT,21698.13,21698.13,0.0,75618.16,97316.28,1,0
119,TRANSFER,202263.03,202263.03,0.0,0.0,0.0,1,0
119,CASH_OUT,202263.03,202263.03,0.0,538324.08,740587.11,1,0
120,PAYMENT,6272.42,48259.0,41986.58,0.0,0.0,0,0
120,PAYMENT,10642.26,63173.0,52530.74,0.0,0.0,0,0
120,PAYMENT,12400.3,11585.41,0.0,0.0,0.0,0,0
120,CASH_OUT,10592.51,5198.0,0.0,268063.49,278656.0,0,0
120,CASH_OUT,180087.68,0.0,0.0,654545.1,834632.78,0,0
120,PAYMENT,16598.66,40642.0,24043.34,0.0,0.0,0,0
120,PAYMENT,4634.8,0.0,0.0,0.0,0.0,0,0
120,PAYMENT,1248.23,10712.0,9463.77,0.0,0.0,0,0
120,PAYMENT,3439.05,4522.0,1082.95,0.0,0.0,0,0
120,PAYMENT,48263.51,0.0,0.0,0.0,0.0,0,0
120,PAYMENT,7986.2,0.0,0.0,0.0,0.0,0,0
120,PAYMENT,3831.63,54521.0,50689.37,0.0,0.0,0,0
120,PAYMENT,10379.85,33767.02,23387.17,0.0,0.0,0,0
120,PAYMENT,947.21,51769.0,50821.79,0.0,0.0,0,0
120,CASH_OUT,411486.42,0.0,0.0,718808.92,1130295.33,0,0
120,CASH_OUT,30098.35,0.0,0.0,385438.33,415536.68,0,0
120,PAYMENT,9628.32,11441.0,1812.68,0.0,0.0,0,0
120,PAYMENT,6243.59,0.0,0.0,0.0,0.0,0,0
120,PAYMENT,3578.34,2512.0,0.0,0.0,0.0,0,0
120,PAYMENT,9904.53,0.0,0.0,0.0,0.0,0,0
120,TRANSFER,105859.41,105859.41,0.0,0.0,0.0,1,0
120,TRANSFER,49571.87,49571.87,0.0,0.0,0.0,1,0
120,CASH_OUT,49571.87,49571.87,0.0,312586.22,362158.08,1,0
120,TRANSFER,107773.49,107773.49,0.0,0.0,0.0,1,0
121,PAYMENT,20419.19,10163.0,0.0,0.0,0.0,0,0
121,PAYMENT,23606.84,22376.0,0.0,0.0,0.0,0,0
121,PAYMENT,6791.19,0.0,0.0,0.0,0.0,0,0
121,TRANSFER,254440.83,254440.83,0.0,0.0,0.0,1,0
121,CASH_OUT,254440.83,254440.83,0.0,0.0,254440.83,1,0
121,TRANSFER,130987.75,130987.75,0.0,0.0,0.0,1,0
121,CASH_OUT,130987.75,130987.75,0.0,0.0,130987.75,1,0
121,TRANSFER,43357.65,43357.65,0.0,0.0,0.0,1,0
121,CASH_OUT,43357.65,43357.65,0.0,661905.95,705263.6,1,0
121,TRANSFER,174296.71,174296.71,0.0,0.0,0.0,1,0
121,CASH_OUT,174296.71,174296.71,0.0,234032.55,408329.26,1,0
122,TRANSFER,91637.51,91637.51,0.0,0.0,0.0,1,0
122,TRANSFER,188249.17,188249.17,0.0,0.0,0.0,1,0
122,CASH_OUT,188249.17,188249.17,0.0,381115.19,569364.36,1,0
123,TRANSFER,4289.18,4289.18,0.0,0.0,0.0,1,0
123,CASH_OUT,4289.18,4289.18,0.0,0.0,4289.18,1,0
125,TRANSFER,99793.9,99793.9,0.0,0.0,0.0,1,0
125,CASH_OUT,99793.9,99793.9,0.0,209608.93,309402.83,1,0
125,TRANSFER,222097.11,222097.11,0.0,0.0,0.0,1,0
125,CASH_OUT,222097.11,222097.11,0.0,383533.13,605630.23,1,0
125,TRANSFER,144065.75,144065.75,0.0,0.0,0.0,1,0
125,CASH_OUT,144065.75,144065.75,0.0,203138.85,347204.6,1,0
127,TRANSFER,6339.42,6339.42,0.0,0.0,0.0,1,0
127,CASH_OUT,6339.42,6339.42,0.0,342469.02,348808.44,1,0
128,TRANSFER,138993.63,138993.63,0.0,0.0,0.0,1,0
128,CASH_OUT,138993.63,138993.63,0.0,0.0,138993.63,1,0
129,PAYMENT,6832.89,30739.58,23906.7,0.0,0.0,0,0
129,CASH_OUT,14256.63,0.0,0.0,121200.51,135457.13,0,0
129,PAYMENT,7457.11,0.0,0.0,0.0,0.0,0,0
129,CASH_OUT,141024.9,0.0,0.0,230032.66,371057.56,0,0
129,CASH_OUT,8756.98,0.0,0.0,570386.11,579143.09,0,0
129,PAYMENT,2337.11,0.0,0.0,0.0,0.0,0,0
129,CASH_OUT,80675.61,0.0,0.0,1297744.57,1214560.54,0,0
129,CASH_OUT,109951.6,0.0,0.0,159865.84,269817.44,0,0
129,CASH_OUT,58795.52,0.0,0.0,1234628.69,1036590.0,0,0
129,PAYMENT,609.38,0.0,0.0,0.0,0.0,0,0
129,PAYMENT,1083.71,0.0,0.0,0.0,0.0,0,0
129,PAYMENT,21445.15,7363.0,0.0,0.0,0.0,0,0
129,PAYMENT,25348.08,0.0,0.0,0.0,0.0,0,0
129,PAYMENT,11141.52,13565.96,2424.44,0.0,0.0,0,0
129,PAYMENT,4224.78,1043.0,0.0,0.0,0.0,0,0
129,CASH_OUT,483050.79,279.0,0.0,0.0,483050.79,0,0
129,CASH_OUT,127294.23,11620.0,0.0,27449.0,154703.79,0,0
129,CASH_OUT,416318.53,2172.0,0.0,456633.81,1229514.56,0,0
129,PAYMENT,20203.34,9316.0,0.0,0.0,0.0,0,0
129,CASH_OUT,19064.54,10758.0,0.0,0.0,19064.54,0,0
129,PAYMENT,10505.98,0.0,0.0,0.0,0.0,0,0
129,PAYMENT,8951.84,4995.0,0.0,0.0,0.0,0,0
129,PAYMENT,24298.02,18444.77,0.0,0.0,0.0,0,0
129,CASH_OUT,112853.47,4471.0,0.0,506970.29,619823.76,0,0
129,CASH_OUT,264725.9,5004.0,0.0,50636.81,307944.17,0,0
129,CASH_OUT,157269.59,741.0,0.0,0.0,157269.59,0,0
129,CASH_OUT,185432.47,10992.0,0.0,197323.72,382756.19,0,0
129,PAYMENT,9172.58,10914.0,1741.42,0.0,0.0,0,0
129,CASH_OUT,203740.56,17870.0,0.0,45473.73,249214.28,0,0
129,CASH_OUT,269874.19,55841.0,0.0,96687.24,366561.42,0,0
129,CASH_OUT,152984.51,73268.0,0.0,524856.15,677840.66,0,0
129,DEBIT,2717.64,0.0,0.0,478715.11,481432.75,0,0
129,CASH_OUT,4428.67,378.0,0.0,416469.87,673837.05,0,0
129,TRANSFER,272901.89,0.0,0.0,655554.94,928456.83,0,0
129,CASH_OUT,30338.06,0.0,0.0,721976.85,752314.92,0,0
129,PAYMENT,3359.02,0.0,0.0,0.0,0.0,0,0
129,PAYMENT,7266.13,45943.0,38676.87,0.0,0.0,0,0
129,PAYMENT,22412.41,0.0,0.0,0.0,0.0,0,0
129,PAYMENT,6976.82,0.0,0.0,0.0,0.0,0,0
129,PAYMENT,6058.82,49602.0,43543.18,0.0,0.0,0,0
129,PAYMENT,11897.31,0.0,0.0,0.0,0.0,0,0
129,PAYMENT,2633.98,31976.0,29342.02,0.0,0.0,0,0
129,CASH_OUT,427560.73,51740.0,0.0,0.0,427560.73,0,0
129,CASH_OUT,270131.26,0.0,0.0,687872.57,958003.83,0,0
129,CASH_OUT,19959.5,14788.0,0.0,555054.4,575013.89,0,0
129,PAYMENT,14089.09,1029.0,0.0,0.0,0.0,0,0
129,CASH_OUT,141439.74,48827.0,0.0,89703.37,231143.11,0,0
129,PAYMENT,78.58,0.0,0.0,0.0,0.0,0,0
129,PAYMENT,2384.02,10262.0,7877.98,0.0,0.0,0,0
129,PAYMENT,6319.3,56690.0,50370.7,0.0,0.0,0,0
129,CASH_OUT,160334.31,143996.94,0.0,187107.12,244453.06,0,0
129,CASH_OUT,115652.97,49019.0,0.0,24408.0,0.0,0,0
129,CASH_OUT,226169.93,0.0,0.0,256149.71,482319.64,0,0
129,PAYMENT,24895.32,0.0,0.0,0.0,0.0,0,0
129,PAYMENT,16964.1,59710.0,42745.9,0.0,0.0,0,0
129,TRANSFER,139210.23,139210.23,0.0,0.0,0.0,1,0
129,CASH_OUT,139210.23,139210.23,0.0,389208.21,528418.44,1,0
130,CASH_OUT,324675.5,102087.0,0.0,28604.77,353280.27,0,0
130,CASH_OUT,21774.42,24754.0,2979.58,0.0,21774.42,0,0
130,PAYMENT,19805.51,0.0,0.0,0.0,0.0,0,0
130,CASH_OUT,220315.14,0.0,0.0,230424.2,450739.34,0,0
130,PAYMENT,14845.09,22611.66,7766.57,0.0,0.0,0,0
130,CASH_OUT,296460.23,0.0,0.0,323595.82,620056.05,0,0
130,CASH_OUT,137724.0,0.0,0.0,336639.99,789327.21,0,0
130,PAYMENT,25844.32,0.0,0.0,0.0,0.0,0,0
130,PAYMENT,10430.19,0.0,0.0,0.0,0.0,0,0
130,TRANSFER,325944.15,0.0,0.0,705006.99,1030951.14,0,0
130,CASH_OUT,205278.86,0.0,0.0,828722.45,1034001.3,0,0
130,PAYMENT,40077.94,609.0,0.0,0.0,0.0,0,0
130,PAYMENT,45801.18,91.0,0.0,0.0,0.0,0,0
130,CASH_OUT,3708.31,0.0,0.0,120470.13,124178.44,0,0
130,PAYMENT,20391.74,524.0,0.0,0.0,0.0,0,0
130,CASH_OUT,58035.43,24832.0,0.0,416075.85,474111.28,0,0
130,CASH_OUT,418022.93,246.0,0.0,0.0,418022.93,0,0
130,CASH_OUT,10211.41,0.0,0.0,473703.17,483914.58,0,0
130,CASH_OUT,138267.79,10032.0,0.0,0.0,138267.79,0,0
130,PAYMENT,13564.18,0.0,0.0,0.0,0.0,0,0
130,CASH_OUT,77278.88,61667.0,0.0,206583.25,288349.84,0,0
130,PAYMENT,21555.79,0.0,0.0,0.0,0.0,0,0
130,CASH_OUT,26826.09,0.0,0.0,412953.07,556802.64,0,0
130,PAYMENT,33083.18,1452.0,0.0,0.0,0.0,0,0
130,TRANSFER,195963.93,0.0,0.0,639971.93,835935.86,0,0
130,PAYMENT,85381.6,13869.0,0.0,0.0,0.0,0,0
130,PAYMENT,10469.64,0.0,0.0,0.0,0.0,0,0
130,PAYMENT,26088.69,0.0,0.0,0.0,0.0,0,0
130,CASH_OUT,63864.32,0.0,0.0,382620.96,446485.28,0,0
130,CASH_OUT,245533.32,0.0,0.0,363700.33,609233.65,0,0
130,CASH_OUT,286946.19,11086.0,0.0,0.0,286946.19,0,0
130,CASH_OUT,205772.5,235975.0,30202.5,153920.54,359693.04,0,0
130,DEBIT,25366.69,13513.54,0.0,111140.32,136507.01,0,0
130,PAYMENT,664.46,6405.06,5740.6,0.0,0.0,0,0
130,PAYMENT,42079.36,42938.0,858.64,0.0,0.0,0,0
130,PAYMENT,20646.13,0.0,0.0,0.0,0.0,0,0
130,PAYMENT,20241.75,20751.0,509.25,0.0,0.0,0,0
130,CASH_OUT,180197.17,0.0,0.0,189924.99,370122.16,0,0
130,PAYMENT,51536.68,38924.0,0.0,0.0,0.0,0,0
130,PAYMENT,11354.55,0.0,0.0,0.0,0.0,0,0
130,PAYMENT,24849.35,77272.72,52423.37,0.0,0.0,0,0
130,PAYMENT,40493.92,6413.0,0.0,0.0,0.0,0,0
130,CASH_OUT,423344.39,83467.36,0.0,449572.72,872917.11,0,0
130,PAYMENT,3219.44,19778.0,16558.56,0.0,0.0,0,0
130,CASH_OUT,241312.85,0.0,0.0,1009188.53,1250501.38,0,0
130,PAYMENT,17015.21,0.0,0.0,0.0,0.0,0,0
130,CASH_OUT,103214.78,0.0,0.0,210690.6,313905.37,0,0
130,CASH_OUT,114322.38,11031.0,0.0,0.0,114322.38,0,0
130,PAYMENT,73857.58,0.0,0.0,0.0,0.0,0,0
130,PAYMENT,937.57,3257.1,2319.53,0.0,0.0,0,0
130,CASH_OUT,309951.61,0.0,0.0,462549.81,772501.42,0,0
130,PAYMENT,25823.07,16606.0,0.0,0.0,0.0,0,0
130,PAYMENT,20061.5,0.0,0.0,0.0,0.0,0,0
130,CASH_OUT,397262.81,70345.0,0.0,0.0,397262.81,0,0
130,PAYMENT,22822.54,0.0,0.0,0.0,0.0,0,0
130,PAYMENT,12515.78,13782.61,1266.82,0.0,0.0,0,0
130,PAYMENT,9011.33,0.0,0.0,0.0,0.0,0,0
130,PAYMENT,15444.02,17150.45,1706.43,0.0,0.0,0,0
130,CASH_OUT,120008.17,0.0,0.0,126215.03,246223.2,0,0
130,CASH_OUT,158537.96,567.0,0.0,715906.52,874444.48,0,0
130,PAYMENT,11905.91,0.0,0.0,0.0,0.0,0,0
130,PAYMENT,9936.44,0.0,0.0,0.0,0.0,0,0
130,PAYMENT,12055.93,0.0,0.0,0.0,0.0,0,0
130,PAYMENT,11521.5,0.0,0.0,0.0,0.0,0,0
130,CASH_OUT,8951.04,127.0,0.0,0.0,8951.04,0,0
130,PAYMENT,57624.45,11591.0,0.0,0.0,0.0,0,0
130,PAYMENT,6542.65,0.0,0.0,0.0,0.0,0,0
130,PAYMENT,39984.77,0.0,0.0,0.0,0.0,0,0
130,PAYMENT,11590.0,0.0,0.0,0.0,0.0,0,0
130,CASH_OUT,46814.33,0.0,0.0,79596.25,126410.58,0,0
130,CASH_OUT,230600.18,11323.0,0.0,84833.44,315433.62,0,0
130,CASH_OUT,128993.87,0.0,0.0,787167.17,916161.04,0,0
130,TRANSFER,237299.88,0.0,0.0,417724.48,655024.36,0,0
130,PAYMENT,1668.96,0.0,0.0,0.0,0.0,0,0
130,CASH_OUT,231080.04,0.0,0.0,638653.98,869734.01,0,0
130,CASH_OUT,68544.94,31600.0,0.0,1123899.99,1192444.93,0,0
130,CASH_OUT,31733.46,0.0,0.0,266798.41,298531.87,0,0
130,CASH_OUT,196765.61,0.0,0.0,324683.47,521449.08,0,0
130,PAYMENT,24975.41,36616.0,11640.59,0.0,0.0,0,0
130,CASH_OUT,37601.4,0.0,0.0,209570.37,247171.77,0,0
130,TRANSFER,201988.55,201988.55,0.0,0.0,0.0,1,0
130,CASH_OUT,201988.55,201988.55,0.0,0.0,201988.55,1,0
130,TRANSFER,21531.0,21531.0,0.0,0.0,0.0,1,0
130,CASH_OUT,21531.0,21531.0,0.0,0.0,21531.0,1,0
131,CASH_OUT,228015.2,80701.0,0.0,4574.39,232589.6,0,0
131,CASH_OUT,147733.0,0.0,0.0,711698.85,859431.85,0,0
131,CASH_OUT,183080.31,0.0,0.0,203676.01,386756.32,0,0
131,CASH_OUT,252082.32,6706.0,0.0,830863.47,1082945.78,0,0
131,CASH_OUT,155813.28,170235.0,14421.72,0.0,155813.28,0,0
131,PAYMENT,12437.61,54646.0,42208.39,0.0,0.0,0,0
131,PAYMENT,22947.63,79443.75,56496.12,0.0,0.0,0,0
131,PAYMENT,17003.5,27379.0,10375.5,0.0,0.0,0,0
131,CASH_OUT,252971.09,107483.0,0.0,0.0,252971.09,0,0
131,CASH_OUT,345683.93,26134.0,0.0,11069.0,356752.93,0,0
131,PAYMENT,36692.2,73549.0,36856.8,0.0,0.0,0,0
131,PAYMENT,40847.31,0.0,0.0,0.0,0.0,0,0
131,PAYMENT,26097.33,214.0,0.0,0.0,0.0,0,0
131,CASH_OUT,96056.71,138637.0,42580.29,445942.5,541999.21,0,0
131,PAYMENT,1949.74,0.0,0.0,0.0,0.0,0,0
131,CASH_OUT,227736.77,57419.0,0.0,50967.85,278704.62,0,0
131,CASH_OUT,50515.51,0.0,0.0,794996.17,845511.67,0,0
131,CASH_OUT,39825.84,29856.0,0.0,20061.98,59887.82,0,0
131,PAYMENT,6352.69,1700.0,0.0,0.0,0.0,0,0
131,PAYMENT,17011.54,3915.19,0.0,0.0,0.0,0,0
131,PAYMENT,1641.65,40097.0,38455.35,0.0,0.0,0,0
131,CASH_OUT,123802.14,0.0,0.0,324064.42,447866.56,0,0
131,CASH_OUT,172339.87,0.0,0.0,222495.06,394834.93,0,0
131,PAYMENT,11490.39,0.0,0.0,0.0,0.0,0,0
131,PAYMENT,1722.59,394.11,0.0,0.0,0.0,0,0
131,PAYMENT,8873.81,20502.37,11628.56,0.0,0.0,0,0
131,PAYMENT,2219.3,10963.0,8743.7,0.0,0.0,0,0
131,CASH_OUT,76782.97,22098.0,0.0,0.0,76782.97,0,0
131,CASH_OUT,131925.57,94.0,0.0,0.0,131925.57,0,0
131,PAYMENT,16399.79,13537.17,0.0,0.0,0.0,0,0
131,PAYMENT,12350.0,0.0,0.0,0.0,0.0,0,0
131,CASH_OUT,446513.78,151759.0,0.0,0.0,446513.78,0,0
131,TRANSFER,185493.11,78006.65,0.0,415418.3,600911.4,0,0
131,PAYMENT,11797.51,0.0,0.0,0.0,0.0,0,0
131,PAYMENT,15762.34,0.0,0.0,0.0,0.0,0,0
131,CASH_OUT,217043.56,8152.64,0.0,344081.64,561125.2,0,0
131,CASH_OUT,38146.83,0.0,0.0,295302.14,333448.97,0,0
131,CASH_OUT,145684.0,1994.0,0.0,160412.49,306096.49,0,0
131,TRANSFER,29593.39,137.0,0.0,48477.61,78071.01,0,0
131,PAYMENT,10766.63,0.0,0.0,0.0,0.0,0,0
131,CASH_OUT,48522.9,0.0,0.0,291655.1,0.0,0,0
131,PAYMENT,18874.11,10070.0,0.0,0.0,0.0,0,0
131,CASH_OUT,7987.3,10263.0,2275.7,284172.75,292160.05,0,0
131,PAYMENT,9689.9,0.0,0.0,0.0,0.0,0,0
131,CASH_IN,11199.32,5503.0,16702.32,0.0,0.0,0,0
131,CASH_OUT,157977.75,100586.0,0.0,196586.29,354564.04,0,0
131,CASH_OUT,292330.34,0.0,0.0,595657.72,887988.06,0,0
131,CASH_OUT,29270.67,0.0,0.0,305964.79,335235.46,0,0
131,CASH_OUT,59185.72,0.0,0.0,181783.98,293569.05,0,0
131,CASH_OUT,179981.23,51331.0,0.0,12230.92,192212.16,0,0
131,CASH_OUT,61376.97,0.0,0.0,711808.58,773185.55,0,0
131,CASH_OUT,242937.66,79245.0,0.0,444977.87,687915.53,0,0
131,PAYMENT,6925.24,0.0,0.0,0.0,0.0,0,0
131,PAYMENT,34178.28,0.0,0.0,0.0,0.0,0,0
131,CASH_OUT,8272.38,0.0,0.0,860728.77,869001.15,0,0
131,CASH_OUT,481136.74,411.0,0.0,766333.25,1247469.99,0,0
131,PAYMENT,20298.74,728.0,0.0,0.0,0.0,0,0
131,PAYMENT,19164.18,20284.0,1119.82,0.0,0.0,0,0
131,PAYMENT,2549.71,0.0,0.0,0.0,0.0,0,0
131,TRANSFER,62287.24,0.0,0.0,10568.0,72855.24,0,0
131,PAYMENT,17396.89,61109.79,43712.89,0.0,0.0,0,0
131,CASH_OUT,113967.34,33366.5,0.0,566248.9,680216.24,0,0
131,PAYMENT,14164.48,0.0,0.0,0.0,0.0,0,0
131,PAYMENT,17479.03,0.0,0.0,0.0,0.0,0,0
131,PAYMENT,4505.42,0.0,0.0,0.0,0.0,0,0
131,CASH_OUT,446891.94,228963.0,0.0,0.0,446891.94,0,0
131,PAYMENT,21353.59,39373.0,18019.41,0.0,0.0,0,0
131,CASH_OUT,346433.38,0.0,0.0,481879.3,828312.68,0,0
131,CASH_OUT,260143.1,0.0,0.0,457296.98,717440.08,0,0
131,PAYMENT,33976.83,0.0,0.0,0.0,0.0,0,0
131,PAYMENT,5832.58,19746.0,13913.42,0.0,0.0,0,0
131,CASH_OUT,106711.29,52362.0,0.0,0.0,106711.29,0,0
131,CASH_OUT,215732.59,35038.0,0.0,0.0,215732.59,0,0
131,CASH_OUT,108602.93,0.0,0.0,177907.64,286510.57,0,0
131,PAYMENT,8845.3,49672.0,40826.7,0.0,0.0,0,0
131,CASH_OUT,44224.38,0.0,0.0,158783.01,203007.39,0,0
131,CASH_OUT,23987.59,42062.0,18074.41,1007271.27,1031258.86,0,0
131,CASH_OUT,49169.0,20885.0,0.0,0.0,49169.0,0,0
131,PAYMENT,6212.6,34410.0,28197.4,0.0,0.0,0,0
131,PAYMENT,27812.73,85080.0,57267.27,0.0,0.0,0,0
131,CASH_OUT,216141.92,0.0,0.0,396495.72,612637.64,0,0
131,PAYMENT,8168.93,0.0,0.0,0.0,0.0,0,0
131,CASH_OUT,235015.93,202338.0,0.0,34913.65,269929.58,0,0
131,CASH_OUT,384542.55,23373.0,0.0,0.0,384542.55,0,0
131,PAYMENT,4728.47,0.0,0.0,0.0,0.0,0,0
131,TRANSFER,389795.98,0.0,0.0,475695.28,865491.26,0,0
131,CASH_OUT,175480.74,0.0,0.0,930312.02,1105792.76,0,0
131,PAYMENT,26369.17,59682.0,33312.83,0.0,0.0,0,0
131,CASH_IN,26051.66,30694.0,56745.66,39272.74,13221.08,0,0
131,PAYMENT,14419.92,5967.68,0.0,0.0,0.0,0,0
131,PAYMENT,10226.6,9615.0,0.0,0.0,0.0,0,0
131,PAYMENT,1926.69,0.0,0.0,0.0,0.0,0,0
131,PAYMENT,2671.88,10624.0,7952.12,0.0,0.0,0,0
131,CASH_OUT,177125.52,50888.0,0.0,167251.08,344376.6,0,0
131,CASH_OUT,96294.59,0.0,0.0,572431.05,668725.64,0,0
131,CASH_OUT,363640.87,79348.0,0.0,0.0,363640.87,0,0
131,CASH_OUT,352731.78,0.0,0.0,470677.61,483582.13,0,0
131,PAYMENT,7770.3,0.0,0.0,0.0,0.0,0,0
131,PAYMENT,1719.33,21179.0,19459.67,0.0,0.0,0,0
131,CASH_OUT,238142.44,21306.0,0.0,8690.51,246832.95,0,0
131,CASH_OUT,12423.88,0.0,0.0,99411.71,111835.59,0,0
131,CASH_OUT,119034.99,0.0,0.0,614506.4,733541.39,0,0
131,CASH_OUT,199963.97,11818.0,0.0,0.0,199963.97,0,0
131,PAYMENT,11052.2,0.0,0.0,0.0,0.0,0,0
131,PAYMENT,30972.1,0.0,0.0,0.0,0.0,0,0
131,CASH_OUT,179853.06,0.0,0.0,0.0,179853.06,0,0
131,CASH_OUT,116594.7,0.0,0.0,645530.88,762125.58,0,0
131,CASH_OUT,317238.18,52332.0,0.0,0.0,317238.18,0,0
131,TRANSFER,269937.3,191250.56,0.0,480992.75,750930.06,0,0
131,CASH_OUT,283986.15,32208.0,0.0,283549.18,567535.33,0,0
131,PAYMENT,12125.14,10667.0,0.0,0.0,0.0,0,0
131,TRANSFER,53340.45,53340.45,0.0,0.0,0.0,1,0
131,CASH_OUT,53340.45,53340.45,0.0,0.0,53340.45,1,0
131,TRANSFER,124057.58,124057.58,0.0,0.0,0.0,1,0
132,PAYMENT,38963.78,10457.0,0.0,0.0,0.0,0,0
132,PAYMENT,9205.42,16593.0,7387.58,0.0,0.0,0,0
132,CASH_IN,20874.79,19364.0,40238.79,321743.27,300868.48,0,0
132,PAYMENT,2526.03,0.0,0.0,0.0,0.0,0,0
132,PAYMENT,34599.25,0.0,0.0,0.0,0.0,0,0
132,CASH_OUT,17299.4,0.0,0.0,619503.15,636802.55,0,0
132,CASH_IN,16678.03,31860.0,48538.03,154685.5,138007.46,0,0
132,PAYMENT,24084.39,286.0,0.0,0.0,0.0,0,0
132,CASH_OUT,105459.92,6100.0,0.0,766416.07,871876.0,0,0
132,CASH_OUT,165749.63,70735.0,0.0,454303.66,620053.29,0,0
132,PAYMENT,27311.89,55620.0,28308.11,0.0,0.0,0,0
132,CASH_OUT,167678.51,21698.0,0.0,0.0,167678.51,0,0
132,CASH_IN,10367.29,10913.0,21280.29,48531.84,38164.54,0,0
132,PAYMENT,41085.66,22796.89,0.0,0.0,0.0,0,0
132,PAYMENT,5237.01,0.0,0.0,0.0,0.0,0,0
132,CASH_OUT,358417.17,190.0,0.0,894138.17,1252555.35,0,0
132,CASH_OUT,194553.34,14451.0,0.0,126738.33,321291.66,0,0
132,TRANSFER,280673.21,0.0,0.0,857553.81,1138227.03,0,0
132,CASH_OUT,190968.37,51903.0,0.0,0.0,190968.37,0,0
132,CASH_OUT,63465.5,0.0,0.0,207860.06,271325.56,0,0
132,CASH_OUT,127452.12,0.0,0.0,434519.59,561971.71,0,0
132,CASH_OUT,76565.81,0.0,0.0,643556.81,720122.62,0,0
132,CASH_OUT,214425.27,160068.0,0.0,7960.59,222385.86,0,0
132,PAYMENT,28862.67,0.0,0.0,0.0,0.0,0,0
132,PAYMENT,52600.44,20605.29,0.0,0.0,0.0,0,0
132,PAYMENT,19383.16,0.0,0.0,0.0,0.0,0,0
132,TRANSFER,346399.15,0.0,0.0,722215.07,1068614.22,0,0
132,CASH_OUT,123508.19,0.0,0.0,296887.57,189477.35,0,0
132,PAYMENT,8526.02,0.0,0.0,0.0,0.0,0,0
132,PAYMENT,11747.06,12246.0,498.94,0.0,0.0,0,0
132,PAYMENT,18757.14,0.0,0.0,0.0,0.0,0,0
132,PAYMENT,24308.9,0.0,0.0,0.0,0.0,0,0
132,TRANSFER,225941.75,125829.0,0.0,314069.17,540010.91,0,0
132,CASH_OUT,462086.01,125464.0,0.0,390032.82,852118.83,0,0
132,CASH_OUT,202957.3,52371.0,0.0,363135.47,145713.24,0,0
132,CASH_OUT,25708.63,0.0,0.0,257882.73,283591.36,0,0
132,PAYMENT,18024.39,29964.0,11939.61,0.0,0.0,0,0
132,CASH_OUT,48286.16,14732.0,0.0,272251.17,320537.33,0,0
132,CASH_OUT,121296.97,21574.0,0.0,237510.89,358807.86,0,0
132,PAYMENT,6111.63,21036.0,14924.37,0.0,0.0,0,0
132,PAYMENT,19562.18,0.0,0.0,0.0,0.0,0,0
132,PAYMENT,36347.86,182.0,0.0,0.0,0.0,0,0
132,PAYMENT,1888.0,0.0,0.0,0.0,0.0,0,0
132,CASH_OUT,91694.42,63038.0,0.0,488399.75,580094.17,0,0
132,PAYMENT,38595.52,11685.0,0.0,0.0,0.0,0,0
132,PAYMENT,42344.49,11758.0,0.0,0.0,0.0,0,0
132,CASH_OUT,292028.1,206553.0,0.0,115998.66,408026.76,0,0
132,CASH_OUT,191470.61,61546.0,0.0,35011.09,226481.69,0,0
132,PAYMENT,10129.14,0.0,0.0,0.0,0.0,0,0
132,CASH_OUT,14990.19,0.0,0.0,519671.77,534661.96,0,0
132,PAYMENT,18292.57,0.0,0.0,0.0,0.0,0,0
132,PAYMENT,21654.6,14970.0,0.0,0.0,0.0,0,0
132,CASH_OUT,165763.62,11448.0,0.0,0.0,165763.62,0,0
132,CASH_OUT,397050.71,0.0,0.0,535567.75,932618.46,0,0
132,PAYMENT,14104.72,0.0,0.0,0.0,0.0,0,0
132,CASH_OUT,130484.82,0.0,0.0,172963.48,303448.3,0,0
132,CASH_OUT,97380.49,3005.0,0.0,0.0,97380.49,0,0
132,TRANSFER,327237.34,0.0,0.0,435334.41,762571.75,0,0
132,PAYMENT,22469.25,0.0,0.0,0.0,0.0,0,0
132,PAYMENT,33918.36,20335.45,0.0,0.0,0.0,0,0
132,CASH_OUT,149675.85,0.0,0.0,217765.29,367441.14,0,0
132,PAYMENT,35254.69,0.0,0.0,0.0,0.0,0,0
132,PAYMENT,27965.85,387.0,0.0,0.0,0.0,0,0
132,PAYMENT,10270.07,13968.0,3697.93,0.0,0.0,0,0
132,PAYMENT,21657.71,75692.0,54034.29,0.0,0.0,0,0
132,PAYMENT,209.74,0.0,0.0,0.0,0.0,0,0
132,CASH_OUT,227680.51,0.0,0.0,324187.6,551868.11,0,0
132,CASH_OUT,331901.62,598.0,0.0,847934.06,1179835.68,0,0
132,CASH_OUT,355301.88,1804.0,0.0,0.0,355301.88,0,0
132,CASH_OUT,170546.97,31283.0,0.0,243136.88,413683.84,0,0
132,CASH_OUT,210414.55,0.0,0.0,1039161.85,1249576.4,0,0
132,TRANSFER,167888.75,138162.0,0.0,352322.63,520211.38,0,0
132,PAYMENT,15669.69,0.0,0.0,0.0,0.0,0,0
132,TRANSFER,158642.57,150.0,0.0,103344.0,261986.57,0,0
132,PAYMENT,4666.89,59833.0,55166.11,0.0,0.0,0,0
132,PAYMENT,11811.75,4180.0,0.0,0.0,0.0,0,0
132,PAYMENT,33983.97,0.0,0.0,0.0,0.0,0,0
132,CASH_OUT,123226.49,0.0,0.0,297938.23,421164.73,0,0
132,CASH_OUT,23354.49,0.0,0.0,136814.61,160169.1,0,0
132,TRANSFER,287806.91,0.0,0.0,739274.97,1027081.88,0,0
132,CASH_OUT,49217.36,0.0,0.0,358828.15,509074.46,0,0
132,PAYMENT,15270.87,0.0,0.0,0.0,0.0,0,0
132,PAYMENT,1157.09,256.0,0.0,0.0,0.0,0,0
132,PAYMENT,3414.63,48814.62,45399.99,0.0,0.0,0,0
132,CASH_OUT,43632.45,24204.0,0.0,12957.82,56590.27,0,0
132,CASH_OUT,263822.81,15455.0,0.0,0.0,263822.81,0,0
132,CASH_OUT,193863.99,5057.0,0.0,904819.89,1098683.88,0,0
132,CASH_OUT,76313.94,0.0,0.0,1183211.74,1259525.69,0,0
132,PAYMENT,2264.33,60179.26,57914.92,0.0,0.0,0,0
132,CASH_OUT,91124.84,0.0,0.0,94782.41,185907.25,0,0
132,PAYMENT,34457.21,0.0,0.0,0.0,0.0,0,0
132,PAYMENT,5475.96,1995.0,0.0,0.0,0.0,0,0
132,PAYMENT,14987.31,0.0,0.0,0.0,0.0,0,0
132,CASH_OUT,118016.56,61137.0,0.0,0.0,0.0,0,0
132,CASH_OUT,286028.73,0.0,0.0,366961.54,748893.94,0,0
132,PAYMENT,12189.17,0.0,0.0,0.0,0.0,0,0
132,CASH_OUT,272712.45,0.0,0.0,683388.78,956101.23,0,0
132,CASH_OUT,241599.45,0.0,0.0,428097.95,720332.72,0,0
132,PAYMENT,533.16,6506.0,5972.84,0.0,0.0,0,0
132,CASH_OUT,89637.88,2082.0,0.0,0.0,89637.88,0,0
132,CASH_OUT,23114.38,769.0,0.0,0.0,23114.38,0,0
132,CASH_OUT,105093.91,0.0,0.0,976368.9,1081462.81,0,0
132,CASH_OUT,40398.07,0.0,0.0,75357.21,115755.29,0,0
132,CASH_OUT,215722.54,2120.0,0.0,750598.86,1241624.4,0,0
132,CASH_OUT,242515.07,0.0,0.0,463081.81,705596.88,0,0
132,PAYMENT,12351.96,0.0,0.0,0.0,0.0,0,0
132,PAYMENT,40822.13,0.0,0.0,0.0,0.0,0,0
132,CASH_OUT,32204.44,3642.0,0.0,210589.2,242793.64,0,0
132,TRANSFER,349768.73,233922.0,0.0,0.0,349768.73,0,0
132,PAYMENT,14572.77,0.0,0.0,0.0,0.0,0,0
132,TRANSFER,160617.3,0.0,0.0,821875.9,982493.2,0,0
132,TRANSFER,190737.49,190737.49,0.0,0.0,0.0,1,0
133,CASH_OUT,341093.84,154684.0,0.0,500060.45,841154.29,0,0
133,PAYMENT,30565.71,0.0,0.0,0.0,0.0,0,0
133,PAYMENT,6457.44,0.0,0.0,0.0,0.0,0,0
133,CASH_OUT,272515.7,16137.0,0.0,0.0,272515.7,0,0
133,CASH_OUT,328386.33,16273.0,0.0,0.0,328386.33,0,0
133,CASH_OUT,124902.88,0.0,0.0,218906.48,343809.36,0,0
133,PAYMENT,32738.84,3759.0,0.0,0.0,0.0,0,0
133,CASH_OUT,262896.47,64895.0,0.0,19460.66,282357.13,0,0
133,CASH_OUT,190599.37,11981.0,0.0,0.0,190599.37,0,0
133,PAYMENT,19360.22,11222.0,0.0,0.0,0.0,0,0
133,PAYMENT,2708.54,0.0,0.0,0.0,0.0,0,0
133,PAYMENT,28810.77,0.0,0.0,0.0,0.0,0,0
133,PAYMENT,2335.64,28866.96,26531.32,0.0,0.0,0,0
133,PAYMENT,26450.88,15771.0,0.0,0.0,0.0,0,0
133,PAYMENT,8381.86,12848.38,4466.51,0.0,0.0,0,0
133,CASH_OUT,231854.96,0.0,0.0,456528.14,688383.09,0,0
133,PAYMENT,51943.77,45592.0,0.0,0.0,0.0,0,0
133,CASH_OUT,94786.08,0.0,0.0,691588.27,786374.35,0,0
133,CASH_OUT,238348.07,0.0,0.0,374035.52,612383.6,0,0
133,CASH_OUT,53239.9,0.0,0.0,617323.83,670563.73,0,0
133,CASH_OUT,45738.49,76454.43,30715.93,409924.41,455662.9,0,0
133,PAYMENT,10461.67,0.0,0.0,0.0,0.0,0,0
133,PAYMENT,39367.6,21881.33,0.0,0.0,0.0,0,0
133,CASH_OUT,248339.31,15568.0,0.0,610254.13,858593.44,0,0
133,PAYMENT,13059.36,30614.0,17554.64,0.0,0.0,0,0
133,PAYMENT,23359.43,0.0,0.0,0.0,0.0,0,0
133,CASH_OUT,226276.95,0.0,0.0,982269.49,1208546.43,0,0
133,CASH_OUT,231655.37,11339.0,0.0,5007.0,160667.17,0,0
133,PAYMENT,36851.66,50188.0,13336.34,0.0,0.0,0,0
133,PAYMENT,17134.53,0.0,0.0,0.0,0.0,0,0
133,PAYMENT,8262.35,264.0,0.0,0.0,0.0,0,0
133,PAYMENT,15146.61,50265.0,35118.39,0.0,0.0,0,0
133,PAYMENT,14717.97,202.0,0.0,0.0,0.0,0,0
133,CASH_OUT,117120.78,0.0,0.0,260276.87,377397.64,0,0
133,PAYMENT,18645.01,151.0,0.0,0.0,0.0,0,0
133,CASH_OUT,27992.19,0.0,0.0,1206911.79,1234903.98,0,0
133,CASH_OUT,22749.83,0.0,0.0,169320.93,192070.76,0,0
133,CASH_IN,27020.18,12081.0,39101.18,0.0,0.0,0,0
133,PAYMENT,1764.32,0.0,0.0,0.0,0.0,0,0
133,PAYMENT,13168.47,0.0,0.0,0.0,0.0,0,0
133,CASH_OUT,301072.83,110448.0,0.0,0.0,301072.83,0,0
133,PAYMENT,13911.74,33889.09,19977.35,0.0,0.0,0,0
133,PAYMENT,10948.75,0.0,0.0,0.0,0.0,0,0
133,PAYMENT,5849.52,58117.08,52267.56,0.0,0.0,0,0
133,PAYMENT,33736.96,0.0,0.0,0.0,0.0,0,0
133,CASH_OUT,112488.99,392.0,0.0,294337.0,406825.99,0,0
133,CASH_OUT,190832.73,0.0,0.0,537094.63,727927.37,0,0
133,PAYMENT,6672.65,0.0,0.0,0.0,0.0,0,0
133,CASH_OUT,138392.61,146.0,0.0,0.0,190613.81,0,0
133,TRANSFER,393671.76,11285.0,0.0,789661.78,1183333.54,0,0
133,PAYMENT,7950.09,15567.0,7616.91,0.0,0.0,0,0
133,CASH_OUT,322153.26,121.0,0.0,781037.39,1103190.64,0,0
133,PAYMENT,37609.21,77530.0,39920.79,0.0,0.0,0,0
133,PAYMENT,3176.54,107.0,0.0,0.0,0.0,0,0
133,CASH_OUT,440760.6,0.0,0.0,807070.92,1247831.52,0,0
133,PAYMENT,33461.77,60010.47,26548.69,0.0,0.0,0,0
133,CASH_OUT,77010.75,22239.92,0.0,528987.54,605998.29,0,0
133,CASH_OUT,251417.06,11054.0,0.0,0.0,251417.06,0,0
133,PAYMENT,1615.95,864.0,0.0,0.0,0.0,0,0
133,CASH_OUT,123479.75,21518.0,0.0,0.0,123479.75,0,0
133,PAYMENT,2393.52,11759.0,9365.48,0.0,0.0,0,0
133,PAYMENT,20330.53,65606.22,45275.69,0.0,0.0,0,0
133,PAYMENT,18570.05,47488.0,28917.95,0.0,0.0,0,0
133,CASH_OUT,76488.1,1134.0,0.0,80593.04,157081.14,0,0
133,PAYMENT,1461.5,0.0,0.0,0.0,0.0,0,0
133,PAYMENT,30486.51,0.0,0.0,0.0,0.0,0,0
133,CASH_OUT,128688.21,0.0,0.0,888631.66,1017319.86,0,0
133,CASH_OUT,199377.57,32335.0,0.0,386681.83,586059.4,0,0
133,PAYMENT,80314.96,0.0,0.0,0.0,0.0,0,0
133,CASH_OUT,178786.68,0.0,0.0,730494.39,909281.08,0,0
133,PAYMENT,6825.79,0.0,0.0,0.0,0.0,0,0
133,PAYMENT,31923.37,0.0,0.0,0.0,0.0,0,0
133,PAYMENT,17726.65,44628.1,26901.44,0.0,0.0,0,0
133,PAYMENT,32495.26,0.0,0.0,0.0,0.0,0,0
133,TRANSFER,20826.83,0.0,0.0,24922.59,45749.42,0,0
133,PAYMENT,54119.53,13282.0,0.0,0.0,0.0,0,0
133,TRANSFER,322081.22,0.0,0.0,569096.81,891178.03,0,0
133,CASH_OUT,81178.59,0.0,0.0,262810.57,343989.17,0,0
133,CASH_OUT,261734.69,197.0,0.0,244709.62,506444.31,0,0
133,CASH_OUT,164484.32,0.0,0.0,366949.22,531433.54,0,0
133,PAYMENT,14977.56,61303.57,46326.01,0.0,0.0,0,0
133,CASH_OUT,235101.29,0.0,0.0,710914.6,946015.89,0,0
133,PAYMENT,15916.57,0.0,0.0,0.0,0.0,0,0
133,PAYMENT,6436.79,0.0,0.0,0.0,0.0,0,0
133,TRANSFER,493518.32,11693.0,0.0,665220.56,1158738.88,0,0
133,CASH_OUT,175345.86,15743.0,0.0,0.0,175345.86,0,0
133,PAYMENT,34494.06,19985.0,0.0,0.0,0.0,0,0
133,PAYMENT,14057.84,0.0,0.0,0.0,0.0,0,0
133,CASH_OUT,387078.64,16416.0,0.0,0.0,387078.64,0,0
133,PAYMENT,16051.07,0.0,0.0,0.0,0.0,0,0
133,PAYMENT,7542.9,0.0,0.0,0.0,0.0,0,0
133,PAYMENT,74122.26,1566.0,0.0,0.0,0.0,0,0
133,PAYMENT,13746.87,0.0,0.0,0.0,0.0,0,0
133,CASH_OUT,124783.28,18287.0,0.0,352158.58,476941.86,0,0
133,CASH_OUT,145702.14,105954.0,0.0,922394.94,1068097.08,0,0
133,CASH_OUT,10208.07,0.0,0.0,48933.71,59141.78,0,0
133,CASH_OUT,196997.68,5071.0,0.0,0.0,196997.68,0,0
133,PAYMENT,10748.24,2519.0,0.0,0.0,0.0,0,0
133,PAYMENT,10946.24,7428.07,0.0,0.0,0.0,0,0
133,TRANSFER,212130.67,212130.67,0.0,0.0,0.0,1,0
133,TRANSFER,16274.51,16274.51,0.0,0.0,0.0,1,0
133,CASH_OUT,16274.51,16274.51,0.0,44245.22,60519.73,1,0
133,TRANSFER,57512.29,57512.29,0.0,0.0,0.0,1,0
133,CASH_OUT,57512.29,57512.29,0.0,0.0,57512.29,1,0
134,CASH_OUT,194726.74,0.0,0.0,269366.53,464093.27,0,0
134,CASH_OUT,32195.32,0.0,0.0,513075.92,545271.23,0,0
134,CASH_OUT,281455.27,0.0,0.0,461503.58,742958.85,0,0
134,CASH_OUT,122553.9,0.0,0.0,232647.25,355201.15,0,0
134,PAYMENT,11083.57,11969.0,885.43,0.0,0.0,0,0
134,CASH_OUT,458827.87,2223.0,0.0,607802.84,1066630.72,0,0
134,CASH_OUT,182636.63,524.0,0.0,144642.72,327279.34,0,0
134,PAYMENT,9027.97,0.0,0.0,0.0,0.0,0,0
134,PAYMENT,21033.93,0.0,0.0,0.0,0.0,0,0
134,CASH_OUT,29718.76,0.0,0.0,572927.92,602646.68,0,0
134,PAYMENT,51381.87,995.0,0.0,0.0,0.0,0,0
134,CASH_OUT,53713.4,0.0,0.0,800760.84,854474.25,0,0
134,CASH_OUT,182794.21,0.0,0.0,655463.21,838257.42,0,0
134,CASH_OUT,281050.06,22293.0,0.0,400964.53,682014.59,0,0
134,CASH_OUT,344778.03,47349.0,0.0,27532.47,372310.5,0,0
134,CASH_OUT,28734.13,30152.0,1417.87,66770.69,95504.82,0,0
134,CASH_OUT,91752.42,5022.0,0.0,11519.97,93204.54,0,0
134,CASH_IN,40240.97,10717.0,50957.97,334723.33,294482.36,0,0
134,CASH_OUT,354416.11,0.0,0.0,682019.73,1036435.84,0,0
134,CASH_OUT,303342.7,48410.0,0.0,592502.0,895844.7,0,0
134,PAYMENT,40785.15,26018.0,0.0,0.0,0.0,0,0
134,TRANSFER,334035.34,19828.0,0.0,0.0,334035.34,0,0
134,TRANSFER,152863.17,0.0,0.0,585196.83,738060.0,0,0
134,CASH_OUT,12390.94,11038.0,0.0,71389.7,1182004.86,0,0
134,CASH_OUT,352613.75,477.0,0.0,729.32,353343.07,0,0
134,CASH_OUT,107794.49,0.0,0.0,118536.95,226331.44,0,0
134,PAYMENT,2837.04,0.0,0.0,0.0,0.0,0,0
134,PAYMENT,5579.61,9289.0,3709.39,0.0,0.0,0,0
134,PAYMENT,2051.17,0.0,0.0,0.0,0.0,0,0
134,PAYMENT,18228.52,0.0,0.0,0.0,0.0,0,0
134,PAYMENT,11385.84,0.0,0.0,0.0,0.0,0,0
134,CASH_OUT,221975.22,0.0,0.0,591341.42,813316.64,0,0
134,CASH_OUT,211213.82,0.0,0.0,254437.92,465651.75,0,0
134,PAYMENT,12929.05,0.0,0.0,0.0,0.0,0,0
134,CASH_IN,30279.09,1522.0,31801.09,21798.36,0.0,0,0
134,PAYMENT,4662.36,0.0,0.0,0.0,0.0,0,0
134,PAYMENT,42449.21,0.0,0.0,0.0,0.0,0,0
134,PAYMENT,4679.28,168.0,0.0,0.0,0.0,0,0
134,PAYMENT,59766.64,58345.0,0.0,0.0,0.0,0,0
134,CASH_OUT,24046.33,0.0,0.0,36202.75,60249.08,0,0
134,CASH_OUT,418580.88,216133.0,0.0,0.0,418580.88,0,0
134,PAYMENT,3575.78,30016.0,26440.22,0.0,0.0,0,0
134,PAYMENT,24894.76,0.0,0.0,0.0,0.0,0,0
134,CASH_OUT,227363.54,143021.0,0.0,0.0,227363.54,0,0
134,CASH_OUT,256771.7,42201.0,0.0,103204.4,359976.1,0,0
134,PAYMENT,29086.69,36556.0,7469.31,0.0,0.0,0,0
134,CASH_OUT,222179.22,10620.0,0.0,774025.12,996204.34,0,0
134,CASH_OUT,321213.19,49238.0,0.0,0.0,321213.19,0,0
134,PAYMENT,14016.26,0.0,0.0,0.0,0.0,0,0
134,CASH_OUT,70659.03,0.0,0.0,134728.09,205387.12,0,0
134,PAYMENT,37806.84,0.0,0.0,0.0,0.0,0,0
134,CASH_OUT,348978.73,0.0,0.0,431967.1,780945.83,0,0
134,CASH_OUT,1316.76,0.0,0.0,5830.85,7147.61,0,0
134,PAYMENT,2834.85,0.0,0.0,0.0,0.0,0,0
134,PAYMENT,8314.82,197.0,0.0,0.0,0.0,0,0
134,PAYMENT,6813.73,22181.19,15367.46,0.0,0.0,0,0
134,CASH_OUT,250108.18,68516.0,0.0,0.0,250108.18,0,0
134,TRANSFER,121883.36,0.0,0.0,635478.62,757361.98,0,0
134,PAYMENT,1895.39,145.0,0.0,0.0,0.0,0,0
134,CASH_OUT,133522.64,0.0,0.0,147855.92,281378.56,0,0
134,TRANSFER,297448.65,275640.0,0.0,526684.23,824132.87,0,0
134,PAYMENT,5776.31,0.0,0.0,0.0,0.0,0,0
134,PAYMENT,36270.5,11191.0,0.0,0.0,0.0,0,0
134,CASH_OUT,413333.28,205144.0,0.0,79641.05,492974.33,0,0
134,PAYMENT,14248.73,0.0,0.0,0.0,0.0,0,0
134,PAYMENT,2246.23,5466.07,3219.84,0.0,0.0,0,0
134,PAYMENT,43001.68,103058.85,60057.17,0.0,0.0,0,0
134,CASH_OUT,59371.15,0.0,0.0,108005.95,167377.1,0,0
134,CASH_OUT,501535.65,40577.0,0.0,377373.23,878908.88,0,0
134,PAYMENT,34288.73,0.0,0.0,0.0,0.0,0,0
134,PAYMENT,7387.44,0.0,0.0,0.0,0.0,0,0
134,CASH_OUT,63649.71,100199.0,36549.29,0.0,63649.71,0,0
134,PAYMENT,8298.96,0.0,0.0,0.0,0.0,0,0
134,CASH_OUT,139429.82,11382.0,0.0,537533.17,676962.99,0,0
134,PAYMENT,18954.94,51780.33,32825.39,0.0,0.0,0,0
134,TRANSFER,282112.67,26273.0,0.0,0.0,282112.67,0,0
134,PAYMENT,11344.25,0.0,0.0,0.0,0.0,0,0
134,CASH_OUT,470199.84,52979.0,0.0,0.0,470199.84,0,0
134,PAYMENT,6520.5,0.0,0.0,0.0,0.0,0,0
134,CASH_OUT,205512.38,5502.0,0.0,36408.1,241920.49,0,0
134,PAYMENT,40077.84,58365.77,18287.93,0.0,0.0,0,0
134,PAYMENT,9717.17,3524.0,0.0,0.0,0.0,0,0
134,CASH_OUT,90322.24,0.0,0.0,251403.18,341725.42,0,0
134,TRANSFER,100109.03,100109.03,0.0,0.0,0.0,1,0
134,CASH_OUT,100109.03,100109.03,0.0,0.0,100109.03,1,0
135,PAYMENT,681.53,6284.0,5602.47,0.0,0.0,0,0
135,CASH_OUT,226202.06,0.0,0.0,728163.15,954365.2,0,0
135,CASH_OUT,103703.8,120866.0,17162.2,0.0,103703.8,0,0
135,DEBIT,3806.63,29007.0,25200.37,1195223.12,1199029.75,0,0
135,CASH_OUT,114823.07,0.0,0.0,573314.22,688137.28,0,0
135,PAYMENT,8494.48,0.0,0.0,0.0,0.0,0,0
135,PAYMENT,1705.16,0.0,0.0,0.0,0.0,0,0
135,CASH_OUT,346540.45,21947.0,0.0,145537.15,492077.6,0,0
135,TRANSFER,85525.33,0.0,0.0,99980.09,185505.43,0,0
135,CASH_OUT,148113.46,10218.0,0.0,654228.93,802342.39,0,0
135,PAYMENT,6850.03,0.0,0.0,0.0,0.0,0,0
135,CASH_OUT,149325.83,15099.0,0.0,0.0,149325.83,0,0
135,PAYMENT,22010.64,0.0,0.0,0.0,0.0,0,0
135,PAYMENT,25737.63,11484.0,0.0,0.0,0.0,0,0
135,PAYMENT,15773.55,0.0,0.0,0.0,0.0,0,0
135,PAYMENT,7266.48,0.0,0.0,0.0,0.0,0,0
135,PAYMENT,28609.93,958.0,0.0,0.0,0.0,0,0
135,PAYMENT,5663.69,0.0,0.0,0.0,0.0,0,0
135,CASH_OUT,209429.27,0.0,0.0,210860.76,420290.03,0,0
135,PAYMENT,38563.74,550.0,0.0,0.0,0.0,0,0
135,PAYMENT,2980.22,0.0,0.0,0.0,0.0,0,0
135,CASH_OUT,40491.49,0.0,0.0,460472.35,500963.84,0,0
135,PAYMENT,1880.25,0.0,0.0,0.0,0.0,0,0
135,CASH_OUT,211963.2,90640.0,0.0,659434.09,871397.28,0,0
135,CASH_OUT,178549.01,0.0,0.0,248677.94,427226.95,0,0
135,PAYMENT,28479.77,3263.0,0.0,0.0,0.0,0,0
135,TRANSFER,96549.19,0.0,0.0,178028.7,274577.89,0,0
135,CASH_OUT,116387.75,273.0,0.0,0.0,116387.75,0,0
135,CASH_OUT,62246.3,0.0,0.0,223422.31,285668.61,0,0
135,CASH_OUT,114306.74,0.0,0.0,247577.01,361883.75,0,0
135,PAYMENT,17558.29,0.0,0.0,0.0,0.0,0,0
135,CASH_OUT,376799.32,0.0,0.0,393640.74,770440.06,0,0
135,PAYMENT,12389.65,0.0,0.0,0.0,0.0,0,0
135,CASH_OUT,112740.13,0.0,0.0,147948.15,287415.44,0,0
135,CASH_OUT,431863.98,0.0,0.0,662532.95,1094396.93,0,0
135,CASH_OUT,141777.95,30234.0,0.0,113821.15,255599.1,0,0
135,PAYMENT,7987.95,3786.0,0.0,0.0,0.0,0,0
135,PAYMENT,7240.53,0.0,0.0,0.0,0.0,0,0
135,TRANSFER,454695.27,109883.0,0.0,76135.54,530830.81,0,0
135,CASH_OUT,118307.41,0.0,0.0,168385.72,286693.13,0,0
135,PAYMENT,36805.45,3515.0,0.0,0.0,0.0,0,0
135,PAYMENT,3583.23,0.0,0.0,0.0,0.0,0,0
135,CASH_OUT,233901.94,9025.0,0.0,111746.92,519333.81,0,0
135,CASH_OUT,87079.78,156.0,0.0,370644.92,457724.7,0,0
135,PAYMENT,18673.3,677.0,0.0,0.0,0.0,0,0
135,PAYMENT,10880.32,0.0,0.0,0.0,0.0,0,0
135,PAYMENT,17666.91,35718.0,18051.09,0.0,0.0,0,0
135,CASH_OUT,101926.83,98124.0,0.0,420076.84,522003.67,0,0
135,PAYMENT,23457.61,25200.37,1742.76,0.0,0.0,0,0
135,PAYMENT,5414.25,0.0,0.0,0.0,0.0,0,0
135,CASH_OUT,174392.47,11059.0,0.0,803799.1,978191.57,0,0
135,CASH_OUT,9535.56,0.0,0.0,1235194.24,1244729.8,0,0
135,PAYMENT,155.75,0.0,0.0,0.0,0.0,0,0
135,CASH_OUT,224446.48,0.0,0.0,410829.06,635275.54,0,0
135,PAYMENT,18076.08,20151.0,2074.92,0.0,0.0,0,0
135,CASH_OUT,222880.88,21074.0,0.0,0.0,222880.88,0,0
135,PAYMENT,13211.64,0.0,0.0,0.0,0.0,0,0
135,PAYMENT,9276.48,0.0,0.0,0.0,0.0,0,0
135,PAYMENT,18591.68,34002.67,15410.99,0.0,0.0,0,0
135,PAYMENT,8441.9,0.0,0.0,0.0,0.0,0,0
135,CASH_OUT,178194.29,0.0,0.0,471395.41,649589.7,0,0
135,CASH_OUT,248264.98,2071.0,0.0,0.0,248264.98,0,0
135,TRANSFER,281428.26,75167.0,0.0,0.0,281428.26,0,0
135,TRANSFER,60646.82,60646.82,0.0,0.0,0.0,1,0
135,CASH_OUT,60646.82,60646.82,0.0,43264.78,103911.6,1,0
135,TRANSFER,128417.96,128417.96,0.0,0.0,0.0,1,0
135,CASH_OUT,128417.96,128417.96,0.0,99429.91,227847.87,1,0
135,TRANSFER,7927.06,7927.06,0.0,0.0,0.0,1,0
135,CASH_OUT,7927.06,7927.06,0.0,0.0,7927.06,1,0
136,CASH_OUT,79112.88,0.0,0.0,404283.21,483396.1,0,0
136,PAYMENT,16726.84,22459.0,5732.16,0.0,0.0,0,0
136,PAYMENT,29388.84,51881.0,22492.16,0.0,0.0,0,0
136,CASH_OUT,39503.22,0.0,0.0,370774.99,511655.44,0,0
136,PAYMENT,16242.35,0.0,0.0,0.0,0.0,0,0
136,PAYMENT,27696.92,10096.0,0.0,0.0,0.0,0,0
136,PAYMENT,9425.8,21382.0,11956.2,0.0,0.0,0,0
136,CASH_OUT,38704.59,0.0,0.0,393514.78,432219.37,0,0
136,CASH_OUT,108215.92,0.0,0.0,114109.39,222325.32,0,0
136,PAYMENT,5095.05,0.0,0.0,0.0,0.0,0,0
136,PAYMENT,9453.4,42334.0,32880.6,0.0,0.0,0,0
136,TRANSFER,495737.93,0.0,0.0,649801.76,1145539.69,0,0
136,PAYMENT,20435.66,0.0,0.0,0.0,0.0,0,0
136,CASH_OUT,107193.65,0.0,0.0,243935.14,351128.78,0,0
136,PAYMENT,2057.53,34227.18,32169.66,0.0,0.0,0,0
136,PAYMENT,1616.36,0.0,0.0,0.0,0.0,0,0
136,CASH_OUT,44463.38,0.0,0.0,879443.1,923906.48,0,0
136,PAYMENT,15691.24,0.0,0.0,0.0,0.0,0,0
136,CASH_IN,26733.5,32003.0,58736.5,265521.58,168988.36,0,0
136,CASH_OUT,181074.16,83719.0,0.0,306103.59,487177.75,0,0
136,CASH_OUT,62943.3,0.0,0.0,540012.46,602955.76,0,0
136,PAYMENT,9756.73,0.0,0.0,0.0,0.0,0,0
136,PAYMENT,21088.5,0.0,0.0,0.0,0.0,0,0
136,PAYMENT,21577.01,0.0,0.0,0.0,0.0,0,0
136,PAYMENT,33460.46,0.0,0.0,0.0,0.0,0,0
136,CASH_OUT,319604.08,13987.0,0.0,153407.9,473011.98,0,0
136,PAYMENT,4041.63,19691.0,15649.37,0.0,0.0,0,0
136,CASH_OUT,296098.37,2646.0,0.0,0.0,296098.37,0,0
136,PAYMENT,675.42,0.0,0.0,0.0,0.0,0,0
136,PAYMENT,1722.06,61126.0,59403.94,0.0,0.0,0,0
136,CASH_OUT,252443.01,72179.0,0.0,0.0,252443.01,0,0
136,CASH_OUT,194949.34,60400.0,0.0,314872.53,509821.87,0,0
136,PAYMENT,11472.61,51811.0,40338.39,0.0,0.0,0,0
136,PAYMENT,12663.2,10952.83,0.0,0.0,0.0,0,0
136,PAYMENT,5667.78,0.0,0.0,0.0,0.0,0,0
136,PAYMENT,4551.15,20723.0,16171.85,0.0,0.0,0,0
136,CASH_OUT,105871.69,0.0,0.0,181531.22,287402.91,0,0
136,CASH_IN,45170.81,161.0,45331.81,144980.12,99809.3,0,0
136,CASH_OUT,41644.63,10003.0,0.0,0.0,41644.63,0,0
136,PAYMENT,13129.68,0.0,0.0,0.0,0.0,0,0
136,CASH_OUT,112578.1,71067.0,0.0,0.0,112578.1,0,0
136,CASH_OUT,21818.24,0.0,0.0,283628.37,305446.61,0,0
136,CASH_OUT,311987.19,76865.0,0.0,0.0,395639.1,0,0
136,PAYMENT,4924.09,8455.0,3530.91,0.0,0.0,0,0
136,PAYMENT,8165.65,0.0,0.0,0.0,0.0,0,0
136,PAYMENT,11498.75,19812.72,8313.96,0.0,0.0,0,0
136,PAYMENT,1782.44,35865.0,34082.56,0.0,0.0,0,0
136,PAYMENT,14155.64,33.0,0.0,0.0,0.0,0,0
136,PAYMENT,40692.35,0.0,0.0,0.0,0.0,0,0
136,CASH_OUT,54156.25,14453.0,0.0,58204.49,112360.74,0,0
136,PAYMENT,1097.91,20594.0,19496.09,0.0,0.0,0,0
136,CASH_OUT,92586.47,30613.0,0.0,549735.11,642321.58,0,0
136,PAYMENT,13747.97,153.0,0.0,0.0,0.0,0,0
136,PAYMENT,8423.77,0.0,0.0,0.0,0.0,0,0
136,PAYMENT,15377.89,0.0,0.0,0.0,0.0,0,0
136,PAYMENT,24537.25,0.0,0.0,0.0,0.0,0,0
136,PAYMENT,4798.07,0.0,0.0,0.0,0.0,0,0
136,CASH_OUT,421772.23,91566.0,0.0,0.0,510123.04,0,0
136,PAYMENT,245.12,4619.0,4373.88,0.0,0.0,0,0
136,CASH_OUT,241461.92,0.0,0.0,284685.51,526147.42,0,0
136,CASH_OUT,203463.33,170604.0,0.0,91215.25,791317.41,0,0
136,CASH_OUT,281621.44,0.0,0.0,635770.76,917392.2,0,0
136,PAYMENT,7987.49,0.0,0.0,0.0,0.0,0,0
136,PAYMENT,25528.39,0.0,0.0,0.0,0.0,0,0
136,PAYMENT,18420.72,4336.0,0.0,0.0,0.0,0,0
136,PAYMENT,3928.64,17225.0,13296.36,0.0,0.0,0,0
136,PAYMENT,43241.27,0.0,0.0,0.0,0.0,0,0
136,CASH_OUT,237589.33,2019.0,0.0,4498.92,242088.25,0,0
136,CASH_OUT,78754.68,0.0,0.0,376752.66,455507.34,0,0
136,CASH_OUT,1171.0,0.0,0.0,288228.5,289399.5,0,0
136,CASH_OUT,122759.88,34583.0,0.0,0.0,122759.88,0,0
136,CASH_OUT,322585.7,25870.0,0.0,44795.86,367381.55,0,0
136,CASH_OUT,184732.98,0.0,0.0,763214.79,947947.77,0,0
136,CASH_OUT,132652.78,22781.0,0.0,0.0,132652.78,0,0
136,CASH_OUT,18616.72,846.0,0.0,31898.4,50515.12,0,0
136,PAYMENT,24370.83,0.0,0.0,0.0,0.0,0,0
136,CASH_OUT,458497.13,49760.0,0.0,0.0,458497.13,0,0
136,PAYMENT,11059.13,0.0,0.0,0.0,0.0,0,0
136,PAYMENT,9150.03,14562.78,5412.74,0.0,0.0,0,0
136,PAYMENT,28973.88,0.0,0.0,0.0,0.0,0,0
136,PAYMENT,40076.44,0.0,0.0,0.0,0.0,0,0
136,CASH_OUT,13237.76,0.0,0.0,467504.1,571560.37,0,0
136,CASH_OUT,225166.52,230.0,0.0,381143.68,606310.2,0,0
136,TRANSFER,199878.85,199878.85,0.0,0.0,0.0,1,0
136,CASH_OUT,199878.85,199878.85,0.0,403269.69,603148.54,1,0
136,TRANSFER,95267.81,95267.81,0.0,0.0,0.0,1,0
136,CASH_OUT,95267.81,95267.81,0.0,0.0,95267.81,1,0
137,CASH_OUT,102386.8,0.0,0.0,5177.0,0.0,0,0
137,TRANSFER,25666.09,0.0,0.0,471127.58,496793.67,0,0
137,CASH_OUT,43263.52,189.0,0.0,38776.14,82039.66,0,0
137,CASH_OUT,247809.43,0.0,0.0,455926.31,703735.74,0,0
137,CASH_OUT,198545.18,0.0,0.0,238221.88,436767.07,0,0
137,PAYMENT,10456.67,0.0,0.0,0.0,0.0,0,0
137,PAYMENT,5634.91,10588.0,4953.09,0.0,0.0,0,0
137,PAYMENT,7171.43,0.0,0.0,0.0,0.0,0,0
137,PAYMENT,7070.88,6550.0,0.0,0.0,0.0,0,0
137,CASH_IN,20966.94,33985.0,54951.94,135075.18,114108.25,0,0
137,PAYMENT,1842.71,0.0,0.0,0.0,0.0,0,0
137,CASH_OUT,128645.51,26649.0,0.0,0.0,128645.51,0,0
137,CASH_OUT,140688.28,51889.0,0.0,0.0,140688.28,0,0
137,PAYMENT,6010.82,0.0,0.0,0.0,0.0,0,0
137,CASH_OUT,245266.9,243709.0,0.0,0.0,587288.94,0,0
137,PAYMENT,6757.05,0.0,0.0,0.0,0.0,0,0
137,CASH_OUT,83203.78,15667.0,0.0,91707.53,174911.31,0,0
137,CASH_OUT,49530.12,10791.0,0.0,478165.98,527696.1,0,0
137,DEBIT,1518.71,31249.0,29730.29,33503.2,35021.91,0,0
137,CASH_OUT,447753.86,50243.0,0.0,0.0,447753.86,0,0
137,PAYMENT,24752.71,0.0,0.0,0.0,0.0,0,0
137,PAYMENT,25925.47,12519.0,0.0,0.0,0.0,0,0
137,CASH_OUT,133054.86,0.0,0.0,449191.07,582245.93,0,0
137,CASH_OUT,116609.13,5057.0,0.0,0.0,116609.13,0,0
137,CASH_OUT,398566.33,10755.0,0.0,75710.6,474276.93,0,0
137,CASH_OUT,86497.71,0.0,0.0,96709.13,183206.84,0,0
137,PAYMENT,22826.57,5707.0,0.0,0.0,0.0,0,0
137,CASH_OUT,165414.81,8993.0,0.0,146838.4,312253.21,0,0
137,CASH_OUT,35830.79,0.0,0.0,124548.07,160378.86,0,0
137,PAYMENT,8852.87,10244.0,1391.13,0.0,0.0,0,0
137,PAYMENT,1041.57,0.0,0.0,0.0,0.0,0,0
137,CASH_OUT,76514.04,23035.0,0.0,10182.95,86696.99,0,0
137,PAYMENT,6985.69,0.0,0.0,0.0,0.0,0,0
137,CASH_OUT,342222.33,1871.0,0.0,92132.41,434354.74,0,0
137,CASH_OUT,388832.45,0.0,0.0,474483.21,863315.66,0,0
137,CASH_OUT,90831.31,35896.0,0.0,594506.16,814961.22,0,0
137,PAYMENT,817.3,40063.0,39245.7,0.0,0.0,0,0
137,PAYMENT,11643.74,0.0,0.0,0.0,0.0,0,0
137,CASH_OUT,54608.93,20136.0,0.0,239587.85,294196.79,0,0
137,PAYMENT,14892.02,441.0,0.0,0.0,0.0,0,0
137,PAYMENT,54954.19,0.0,0.0,0.0,0.0,0,0
137,PAYMENT,13929.43,0.0,0.0,0.0,0.0,0,0
137,CASH_OUT,485217.58,129708.0,0.0,396301.17,881518.76,0,0
137,PAYMENT,44582.3,20058.0,0.0,0.0,0.0,0,0
137,PAYMENT,3448.61,0.0,0.0,0.0,0.0,0,0
137,CASH_OUT,6130.0,0.0,0.0,7493.5,13623.51,0,0
137,PAYMENT,22392.05,0.0,0.0,0.0,0.0,0,0
137,CASH_OUT,177586.33,0.0,0.0,427158.18,604744.52,0,0
137,PAYMENT,29394.38,14447.86,0.0,0.0,0.0,0,0
137,PAYMENT,21981.89,10350.0,0.0,0.0,0.0,0,0
137,CASH_OUT,51823.42,7972.0,0.0,317787.68,369611.1,0,0
137,PAYMENT,12663.05,69663.0,56999.95,0.0,0.0,0,0
137,CASH_OUT,1155.83,0.0,0.0,654856.04,656011.87,0,0
137,CASH_OUT,136343.7,0.0,0.0,430911.47,574496.89,0,0
137,PAYMENT,9420.9,0.0,0.0,0.0,0.0,0,0
137,PAYMENT,11156.41,0.0,0.0,0.0,0.0,0,0
137,PAYMENT,42272.71,10775.0,0.0,0.0,0.0,0,0
137,CASH_OUT,304621.67,119064.0,0.0,51956.59,356578.26,0,0
137,PAYMENT,15366.41,6141.0,0.0,0.0,0.0,0,0
137,PAYMENT,10689.77,0.0,0.0,0.0,0.0,0,0
137,PAYMENT,8076.95,0.0,0.0,0.0,0.0,0,0
137,PAYMENT,23611.09,5857.0,0.0,0.0,0.0,0,0
137,PAYMENT,3250.73,0.0,0.0,0.0,0.0,0,0
137,CASH_OUT,236207.4,39911.0,0.0,0.0,236207.4,0,0
137,CASH_OUT,203234.51,19114.0,0.0,0.0,203234.51,0,0
137,CASH_OUT,183662.35,0.0,0.0,289777.87,473440.21,0,0
137,CASH_OUT,301797.07,2258.0,0.0,708217.75,1010014.82,0,0
137,PAYMENT,14098.89,15606.0,1507.11,0.0,0.0,0,0
137,PAYMENT,27014.44,0.0,0.0,0.0,0.0,0,0
137,PAYMENT,33513.08,11586.0,0.0,0.0,0.0,0,0
137,PAYMENT,28837.68,0.0,0.0,0.0,0.0,0,0
137,PAYMENT,964.11,0.0,0.0,0.0,0.0,0,0
137,PAYMENT,16879.75,3741.0,0.0,0.0,0.0,0,0
137,PAYMENT,35943.67,60003.0,24059.33,0.0,0.0,0,0
137,PAYMENT,2899.5,14197.7,11298.2,0.0,0.0,0,0
137,CASH_OUT,172850.93,40619.0,0.0,0.0,232702.01,0,0
137,CASH_OUT,38724.06,2136.0,0.0,1194638.19,1233362.25,0,0
137,PAYMENT,12156.14,0.0,0.0,0.0,0.0,0,0
137,PAYMENT,7954.92,46504.86,38549.93,0.0,0.0,0,0
137,PAYMENT,5239.89,0.0,0.0,0.0,0.0,0,0
137,PAYMENT,20440.35,0.0,0.0,0.0,0.0,0,0
137,CASH_OUT,62711.19,30680.0,0.0,41930.1,104641.29,0,0
137,CASH_OUT,37235.98,0.0,0.0,81071.95,118307.93,0,0
137,PAYMENT,52116.02,19902.0,0.0,0.0,0.0,0,0
137,PAYMENT,27644.47,0.0,0.0,0.0,0.0,0,0
137,CASH_OUT,40798.12,75324.0,34525.88,6745.15,47543.27,0,0
137,CASH_OUT,146617.0,12782.0,0.0,672029.92,818646.92,0,0
137,CASH_OUT,188030.82,20577.0,0.0,223717.76,411748.58,0,0
137,CASH_OUT,187220.49,313.0,0.0,115229.29,302449.78,0,0
137,CASH_OUT,287785.5,724.0,0.0,0.0,287785.5,0,0
137,CASH_OUT,104048.37,0.0,0.0,763547.65,867596.02,0,0
137,PAYMENT,9689.5,0.0,0.0,0.0,0.0,0,0
137,PAYMENT,20483.23,610.0,0.0,0.0,0.0,0,0
137,PAYMENT,7076.6,0.0,0.0,0.0,0.0,0,0
137,PAYMENT,2593.02,0.0,0.0,0.0,0.0,0,0
137,PAYMENT,8715.08,160.0,0.0,0.0,0.0,0,0
137,PAYMENT,10357.21,0.0,0.0,0.0,0.0,0,0
137,CASH_OUT,311279.9,103374.0,0.0,0.0,311279.9,0,0
137,TRANSFER,469541.84,40039.0,0.0,773041.94,1242583.78,0,0
137,CASH_OUT,42882.39,0.0,0.0,1132843.13,1175725.52,0,0
137,CASH_OUT,264574.47,0.0,0.0,565796.51,830370.98,0,0
137,TRANSFER,342614.47,188981.0,0.0,0.0,342614.47,0,0
138,PAYMENT,3265.08,0.0,0.0,0.0,0.0,0,0
138,CASH_OUT,314806.13,146446.0,0.0,0.0,314806.13,0,0
138,CASH_OUT,323769.78,0.0,0.0,451511.29,864418.82,0,0
138,CASH_OUT,277808.1,0.0,0.0,457533.84,625266.66,0,0
138,CASH_OUT,186736.07,10090.0,0.0,0.0,186736.07,0,0
138,CASH_OUT,211689.25,0.0,0.0,371485.75,583174.99,0,0
138,PAYMENT,36027.11,13169.0,0.0,0.0,0.0,0,0
138,PAYMENT,19399.11,334.0,0.0,0.0,0.0,0,0
138,CASH_OUT,210805.46,0.0,0.0,377829.7,588635.16,0,0
138,PAYMENT,19688.35,0.0,0.0,0.0,0.0,0,0
138,CASH_OUT,120226.1,0.0,0.0,1022672.05,706005.79,0,0
138,CASH_OUT,194349.54,0.0,0.0,1020798.05,1215147.58,0,0
138,CASH_OUT,34758.01,11315.23,0.0,136134.33,285035.21,0,0
138,PAYMENT,31747.35,5136.0,0.0,0.0,0.0,0,0
138,CASH_OUT,158495.6,0.0,0.0,357148.2,515643.8,0,0
138,CASH_OUT,193050.5,0.0,0.0,473231.64,666282.14,0,0
138,TRANSFER,218097.1,40072.0,0.0,827161.96,1045259.06,0,0
138,PAYMENT,22446.45,0.0,0.0,0.0,0.0,0,0
138,TRANSFER,258444.9,0.0,0.0,393402.84,651847.74,0,0
138,PAYMENT,10023.98,0.0,0.0,0.0,0.0,0,0
138,CASH_OUT,65409.42,52097.0,0.0,148523.08,513825.69,0,0
138,PAYMENT,18584.27,38340.83,19756.56,0.0,0.0,0,0
138,CASH_OUT,463595.63,48898.0,0.0,45873.99,509469.62,0,0
138,PAYMENT,11029.62,0.0,0.0,0.0,0.0,0,0
138,PAYMENT,8899.22,26787.59,17888.37,0.0,0.0,0,0
138,CASH_OUT,5365.84,29177.0,23811.16,42499.58,47865.42,0,0
138,CASH_OUT,111631.13,0.0,0.0,132894.03,244525.15,0,0
138,CASH_OUT,190150.23,102884.0,0.0,0.0,190150.23,0,0
138,CASH_OUT,37607.03,10188.0,0.0,265950.41,303557.44,0,0
138,PAYMENT,7660.78,32730.99,25070.21,0.0,0.0,0,0
138,PAYMENT,6944.17,10979.0,4034.83,0.0,0.0,0,0
138,CASH_OUT,287911.08,189.0,0.0,544252.21,832163.3,0,0
138,PAYMENT,22802.26,12184.74,0.0,0.0,0.0,0,0
138,PAYMENT,6926.61,0.0,0.0,0.0,0.0,0,0
138,PAYMENT,25683.64,0.0,0.0,0.0,0.0,0,0
138,CASH_OUT,10790.41,0.0,0.0,367237.65,378028.06,0,0
138,PAYMENT,23707.53,5022.0,0.0,0.0,0.0,0,0
138,PAYMENT,2261.74,40761.0,38499.26,0.0,0.0,0,0
138,CASH_OUT,31535.03,82057.0,50521.97,55135.97,86670.99,0,0
138,CASH_OUT,207268.43,65686.0,0.0,713447.67,221144.31,0,0
138,PAYMENT,45428.51,27462.0,0.0,0.0,0.0,0,0
138,CASH_OUT,55258.79,0.0,0.0,251166.33,306425.12,0,0
138,PAYMENT,20421.14,70944.0,50522.86,0.0,0.0,0,0
138,PAYMENT,28496.88,0.0,0.0,0.0,0.0,0,0
138,PAYMENT,3760.7,0.0,0.0,0.0,0.0,0,0
138,TRANSFER,452814.04,30079.0,0.0,198357.04,168114.51,0,0
138,CASH_OUT,406788.63,0.0,0.0,444917.5,851706.13,0,0
138,CASH_OUT,99624.07,28975.47,0.0,863151.46,1038192.26,0,0
138,PAYMENT,21013.16,0.0,0.0,0.0,0.0,0,0
138,PAYMENT,22861.98,33268.0,10406.02,0.0,0.0,0,0
138,PAYMENT,17353.28,0.0,0.0,0.0,0.0,0,0
138,PAYMENT,18519.03,15538.0,0.0,0.0,0.0,0,0
138,PAYMENT,13712.45,34.0,0.0,0.0,0.0,0,0
138,PAYMENT,6426.42,0.0,0.0,0.0,0.0,0,0
138,PAYMENT,74.4,2412.0,2337.6,0.0,0.0,0,0
138,TRANSFER,186383.75,19660.0,0.0,678862.97,845996.92,0,0
138,PAYMENT,1424.27,20589.0,19164.73,0.0,0.0,0,0
138,CASH_OUT,195955.19,0.0,0.0,376550.25,616290.64,0,0
138,CASH_OUT,163811.64,139.0,0.0,0.0,5912.11,0,0
138,CASH_OUT,109346.95,0.0,0.0,110855.17,184782.15,0,0
138,PAYMENT,33930.82,0.0,0.0,0.0,0.0,0,0
138,CASH_OUT,123364.19,0.0,0.0,305085.08,495343.45,0,0
138,CASH_OUT,83574.25,66138.0,0.0,1046726.73,1130300.98,0,0
138,CASH_OUT,155992.72,0.0,0.0,197942.74,353935.46,0,0
138,CASH_OUT,205685.73,69838.22,0.0,451165.32,710719.74,0,0
138,TRANSFER,279879.92,56162.0,0.0,3416.65,283296.57,0,0
138,PAYMENT,1559.8,0.0,0.0,0.0,0.0,0,0
138,CASH_OUT,62409.87,30464.19,0.0,871864.83,934274.7,0,0
138,CASH_OUT,259950.31,0.0,0.0,646078.87,668741.84,0,0
138,PAYMENT,12934.21,3075.0,0.0,0.0,0.0,0,0
138,PAYMENT,1775.2,0.0,0.0,0.0,0.0,0,0
138,CASH_OUT,39032.43,0.0,0.0,168299.82,447083.14,0,0
138,CASH_OUT,277650.44,11836.0,0.0,0.0,277650.44,0,0
138,CASH_OUT,158571.24,82142.0,0.0,870352.83,865787.54,0,0
138,PAYMENT,678.4,0.0,0.0,0.0,0.0,0,0
138,CASH_OUT,71589.73,0.0,0.0,1179760.28,1251350.01,0,0
138,PAYMENT,33443.17,13513.0,0.0,0.0,0.0,0,0
138,PAYMENT,9340.97,0.0,0.0,0.0,0.0,0,0
138,PAYMENT,10627.31,31513.0,20885.69,0.0,0.0,0,0
138,PAYMENT,7348.59,5035.0,0.0,0.0,0.0,0,0
138,CASH_OUT,58728.31,17304.0,0.0,0.0,58728.31,0,0
138,CASH_OUT,236592.46,1316.0,0.0,0.0,345609.95,0,0
138,PAYMENT,23217.14,4476.07,0.0,0.0,0.0,0,0
138,PAYMENT,8357.42,0.0,0.0,0.0,0.0,0,0
138,CASH_OUT,187790.01,177023.0,0.0,210405.56,398195.58,0,0
138,PAYMENT,7407.41,0.0,0.0,0.0,0.0,0,0
138,PAYMENT,26156.16,3773.0,0.0,0.0,0.0,0,0
138,PAYMENT,17197.93,0.0,0.0,0.0,0.0,0,0
138,PAYMENT,23907.39,0.0,0.0,0.0,0.0,0,0
138,CASH_OUT,22271.24,49658.34,27387.1,140724.68,37337.55,0,0
138,CASH_OUT,85238.87,0.0,0.0,173982.63,259221.5,0,0
138,PAYMENT,10265.89,0.0,0.0,0.0,0.0,0,0
138,TRANSFER,234723.4,234723.4,0.0,0.0,0.0,1,0
138,CASH_OUT,234723.4,234723.4,0.0,0.0,234723.4,1,0
139,CASH_IN,3677.25,14491.0,18168.25,262749.78,393779.91,0,0
139,CASH_OUT,20124.25,50362.0,30237.75,247214.9,267339.14,0,0
139,CASH_OUT,248504.85,0.0,0.0,288666.79,537171.64,0,0
139,PAYMENT,1040.84,0.0,0.0,0.0,0.0,0,0
139,PAYMENT,14510.4,0.0,0.0,0.0,0.0,0,0
139,CASH_OUT,152503.53,533.0,0.0,357253.74,509757.27,0,0
139,PAYMENT,34380.75,16272.0,0.0,0.0,0.0,0,0
139,CASH_OUT,2457.02,0.0,0.0,248504.37,250961.38,0,0
139,CASH_OUT,223013.47,0.0,0.0,331190.7,554204.16,0,0
139,CASH_OUT,144370.64,0.0,0.0,448474.52,592845.17,0,0
139,CASH_OUT,130949.29,0.0,0.0,375567.91,506517.2,0,0
139,CASH_OUT,15084.54,0.0,0.0,1169472.81,1184557.35,0,0
139,PAYMENT,16267.99,21282.0,5014.01,0.0,0.0,0,0
139,CASH_OUT,97861.6,0.0,0.0,835148.5,933010.11,0,0
139,PAYMENT,11668.99,0.0,0.0,0.0,0.0,0,0
139,PAYMENT,11221.23,0.0,0.0,0.0,0.0,0,0
139,PAYMENT,886.68,38674.09,37787.41,0.0,0.0,0,0
139,CASH_OUT,112777.53,0.0,0.0,589178.32,701955.86,0,0
139,CASH_OUT,148676.81,60338.0,0.0,273156.7,421833.51,0,0
139,PAYMENT,17841.97,0.0,0.0,0.0,0.0,0,0
139,PAYMENT,6706.33,0.0,0.0,0.0,0.0,0,0
139,PAYMENT,5742.22,0.0,0.0,0.0,0.0,0,0
139,CASH_OUT,124866.48,41368.0,0.0,0.0,124866.48,0,0
139,PAYMENT,6204.5,0.0,0.0,0.0,0.0,0,0
139,PAYMENT,20815.65,47803.06,26987.41,0.0,0.0,0,0
139,TRANSFER,170712.21,0.0,0.0,310014.12,480726.33,0,0
139,PAYMENT,1468.25,36217.0,34748.75,0.0,0.0,0,0
139,PAYMENT,3543.81,0.0,0.0,0.0,0.0,0,0
139,PAYMENT,17614.9,0.0,0.0,0.0,0.0,0,0
139,PAYMENT,1090.94,10454.31,9363.37,0.0,0.0,0,0
139,CASH_OUT,148543.36,37161.0,0.0,0.0,148543.36,0,0
139,CASH_OUT,71129.11,0.0,0.0,120662.7,191791.81,0,0
139,PAYMENT,13018.6,35024.0,22005.4,0.0,0.0,0,0
139,PAYMENT,7987.9,0.0,0.0,0.0,0.0,0,0
139,CASH_OUT,109163.75,0.0,0.0,347877.86,457041.6,0,0
139,CASH_OUT,67601.86,48635.0,0.0,138406.57,206008.43,0,0
139,CASH_OUT,65553.89,25140.0,0.0,301523.65,367077.54,0,0
139,CASH_OUT,46660.94,70695.0,24034.06,0.0,46660.94,0,0
139,TRANSFER,191027.11,527.0,0.0,41618.0,202430.5,0,0
139,CASH_OUT,36349.48,115.0,0.0,200345.77,236695.25,0,0
139,CASH_OUT,201624.31,0.0,0.0,275921.74,477546.05,0,0
139,PAYMENT,21756.5,0.0,0.0,0.0,0.0,0,0
139,PAYMENT,12799.79,0.0,0.0,0.0,0.0,0,0
139,PAYMENT,11178.73,7029.0,0.0,0.0,0.0,0,0
139,PAYMENT,42945.35,31064.0,0.0,0.0,0.0,0,0
139,CASH_OUT,200427.61,46657.0,0.0,23834.75,224262.36,0,0
139,CASH_OUT,60565.43,0.0,0.0,425048.31,485613.73,0,0
139,PAYMENT,12823.77,0.0,0.0,0.0,0.0,0,0
139,TRANSFER,30961.48,5078.0,0.0,0.0,75627.98,0,0
139,CASH_OUT,139187.03,0.0,0.0,386466.85,525653.88,0,0
139,PAYMENT,5374.73,40926.0,35551.27,0.0,0.0,0,0
139,CASH_OUT,211986.38,72965.0,0.0,0.0,211986.38,0,0
139,TRANSFER,124126.04,0.0,0.0,292887.12,417013.16,0,0
139,CASH_OUT,173142.12,32821.0,0.0,851092.85,1024234.97,0,0
139,CASH_OUT,93817.48,41548.0,0.0,333693.54,427511.02,0,0
139,CASH_OUT,112093.63,0.0,0.0,1112931.79,1225025.42,0,0
139,CASH_OUT,66008.98,30053.0,0.0,74229.0,27376.77,0,0
139,CASH_OUT,85603.87,10906.0,0.0,0.0,85603.87,0,0
139,PAYMENT,3900.68,14621.0,10720.32,0.0,0.0,0,0
139,CASH_OUT,114356.42,10265.0,0.0,0.0,114356.42,0,0
139,PAYMENT,3950.11,0.0,0.0,0.0,0.0,0,0
139,CASH_OUT,54231.64,0.0,0.0,93542.61,147774.26,0,0
139,PAYMENT,665.71,0.0,0.0,0.0,0.0,0,0
139,PAYMENT,10171.32,27986.89,17815.56,0.0,0.0,0,0
139,PAYMENT,836.69,0.0,0.0,0.0,0.0,0,0
139,CASH_OUT,165948.31,688.0,0.0,99987.26,265935.57,0,0
139,PAYMENT,2394.73,0.0,0.0,0.0,0.0,0,0
139,PAYMENT,6455.83,9846.74,3390.91,0.0,0.0,0,0
139,CASH_OUT,148701.36,1583.0,0.0,771106.7,919808.06,0,0
139,PAYMENT,8368.25,0.0,0.0,0.0,0.0,0,0
139,CASH_OUT,200060.09,15423.0,0.0,203884.58,403944.66,0,0
139,PAYMENT,19998.6,0.0,0.0,0.0,0.0,0,0
139,PAYMENT,32552.38,118.0,0.0,0.0,0.0,0,0
139,CASH_OUT,9879.61,40421.0,30541.39,78890.02,88769.63,0,0
139,CASH_OUT,75361.31,0.0,0.0,839970.88,915332.19,0,0
139,CASH_OUT,245661.91,10268.0,0.0,0.0,366153.42,0,0
139,PAYMENT,16047.78,10395.0,0.0,0.0,0.0,0,0
139,CASH_OUT,82555.03,218.0,0.0,341093.93,423648.97,0,0
139,PAYMENT,4006.43,0.0,0.0,0.0,0.0,0,0
139,CASH_OUT,80577.25,23391.0,0.0,294564.61,813231.19,0,0
139,PAYMENT,13933.01,0.0,0.0,0.0,0.0,0,0
139,CASH_OUT,340309.02,161.0,0.0,0.0,340309.02,0,0
139,CASH_OUT,139606.18,14799.0,0.0,0.0,139606.18,0,0
139,PAYMENT,10863.68,0.0,0.0,0.0,0.0,0,0
139,PAYMENT,1170.89,47173.93,46003.04,0.0,0.0,0,0
139,PAYMENT,7008.0,0.0,0.0,0.0,0.0,0,0
139,PAYMENT,65421.63,52116.0,0.0,0.0,0.0,0,0
139,PAYMENT,11703.2,0.0,0.0,0.0,0.0,0,0
139,PAYMENT,23481.02,53336.33,29855.31,0.0,0.0,0,0
139,CASH_OUT,28719.68,0.0,0.0,435743.01,464462.69,0,0
139,PAYMENT,13231.56,68680.68,55449.13,0.0,0.0,0,0
139,PAYMENT,32037.5,19861.0,0.0,0.0,0.0,0,0
139,CASH_OUT,72352.03,0.0,0.0,85289.79,157641.82,0,0
139,PAYMENT,10672.9,0.0,0.0,0.0,0.0,0,0
139,CASH_OUT,107481.09,0.0,0.0,837039.74,944520.83,0,0
139,CASH_OUT,73042.04,1143.0,0.0,0.0,73042.04,0,0
139,CASH_OUT,142831.0,55944.74,0.0,615383.36,758214.35,0,0
139,CASH_IN,44647.93,8569.0,53216.93,818955.99,774308.05,0,0
139,PAYMENT,23789.42,1069.0,0.0,0.0,0.0,0,0
139,CASH_OUT,120970.27,21641.0,0.0,0.0,120970.27,0,0
139,TRANSFER,248529.16,0.0,0.0,365550.51,614079.67,0,0
139,CASH_OUT,20337.03,0.0,0.0,1067890.08,1088227.12,0,0
139,PAYMENT,322.75,16169.0,15846.25,0.0,0.0,0,0
139,PAYMENT,9880.84,13121.0,3240.16,0.0,0.0,0,0
139,CASH_OUT,120587.09,291.0,0.0,0.0,120587.09,0,0
139,CASH_OUT,83021.36,0.0,0.0,471122.25,554143.6,0,0
139,PAYMENT,17450.19,0.0,0.0,0.0,0.0,0,0
139,CASH_OUT,153617.74,109.0,0.0,275552.45,429170.19,0,0
139,CASH_IN,14111.75,31336.0,45447.75,8548.22,214754.45,0,0
139,CASH_OUT,45984.51,40095.0,0.0,187205.78,233190.29,0,0
139,PAYMENT,732.61,0.0,0.0,0.0,0.0,0,0
139,CASH_OUT,347676.88,10226.0,0.0,302326.26,650003.14,0,0
139,CASH_OUT,60902.53,104461.0,43558.47,43033.84,103936.37,0,0
139,CASH_OUT,134603.44,27175.0,0.0,103147.23,237750.67,0,0
139,PAYMENT,12912.8,105.0,0.0,0.0,0.0,0,0
139,CASH_OUT,100632.91,21427.0,0.0,0.0,100632.91,0,0
139,PAYMENT,24630.92,10152.0,0.0,0.0,0.0,0,0
139,TRANSFER,278101.61,0.0,0.0,939128.0,1217229.6,0,0
139,CASH_OUT,177135.24,0.0,0.0,508797.26,685932.5,0,0
139,CASH_OUT,41749.04,0.0,0.0,809254.32,851003.36,0,0
139,CASH_OUT,214245.85,32250.0,0.0,0.0,214245.85,0,0
139,CASH_OUT,123096.46,97952.0,0.0,171338.34,556514.03,0,0
139,CASH_OUT,37877.82,103.0,0.0,0.0,37877.82,0,0
139,CASH_IN,25319.83,20763.0,46082.83,749603.4,724283.57,0,0
139,TRANSFER,11653.98,11653.98,0.0,0.0,0.0,1,0
139,CASH_OUT,11653.98,11653.98,0.0,341465.93,325869.89,1,0
140,PAYMENT,24133.12,0.0,0.0,0.0,0.0,0,0
140,CASH_IN,1268.5,51.0,1319.5,215580.73,214312.23,0,0
140,PAYMENT,2268.09,29869.0,27600.91,0.0,0.0,0,0
140,PAYMENT,1595.48,0.0,0.0,0.0,0.0,0,0
140,CASH_OUT,188092.58,0.0,0.0,289407.22,477499.8,0,0
140,PAYMENT,2802.26,42245.0,39442.74,0.0,0.0,0,0
140,PAYMENT,20046.6,0.0,0.0,0.0,0.0,0,0
140,PAYMENT,15517.01,17156.48,1639.47,0.0,0.0,0,0
140,CASH_OUT,2770.33,30766.0,27995.67,152757.27,155527.6,0,0
140,CASH_OUT,49856.58,6222.0,0.0,691416.37,741272.95,0,0
140,CASH_OUT,93447.4,181.0,0.0,19064.87,112512.27,0,0
140,PAYMENT,21139.98,18959.11,0.0,0.0,0.0,0,0
140,PAYMENT,3396.75,3049.0,0.0,0.0,0.0,0,0
140,CASH_OUT,77347.47,487.0,0.0,497862.57,575210.05,0,0
140,CASH_OUT,46325.56,176.0,0.0,0.0,46325.56,0,0
140,PAYMENT,6598.45,40943.0,34344.55,0.0,0.0,0,0
140,CASH_OUT,124690.22,542.0,0.0,182731.79,307422.02,0,0
140,CASH_OUT,117119.65,15370.0,0.0,0.0,117119.65,0,0
140,CASH_OUT,129548.67,20749.0,0.0,0.0,129548.67,0,0
140,DEBIT,1809.48,9116.0,7306.52,40673.56,42483.04,0,0
140,PAYMENT,6219.69,0.0,0.0,0.0,0.0,0,0
140,PAYMENT,7697.29,2165.0,0.0,0.0,0.0,0,0
140,PAYMENT,6577.53,30090.0,23512.47,0.0,0.0,0,0
140,CASH_OUT,172726.94,8140.0,0.0,46019.33,218746.26,0,0
140,CASH_OUT,139165.55,2205.0,0.0,25380.28,164545.83,0,0
140,TRANSFER,159595.65,139534.84,0.0,454831.2,614426.85,0,0
140,CASH_OUT,33753.99,0.0,0.0,52706.48,86460.47,0,0
140,CASH_OUT,155729.23,80752.0,0.0,0.0,155729.23,0,0
140,PAYMENT,7992.32,0.0,0.0,0.0,0.0,0,0
140,CASH_OUT,388025.46,0.0,0.0,407943.3,795968.76,0,0
140,CASH_OUT,134529.63,0.0,0.0,199521.49,334051.12,0,0
140,CASH_OUT,89599.17,104310.0,14710.83,795707.87,885307.03,0,0
140,CASH_OUT,47412.59,70781.0,23368.41,0.0,47412.59,0,0
140,CASH_OUT,146264.53,0.0,0.0,523610.47,669874.99,0,0
140,PAYMENT,4071.4,12303.0,8231.6,0.0,0.0,0,0
140,PAYMENT,9646.64,0.0,0.0,0.0,0.0,0,0
140,CASH_OUT,222572.86,30438.0,0.0,0.0,222572.86,0,0
140,PAYMENT,105.61,30933.0,30827.39,0.0,0.0,0,0
140,CASH_OUT,75667.61,0.0,0.0,162668.34,238335.94,0,0
140,CASH_OUT,25867.02,0.0,0.0,1081814.99,1107682.01,0,0
140,PAYMENT,5644.96,0.0,0.0,0.0,0.0,0,0
140,PAYMENT,7065.13,897.0,0.0,0.0,0.0,0,0
140,CASH_OUT,25517.32,433.0,0.0,411750.12,437267.44,0,0
140,PAYMENT,727.62,0.0,0.0,0.0,0.0,0,0
140,CASH_OUT,155802.57,0.0,0.0,389872.06,545674.63,0,0
140,PAYMENT,20591.81,0.0,0.0,0.0,0.0,0,0
140,PAYMENT,11770.56,0.0,0.0,0.0,0.0,0,0
140,PAYMENT,10034.8,6092.0,0.0,0.0,0.0,0,0
140,CASH_OUT,154800.32,8205.0,0.0,0.0,154800.32,0,0
140,PAYMENT,5360.0,40288.0,34928.0,0.0,0.0,0,0
140,CASH_OUT,197548.23,0.0,0.0,471910.25,669458.48,0,0
140,CASH_OUT,52389.5,0.0,0.0,987904.64,1040294.14,0,0
140,CASH_OUT,81205.96,19543.0,0.0,85435.68,166641.64,0,0
140,CASH_OUT,65617.02,0.0,0.0,258154.73,323771.75,0,0
140,CASH_OUT,23560.37,41046.71,17486.34,43992.81,67553.19,0,0
140,CASH_IN,15499.79,1083.0,16582.79,0.0,0.0,0,0
140,PAYMENT,12376.46,753.0,0.0,0.0,0.0,0,0
140,CASH_OUT,56233.77,1058.0,0.0,0.0,56233.77,0,0
140,PAYMENT,5043.11,0.0,0.0,0.0,0.0,0,0
140,PAYMENT,3431.33,0.0,0.0,0.0,0.0,0,0
140,CASH_OUT,64523.74,0.0,0.0,147602.09,212125.84,0,0
140,PAYMENT,14586.05,0.0,0.0,0.0,0.0,0,0
140,PAYMENT,5381.31,11279.0,5897.69,0.0,0.0,0,0
140,CASH_OUT,49697.62,0.0,0.0,260445.35,310142.96,0,0
140,PAYMENT,7822.14,0.0,0.0,0.0,0.0,0,0
140,PAYMENT,3241.96,0.0,0.0,0.0,0.0,0,0
140,PAYMENT,15518.85,2142.59,0.0,0.0,0.0,0,0
140,CASH_OUT,173589.34,10498.0,0.0,0.0,173589.34,0,0
140,CASH_OUT,30090.2,0.0,0.0,538338.7,568428.89,0,0
140,PAYMENT,10221.84,0.0,0.0,0.0,0.0,0,0
140,CASH_OUT,72980.69,0.0,0.0,90530.62,163511.31,0,0
140,CASH_OUT,32781.37,70242.95,37461.59,728690.17,519701.89,0,0
140,TRANSFER,29322.67,14759.0,0.0,162693.38,192016.05,0,0
140,CASH_OUT,221804.54,11675.0,0.0,0.0,221804.54,0,0
140,CASH_OUT,6856.36,0.0,0.0,337621.23,344477.6,0,0
140,PAYMENT,1746.42,0.0,0.0,0.0,0.0,0,0
140,PAYMENT,4450.18,0.0,0.0,0.0,0.0,0,0
140,CASH_OUT,56142.1,0.0,0.0,354033.35,410175.45,0,0
140,CASH_OUT,101732.58,0.0,0.0,169993.08,271725.66,0,0
140,CASH_OUT,9434.7,11609.0,2174.3,97135.6,106570.31,0,0
140,PAYMENT,5489.61,61430.0,55940.39,0.0,0.0,0,0
140,CASH_OUT,42528.91,84020.16,41491.25,191077.28,233606.19,0,0
140,CASH_OUT,209776.5,224019.0,14242.5,239522.06,449298.56,0,0
140,PAYMENT,5881.06,0.0,0.0,0.0,0.0,0,0
140,PAYMENT,6396.18,33690.0,27293.82,0.0,0.0,0,0
140,PAYMENT,5547.88,29091.06,23543.19,0.0,0.0,0,0
140,CASH_OUT,220692.12,5813.0,0.0,711300.41,931992.54,0,0
140,CASH_OUT,196938.6,0.0,0.0,318336.39,515275.0,0,0
140,PAYMENT,27457.4,0.0,0.0,0.0,0.0,0,0
140,PAYMENT,28276.73,0.0,0.0,0.0,0.0,0,0
140,CASH_OUT,61468.44,0.0,0.0,115590.11,177058.55,0,0
140,PAYMENT,9651.55,0.0,0.0,0.0,0.0,0,0
140,PAYMENT,1619.44,61694.0,60074.56,0.0,0.0,0,0
140,CASH_OUT,64926.26,0.0,0.0,364316.81,429243.07,0,0
140,PAYMENT,7681.86,0.0,0.0,0.0,0.0,0,0
140,CASH_OUT,163608.27,36153.0,0.0,809963.15,973571.42,0,0
140,CASH_OUT,101461.21,11224.0,0.0,68759.71,170220.92,0,0
140,CASH_OUT,37371.69,364.0,0.0,258261.33,295633.03,0,0
140,PAYMENT,12330.62,0.0,0.0,0.0,0.0,0,0
140,PAYMENT,9704.59,30326.0,20621.41,0.0,0.0,0,0
140,CASH_OUT,45716.26,15712.0,0.0,0.0,45716.26,0,0
140,CASH_OUT,123027.15,30125.0,0.0,0.0,123027.15,0,0
140,PAYMENT,4082.99,0.0,0.0,0.0,0.0,0,0
140,CASH_OUT,30399.35,31852.12,1452.77,476037.45,304481.73,0,0
140,PAYMENT,901.98,3731.46,2829.48,0.0,0.0,0,0
140,CASH_OUT,35413.98,21468.0,0.0,0.0,35413.98,0,0
140,PAYMENT,3059.14,0.0,0.0,0.0,0.0,0,0
140,CASH_OUT,159710.74,0.0,0.0,164971.23,324681.97,0,0
140,CASH_IN,12052.52,5595.0,17647.52,393514.18,679225.92,0,0
140,PAYMENT,2428.0,0.0,0.0,0.0,0.0,0,0
140,PAYMENT,3662.84,240.0,0.0,0.0,0.0,0,0
140,CASH_OUT,267948.61,60623.0,0.0,66267.48,334216.08,0,0
140,PAYMENT,17259.72,10626.0,0.0,0.0,0.0,0,0
140,CASH_OUT,104415.29,0.0,0.0,272182.29,376597.57,0,0
140,PAYMENT,8262.44,0.0,0.0,0.0,0.0,0,0
140,CASH_OUT,113006.32,30482.0,0.0,0.0,113006.32,0,0
140,CASH_OUT,80952.69,130263.7,49311.02,246464.38,327417.06,0,0
140,CASH_OUT,13450.27,0.0,0.0,483114.71,496564.98,0,0
140,PAYMENT,22259.63,20210.0,0.0,0.0,0.0,0,0
140,PAYMENT,7169.12,34783.0,27613.88,0.0,0.0,0,0
140,CASH_OUT,102924.52,0.0,0.0,141972.11,244896.63,0,0
140,PAYMENT,7180.88,51751.0,44570.12,0.0,0.0,0,0
140,CASH_IN,3838.68,51723.0,55561.68,0.0,0.0,0,0
140,TRANSFER,117134.16,19926.0,0.0,246439.31,363573.47,0,0
140,CASH_OUT,83304.46,0.0,0.0,136396.36,219700.82,0,0
140,CASH_OUT,103241.68,30311.0,0.0,0.0,103241.68,0,0
140,TRANSFER,98918.12,98918.12,0.0,0.0,0.0,1,0
140,TRANSFER,53782.87,53782.87,0.0,0.0,0.0,1,0
140,CASH_OUT,53782.87,53782.87,0.0,0.0,53782.87,1,0
140,TRANSFER,6783.47,6783.47,0.0,0.0,0.0,1,0
140,CASH_OUT,6783.47,6783.47,0.0,88745.55,95529.02,1,0
141,PAYMENT,9156.3,0.0,0.0,0.0,0.0,0,0
141,PAYMENT,6184.8,54564.0,48379.2,0.0,0.0,0,0
141,CASH_OUT,44725.35,44431.0,0.0,59843.71,104569.06,0,0
141,CASH_OUT,48413.23,3232.0,0.0,0.0,48413.23,0,0
141,CASH_OUT,207971.22,105121.0,0.0,0.0,207971.22,0,0
141,CASH_OUT,95750.72,69813.0,0.0,767252.71,863003.43,0,0
141,PAYMENT,10499.94,0.0,0.0,0.0,0.0,0,0
141,CASH_OUT,58207.47,16659.0,0.0,0.0,58207.47,0,0
141,PAYMENT,17484.8,0.0,0.0,0.0,0.0,0,0
141,PAYMENT,6867.88,65132.33,58264.45,0.0,0.0,0,0
141,CASH_OUT,232171.15,0.0,0.0,511085.6,743256.75,0,0
141,CASH_OUT,121110.56,0.0,0.0,203026.03,480243.28,0,0
141,TRANSFER,62651.53,40963.0,0.0,0.0,62651.53,0,0
141,CASH_OUT,130469.98,236.0,0.0,175060.45,305530.43,0,0
141,PAYMENT,13566.86,70341.0,56774.14,0.0,0.0,0,0
141,PAYMENT,6240.38,14892.0,8651.62,0.0,0.0,0,0
141,PAYMENT,6724.84,421.0,0.0,0.0,0.0,0,0
141,PAYMENT,1968.04,39391.0,37422.96,0.0,0.0,0,0
141,PAYMENT,14665.9,0.0,0.0,0.0,0.0,0,0
141,PAYMENT,20478.99,0.0,0.0,0.0,0.0,0,0
141,TRANSFER,260596.55,0.0,0.0,951641.34,1212237.88,0,0
141,PAYMENT,6455.3,21126.0,14670.7,0.0,0.0,0,0
141,CASH_OUT,49693.8,520.0,0.0,774831.17,824524.97,0,0
141,PAYMENT,7650.91,0.0,0.0,0.0,0.0,0,0
141,CASH_OUT,177155.51,0.0,0.0,823933.55,1001089.06,0,0
141,CASH_IN,11646.3,15.0,11661.3,0.0,0.0,0,0
141,PAYMENT,8780.83,0.0,0.0,0.0,0.0,0,0
141,PAYMENT,547.06,10530.0,9982.94,0.0,0.0,0,0
141,PAYMENT,19150.99,0.0,0.0,0.0,0.0,0,0
141,CASH_OUT,138843.28,198445.0,59601.72,6409.22,145252.5,0,0
141,PAYMENT,6147.81,51580.0,45432.19,0.0,0.0,0,0
141,PAYMENT,1231.22,24299.11,23067.89,0.0,0.0,0,0
141,PAYMENT,6491.85,8468.0,1976.15,0.0,0.0,0,0
141,PAYMENT,5782.98,0.0,0.0,0.0,0.0,0,0
141,PAYMENT,8205.46,21907.33,13701.88,0.0,0.0,0,0
141,CASH_OUT,348356.98,1571.0,0.0,506249.52,965204.84,0,0
141,CASH_OUT,22089.85,0.0,0.0,400740.6,422830.45,0,0
141,CASH_OUT,250605.31,118.0,0.0,792194.85,928955.36,0,0
141,PAYMENT,1373.89,0.0,0.0,0.0,0.0,0,0
141,PAYMENT,6206.4,0.0,0.0,0.0,0.0,0,0
141,PAYMENT,9232.73,31686.0,22453.27,0.0,0.0,0,0
141,PAYMENT,24042.49,0.0,0.0,0.0,0.0,0,0
141,CASH_OUT,50563.26,0.0,0.0,76692.11,127255.37,0,0
141,PAYMENT,13188.72,0.0,0.0,0.0,0.0,0,0
141,PAYMENT,20571.48,66849.83,46278.35,0.0,0.0,0,0
141,PAYMENT,2463.84,0.0,0.0,0.0,0.0,0,0
141,PAYMENT,5583.96,16243.0,10659.04,0.0,0.0,0,0
141,CASH_IN,27112.97,5123.0,32235.97,0.0,0.0,0,0
141,PAYMENT,10412.17,0.0,0.0,0.0,0.0,0,0
142,PAYMENT,21832.15,0.0,0.0,0.0,0.0,0,0
142,CASH_OUT,93955.79,52364.13,0.0,432980.98,526936.78,0,0
142,PAYMENT,2815.77,0.0,0.0,0.0,0.0,0,0
142,PAYMENT,1549.87,3870.0,2320.13,0.0,0.0,0,0
142,PAYMENT,10375.79,50307.0,39931.21,0.0,0.0,0,0
142,PAYMENT,2767.19,108.0,0.0,0.0,0.0,0,0
142,CASH_OUT,316373.13,0.0,0.0,409606.98,725980.11,0,0
142,PAYMENT,4437.65,9686.0,5248.35,0.0,0.0,0,0
142,PAYMENT,2899.89,0.0,0.0,0.0,0.0,0,0
142,CASH_OUT,84695.57,107404.0,22708.43,233570.57,318266.14,0,0
142,PAYMENT,25393.35,11939.0,0.0,0.0,0.0,0,0
142,PAYMENT,24382.23,0.0,0.0,0.0,0.0,0,0
142,PAYMENT,15520.05,0.0,0.0,0.0,0.0,0,0
142,CASH_OUT,156439.84,0.0,0.0,447653.62,604093.47,0,0
142,TRANSFER,172595.36,52469.0,0.0,232713.31,405308.67,0,0
142,PAYMENT,10044.67,0.0,0.0,0.0,0.0,0,0
142,CASH_OUT,356596.99,25939.0,0.0,489434.29,846031.28,0,0
142,PAYMENT,1329.97,0.0,0.0,0.0,0.0,0,0
142,TRANSFER,286624.28,203632.0,0.0,3194.91,289819.19,0,0
142,PAYMENT,243.16,21440.0,21196.84,0.0,0.0,0,0
142,PAYMENT,15831.28,7674.0,0.0,0.0,0.0,0,0
142,CASH_OUT,204286.09,10032.0,0.0,214737.19,419023.28,0,0
142,PAYMENT,4289.09,183.0,0.0,0.0,0.0,0,0
142,PAYMENT,8017.52,46192.7,38175.18,0.0,0.0,0,0
142,PAYMENT,4707.45,10034.0,5326.55,0.0,0.0,0,0
142,CASH_OUT,72175.1,5577.0,0.0,69506.34,141681.43,0,0
142,PAYMENT,1887.57,0.0,0.0,0.0,0.0,0,0
142,PAYMENT,9301.33,10023.0,721.67,0.0,0.0,0,0
142,PAYMENT,18997.64,32924.0,13926.36,0.0,0.0,0,0
142,CASH_OUT,297167.69,0.0,0.0,885820.76,1182988.45,0,0
142,PAYMENT,13389.06,20925.0,7535.94,0.0,0.0,0,0
142,CASH_OUT,61373.63,0.0,0.0,541769.99,603143.62,0,0
142,PAYMENT,13860.32,0.0,0.0,0.0,0.0,0,0
142,PAYMENT,15144.46,5511.0,0.0,0.0,0.0,0,0
142,PAYMENT,2824.44,0.0,0.0,0.0,0.0,0,0
142,PAYMENT,34654.97,0.0,0.0,0.0,0.0,0,0
142,PAYMENT,12001.58,9582.0,0.0,0.0,0.0,0,0
142,CASH_OUT,98217.9,0.0,0.0,348389.34,446607.24,0,0
142,PAYMENT,4203.25,0.0,0.0,0.0,0.0,0,0
142,TRANSFER,73064.41,73064.41,0.0,0.0,0.0,1,0
142,CASH_OUT,73064.41,73064.41,0.0,187838.1,260902.5,1,0
142,TRANSFER,78810.3,78810.3,0.0,0.0,0.0,1,0
142,CASH_OUT,78810.3,78810.3,0.0,802788.52,881598.82,1,0
143,CASH_OUT,5105.54,177.0,0.0,0.0,5105.54,0,0
143,PAYMENT,599.92,0.0,0.0,0.0,0.0,0,0
143,PAYMENT,513.47,855.0,341.53,0.0,0.0,0,0
143,PAYMENT,14112.06,0.0,0.0,0.0,0.0,0,0
143,PAYMENT,5942.15,102.0,0.0,0.0,0.0,0,0
143,PAYMENT,7108.89,48027.67,40918.77,0.0,0.0,0,0
143,PAYMENT,1675.08,0.0,0.0,0.0,0.0,0,0
143,PAYMENT,9139.31,48467.0,39327.69,0.0,0.0,0,0
143,PAYMENT,13368.08,1072.0,0.0,0.0,0.0,0,0
143,PAYMENT,8055.64,0.0,0.0,0.0,0.0,0,0
143,PAYMENT,11856.93,717.32,0.0,0.0,0.0,0,0
143,PAYMENT,653.29,0.0,0.0,0.0,0.0,0,0
143,PAYMENT,19335.82,49442.0,30106.18,0.0,0.0,0,0
143,PAYMENT,5843.49,0.0,0.0,0.0,0.0,0,0
143,TRANSFER,377532.83,2015.0,0.0,272735.95,650268.78,0,0
143,PAYMENT,8834.24,20640.0,11805.76,0.0,0.0,0,0
143,PAYMENT,768.51,11195.0,10426.49,0.0,0.0,0,0
143,PAYMENT,4244.54,8.0,0.0,0.0,0.0,0,0
143,TRANSFER,277184.83,0.0,0.0,334309.52,611494.35,0,0
143,DEBIT,1101.52,15734.0,14632.48,137321.48,138423.0,0,0
143,PAYMENT,7952.42,11326.0,3373.58,0.0,0.0,0,0
143,PAYMENT,11850.36,8164.0,0.0,0.0,0.0,0,0
143,PAYMENT,8840.26,224.0,0.0,0.0,0.0,0,0
143,PAYMENT,13970.74,34006.73,20035.98,0.0,0.0,0,0
143,TRANSFER,45108.39,66755.0,21646.61,0.0,45108.39,0,0
143,CASH_OUT,219528.79,0.0,0.0,779275.54,998804.34,0,0
143,PAYMENT,8287.13,0.0,0.0,0.0,0.0,0,0
143,TRANSFER,350475.4,5533.06,0.0,641182.36,991657.76,0,0
143,CASH_IN,56148.08,131.0,56279.08,42666.74,0.0,0,0
143,PAYMENT,8412.96,0.0,0.0,0.0,0.0,0,0
143,PAYMENT,1912.7,0.0,0.0,0.0,0.0,0,0
143,PAYMENT,3501.29,34101.0,30599.71,0.0,0.0,0,0
143,PAYMENT,15655.94,9123.0,0.0,0.0,0.0,0,0
143,PAYMENT,2261.86,54790.0,52528.14,0.0,0.0,0,0
143,PAYMENT,4141.18,21241.0,17099.82,0.0,0.0,0,0
143,PAYMENT,641.39,12109.0,11467.61,0.0,0.0,0,0
143,TRANSFER,171337.99,171337.99,0.0,0.0,0.0,1,0
143,CASH_OUT,171337.99,171337.99,0.0,359188.01,530526.01,1,0
143,TRANSFER,155854.37,155854.37,0.0,0.0,0.0,1,0
143,CASH_OUT,155854.37,155854.37,0.0,318930.35,474784.71,1,0
143,TRANSFER,32076.17,32076.17,0.0,0.0,0.0,1,0
143,CASH_OUT,32076.17,32076.17,0.0,905007.28,937083.46,1,0
144,PAYMENT,5021.41,184.0,0.0,0.0,0.0,0,0
144,PAYMENT,18823.4,41633.0,22809.6,0.0,0.0,0,0
144,PAYMENT,26227.34,21134.42,0.0,0.0,0.0,0,0
144,PAYMENT,11609.28,5735.0,0.0,0.0,0.0,0,0
144,PAYMENT,12164.59,20757.0,8592.41,0.0,0.0,0,0
144,PAYMENT,12548.39,15280.86,2732.47,0.0,0.0,0,0
144,PAYMENT,7580.13,12577.0,4996.87,0.0,0.0,0,0
144,TRANSFER,102498.17,0.0,0.0,110052.55,212550.73,0,0
144,PAYMENT,8270.54,43366.0,35095.46,0.0,0.0,0,0
144,TRANSFER,102750.55,102750.55,0.0,0.0,0.0,1,0
144,CASH_OUT,102750.55,102750.55,0.0,473786.58,576537.12,1,0
145,PAYMENT,10559.02,5060.0,0.0,0.0,0.0,0,0
145,TRANSFER,66448.19,66448.19,0.0,0.0,0.0,1,0
145,TRANSFER,34301.19,34301.19,0.0,0.0,0.0,1,0
145,CASH_OUT,34301.19,34301.19,0.0,0.0,34301.19,1,0
145,TRANSFER,150245.05,150245.05,0.0,0.0,0.0,1,0
145,TRANSFER,9467.62,9467.62,0.0,0.0,0.0,1,0
145,CASH_OUT,9467.62,9467.62,0.0,92573.18,102040.81,1,0
146,TRANSFER,60516.53,60516.53,0.0,0.0,0.0,1,0
146,CASH_OUT,60516.53,60516.53,0.0,0.0,60516.53,1,0
148,TRANSFER,208630.6,208630.6,0.0,0.0,0.0,1,0
148,CASH_OUT,208630.6,208630.6,0.0,337304.83,545935.44,1,0
148,TRANSFER,99168.97,99168.97,0.0,0.0,0.0,1,0
148,CASH_OUT,99168.97,99168.97,0.0,360.3,99529.27,1,0
149,TRANSFER,155534.95,155534.95,0.0,0.0,0.0,1,0
149,CASH_OUT,155534.95,155534.95,0.0,88096.9,243631.85,1,0
149,TRANSFER,17569.42,17569.42,0.0,0.0,0.0,1,0
149,CASH_OUT,17569.42,17569.42,0.0,276439.92,294009.34,1,0
149,TRANSFER,172510.95,172510.95,0.0,0.0,0.0,1,0
149,CASH_OUT,172510.95,172510.95,0.0,590592.52,763103.47,1,0
149,TRANSFER,14016.65,14016.65,0.0,0.0,0.0,1,0
149,TRANSFER,29832.81,29832.81,0.0,0.0,0.0,1,0
149,CASH_OUT,29832.81,29832.81,0.0,82642.62,112475.43,1,0
150,TRANSFER,119454.86,119454.86,0.0,0.0,0.0,1,0
150,CASH_OUT,119454.86,119454.86,0.0,0.0,119454.86,1,0
150,TRANSFER,67653.75,67653.75,0.0,0.0,0.0,1,0
150,CASH_OUT,67653.75,67653.75,0.0,246219.93,313873.68,1,0
150,TRANSFER,163852.19,163852.19,0.0,0.0,0.0,1,0
150,CASH_OUT,163852.19,163852.19,0.0,548967.17,712819.36,1,0
150,TRANSFER,147171.3,147171.3,0.0,0.0,0.0,1,0
151,TRANSFER,127091.33,127091.33,0.0,0.0,0.0,1,0
151,CASH_OUT,127091.33,127091.33,0.0,656699.62,783790.95,1,0
151,TRANSFER,273746.13,273746.13,0.0,0.0,0.0,1,0
151,TRANSFER,147080.42,147080.42,0.0,0.0,0.0,1,0
151,CASH_OUT,147080.42,147080.42,0.0,0.0,147080.42,1,0
151,TRANSFER,258103.59,258103.59,0.0,0.0,0.0,1,0
151,CASH_OUT,258103.59,258103.59,0.0,244362.91,502466.5,1,0
151,TRANSFER,113614.57,113614.57,0.0,0.0,0.0,1,0
151,CASH_OUT,113614.57,113614.57,0.0,786701.6,900316.17,1,0
152,TRANSFER,102945.99,102945.99,0.0,0.0,0.0,1,0
153,CASH_OUT,177532.65,0.0,0.0,244137.0,239240.83,0,0
153,CASH_OUT,319674.6,6496.0,0.0,0.0,319674.6,0,0
153,PAYMENT,13553.29,0.0,0.0,0.0,0.0,0,0
153,TRANSFER,259630.83,0.0,0.0,496730.11,756360.95,0,0
153,PAYMENT,4489.95,0.0,0.0,0.0,0.0,0,0
153,PAYMENT,25867.69,73395.0,47527.31,0.0,0.0,0,0
153,PAYMENT,9430.0,4722.0,0.0,0.0,0.0,0,0
153,CASH_OUT,3191.96,0.0,0.0,107496.89,110688.84,0,0
153,CASH_OUT,230876.33,12040.0,0.0,690813.26,921689.6,0,0
153,PAYMENT,5183.02,9622.7,4439.69,0.0,0.0,0,0
153,CASH_OUT,206635.87,0.0,0.0,1045388.64,1252024.51,0,0
153,CASH_OUT,250346.31,25910.0,0.0,0.0,250346.31,0,0
153,PAYMENT,59.41,19098.5,19039.09,0.0,0.0,0,0
153,PAYMENT,6847.24,0.0,0.0,0.0,0.0,0,0
153,CASH_OUT,191353.81,0.0,0.0,606780.64,798134.46,0,0
153,PAYMENT,502.91,2998.0,2495.09,0.0,0.0,0,0
153,TRANSFER,397684.83,59400.0,0.0,259742.14,657426.96,0,0
153,PAYMENT,6488.5,23311.93,16823.43,0.0,0.0,0,0
153,CASH_OUT,180063.17,0.0,0.0,193540.21,373603.38,0,0
153,PAYMENT,12060.48,21077.0,9016.52,0.0,0.0,0,0
153,TRANSFER,223154.57,0.0,0.0,581717.92,804872.48,0,0
153,PAYMENT,11025.41,51.0,0.0,0.0,0.0,0,0
153,CASH_OUT,133970.14,10827.0,0.0,0.0,133970.14,0,0
153,PAYMENT,7058.09,0.0,0.0,0.0,0.0,0,0
153,CASH_OUT,203674.08,0.0,0.0,628367.59,717544.46,0,0
153,PAYMENT,7230.56,0.0,0.0,0.0,0.0,0,0
153,CASH_OUT,252608.12,196.0,0.0,945529.7,1198137.81,0,0
153,PAYMENT,7039.75,3057.0,0.0,0.0,0.0,0,0
153,CASH_OUT,94792.36,0.0,0.0,347377.52,442169.88,0,0
153,CASH_OUT,30708.93,0.0,0.0,238925.27,269634.2,0,0
153,CASH_OUT,72182.25,0.0,0.0,233606.19,305788.44,0,0
153,PAYMENT,25841.75,248.0,0.0,0.0,0.0,0,0
153,CASH_OUT,4118.61,0.0,0.0,835195.48,839314.09,0,0
153,PAYMENT,6640.08,0.0,0.0,0.0,0.0,0,0
153,CASH_OUT,24059.84,124.0,0.0,266245.21,290305.05,0,0
153,CASH_OUT,3743.07,12373.0,8629.93,355331.49,359074.55,0,0
153,PAYMENT,29422.84,65678.0,36255.16,0.0,0.0,0,0
153,CASH_OUT,110742.76,80726.0,0.0,0.0,110742.76,0,0
153,PAYMENT,726.61,282.0,0.0,0.0,0.0,0,0
153,CASH_OUT,112323.93,10808.0,0.0,31447.41,107373.83,0,0
153,CASH_OUT,113924.22,11797.0,0.0,144155.01,258079.23,0,0
153,CASH_OUT,139065.18,14892.0,0.0,1109666.52,1248731.7,0,0
153,TRANSFER,197652.49,0.0,0.0,471840.7,669493.19,0,0
153,CASH_OUT,414649.22,20112.0,0.0,35821.84,450471.06,0,0
153,PAYMENT,11730.82,72117.24,60386.42,0.0,0.0,0,0
153,PAYMENT,12258.78,0.0,0.0,0.0,0.0,0,0
153,PAYMENT,8513.57,156.0,0.0,0.0,0.0,0,0
153,PAYMENT,10779.35,0.0,0.0,0.0,0.0,0,0
153,PAYMENT,5721.76,441.0,0.0,0.0,0.0,0,0
153,PAYMENT,55826.71,33426.8,0.0,0.0,0.0,0,0
153,CASH_OUT,139695.5,415.0,0.0,0.0,139695.5,0,0
153,PAYMENT,10500.53,0.0,0.0,0.0,0.0,0,0
153,CASH_OUT,269465.31,1765.0,0.0,130694.26,628793.45,0,0
153,CASH_OUT,295606.59,0.0,0.0,873604.05,1169210.64,0,0
153,TRANSFER,234853.95,234853.95,0.0,0.0,0.0,1,0
153,CASH_OUT,234853.95,234853.95,0.0,23261.5,258115.45,1,0
153,TRANSFER,115535.52,115535.52,0.0,0.0,0.0,1,0
153,CASH_OUT,115535.52,115535.52,0.0,0.0,115535.52,1,0
153,TRANSFER,109008.53,109008.53,0.0,0.0,0.0,1,0
153,CASH_OUT,109008.53,109008.53,0.0,369085.36,478093.89,1,0
154,CASH_OUT,99603.58,0.0,0.0,402484.2,502087.78,0,0
154,CASH_OUT,262754.6,84628.0,0.0,39940.6,474466.36,0,0
154,PAYMENT,11865.42,0.0,0.0,0.0,0.0,0,0
154,CASH_OUT,288592.56,0.0,0.0,624623.81,913216.38,0,0
154,PAYMENT,4489.42,30443.0,25953.58,0.0,0.0,0,0
154,PAYMENT,19476.08,11580.0,0.0,0.0,0.0,0,0
154,PAYMENT,17124.81,29965.97,12841.16,0.0,0.0,0,0
154,CASH_OUT,146565.25,52005.0,0.0,1077362.0,1223927.25,0,0
154,PAYMENT,7696.66,338.0,0.0,0.0,0.0,0,0
154,CASH_OUT,178570.09,162.0,0.0,146678.78,325248.87,0,0
154,CASH_OUT,221125.02,11111.0,0.0,0.0,221125.02,0,0
154,PAYMENT,6925.84,2052.0,0.0,0.0,0.0,0,0
154,PAYMENT,21709.41,44632.0,22922.59,0.0,0.0,0,0
154,CASH_OUT,58703.64,32020.0,0.0,529082.37,587786.01,0,0
154,PAYMENT,13791.7,22687.0,8895.3,0.0,0.0,0,0
154,CASH_OUT,57413.41,0.0,0.0,92362.26,576642.33,0,0
154,CASH_OUT,14760.37,0.0,0.0,397443.33,412203.7,0,0
154,PAYMENT,20555.85,18854.0,0.0,0.0,0.0,0,0
154,PAYMENT,10958.43,39988.0,29029.57,0.0,0.0,0,0
154,CASH_OUT,147504.47,52609.0,0.0,0.0,147504.47,0,0
154,PAYMENT,5207.73,20875.0,15667.27,0.0,0.0,0,0
154,PAYMENT,4624.63,9818.03,5193.39,0.0,0.0,0,0
154,CASH_OUT,391713.24,0.0,0.0,619359.3,1011072.54,0,0
154,PAYMENT,17347.55,0.0,0.0,0.0,0.0,0,0
154,CASH_OUT,313377.4,19950.0,0.0,0.0,313377.4,0,0
154,PAYMENT,14974.19,49634.0,34659.81,0.0,0.0,0,0
154,CASH_OUT,172520.93,0.0,0.0,549780.33,722301.25,0,0
154,CASH_OUT,99463.79,0.0,0.0,618587.5,718051.29,0,0
154,CASH_OUT,237792.54,31201.0,0.0,0.0,237792.54,0,0
154,PAYMENT,10485.11,252.0,0.0,0.0,0.0,0,0
154,PAYMENT,15468.84,72048.0,56579.16,0.0,0.0,0,0
154,CASH_OUT,174010.94,106887.0,0.0,215436.99,389447.92,0,0
154,CASH_OUT,55332.92,0.0,0.0,199644.11,254977.03,0,0
154,CASH_OUT,112401.49,0.0,0.0,275858.34,388259.83,0,0
154,CASH_OUT,414517.97,82423.0,0.0,0.0,414517.97,0,0
154,PAYMENT,9979.43,133.0,0.0,0.0,0.0,0,0
154,CASH_OUT,160894.22,514.0,0.0,24797.03,185691.25,0,0
154,PAYMENT,17210.06,0.0,0.0,0.0,0.0,0,0
154,PAYMENT,13569.42,11153.0,0.0,0.0,0.0,0,0
154,PAYMENT,13432.19,0.0,0.0,0.0,0.0,0,0
154,PAYMENT,6142.89,55254.0,49111.11,0.0,0.0,0,0
154,CASH_OUT,109198.32,98906.0,0.0,223901.3,333099.62,0,0
154,PAYMENT,14103.87,0.0,0.0,0.0,0.0,0,0
154,PAYMENT,17724.38,42046.63,24322.24,0.0,0.0,0,0
154,PAYMENT,8145.81,0.0,0.0,0.0,0.0,0,0
154,TRANSFER,178419.66,0.0,0.0,764265.65,942685.31,0,0
154,CASH_OUT,316528.65,30412.0,0.0,59135.32,375663.97,0,0
154,PAYMENT,4006.46,0.0,0.0,0.0,0.0,0,0
154,CASH_OUT,30299.52,162.0,0.0,0.0,30299.52,0,0
154,CASH_OUT,97477.19,74877.0,0.0,1046946.0,1144423.2,0,0
154,CASH_OUT,394593.75,30187.0,0.0,0.0,394593.75,0,0
154,PAYMENT,9562.54,23282.69,13720.16,0.0,0.0,0,0
154,CASH_OUT,85649.81,0.0,0.0,375575.07,461224.88,0,0
154,CASH_OUT,208600.92,0.0,0.0,1015633.85,1224234.77,0,0
154,PAYMENT,28483.26,21723.77,0.0,0.0,0.0,0,0
154,CASH_OUT,110228.06,0.0,0.0,438283.94,548512.0,0,0
154,PAYMENT,10780.18,19631.0,8850.82,0.0,0.0,0,0
154,PAYMENT,1036.5,385.0,0.0,0.0,0.0,0,0
154,CASH_OUT,64609.93,0.0,0.0,690187.37,754797.31,0,0
154,CASH_OUT,68983.29,0.0,0.0,678043.34,747026.63,0,0
154,PAYMENT,8254.65,0.0,0.0,0.0,0.0,0,0
154,CASH_OUT,98960.36,983.0,0.0,0.0,98960.36,0,0
154,CASH_OUT,8039.7,0.0,0.0,57624.02,65663.72,0,0
154,PAYMENT,17228.55,0.0,0.0,0.0,0.0,0,0
154,PAYMENT,31733.72,0.0,0.0,0.0,0.0,0,0
154,CASH_OUT,4234.35,0.0,0.0,79348.34,83582.69,0,0
154,PAYMENT,11732.53,0.0,0.0,0.0,0.0,0,0
154,PAYMENT,9848.72,0.0,0.0,0.0,0.0,0,0
154,PAYMENT,339.39,6081.0,5741.61,0.0,0.0,0,0
154,CASH_OUT,39750.87,4192.0,0.0,0.0,39750.87,0,0
154,TRANSFER,4530.71,4530.71,0.0,0.0,0.0,1,0
154,CASH_OUT,4530.71,4530.71,0.0,0.0,4530.71,1,0
154,TRANSFER,141837.8,141837.8,0.0,0.0,0.0,1,0
155,PAYMENT,2782.85,21210.0,18427.15,0.0,0.0,0,0
155,CASH_OUT,162822.77,0.0,0.0,769641.13,932463.9,0,0
155,CASH_OUT,74927.45,19913.0,0.0,0.0,74927.45,0,0
155,PAYMENT,6536.44,53716.88,47180.45,0.0,0.0,0,0
155,CASH_OUT,13902.98,11576.0,0.0,1027340.17,1041243.14,0,0
155,CASH_OUT,406743.12,49362.0,0.0,69077.24,475820.37,0,0
155,PAYMENT,23656.89,0.0,0.0,0.0,0.0,0,0
155,CASH_OUT,341753.26,0.0,0.0,433672.01,775425.27,0,0
155,PAYMENT,10869.14,0.0,0.0,0.0,0.0,0,0
155,CASH_OUT,384533.09,9165.0,0.0,0.0,720282.9,0,0
155,CASH_OUT,329961.82,42027.0,0.0,0.0,329961.82,0,0
155,PAYMENT,22598.34,0.0,0.0,0.0,0.0,0,0
155,CASH_OUT,325790.37,4690.58,0.0,695585.69,1021376.06,0,0
155,CASH_OUT,297643.03,0.0,0.0,462947.32,760590.36,0,0
155,CASH_OUT,18429.39,606.0,0.0,29083.11,47512.49,0,0
155,CASH_OUT,210001.09,11462.0,0.0,227542.11,437543.2,0,0
155,CASH_OUT,357649.57,21616.0,0.0,554803.28,974955.55,0,0
155,CASH_OUT,6902.77,6098.0,0.0,124907.79,275789.25,0,0
155,CASH_OUT,449609.32,29769.0,0.0,29963.76,479573.08,0,0
155,CASH_OUT,146441.14,0.0,0.0,295912.35,539883.57,0,0
155,TRANSFER,149776.35,0.0,0.0,542176.22,691952.57,0,0
155,PAYMENT,12481.03,15311.63,2830.6,0.0,0.0,0,0
155,PAYMENT,25610.1,0.0,0.0,0.0,0.0,0,0
155,PAYMENT,28570.44,33188.0,4617.56,0.0,0.0,0,0
155,PAYMENT,18562.14,0.0,0.0,0.0,0.0,0,0
155,CASH_OUT,137025.69,29543.0,0.0,293091.1,430116.79,0,0
155,CASH_OUT,24487.27,0.0,0.0,580515.55,605002.82,0,0
155,PAYMENT,2609.09,0.0,0.0,0.0,0.0,0,0
155,PAYMENT,27481.96,0.0,0.0,0.0,0.0,0,0
155,CASH_OUT,277999.95,7215.0,0.0,355235.59,450921.45,0,0
155,PAYMENT,9472.16,63930.0,54457.84,0.0,0.0,0,0
155,CASH_OUT,491251.3,56664.0,0.0,3154.0,266863.13,0,0
155,PAYMENT,13473.47,32354.0,18880.53,0.0,0.0,0,0
155,CASH_OUT,248756.54,0.0,0.0,463658.08,712414.62,0,0
155,PAYMENT,9283.62,29678.0,20394.38,0.0,0.0,0,0
155,PAYMENT,2841.73,34963.0,32121.27,0.0,0.0,0,0
155,PAYMENT,3198.54,0.0,0.0,0.0,0.0,0,0
155,CASH_OUT,68622.81,0.0,0.0,149645.37,218268.18,0,0
155,PAYMENT,14158.83,0.0,0.0,0.0,0.0,0,0
155,CASH_OUT,10205.28,0.0,0.0,213158.26,223363.53,0,0
155,CASH_OUT,351408.69,5321.0,0.0,600366.2,951774.89,0,0
155,CASH_OUT,31166.33,0.0,0.0,132799.29,163965.62,0,0
155,CASH_OUT,78912.81,0.0,0.0,224980.1,303892.91,0,0
155,CASH_OUT,119868.09,59687.0,0.0,93859.06,213727.16,0,0
155,CASH_OUT,153424.09,0.0,0.0,183781.46,337205.55,0,0
155,PAYMENT,13698.42,0.0,0.0,0.0,0.0,0,0
155,PAYMENT,1123.3,0.0,0.0,0.0,0.0,0,0
155,PAYMENT,14908.08,5052.0,0.0,0.0,0.0,0,0
155,PAYMENT,15543.22,45160.44,29617.22,0.0,0.0,0,0
155,PAYMENT,1869.63,0.0,0.0,0.0,0.0,0,0
155,CASH_OUT,244007.96,16202.0,0.0,12164.83,256172.79,0,0
155,PAYMENT,7406.15,0.0,0.0,0.0,0.0,0,0
155,CASH_OUT,346599.23,60176.0,0.0,519578.44,866177.66,0,0
155,CASH_OUT,2812.49,0.0,0.0,808590.72,811403.21,0,0
155,CASH_OUT,202534.18,15175.0,0.0,857910.05,1060444.23,0,0
155,PAYMENT,18198.52,0.0,0.0,0.0,0.0,0,0
155,PAYMENT,8291.25,2403.0,0.0,0.0,0.0,0,0
155,CASH_OUT,239510.63,10721.0,0.0,7997.0,247507.63,0,0
155,PAYMENT,15306.91,0.0,0.0,0.0,0.0,0,0
155,PAYMENT,5973.01,0.0,0.0,0.0,0.0,0,0
155,CASH_OUT,38451.65,175.0,0.0,1076455.76,1114907.42,0,0
155,CASH_OUT,355453.82,46414.0,0.0,404991.84,760445.66,0,0
155,PAYMENT,12803.11,29287.0,16483.89,0.0,0.0,0,0
155,PAYMENT,14611.84,0.0,0.0,0.0,0.0,0,0
155,CASH_OUT,8144.2,0.0,0.0,654305.38,662449.57,0,0
155,PAYMENT,17544.61,16980.0,0.0,0.0,0.0,0,0
155,CASH_OUT,210359.17,10491.0,0.0,0.0,158533.57,0,0
155,CASH_OUT,355901.07,0.0,0.0,606956.81,910605.96,0,0
155,PAYMENT,7896.99,7216.02,0.0,0.0,0.0,0,0
155,PAYMENT,12766.92,541.0,0.0,0.0,0.0,0,0
155,PAYMENT,4495.24,0.0,0.0,0.0,0.0,0,0
155,PAYMENT,10181.48,29747.0,19565.52,0.0,0.0,0,0
155,CASH_OUT,411660.88,52073.0,0.0,92917.64,504578.52,0,0
155,PAYMENT,10590.05,13217.0,2626.95,0.0,0.0,0,0
155,PAYMENT,20466.35,0.0,0.0,0.0,0.0,0,0
155,PAYMENT,5075.29,29963.0,24887.71,0.0,0.0,0,0
155,CASH_OUT,41800.78,69854.0,28053.22,0.0,41800.78,0,0
155,PAYMENT,9268.69,0.0,0.0,0.0,0.0,0,0
155,PAYMENT,13300.24,284.0,0.0,0.0,0.0,0,0
155,PAYMENT,8054.31,0.0,0.0,0.0,0.0,0,0
155,PAYMENT,23882.01,11915.0,0.0,0.0,0.0,0,0
155,PAYMENT,35516.54,50659.0,15142.46,0.0,0.0,0,0
155,PAYMENT,2205.4,15689.21,13483.81,0.0,0.0,0,0
155,PAYMENT,2907.09,11601.43,8694.34,0.0,0.0,0,0
155,CASH_OUT,211874.47,0.0,0.0,375303.72,587178.19,0,0
155,PAYMENT,8840.18,0.0,0.0,0.0,0.0,0,0
155,PAYMENT,28495.03,0.0,0.0,0.0,0.0,0,0
155,PAYMENT,6780.79,0.0,0.0,0.0,0.0,0,0
155,TRANSFER,49558.98,0.0,0.0,402857.12,452416.11,0,0
155,CASH_OUT,334682.84,0.0,0.0,911718.43,1246401.27,0,0
155,PAYMENT,33672.47,0.0,0.0,0.0,0.0,0,0
155,CASH_IN,32150.43,14571.0,46721.43,500366.72,547231.95,0,0
155,PAYMENT,13078.78,0.0,0.0,0.0,0.0,0,0
155,CASH_IN,32944.85,6.0,32950.85,31472.75,0.0,0,0
155,CASH_OUT,244042.86,49968.0,0.0,73887.78,317930.64,0,0
155,PAYMENT,22911.44,0.0,0.0,0.0,0.0,0,0
155,CASH_OUT,393451.11,20259.0,0.0,102662.69,496113.8,0,0
155,PAYMENT,16862.3,0.0,0.0,0.0,0.0,0,0
155,PAYMENT,11966.77,0.0,0.0,0.0,0.0,0,0
155,PAYMENT,34451.26,18124.0,0.0,0.0,0.0,0,0
155,CASH_OUT,55347.53,80620.0,25272.47,0.0,55347.53,0,0
155,PAYMENT,16275.17,0.0,0.0,0.0,0.0,0,0
155,PAYMENT,16174.36,21711.0,5536.64,0.0,0.0,0,0
155,CASH_OUT,29025.07,50420.0,21394.93,37351.97,66377.04,0,0
155,TRANSFER,49372.94,49372.94,0.0,0.0,0.0,1,0
155,CASH_OUT,49372.94,49372.94,0.0,517116.46,566489.4,1,0
155,TRANSFER,242179.39,242179.39,0.0,0.0,0.0,1,0
155,CASH_OUT,242179.39,242179.39,0.0,107058.15,349237.54,1,0
156,PAYMENT,6693.63,42191.0,35497.37,0.0,0.0,0,0
156,PAYMENT,5031.04,665.0,0.0,0.0,0.0,0,0
156,PAYMENT,9632.72,0.0,0.0,0.0,0.0,0,0
156,PAYMENT,34706.99,51990.0,17283.01,0.0,0.0,0,0
156,CASH_OUT,102273.49,0.0,0.0,945088.66,1047362.16,0,0
156,PAYMENT,14242.58,51380.0,37137.42,0.0,0.0,0,0
156,CASH_OUT,329261.67,29940.0,0.0,103507.49,432769.16,0,0
156,PAYMENT,8720.04,52824.41,44104.37,0.0,0.0,0,0
156,CASH_OUT,368285.08,0.0,0.0,626638.95,994924.03,0,0
156,PAYMENT,10775.81,0.0,0.0,0.0,0.0,0,0
156,PAYMENT,6658.04,19990.0,13331.96,0.0,0.0,0,0
156,CASH_OUT,387629.27,0.0,0.0,429391.49,817020.76,0,0
156,PAYMENT,14328.6,0.0,0.0,0.0,0.0,0,0
156,PAYMENT,12225.46,0.0,0.0,0.0,0.0,0,0
156,CASH_OUT,52817.84,28447.0,0.0,0.0,52817.84,0,0
156,CASH_OUT,396318.47,1196.0,0.0,318280.81,714599.28,0,0
156,PAYMENT,18906.99,0.0,0.0,0.0,0.0,0,0
156,TRANSFER,229499.46,12892.0,0.0,628605.65,858105.11,0,0
156,PAYMENT,3509.21,12182.09,8672.89,0.0,0.0,0,0
156,CASH_OUT,235482.85,0.0,0.0,635932.65,871415.49,0,0
156,PAYMENT,10714.29,0.0,0.0,0.0,0.0,0,0
156,CASH_OUT,27049.19,0.0,0.0,134407.17,161456.36,0,0
156,TRANSFER,106159.14,0.0,0.0,433883.59,540042.73,0,0
156,PAYMENT,43286.23,1246.0,0.0,0.0,0.0,0,0
156,PAYMENT,15397.04,0.0,0.0,0.0,0.0,0,0
156,CASH_OUT,67566.87,81437.0,13870.13,0.0,67566.87,0,0
156,PAYMENT,7530.08,0.0,0.0,0.0,0.0,0,0
156,CASH_OUT,211420.99,9858.0,0.0,0.0,211420.99,0,0
156,PAYMENT,24593.68,0.0,0.0,0.0,0.0,0,0
156,PAYMENT,7389.87,26076.0,18686.13,0.0,0.0,0,0
156,PAYMENT,12057.08,32284.0,20226.92,0.0,0.0,0,0
156,PAYMENT,4891.33,0.0,0.0,0.0,0.0,0,0
156,CASH_OUT,151082.33,42351.0,0.0,630652.8,781735.13,0,0
156,CASH_OUT,29378.84,36122.0,6743.16,44758.02,0.0,0,0
156,PAYMENT,17399.92,0.0,0.0,0.0,0.0,0,0
156,PAYMENT,493.33,0.0,0.0,0.0,0.0,0,0
156,PAYMENT,867.84,18037.0,17169.16,0.0,0.0,0,0
156,PAYMENT,3305.26,22188.0,18882.74,0.0,0.0,0,0
156,PAYMENT,9014.59,0.0,0.0,0.0,0.0,0,0
156,PAYMENT,26598.0,0.0,0.0,0.0,0.0,0,0
156,PAYMENT,6024.98,50633.0,44608.02,0.0,0.0,0,0
156,PAYMENT,6140.39,0.0,0.0,0.0,0.0,0,0
156,CASH_OUT,36594.24,0.0,0.0,580669.42,617263.66,0,0
156,CASH_OUT,4569.79,0.0,0.0,616610.92,621180.71,0,0
156,PAYMENT,33596.92,10560.0,0.0,0.0,0.0,0,0
156,CASH_OUT,214065.63,80185.0,0.0,0.0,214065.63,0,0
156,CASH_OUT,67139.43,59505.0,0.0,0.0,67139.43,0,0
156,PAYMENT,5829.17,22467.0,16637.83,0.0,0.0,0,0
156,CASH_OUT,88321.51,0.0,0.0,481961.75,570283.26,0,0
156,CASH_OUT,84381.8,168.0,0.0,0.0,84381.8,0,0
156,CASH_OUT,204438.52,0.0,0.0,521334.93,725773.45,0,0
156,TRANSFER,288348.05,5050.0,0.0,0.0,580408.17,0,0
156,PAYMENT,21892.17,0.0,0.0,0.0,0.0,0,0
156,PAYMENT,16124.22,76.0,0.0,0.0,0.0,0,0
156,PAYMENT,22564.26,0.0,0.0,0.0,0.0,0,0
156,CASH_OUT,190933.55,0.0,0.0,430337.25,621270.8,0,0
156,PAYMENT,5907.43,1808.74,0.0,0.0,0.0,0,0
156,CASH_OUT,125511.94,43293.0,0.0,0.0,125511.94,0,0
156,PAYMENT,17346.86,11546.0,0.0,0.0,0.0,0,0
156,CASH_OUT,350137.33,92067.0,0.0,485568.67,835706.0,0,0
156,CASH_OUT,30295.18,8840.0,0.0,0.0,30295.18,0,0
156,PAYMENT,21560.66,9000.0,0.0,0.0,0.0,0,0
156,CASH_OUT,90164.21,11482.0,0.0,76866.95,167031.17,0,0
156,PAYMENT,4801.82,0.0,0.0,0.0,0.0,0,0
156,CASH_OUT,321087.32,10063.0,0.0,80820.0,252605.73,0,0
156,CASH_OUT,372533.16,311.0,0.0,720068.09,1092601.25,0,0
156,PAYMENT,21867.56,72099.0,50231.44,0.0,0.0,0,0
156,PAYMENT,28927.97,0.0,0.0,0.0,0.0,0,0
156,PAYMENT,27857.05,3106.91,0.0,0.0,0.0,0,0
156,PAYMENT,30568.99,201.0,0.0,0.0,0.0,0,0
156,CASH_OUT,325800.7,7411.0,0.0,54216.06,380016.77,0,0
156,PAYMENT,5581.47,16140.0,10558.53,0.0,0.0,0,0
156,PAYMENT,40790.0,10659.0,0.0,0.0,0.0,0,0
156,CASH_OUT,429752.49,15788.0,0.0,0.0,429752.49,0,0
156,CASH_OUT,246018.41,117.0,0.0,0.0,246018.41,0,0
156,PAYMENT,2839.44,0.0,0.0,0.0,0.0,0,0
156,CASH_OUT,96837.63,50167.0,0.0,0.0,96837.63,0,0
156,CASH_OUT,91061.71,0.0,0.0,534559.89,625621.6,0,0
156,CASH_OUT,114196.73,0.0,0.0,366638.21,480834.95,0,0
156,PAYMENT,34004.24,757.0,0.0,0.0,0.0,0,0
156,CASH_OUT,101809.45,0.0,0.0,569889.57,671699.02,0,0
156,PAYMENT,9837.77,9664.0,0.0,0.0,0.0,0,0
156,CASH_OUT,101762.75,18135.0,0.0,0.0,101762.75,0,0
156,CASH_OUT,193398.24,22825.0,0.0,50419.06,243817.29,0,0
156,CASH_OUT,59209.66,1716.0,0.0,20725.92,79935.58,0,0
156,CASH_OUT,110290.43,25332.0,0.0,538395.52,648685.95,0,0
156,PAYMENT,14462.03,1403.45,0.0,0.0,0.0,0,0
156,TRANSFER,57266.23,0.0,0.0,70729.1,127995.33,0,0
156,PAYMENT,17938.54,0.0,0.0,0.0,0.0,0,0
156,PAYMENT,567.62,0.0,0.0,0.0,0.0,0,0
156,PAYMENT,24517.93,0.0,0.0,0.0,0.0,0,0
156,PAYMENT,10093.07,26521.0,16427.93,0.0,0.0,0,0
156,CASH_OUT,286435.05,10174.0,0.0,469977.32,756412.37,0,0
156,PAYMENT,22055.99,548.0,0.0,0.0,0.0,0,0
156,CASH_OUT,387293.81,161.0,0.0,0.0,387293.81,0,0
156,PAYMENT,31314.56,4014.0,0.0,0.0,0.0,0,0
156,PAYMENT,9512.28,93.0,0.0,0.0,0.0,0,0
156,PAYMENT,24747.07,10214.0,0.0,0.0,0.0,0,0
156,CASH_OUT,411361.53,233031.0,0.0,13872.43,425233.96,0,0
156,TRANSFER,79031.41,79031.41,0.0,0.0,0.0,1,0
156,CASH_OUT,79031.41,79031.41,0.0,840743.33,919774.75,1,0
156,TRANSFER,254167.15,254167.15,0.0,0.0,0.0,1,0
156,CASH_OUT,254167.15,254167.15,0.0,101467.87,355635.02,1,0
156,TRANSFER,157705.36,157705.36,0.0,0.0,0.0,1,0
156,CASH_OUT,157705.36,157705.36,0.0,0.0,157705.36,1,0
156,TRANSFER,134497.41,134497.41,0.0,0.0,0.0,1,0
156,TRANSFER,86848.88,86848.88,0.0,0.0,0.0,1,0
156,CASH_OUT,86848.88,86848.88,0.0,489635.85,576484.72,1,0
157,CASH_OUT,118320.88,0.0,0.0,236940.18,250179.84,0,0
157,CASH_OUT,160818.92,89177.0,0.0,0.0,160818.92,0,0
157,CASH_OUT,110751.82,1285.0,0.0,79686.47,190438.29,0,0
157,PAYMENT,12566.35,1814.0,0.0,0.0,0.0,0,0
157,CASH_OUT,183624.67,0.0,0.0,449743.65,633368.32,0,0
157,CASH_OUT,354256.63,9919.0,0.0,0.0,354256.63,0,0
157,PAYMENT,278.03,21102.0,20823.97,0.0,0.0,0,0
157,PAYMENT,13742.22,20166.0,6423.78,0.0,0.0,0,0
157,PAYMENT,14019.38,862.0,0.0,0.0,0.0,0,0
157,PAYMENT,22401.22,29735.65,7334.43,0.0,0.0,0,0
157,PAYMENT,15021.13,0.0,0.0,0.0,0.0,0,0
157,TRANSFER,188574.89,65332.0,0.0,0.0,188574.89,0,0
157,PAYMENT,18954.75,156.0,0.0,0.0,0.0,0,0
157,TRANSFER,158005.91,0.0,0.0,941367.09,1099373.0,0,0
157,PAYMENT,13172.91,28828.0,15655.09,0.0,0.0,0,0
157,PAYMENT,13568.9,0.0,0.0,0.0,0.0,0,0
157,CASH_OUT,156515.48,0.0,0.0,481317.66,637833.15,0,0
157,CASH_OUT,484917.96,86.0,0.0,0.0,484917.96,0,0
157,PAYMENT,27997.81,6100.0,0.0,0.0,0.0,0,0
157,DEBIT,7691.08,30717.0,23025.92,395070.76,402761.84,0,0
157,TRANSFER,242324.75,0.0,0.0,728550.35,970875.1,0,0
157,CASH_OUT,191334.89,10271.0,0.0,321425.09,512759.98,0,0
157,PAYMENT,1726.44,0.0,0.0,0.0,0.0,0,0
157,CASH_OUT,64045.88,0.0,0.0,402812.01,466857.89,0,0
157,PAYMENT,20673.08,0.0,0.0,0.0,0.0,0,0
157,CASH_IN,24503.79,20601.0,45104.79,467207.06,442703.27,0,0
157,CASH_OUT,220902.7,0.0,0.0,348981.31,569884.01,0,0
157,PAYMENT,14115.05,1146.01,0.0,0.0,0.0,0,0
157,CASH_OUT,39175.85,0.0,0.0,93609.77,132785.62,0,0
157,PAYMENT,15123.03,1387.0,0.0,0.0,0.0,0,0
157,PAYMENT,19069.92,0.0,0.0,0.0,0.0,0,0
157,CASH_OUT,34700.95,0.0,0.0,169804.97,204505.92,0,0
157,CASH_OUT,50379.85,0.0,0.0,70992.04,121371.9,0,0
157,PAYMENT,13206.77,0.0,0.0,0.0,0.0,0,0
157,CASH_OUT,109265.4,0.0,0.0,351283.81,460549.21,0,0
157,CASH_OUT,90108.02,19934.0,0.0,262580.77,352688.79,0,0
157,PAYMENT,16255.54,39946.0,23690.46,0.0,0.0,0,0
157,CASH_OUT,165506.66,23120.0,0.0,95066.17,260572.83,0,0
157,PAYMENT,21498.23,30348.0,8849.77,0.0,0.0,0,0
157,CASH_OUT,11701.89,359.0,0.0,0.0,11701.89,0,0
157,PAYMENT,16883.65,0.0,0.0,0.0,0.0,0,0
157,CASH_OUT,47481.34,0.0,0.0,388433.44,435914.78,0,0
157,PAYMENT,17672.56,20990.0,3317.44,0.0,0.0,0,0
157,PAYMENT,7614.2,0.0,0.0,0.0,0.0,0,0
157,PAYMENT,13453.09,0.0,0.0,0.0,0.0,0,0
157,CASH_OUT,52709.94,20164.0,0.0,0.0,52709.94,0,0
157,TRANSFER,5575.93,0.0,0.0,644519.98,650095.91,0,0
157,CASH_OUT,461699.28,11672.0,0.0,0.0,461699.28,0,0
157,PAYMENT,11645.16,0.0,0.0,0.0,0.0,0,0
157,CASH_OUT,203339.06,0.0,0.0,367609.27,570948.34,0,0
157,PAYMENT,4336.17,0.0,0.0,0.0,0.0,0,0
157,PAYMENT,23590.02,0.0,0.0,0.0,0.0,0,0
157,CASH_OUT,483136.99,83689.0,0.0,15149.28,498286.26,0,0
157,CASH_OUT,58.7,0.0,0.0,679135.12,679193.82,0,0
157,PAYMENT,375.08,22491.0,22115.92,0.0,0.0,0,0
157,PAYMENT,17248.78,0.0,0.0,0.0,0.0,0,0
157,PAYMENT,7501.1,367.0,0.0,0.0,0.0,0,0
157,PAYMENT,13061.57,0.0,0.0,0.0,0.0,0,0
157,PAYMENT,36998.14,0.0,0.0,0.0,0.0,0,0
157,PAYMENT,7157.12,0.0,0.0,0.0,0.0,0,0
157,PAYMENT,1693.54,51287.0,49593.46,0.0,0.0,0,0
157,CASH_OUT,72835.06,0.0,0.0,112684.26,185519.32,0,0
157,PAYMENT,9570.85,1137.0,0.0,0.0,0.0,0,0
157,CASH_OUT,259270.08,11440.0,0.0,679070.35,938340.43,0,0
157,PAYMENT,2848.86,0.0,0.0,0.0,0.0,0,0
157,PAYMENT,8916.25,59789.0,50872.75,0.0,0.0,0,0
157,TRANSFER,8427.2,21427.0,12999.8,734969.98,743397.18,0,0
157,PAYMENT,9682.5,0.0,0.0,0.0,0.0,0,0
157,TRANSFER,147100.4,20914.0,0.0,1093358.97,1240459.37,0,0
157,PAYMENT,13724.71,5253.0,0.0,0.0,0.0,0,0
157,CASH_OUT,152201.33,12.0,0.0,0.0,152201.33,0,0
157,CASH_OUT,211466.63,1827.0,0.0,93714.59,50664.06,0,0
157,CASH_IN,44501.71,3656.0,48157.71,9976.68,0.0,0,0
157,CASH_OUT,1920.72,0.0,0.0,180268.76,182189.47,0,0
157,CASH_OUT,111103.47,0.0,0.0,1014248.52,1125352.0,0,0
157,PAYMENT,2667.47,0.0,0.0,0.0,0.0,0,0
157,CASH_OUT,152619.03,21470.0,0.0,85552.37,238171.4,0,0
157,PAYMENT,37719.4,0.0,0.0,0.0,0.0,0,0
157,TRANSFER,209653.19,29805.0,0.0,0.0,209653.19,0,0
157,PAYMENT,21082.14,20104.0,0.0,0.0,0.0,0,0
157,PAYMENT,17766.17,55567.55,37801.37,0.0,0.0,0,0
157,PAYMENT,6473.46,27802.0,21328.54,0.0,0.0,0,0
157,CASH_OUT,225323.88,1055.0,0.0,0.0,225323.88,0,0
157,PAYMENT,12773.33,20981.0,8207.67,0.0,0.0,0,0
157,PAYMENT,14898.27,20851.0,5952.73,0.0,0.0,0,0
157,CASH_OUT,122032.6,0.0,0.0,887294.92,1009327.52,0,0
157,PAYMENT,846.48,0.0,0.0,0.0,0.0,0,0
157,PAYMENT,11574.32,0.0,0.0,0.0,0.0,0,0
157,TRANSFER,95348.33,95348.33,0.0,0.0,0.0,1,0
157,CASH_OUT,95348.33,95348.33,0.0,616913.51,712261.84,1,0
158,CASH_OUT,167139.43,0.0,0.0,262361.79,429501.22,0,0
158,PAYMENT,4952.96,0.0,0.0,0.0,0.0,0,0
158,CASH_OUT,217071.17,0.0,0.0,249742.59,466813.76,0,0
158,PAYMENT,10869.29,0.0,0.0,0.0,0.0,0,0
158,CASH_OUT,117643.5,0.0,0.0,309081.14,426724.63,0,0
158,PAYMENT,13680.22,0.0,0.0,0.0,0.0,0,0
158,PAYMENT,1876.94,0.0,0.0,0.0,0.0,0,0
158,PAYMENT,4938.46,0.0,0.0,0.0,0.0,0,0
158,PAYMENT,11618.77,793.0,0.0,0.0,0.0,0,0
158,CASH_OUT,40032.4,0.0,0.0,192121.07,232153.46,0,0
158,PAYMENT,9779.34,0.0,0.0,0.0,0.0,0,0
158,CASH_OUT,247005.92,60774.0,0.0,0.0,247005.92,0,0
158,CASH_OUT,198725.62,10881.0,0.0,306578.11,505303.73,0,0
158,PAYMENT,33281.79,23635.0,0.0,0.0,0.0,0,0
158,CASH_OUT,253009.16,9213.0,0.0,0.0,253009.16,0,0
158,PAYMENT,15203.09,0.0,0.0,0.0,0.0,0,0
158,PAYMENT,12368.37,0.0,0.0,0.0,0.0,0,0
158,CASH_OUT,277007.81,30026.0,0.0,254339.85,531347.67,0,0
158,PAYMENT,21888.59,4493.0,0.0,0.0,0.0,0,0
158,PAYMENT,83.32,0.0,0.0,0.0,0.0,0,0
158,CASH_OUT,167085.0,0.0,0.0,401969.94,569054.93,0,0
158,PAYMENT,36321.43,0.0,0.0,0.0,0.0,0,0
158,CASH_OUT,113752.78,0.0,0.0,545839.98,659592.76,0,0
158,PAYMENT,11393.17,0.0,0.0,0.0,0.0,0,0
158,CASH_OUT,34621.7,0.0,0.0,1141582.59,1176204.29,0,0
158,PAYMENT,5895.48,11188.0,5292.52,0.0,0.0,0,0
158,PAYMENT,0.06,0.0,0.0,0.0,0.0,0,0
158,PAYMENT,181.37,0.0,0.0,0.0,0.0,0,0
158,PAYMENT,2894.46,0.0,0.0,0.0,0.0,0,0
158,PAYMENT,10710.08,44359.55,33649.47,0.0,0.0,0,0
158,PAYMENT,7410.58,5013.0,0.0,0.0,0.0,0,0
158,PAYMENT,15216.91,0.0,0.0,0.0,0.0,0,0
158,CASH_OUT,70116.71,0.0,0.0,365545.28,435662.0,0,0
158,CASH_OUT,277684.84,0.0,0.0,629610.44,907295.28,0,0
158,CASH_OUT,43041.81,0.0,0.0,208977.59,273476.56,0,0
158,CASH_OUT,234005.54,0.0,0.0,348257.54,582263.09,0,0
158,PAYMENT,5623.36,0.0,0.0,0.0,0.0,0,0
158,PAYMENT,3838.89,14732.0,10893.11,0.0,0.0,0,0
158,CASH_OUT,213773.57,51193.0,0.0,0.0,390656.16,0,0
158,PAYMENT,15388.29,0.0,0.0,0.0,0.0,0,0
158,CASH_OUT,7082.57,0.0,0.0,969491.49,1057313.71,0,0
158,CASH_OUT,48171.71,0.0,0.0,93672.82,141844.53,0,0
158,CASH_OUT,103092.75,737.0,0.0,424414.47,527507.22,0,0
158,PAYMENT,13444.07,0.0,0.0,0.0,0.0,0,0
158,CASH_OUT,163525.65,165211.23,1685.58,1018053.75,1181579.4,0,0
158,TRANSFER,326075.03,0.0,0.0,444778.69,770853.71,0,0
158,PAYMENT,414.43,0.0,0.0,0.0,0.0,0,0
158,CASH_OUT,138637.25,0.0,0.0,174086.67,312723.92,0,0
158,PAYMENT,7813.51,0.0,0.0,0.0,0.0,0,0
158,PAYMENT,3282.15,968.0,0.0,0.0,0.0,0,0
158,CASH_OUT,186306.97,0.0,0.0,520440.41,706747.38,0,0
158,CASH_OUT,72358.22,0.0,0.0,230351.05,78808.43,0,0
158,PAYMENT,11960.21,10758.95,0.0,0.0,0.0,0,0
158,PAYMENT,909.31,29532.0,28622.69,0.0,0.0,0,0
158,PAYMENT,24873.93,0.0,0.0,0.0,0.0,0,0
158,PAYMENT,15288.72,0.0,0.0,0.0,0.0,0,0
158,PAYMENT,6519.39,0.0,0.0,0.0,0.0,0,0
158,CASH_OUT,215642.98,50167.0,0.0,128117.02,343760.0,0,0
158,CASH_OUT,21059.31,0.0,0.0,1150848.32,1171907.62,0,0
158,PAYMENT,10416.63,0.0,0.0,0.0,0.0,0,0
158,CASH_OUT,16337.23,0.0,0.0,697309.6,713646.83,0,0
158,TRANSFER,171456.83,171456.83,0.0,0.0,0.0,1,0
158,CASH_OUT,171456.83,171456.83,0.0,546812.73,718269.56,1,0
158,TRANSFER,27723.34,27723.34,0.0,0.0,0.0,1,0
158,CASH_OUT,27723.34,27723.34,0.0,983150.44,1010873.78,1,0
159,PAYMENT,12380.96,421.0,0.0,0.0,0.0,0,0
159,PAYMENT,8930.98,0.0,0.0,0.0,0.0,0,0
159,PAYMENT,4848.24,0.0,0.0,0.0,0.0,0,0
159,CASH_OUT,220173.78,25968.0,0.0,727304.59,947478.37,0,0
159,PAYMENT,13707.23,0.0,0.0,0.0,0.0,0,0
159,PAYMENT,7482.4,0.0,0.0,0.0,0.0,0,0
159,CASH_OUT,254138.89,83678.0,0.0,9895.39,264034.28,0,0
159,CASH_OUT,21728.3,115.0,0.0,0.0,21728.3,0,0
159,TRANSFER,429053.11,0.0,0.0,615040.83,1044093.94,0,0
159,CASH_OUT,299399.13,0.0,0.0,525460.07,824859.2,0,0
159,CASH_OUT,236307.15,307.0,0.0,670161.53,906468.67,0,0
159,PAYMENT,14946.13,0.0,0.0,0.0,0.0,0,0
159,CASH_OUT,69180.71,0.0,0.0,256699.98,325880.69,0,0
159,PAYMENT,2306.53,0.0,0.0,0.0,0.0,0,0
159,PAYMENT,2863.28,0.0,0.0,0.0,0.0,0,0
159,CASH_OUT,343442.29,0.0,0.0,797392.11,1140834.41,0,0
159,PAYMENT,15433.62,0.0,0.0,0.0,0.0,0,0
159,CASH_OUT,73251.24,566.0,0.0,934809.75,1008061.0,0,0
159,PAYMENT,11187.9,0.0,0.0,0.0,0.0,0,0
159,CASH_OUT,44316.03,0.0,0.0,79191.02,123507.05,0,0
159,PAYMENT,18933.41,0.0,0.0,0.0,0.0,0,0
159,PAYMENT,38347.59,60714.0,22366.41,0.0,0.0,0,0
159,CASH_OUT,15978.71,13993.0,0.0,366609.35,382588.07,0,0
159,PAYMENT,8812.17,10204.6,1392.43,0.0,0.0,0,0
159,PAYMENT,5758.02,0.0,0.0,0.0,0.0,0,0
159,TRANSFER,54255.63,19310.0,0.0,68205.48,122461.11,0,0
159,CASH_OUT,5649.57,0.0,0.0,16169.23,21818.79,0,0
159,CASH_OUT,164500.72,50325.0,0.0,0.0,164500.72,0,0
159,PAYMENT,14106.77,0.0,0.0,0.0,0.0,0,0
159,CASH_OUT,353805.75,10715.0,0.0,0.0,353805.75,0,0
159,TRANSFER,414571.48,10121.0,0.0,0.0,414571.48,0,0
159,PAYMENT,36586.39,48748.37,12161.98,0.0,0.0,0,0
159,TRANSFER,190876.43,628.0,0.0,0.0,190876.43,0,0
159,CASH_OUT,275893.56,11242.0,0.0,0.0,275893.56,0,0
159,CASH_OUT,221803.19,0.0,0.0,967448.93,1189252.12,0,0
159,CASH_OUT,90936.69,0.0,0.0,461053.48,551990.17,0,0
159,PAYMENT,32966.52,0.0,0.0,0.0,0.0,0,0
159,CASH_OUT,48750.08,0.0,0.0,168075.33,216825.41,0,0
159,PAYMENT,12543.39,0.0,0.0,0.0,0.0,0,0
159,CASH_OUT,444960.41,59779.0,0.0,0.0,444960.41,0,0
159,CASH_OUT,387763.71,0.0,0.0,426316.34,814080.05,0,0
159,PAYMENT,13171.12,0.0,0.0,0.0,0.0,0,0
159,CASH_OUT,120917.28,0.0,0.0,733737.58,854654.86,0,0
159,CASH_OUT,140438.12,4669.0,0.0,558368.92,698807.04,0,0
159,PAYMENT,21088.7,0.0,0.0,0.0,0.0,0,0
159,PAYMENT,22380.29,0.0,0.0,0.0,0.0,0,0
159,PAYMENT,19437.91,54439.0,35001.09,0.0,0.0,0,0
159,CASH_OUT,43025.13,0.0,0.0,237402.17,280427.3,0,0
159,PAYMENT,18318.76,0.0,0.0,0.0,0.0,0,0
159,TRANSFER,301726.15,81023.0,0.0,0.0,423573.68,0,0
159,PAYMENT,10459.17,50713.11,40253.94,0.0,0.0,0,0
159,PAYMENT,7381.82,8942.15,1560.33,0.0,0.0,0,0
159,CASH_OUT,406100.8,0.0,0.0,607597.63,1013698.42,0,0
159,CASH_OUT,16257.7,11118.0,0.0,0.0,16257.7,0,0
159,CASH_OUT,290839.13,201512.0,0.0,505277.17,796116.3,0,0
159,PAYMENT,11748.13,7928.49,0.0,0.0,0.0,0,0
159,CASH_OUT,454503.68,216320.0,0.0,271333.73,725837.41,0,0
159,PAYMENT,7159.71,2622.0,0.0,0.0,0.0,0,0
159,PAYMENT,11247.09,0.0,0.0,0.0,0.0,0,0
159,CASH_OUT,247159.83,696.0,0.0,44709.54,291869.37,0,0
159,PAYMENT,4446.66,0.0,0.0,0.0,0.0,0,0
159,PAYMENT,2947.54,57454.68,54507.14,0.0,0.0,0,0
159,CASH_OUT,99367.21,0.0,0.0,299727.78,399095.0,0,0
159,TRANSFER,396723.4,49967.0,0.0,0.0,396723.4,0,0
159,PAYMENT,3569.45,0.0,0.0,0.0,0.0,0,0
159,PAYMENT,2277.21,0.0,0.0,0.0,0.0,0,0
159,PAYMENT,2795.35,0.0,0.0,0.0,0.0,0,0
159,PAYMENT,27614.86,0.0,0.0,0.0,0.0,0,0
159,CASH_OUT,53412.91,0.0,0.0,641090.17,694503.09,0,0
159,PAYMENT,5365.84,0.0,0.0,0.0,0.0,0,0
159,TRANSFER,20225.17,20225.17,0.0,0.0,0.0,1,0
159,TRANSFER,224661.54,224661.54,0.0,0.0,0.0,1,0
159,CASH_OUT,224661.54,224661.54,0.0,0.0,148150.77,1,0
160,CASH_OUT,69892.44,6020.0,0.0,0.0,69892.44,0,0
160,PAYMENT,19463.14,23231.0,3767.86,0.0,0.0,0,0
160,CASH_OUT,53566.96,11657.0,0.0,452770.09,506337.05,0,0
160,PAYMENT,1990.75,0.0,0.0,0.0,0.0,0,0
160,PAYMENT,28493.25,191.0,0.0,0.0,0.0,0,0
160,PAYMENT,6828.91,0.0,0.0,0.0,0.0,0,0
160,PAYMENT,6208.49,0.0,0.0,0.0,0.0,0,0
160,PAYMENT,32323.73,14182.0,0.0,0.0,0.0,0,0
160,PAYMENT,9859.72,41738.0,31878.28,0.0,0.0,0,0
160,PAYMENT,10457.78,0.0,0.0,0.0,0.0,0,0
160,PAYMENT,10013.66,18901.0,8887.34,0.0,0.0,0,0
160,PAYMENT,418.61,0.0,0.0,0.0,0.0,0,0
160,CASH_OUT,160423.62,0.0,0.0,287203.36,211005.65,0,0
160,CASH_OUT,24228.82,43771.0,19542.18,0.0,24228.82,0,0
160,CASH_OUT,93338.3,0.0,0.0,426306.33,771850.17,0,0
160,TRANSFER,166552.3,6006.0,0.0,846163.78,1012716.08,0,0
160,PAYMENT,3985.72,21323.0,17337.28,0.0,0.0,0,0
160,CASH_OUT,96122.71,16012.0,0.0,230487.79,326610.5,0,0
160,CASH_OUT,158785.63,0.0,0.0,446450.82,605236.44,0,0
160,CASH_OUT,257359.14,731.0,0.0,71986.3,329345.44,0,0
160,PAYMENT,8134.7,11837.0,3702.3,0.0,0.0,0,0
160,PAYMENT,20319.91,0.0,0.0,0.0,0.0,0,0
160,PAYMENT,23404.88,0.0,0.0,0.0,0.0,0,0
160,PAYMENT,2662.12,0.0,0.0,0.0,0.0,0,0
160,PAYMENT,9487.18,0.0,0.0,0.0,0.0,0,0
160,CASH_OUT,14407.84,0.0,0.0,48295.04,62702.88,0,0
160,PAYMENT,24944.29,15389.0,0.0,0.0,0.0,0,0
160,PAYMENT,21509.47,709.0,0.0,0.0,0.0,0,0
160,CASH_OUT,96815.9,6081.0,0.0,0.0,96815.9,0,0
160,CASH_OUT,273533.19,36728.0,0.0,0.0,273533.19,0,0
160,PAYMENT,8455.6,0.0,0.0,0.0,0.0,0,0
160,CASH_OUT,468877.89,0.0,0.0,479822.21,948700.1,0,0
160,CASH_OUT,63865.54,0.0,0.0,512300.05,576165.6,0,0
160,PAYMENT,26391.7,0.0,0.0,0.0,0.0,0,0
160,CASH_OUT,187259.58,10120.0,0.0,0.0,187259.58,0,0
160,CASH_OUT,334277.14,20051.0,0.0,25167.02,359444.16,0,0
160,CASH_OUT,191333.77,93.0,0.0,0.0,191333.77,0,0
160,CASH_OUT,76433.53,0.0,0.0,919243.42,1003932.68,0,0
160,CASH_OUT,88580.21,11153.0,0.0,31040.0,38766.19,0,0
160,PAYMENT,4043.47,0.0,0.0,0.0,0.0,0,0
160,PAYMENT,5662.32,0.0,0.0,0.0,0.0,0,0
160,CASH_OUT,52701.17,12386.0,0.0,838406.78,891107.94,0,0
160,CASH_OUT,442888.31,1382.0,0.0,0.0,442888.31,0,0
160,CASH_OUT,72443.19,0.0,0.0,157969.48,230412.66,0,0
160,PAYMENT,20515.94,32013.0,11497.06,0.0,0.0,0,0
160,CASH_OUT,24671.53,0.0,0.0,808889.33,833560.86,0,0
160,CASH_OUT,418636.52,0.0,0.0,487630.55,906267.07,0,0
160,CASH_OUT,129398.87,0.0,0.0,966656.85,1096055.72,0,0
160,CASH_OUT,238144.27,50386.0,0.0,80770.55,318914.82,0,0
160,CASH_OUT,285965.15,0.0,0.0,455920.83,741885.98,0,0
160,CASH_OUT,151620.83,0.0,0.0,277668.11,429288.94,0,0
160,CASH_OUT,147540.03,4022.0,0.0,786313.54,933853.57,0,0
160,PAYMENT,11995.34,7035.0,0.0,0.0,0.0,0,0
160,CASH_OUT,221169.7,0.0,0.0,988970.08,1210139.78,0,0
160,CASH_OUT,5344.46,753.0,0.0,60437.47,65781.93,0,0
160,PAYMENT,16538.79,0.0,0.0,0.0,0.0,0,0
160,PAYMENT,5533.89,102.0,0.0,0.0,0.0,0,0
160,PAYMENT,43480.52,0.0,0.0,0.0,0.0,0,0
160,CASH_OUT,67880.32,0.0,0.0,462520.26,530400.58,0,0
160,PAYMENT,4087.2,16079.82,11992.62,0.0,0.0,0,0
160,CASH_OUT,193384.32,29813.0,0.0,777004.54,970388.85,0,0
160,CASH_OUT,9591.97,0.0,0.0,41042.21,50634.18,0,0
160,PAYMENT,13768.07,66836.94,53068.87,0.0,0.0,0,0
160,PAYMENT,17183.06,0.0,0.0,0.0,0.0,0,0
160,PAYMENT,4031.72,0.0,0.0,0.0,0.0,0,0
160,CASH_OUT,145166.59,542.0,0.0,0.0,145166.59,0,0
160,PAYMENT,16132.11,10302.0,0.0,0.0,0.0,0,0
160,CASH_OUT,242448.24,166.0,0.0,0.0,242448.24,0,0
160,CASH_OUT,233743.06,154.0,0.0,0.0,233743.06,0,0
160,CASH_OUT,68882.51,0.0,0.0,655105.52,723988.04,0,0
160,PAYMENT,11191.6,145.0,0.0,0.0,0.0,0,0
160,PAYMENT,423.16,0.0,0.0,0.0,0.0,0,0
160,TRANSFER,61050.15,604.0,0.0,227734.63,288784.78,0,0
160,PAYMENT,10853.72,25106.0,14252.28,0.0,0.0,0,0
160,CASH_OUT,487937.67,40695.0,0.0,167092.53,655030.2,0,0
160,CASH_OUT,225527.34,201974.47,0.0,312717.85,739270.78,0,0
160,PAYMENT,18119.63,0.0,0.0,0.0,0.0,0,0
160,CASH_OUT,106555.28,179.0,0.0,103576.19,210131.46,0,0
160,PAYMENT,10934.22,10757.32,0.0,0.0,0.0,0,0
160,CASH_OUT,301212.13,30056.0,0.0,0.0,301212.13,0,0
160,CASH_OUT,25657.25,12542.0,0.0,113125.6,138782.85,0,0
160,TRANSFER,141508.56,141508.56,0.0,0.0,0.0,1,0
160,CASH_OUT,141508.56,141508.56,0.0,340906.08,482414.64,1,0
160,TRANSFER,11385.0,11385.0,0.0,0.0,0.0,1,0
160,TRANSFER,256705.68,256705.68,0.0,0.0,0.0,1,0
160,CASH_OUT,256705.68,256705.68,0.0,0.0,256705.68,1,0
160,TRANSFER,32872.0,32872.0,0.0,0.0,0.0,1,0
160,CASH_OUT,32872.0,32872.0,0.0,0.0,32872.0,1,0
161,CASH_OUT,261023.07,11436.0,0.0,409567.66,670590.73,0,0
161,PAYMENT,5651.67,0.0,0.0,0.0,0.0,0,0
161,PAYMENT,8508.32,0.0,0.0,0.0,0.0,0,0
161,PAYMENT,34951.85,66137.18,31185.33,0.0,0.0,0,0
161,PAYMENT,16197.12,189.0,0.0,0.0,0.0,0,0
161,PAYMENT,4881.99,29367.0,24485.01,0.0,0.0,0,0
161,PAYMENT,1415.13,0.0,0.0,0.0,0.0,0,0
161,DEBIT,14348.58,11397.0,0.0,294473.38,668833.54,0,0
161,TRANSFER,221543.52,31241.0,0.0,123333.21,344876.73,0,0
161,PAYMENT,2296.57,31200.0,28903.43,0.0,0.0,0,0
161,PAYMENT,5881.07,39170.22,33289.15,0.0,0.0,0,0
161,PAYMENT,7321.82,8111.28,789.46,0.0,0.0,0,0
161,PAYMENT,29960.39,0.0,0.0,0.0,0.0,0,0
161,CASH_OUT,17505.85,9304.0,0.0,0.0,17505.85,0,0
161,PAYMENT,5667.67,25767.0,20099.33,0.0,0.0,0,0
161,CASH_OUT,110216.58,50847.0,0.0,279008.23,389224.81,0,0
161,TRANSFER,408602.09,22445.0,0.0,194245.65,602847.74,0,0
161,CASH_OUT,142748.14,0.0,0.0,174962.62,317710.76,0,0
161,CASH_OUT,74161.94,0.0,0.0,805009.53,597299.46,0,0
161,CASH_OUT,433803.24,133.0,0.0,445266.69,879069.93,0,0
161,PAYMENT,26297.61,15146.0,0.0,0.0,0.0,0,0
161,PAYMENT,11342.23,14435.0,3092.77,0.0,0.0,0,0
161,CASH_OUT,171519.46,59675.0,0.0,365224.85,536744.31,0,0
161,CASH_OUT,362431.53,0.0,0.0,743797.72,1106229.26,0,0
161,PAYMENT,10962.72,19505.0,8542.28,0.0,0.0,0,0
161,CASH_OUT,94200.39,11374.0,0.0,0.0,94200.39,0,0
161,CASH_IN,14286.87,65.0,14351.87,55683.73,41396.86,0,0
161,CASH_OUT,106360.67,66414.12,0.0,112040.48,218401.15,0,0
161,CASH_OUT,119380.99,10204.0,0.0,0.0,119380.99,0,0
161,CASH_OUT,241385.51,0.0,0.0,303009.93,544395.44,0,0
161,PAYMENT,16509.86,0.0,0.0,0.0,0.0,0,0
161,PAYMENT,3000.56,0.0,0.0,0.0,0.0,0,0
161,PAYMENT,7952.33,0.0,0.0,0.0,0.0,0,0
161,CASH_OUT,23406.74,0.0,0.0,267314.36,290721.1,0,0
161,PAYMENT,4409.21,10492.75,6083.54,0.0,0.0,0,0
161,PAYMENT,7887.11,0.0,0.0,0.0,0.0,0,0
161,PAYMENT,338.25,12504.0,12165.75,0.0,0.0,0,0
161,PAYMENT,12955.79,9716.0,0.0,0.0,0.0,0,0
161,TRANSFER,286455.9,12447.0,0.0,0.0,286455.9,0,0
161,PAYMENT,1122.21,0.0,0.0,0.0,0.0,0,0
161,PAYMENT,12403.56,8260.0,0.0,0.0,0.0,0,0
161,PAYMENT,26717.18,0.0,0.0,0.0,0.0,0,0
161,CASH_IN,2147.28,15863.0,18010.28,476996.34,474849.07,0,0
161,PAYMENT,2991.53,0.0,0.0,0.0,0.0,0,0
161,PAYMENT,15482.33,0.0,0.0,0.0,0.0,0,0
161,CASH_OUT,70585.52,16184.0,0.0,84911.38,155496.89,0,0
161,PAYMENT,8440.29,0.0,0.0,0.0,0.0,0,0
161,CASH_OUT,85860.15,67475.0,0.0,77245.02,163105.18,0,0
161,PAYMENT,14293.99,9760.0,0.0,0.0,0.0,0,0
161,PAYMENT,3685.17,0.0,0.0,0.0,0.0,0,0
161,PAYMENT,17529.7,0.0,0.0,0.0,0.0,0,0
161,CASH_OUT,117516.07,15950.0,0.0,917259.05,1034775.12,0,0
161,PAYMENT,25061.69,0.0,0.0,0.0,0.0,0,0
161,CASH_OUT,324663.38,20823.0,0.0,183658.11,508321.49,0,0
161,CASH_OUT,412636.93,154302.13,0.0,852812.51,1265449.44,0,0
161,PAYMENT,9894.94,14624.0,4729.06,0.0,0.0,0,0
161,PAYMENT,11901.43,0.0,0.0,0.0,0.0,0,0
161,TRANSFER,36637.29,0.0,0.0,129611.57,19670.59,0,0
161,PAYMENT,25202.5,0.0,0.0,0.0,0.0,0,0
161,CASH_OUT,175064.57,10945.0,0.0,69864.61,244929.17,0,0
161,CASH_OUT,91394.62,0.0,0.0,214318.17,305712.79,0,0
161,PAYMENT,757.37,0.0,0.0,0.0,0.0,0,0
161,PAYMENT,4687.98,10975.94,6287.96,0.0,0.0,0,0
161,PAYMENT,13725.92,19278.26,5552.35,0.0,0.0,0,0
161,PAYMENT,7493.47,57076.0,49582.53,0.0,0.0,0,0
161,PAYMENT,13702.19,270.0,0.0,0.0,0.0,0,0
161,PAYMENT,6821.78,42253.0,35431.22,0.0,0.0,0,0
161,PAYMENT,1078.08,25644.0,24565.92,0.0,0.0,0,0
161,CASH_OUT,217951.35,0.0,0.0,525250.13,743201.48,0,0
161,CASH_OUT,68525.08,96468.19,27943.11,949495.95,1018021.02,0,0
161,PAYMENT,34916.61,14926.0,0.0,0.0,0.0,0,0
161,CASH_OUT,167900.87,0.0,0.0,419004.39,586905.26,0,0
161,PAYMENT,3315.1,0.0,0.0,0.0,0.0,0,0
161,CASH_OUT,420670.16,122.0,0.0,45616.58,466286.74,0,0
161,PAYMENT,25220.09,51292.8,26072.71,0.0,0.0,0,0
161,CASH_OUT,99816.52,31117.0,0.0,488401.38,588217.9,0,0
161,TRANSFER,91665.91,0.0,0.0,806453.37,906576.34,0,0
161,PAYMENT,31725.71,10401.0,0.0,0.0,0.0,0,0
161,PAYMENT,12222.0,0.0,0.0,0.0,0.0,0,0
161,PAYMENT,5978.88,0.0,0.0,0.0,0.0,0,0
161,PAYMENT,9945.95,14412.0,4466.05,0.0,0.0,0,0
161,CASH_OUT,38262.57,0.0,0.0,91103.46,0.0,0,0
161,PAYMENT,11827.71,11831.0,3.29,0.0,0.0,0,0
161,CASH_OUT,101020.27,17359.0,0.0,39131.97,140152.24,0,0
161,CASH_OUT,24543.67,0.0,0.0,337448.18,371236.08,0,0
161,PAYMENT,24973.84,1308.12,0.0,0.0,0.0,0,0
161,PAYMENT,5875.45,6605.94,730.49,0.0,0.0,0,0
161,PAYMENT,24806.68,0.0,0.0,0.0,0.0,0,0
161,PAYMENT,5128.38,0.0,0.0,0.0,0.0,0,0
161,CASH_OUT,45911.62,0.0,0.0,364441.6,410353.22,0,0
161,PAYMENT,1258.07,31382.0,30123.93,0.0,0.0,0,0
161,PAYMENT,4814.27,16420.0,11605.73,0.0,0.0,0,0
161,PAYMENT,10733.79,11495.0,761.21,0.0,0.0,0,0
161,CASH_OUT,64578.51,47951.0,0.0,106365.14,170943.65,0,0
161,PAYMENT,15071.5,0.0,0.0,0.0,0.0,0,0
161,CASH_OUT,491908.11,0.0,0.0,541176.41,1033084.52,0,0
161,PAYMENT,9624.06,13268.06,3644.0,0.0,0.0,0,0
161,PAYMENT,26740.67,0.0,0.0,0.0,0.0,0,0
161,CASH_OUT,167278.66,0.0,0.0,578171.31,745449.97,0,0
161,PAYMENT,10470.16,0.0,0.0,0.0,0.0,0,0
161,CASH_OUT,79636.13,34895.0,0.0,0.0,79636.13,0,0
161,PAYMENT,11469.7,51611.0,40141.3,0.0,0.0,0,0
161,TRANSFER,144876.4,144876.4,0.0,0.0,0.0,1,0
161,CASH_OUT,144876.4,144876.4,0.0,170443.27,315319.66,1,0
161,TRANSFER,160351.22,160351.22,0.0,0.0,0.0,1,0
162,PAYMENT,7060.3,0.0,0.0,0.0,0.0,0,0
162,PAYMENT,13838.15,49486.0,35647.85,0.0,0.0,0,0
162,CASH_OUT,74055.27,11411.0,0.0,894875.8,968931.07,0,0
162,PAYMENT,2681.86,61580.0,58898.14,0.0,0.0,0,0
162,PAYMENT,4803.63,20805.0,16001.37,0.0,0.0,0,0
162,PAYMENT,18035.23,0.0,0.0,0.0,0.0,0,0
162,PAYMENT,5857.15,45218.0,39360.85,0.0,0.0,0,0
162,CASH_OUT,148224.28,48152.0,0.0,0.0,148224.28,0,0
162,PAYMENT,14147.05,5072.0,0.0,0.0,0.0,0,0
162,PAYMENT,4238.42,5628.96,1390.54,0.0,0.0,0,0
162,PAYMENT,4189.61,5694.0,1504.39,0.0,0.0,0,0
162,CASH_OUT,350560.81,11125.0,0.0,0.0,350560.81,0,0
162,PAYMENT,1486.5,0.0,0.0,0.0,0.0,0,0
162,PAYMENT,4964.59,0.0,0.0,0.0,0.0,0,0
162,CASH_OUT,90357.52,26420.0,0.0,13841.07,104198.59,0,0
162,PAYMENT,23536.53,1213.0,0.0,0.0,0.0,0,0
162,CASH_OUT,165611.85,197790.0,32178.15,0.0,165611.85,0,0
162,PAYMENT,36990.74,0.0,0.0,0.0,0.0,0,0
162,PAYMENT,23954.11,34032.0,10077.89,0.0,0.0,0,0
162,PAYMENT,36011.51,0.0,0.0,0.0,0.0,0,0
162,CASH_OUT,320762.77,78.0,0.0,719522.93,1040285.71,0,0
162,PAYMENT,5701.85,0.0,0.0,0.0,0.0,0,0
162,PAYMENT,5315.69,0.0,0.0,0.0,0.0,0,0
162,PAYMENT,7412.66,0.0,0.0,0.0,0.0,0,0
162,PAYMENT,5803.27,0.0,0.0,0.0,0.0,0,0
162,CASH_OUT,198555.56,0.0,0.0,594054.1,792609.66,0,0
162,PAYMENT,6686.5,63648.82,56962.32,0.0,0.0,0,0
162,CASH_OUT,98730.33,69255.0,0.0,867319.37,966049.7,0,0
162,PAYMENT,13293.92,42199.0,28905.08,0.0,0.0,0,0
162,CASH_OUT,170714.66,0.0,0.0,287683.96,458398.61,0,0
162,PAYMENT,2152.55,22259.3,20106.75,0.0,0.0,0,0
162,CASH_OUT,48413.37,0.0,0.0,750489.82,798903.19,0,0
162,CASH_OUT,128755.05,24091.0,0.0,14113.04,142868.09,0,0
162,TRANSFER,382825.5,184.0,0.0,0.0,382825.5,0,0
162,CASH_OUT,109808.43,4936.0,0.0,0.0,109808.43,0,0
162,CASH_OUT,145987.81,0.0,0.0,146299.04,292286.85,0,0
162,CASH_OUT,325443.72,21095.0,0.0,0.0,325443.72,0,0
162,CASH_OUT,3934.29,0.0,0.0,187118.03,191052.32,0,0
162,PAYMENT,4746.23,0.0,0.0,0.0,0.0,0,0
162,CASH_OUT,102406.43,0.0,0.0,304283.49,406689.92,0,0
162,PAYMENT,19142.71,28617.0,9474.29,0.0,0.0,0,0
162,PAYMENT,27664.35,0.0,0.0,0.0,0.0,0,0
162,CASH_OUT,191995.02,101131.0,0.0,30501.78,222496.8,0,0
162,DEBIT,6955.23,10600.0,3644.77,1000584.46,1007539.69,0,0
162,CASH_OUT,341697.8,32253.0,0.0,0.0,341697.8,0,0
162,PAYMENT,5635.99,0.0,0.0,0.0,0.0,0,0
162,CASH_OUT,109613.62,17631.0,0.0,96656.85,206270.46,0,0
162,PAYMENT,3455.43,0.0,0.0,0.0,0.0,0,0
162,CASH_OUT,139778.35,21480.0,0.0,0.0,733064.54,0,0
162,CASH_OUT,115740.08,121767.0,6026.92,0.0,115740.08,0,0
162,PAYMENT,15305.43,39742.0,24436.57,0.0,0.0,0,0
162,PAYMENT,21678.99,18968.0,0.0,0.0,0.0,0,0
162,CASH_OUT,295709.9,30638.0,0.0,0.0,295709.9,0,0
162,PAYMENT,1469.92,0.0,0.0,0.0,0.0,0,0
162,CASH_OUT,182367.74,50595.0,0.0,180213.81,362581.55,0,0
162,CASH_OUT,135938.28,0.0,0.0,175174.15,311112.43,0,0
162,TRANSFER,371253.45,45005.0,0.0,11259.44,382512.88,0,0
162,CASH_OUT,175999.52,20748.0,0.0,56147.69,232147.21,0,0
162,PAYMENT,2508.02,0.0,0.0,0.0,0.0,0,0
162,PAYMENT,26799.31,30453.0,3653.69,0.0,0.0,0,0
162,PAYMENT,15256.24,6020.0,0.0,0.0,0.0,0,0
162,CASH_OUT,293557.87,21466.0,0.0,223218.63,516776.51,0,0
162,PAYMENT,19365.47,0.0,0.0,0.0,0.0,0,0
162,CASH_OUT,171065.46,13687.0,0.0,0.0,171065.46,0,0
162,CASH_OUT,138687.41,161039.0,22351.59,0.0,138687.41,0,0
162,PAYMENT,3216.86,20329.0,17112.14,0.0,0.0,0,0
162,CASH_OUT,55134.03,0.0,0.0,584127.6,639261.63,0,0
162,PAYMENT,14034.01,29533.23,15499.22,0.0,0.0,0,0
162,TRANSFER,141604.34,29900.0,0.0,809841.0,721703.65,0,0
162,CASH_OUT,152909.92,0.0,0.0,594771.1,533899.78,0,0
162,PAYMENT,39164.83,10557.0,0.0,0.0,0.0,0,0
162,PAYMENT,28357.81,31140.0,2782.19,0.0,0.0,0,0
162,TRANSFER,36366.95,16227.0,0.0,0.0,36366.95,0,0
162,TRANSFER,253101.7,0.0,0.0,388810.7,641912.4,0,0
162,PAYMENT,21220.47,0.0,0.0,0.0,0.0,0,0
162,CASH_OUT,153827.27,0.0,0.0,210357.04,364184.31,0,0
162,PAYMENT,7777.64,0.0,0.0,0.0,0.0,0,0
162,PAYMENT,5308.67,55300.0,49991.33,0.0,0.0,0,0
162,PAYMENT,3027.71,146.0,0.0,0.0,0.0,0,0
162,PAYMENT,28011.85,18808.0,0.0,0.0,0.0,0,0
162,PAYMENT,7301.65,0.0,0.0,0.0,0.0,0,0
162,PAYMENT,7313.82,0.0,0.0,0.0,0.0,0,0
162,PAYMENT,9083.48,10499.0,1415.52,0.0,0.0,0,0
162,CASH_OUT,75349.61,0.0,0.0,232265.77,307615.38,0,0
162,PAYMENT,15581.72,6891.0,0.0,0.0,0.0,0,0
162,CASH_OUT,166858.44,24812.0,0.0,0.0,166858.44,0,0
162,PAYMENT,52524.4,108293.0,55768.6,0.0,0.0,0,0
162,PAYMENT,4886.68,0.0,0.0,0.0,0.0,0,0
162,PAYMENT,687.27,0.0,0.0,0.0,0.0,0,0
162,CASH_OUT,2016.12,16881.0,14864.88,0.0,2016.12,0,0
162,PAYMENT,8614.65,0.0,0.0,0.0,0.0,0,0
162,PAYMENT,32419.55,66526.0,34106.45,0.0,0.0,0,0
162,PAYMENT,815.83,0.0,0.0,0.0,0.0,0,0
162,CASH_OUT,90527.43,0.0,0.0,102547.7,193075.13,0,0
162,PAYMENT,7219.27,20602.0,13382.73,0.0,0.0,0,0
162,PAYMENT,23019.41,21082.0,0.0,0.0,0.0,0,0
162,PAYMENT,18821.74,0.0,0.0,0.0,0.0,0,0
162,CASH_OUT,431415.58,0.0,0.0,516392.18,947807.75,0,0
162,CASH_OUT,102169.4,11617.0,0.0,920726.2,1022895.6,0,0
162,CASH_OUT,163901.6,0.0,0.0,592957.02,756858.62,0,0
162,CASH_OUT,113028.69,0.0,0.0,256667.11,369695.8,0,0
162,PAYMENT,13934.09,21529.0,7594.91,0.0,0.0,0,0
162,CASH_IN,6096.54,5086.0,11182.54,1077598.86,1071502.32,0,0
162,PAYMENT,9706.36,21911.0,12204.64,0.0,0.0,0,0
162,CASH_OUT,149185.39,0.0,0.0,218903.02,368088.41,0,0
162,TRANSFER,210632.22,189.0,0.0,69381.59,296220.65,0,0
162,PAYMENT,18182.2,21371.0,3188.8,0.0,0.0,0,0
162,PAYMENT,1875.85,20211.0,18335.15,0.0,0.0,0,0
162,PAYMENT,11658.69,0.0,0.0,0.0,0.0,0,0
162,CASH_OUT,104941.54,39176.95,0.0,485179.71,590121.24,0,0
162,PAYMENT,15551.42,0.0,0.0,0.0,0.0,0,0
162,CASH_OUT,139571.0,29881.01,0.0,542260.17,681831.18,0,0
162,PAYMENT,6169.23,0.0,0.0,0.0,0.0,0,0
162,PAYMENT,35349.87,10222.0,0.0,0.0,0.0,0,0
162,PAYMENT,10917.71,0.0,0.0,0.0,0.0,0,0
162,PAYMENT,7477.31,0.0,0.0,0.0,0.0,0,0
162,DEBIT,2084.45,49855.0,47770.55,209481.47,211565.91,0,0
162,PAYMENT,15574.62,0.0,0.0,0.0,0.0,0,0
162,CASH_OUT,142113.47,52825.0,0.0,0.0,142113.47,0,0
162,TRANSFER,151.0,151.0,0.0,0.0,0.0,1,0
162,CASH_OUT,151.0,151.0,0.0,386163.34,386314.34,1,0
163,PAYMENT,2206.12,11630.0,9423.88,0.0,0.0,0,0
163,CASH_OUT,31119.92,29684.0,0.0,116548.45,62718.49,0,0
163,CASH_OUT,11364.72,0.0,0.0,508587.89,519952.61,0,0
163,CASH_OUT,152166.18,0.0,0.0,481194.67,633360.86,0,0
163,CASH_OUT,216973.59,16724.0,0.0,706194.51,923168.1,0,0
163,CASH_OUT,90562.06,11862.0,0.0,132082.22,222644.28,0,0
163,CASH_OUT,52214.61,0.0,0.0,271206.46,323421.08,0,0
163,PAYMENT,17667.34,71540.0,53872.66,0.0,0.0,0,0
163,CASH_IN,47257.52,5552.0,52809.52,845742.95,798485.43,0,0
163,PAYMENT,1101.31,0.0,0.0,0.0,0.0,0,0
163,PAYMENT,24704.83,76559.03,51854.2,0.0,0.0,0,0
163,PAYMENT,3067.97,0.0,0.0,0.0,0.0,0,0
163,CASH_OUT,241578.28,0.0,0.0,330706.67,572284.95,0,0
163,DEBIT,96.41,0.0,0.0,264794.44,264890.84,0,0
163,PAYMENT,3756.87,0.0,0.0,0.0,0.0,0,0
163,PAYMENT,15249.34,0.0,0.0,0.0,0.0,0,0
163,PAYMENT,40800.5,0.0,0.0,0.0,0.0,0,0
163,PAYMENT,17174.03,0.0,0.0,0.0,0.0,0,0
163,PAYMENT,20499.25,849.0,0.0,0.0,0.0,0,0
163,CASH_OUT,211603.98,14869.7,0.0,711312.2,922916.19,0,0
163,CASH_OUT,293853.69,72857.0,0.0,0.0,293853.69,0,0
163,PAYMENT,12685.58,14845.0,2159.42,0.0,0.0,0,0
163,CASH_OUT,3734.88,11540.0,7805.12,434799.16,438534.04,0,0
163,CASH_OUT,105942.25,0.0,0.0,285130.94,391073.19,0,0
163,CASH_OUT,58823.23,0.0,0.0,283245.17,342068.4,0,0
163,CASH_OUT,206678.81,139.0,0.0,413883.19,620562.0,0,0
163,CASH_OUT,75767.69,20747.0,0.0,0.0,75767.69,0,0
163,PAYMENT,29885.61,0.0,0.0,0.0,0.0,0,0
163,PAYMENT,3367.51,20258.0,16890.49,0.0,0.0,0,0
163,CASH_OUT,203077.03,142016.0,0.0,315230.87,518307.9,0,0
163,CASH_OUT,46296.18,0.0,0.0,228415.87,274712.06,0,0
163,PAYMENT,32.52,0.0,0.0,0.0,0.0,0,0
163,CASH_OUT,59264.14,0.0,0.0,227252.45,286516.6,0,0
163,PAYMENT,9452.3,0.0,0.0,0.0,0.0,0,0
163,CASH_OUT,11869.13,15649.0,3779.87,0.0,11869.13,0,0
163,CASH_OUT,246629.22,16180.0,0.0,393215.21,639844.43,0,0
163,CASH_OUT,100641.66,110964.82,10323.16,233397.75,334039.41,0,0
163,PAYMENT,3362.3,0.0,0.0,0.0,0.0,0,0
163,CASH_OUT,335873.35,49621.0,0.0,76263.0,412136.35,0,0
163,CASH_OUT,218314.7,1071.0,0.0,13063.99,231378.68,0,0
163,PAYMENT,16552.08,11426.0,0.0,0.0,0.0,0,0
163,CASH_OUT,117136.85,0.0,0.0,119755.92,236892.77,0,0
163,PAYMENT,10494.12,40141.0,29646.88,0.0,0.0,0,0
163,CASH_OUT,267868.34,0.0,0.0,374637.79,642506.12,0,0
163,CASH_OUT,494991.64,12392.0,0.0,0.0,494991.64,0,0
163,CASH_OUT,158335.98,10653.0,0.0,0.0,158335.98,0,0
163,PAYMENT,4035.24,28873.0,24837.76,0.0,0.0,0,0
163,PAYMENT,11003.11,0.0,0.0,0.0,0.0,0,0
163,CASH_OUT,46591.76,57003.0,10411.24,0.0,46591.76,0,0
163,PAYMENT,14008.67,0.0,0.0,0.0,0.0,0,0
163,PAYMENT,7701.37,10753.0,3051.63,0.0,0.0,0,0
163,CASH_OUT,393413.61,4376.0,0.0,161634.91,555048.52,0,0
163,CASH_OUT,10352.79,806.0,0.0,970848.19,981200.98,0,0
163,CASH_OUT,178297.52,73242.0,0.0,0.0,178297.52,0,0
163,CASH_OUT,186761.25,92460.0,0.0,0.0,186761.25,0,0
163,PAYMENT,2590.8,0.0,0.0,0.0,0.0,0,0
163,CASH_OUT,354673.58,0.0,0.0,886488.91,1241162.49,0,0
163,TRANSFER,334954.0,50898.0,0.0,0.0,334954.0,0,0
163,CASH_OUT,323753.85,0.0,0.0,466564.52,790318.37,0,0
163,PAYMENT,15840.74,0.0,0.0,0.0,0.0,0,0
163,PAYMENT,13884.65,51598.0,37713.35,0.0,0.0,0,0
163,CASH_OUT,202122.3,11049.0,0.0,0.0,202122.3,0,0
163,PAYMENT,6415.97,639.0,0.0,0.0,0.0,0,0
163,PAYMENT,9570.61,0.0,0.0,0.0,0.0,0,0
163,PAYMENT,3441.31,15026.0,11584.69,0.0,0.0,0,0
163,PAYMENT,13030.48,0.0,0.0,0.0,0.0,0,0
163,CASH_OUT,210219.82,0.0,0.0,619791.34,830011.17,0,0
163,PAYMENT,10410.84,0.0,0.0,0.0,0.0,0,0
163,CASH_OUT,142609.78,0.0,0.0,176152.13,318761.91,0,0
163,PAYMENT,10605.09,0.0,0.0,0.0,0.0,0,0
163,CASH_OUT,123429.6,0.0,0.0,491930.44,615360.04,0,0
163,CASH_OUT,97776.64,0.0,0.0,276565.98,374342.62,0,0
163,CASH_OUT,55699.75,19581.0,0.0,2922.76,58622.51,0,0
163,CASH_OUT,85358.77,0.0,0.0,133743.24,219102.02,0,0
163,PAYMENT,11620.24,40438.63,28818.39,0.0,0.0,0,0
163,PAYMENT,27000.28,0.0,0.0,0.0,0.0,0,0
163,CASH_OUT,118804.88,0.0,0.0,473369.48,592174.36,0,0
163,CASH_OUT,38165.64,0.0,0.0,366099.44,404265.08,0,0
163,PAYMENT,48152.47,34274.16,0.0,0.0,0.0,0,0
163,CASH_OUT,88951.87,0.0,0.0,566243.37,655195.24,0,0
163,CASH_OUT,123107.5,11620.0,0.0,251187.23,374294.73,0,0
163,CASH_OUT,19368.72,65264.0,45895.28,633769.12,653137.84,0,0
163,CASH_OUT,102349.49,15647.0,0.0,77645.13,179994.63,0,0
163,PAYMENT,14419.7,11485.0,0.0,0.0,0.0,0,0
163,CASH_OUT,13953.46,0.0,0.0,51202.77,65156.23,0,0
163,PAYMENT,4131.9,51291.86,47159.96,0.0,0.0,0,0
163,TRANSFER,488132.96,30254.0,0.0,6481.35,494614.31,0,0
163,PAYMENT,43109.59,0.0,0.0,0.0,0.0,0,0
163,PAYMENT,19962.3,0.0,0.0,0.0,0.0,0,0
163,PAYMENT,18548.92,0.0,0.0,0.0,0.0,0,0
163,CASH_OUT,93378.33,0.0,0.0,444327.75,537706.08,0,0
163,PAYMENT,23902.52,0.0,0.0,0.0,0.0,0,0
163,PAYMENT,20108.41,10742.0,0.0,0.0,0.0,0,0
163,CASH_OUT,94941.85,2591.0,0.0,62807.05,157748.9,0,0
163,PAYMENT,9107.31,0.0,0.0,0.0,0.0,0,0
163,CASH_OUT,228784.06,0.0,0.0,274825.4,503609.46,0,0
163,PAYMENT,30485.3,35929.95,5444.65,0.0,0.0,0,0
163,CASH_OUT,129291.61,0.0,0.0,1124623.22,1253914.83,0,0
163,CASH_OUT,158597.45,61997.0,0.0,96318.69,254916.14,0,0
163,CASH_OUT,207883.85,100785.0,0.0,0.0,207883.85,0,0
163,PAYMENT,6203.08,0.0,0.0,0.0,0.0,0,0
163,PAYMENT,4743.59,0.0,0.0,0.0,0.0,0,0
163,CASH_OUT,329662.07,0.0,0.0,361951.15,691613.22,0,0
163,PAYMENT,27145.42,21486.64,0.0,0.0,0.0,0,0
163,CASH_OUT,315109.51,0.0,0.0,775746.29,1090855.79,0,0
163,CASH_OUT,114118.66,0.0,0.0,309169.11,423287.78,0,0
163,CASH_OUT,258325.82,81990.0,0.0,0.0,258325.82,0,0
163,CASH_OUT,327458.55,0.0,0.0,679614.53,1007073.08,0,0
163,PAYMENT,14165.3,0.0,0.0,0.0,0.0,0,0
163,PAYMENT,5345.39,0.0,0.0,0.0,0.0,0,0
163,CASH_OUT,79029.99,833.0,0.0,0.0,79029.99,0,0
163,PAYMENT,14121.31,0.0,0.0,0.0,0.0,0,0
163,PAYMENT,27203.4,0.0,0.0,0.0,0.0,0,0
163,CASH_OUT,402099.5,0.0,0.0,495206.77,897306.28,0,0
163,CASH_OUT,12177.49,10584.0,0.0,0.0,12177.49,0,0
163,CASH_OUT,24744.11,0.0,0.0,202594.6,227338.72,0,0
163,PAYMENT,9198.04,0.0,0.0,0.0,0.0,0,0
163,PAYMENT,16315.39,0.0,0.0,0.0,0.0,0,0
163,PAYMENT,31285.8,0.0,0.0,0.0,0.0,0,0
163,CASH_OUT,348545.66,62942.0,0.0,0.0,348545.66,0,0
163,PAYMENT,9082.98,0.0,0.0,0.0,0.0,0,0
163,PAYMENT,15217.54,19370.52,4152.99,0.0,0.0,0,0
163,CASH_OUT,85780.73,5079.0,0.0,0.0,85780.73,0,0
163,CASH_OUT,5625.96,948.0,0.0,0.0,5625.96,0,0
163,CASH_OUT,297011.55,52393.0,0.0,0.0,297011.55,0,0
163,CASH_OUT,64068.96,3523.0,0.0,48098.34,112167.3,0,0
163,PAYMENT,5233.86,49140.65,43906.79,0.0,0.0,0,0
163,PAYMENT,28283.01,39992.0,11708.99,0.0,0.0,0,0
163,PAYMENT,11284.04,0.0,0.0,0.0,0.0,0,0
163,CASH_OUT,79158.51,27828.0,0.0,0.0,79158.51,0,0
163,CASH_OUT,98952.34,0.0,0.0,422081.81,521034.15,0,0
163,PAYMENT,3794.56,0.0,0.0,0.0,0.0,0,0
163,CASH_OUT,187846.53,0.0,0.0,363727.17,551573.71,0,0
163,PAYMENT,5265.11,45337.0,40071.89,0.0,0.0,0,0
163,PAYMENT,19518.05,0.0,0.0,0.0,0.0,0,0
163,TRANSFER,134194.59,134194.59,0.0,0.0,0.0,1,0
163,TRANSFER,163294.35,163294.35,0.0,0.0,0.0,1,0
163,CASH_OUT,163294.35,163294.35,0.0,234212.42,397506.77,1,0
164,PAYMENT,5698.88,0.0,0.0,0.0,0.0,0,0
164,CASH_OUT,37122.02,32783.0,0.0,0.0,37122.02,0,0
164,PAYMENT,687.83,301.0,0.0,0.0,0.0,0,0
164,PAYMENT,31722.82,10410.0,0.0,0.0,0.0,0,0
164,CASH_OUT,220784.59,11571.0,0.0,0.0,220784.59,0,0
164,TRANSFER,107531.24,2084.0,0.0,621709.55,729240.79,0,0
164,PAYMENT,672.17,13522.0,12849.83,0.0,0.0,0,0
164,CASH_OUT,44272.6,25825.0,0.0,1005069.96,1049342.56,0,0
164,PAYMENT,21515.94,29669.65,8153.71,0.0,0.0,0,0
164,CASH_OUT,161010.97,90569.0,0.0,0.0,161010.97,0,0
164,CASH_OUT,12076.63,0.0,0.0,732919.13,744995.76,0,0
164,CASH_OUT,240643.7,85320.0,0.0,0.0,240643.7,0,0
164,CASH_OUT,62668.15,138.0,0.0,839480.09,902148.24,0,0
164,PAYMENT,13206.86,0.0,0.0,0.0,0.0,0,0
164,CASH_OUT,130540.22,42101.0,0.0,273952.67,404492.89,0,0
164,PAYMENT,11343.75,2926.0,0.0,0.0,0.0,0,0
164,CASH_OUT,26100.69,41954.0,15853.31,1239207.03,1265307.73,0,0
164,TRANSFER,350326.66,0.0,0.0,721570.41,1071897.07,0,0
164,CASH_OUT,171180.08,4430.64,0.0,436556.32,607736.41,0,0
164,PAYMENT,20720.76,0.0,0.0,0.0,0.0,0,0
164,PAYMENT,22230.07,14064.0,0.0,0.0,0.0,0,0
164,CASH_OUT,269804.1,0.0,0.0,681770.23,186113.16,0,0
164,CASH_OUT,209760.91,2008.0,0.0,206241.24,338647.51,0,0
164,PAYMENT,6213.53,0.0,0.0,0.0,0.0,0,0
164,PAYMENT,2138.69,0.0,0.0,0.0,0.0,0,0
164,PAYMENT,184.12,15702.0,15517.88,0.0,0.0,0,0
164,CASH_OUT,79875.98,349.0,0.0,38232.99,118108.96,0,0
164,PAYMENT,2591.28,0.0,0.0,0.0,0.0,0,0
164,CASH_OUT,418182.24,0.0,0.0,780572.51,1198754.74,0,0
164,PAYMENT,6372.94,10669.0,4296.06,0.0,0.0,0,0
164,TRANSFER,13491.85,42036.0,28544.15,0.0,13491.85,0,0
164,PAYMENT,15980.49,103.0,0.0,0.0,0.0,0,0
164,PAYMENT,28002.61,49514.0,21511.39,0.0,0.0,0,0
164,CASH_OUT,135105.03,26544.0,0.0,644818.44,779923.47,0,0
164,TRANSFER,96298.15,0.0,0.0,202473.53,298771.68,0,0
164,PAYMENT,3219.97,173.0,0.0,0.0,0.0,0,0
164,CASH_OUT,287308.68,10262.0,0.0,0.0,335379.17,0,0
164,CASH_OUT,201964.4,260528.0,58563.6,39889.2,241853.6,0,0
164,PAYMENT,33846.14,79215.0,45368.86,0.0,0.0,0,0
164,CASH_OUT,38628.42,0.0,0.0,169682.28,208310.7,0,0
164,PAYMENT,22549.13,62451.45,39902.31,0.0,0.0,0,0
164,PAYMENT,12631.94,0.0,0.0,0.0,0.0,0,0
164,CASH_OUT,245893.8,0.0,0.0,386658.37,632552.17,0,0
164,PAYMENT,2532.41,0.0,0.0,0.0,0.0,0,0
164,PAYMENT,14323.95,53365.0,39041.05,0.0,0.0,0,0
164,PAYMENT,4529.96,32556.0,28026.04,0.0,0.0,0,0
164,TRANSFER,390528.27,8084.0,0.0,0.0,390528.27,0,0
164,PAYMENT,3797.43,28164.61,24367.18,0.0,0.0,0,0
164,PAYMENT,4378.48,0.0,0.0,0.0,0.0,0,0
164,PAYMENT,7226.21,0.0,0.0,0.0,0.0,0,0
164,PAYMENT,3172.31,516.0,0.0,0.0,0.0,0,0
164,PAYMENT,15336.8,0.0,0.0,0.0,0.0,0,0
164,CASH_OUT,222494.33,79838.0,0.0,803894.8,1026389.13,0,0
164,PAYMENT,7063.85,0.0,0.0,0.0,0.0,0,0
164,PAYMENT,559.6,21052.0,20492.4,0.0,0.0,0,0
164,PAYMENT,30900.57,25460.0,0.0,0.0,0.0,0,0
164,CASH_OUT,199621.23,5872.0,0.0,0.0,199621.23,0,0
164,CASH_OUT,89019.55,6693.04,0.0,476164.13,565183.68,0,0
164,PAYMENT,2011.43,0.0,0.0,0.0,0.0,0,0
164,CASH_OUT,64408.19,0.0,0.0,714210.49,778618.68,0,0
164,CASH_OUT,84584.24,0.0,0.0,301715.77,433391.87,0,0
164,PAYMENT,15609.65,0.0,0.0,0.0,0.0,0,0
164,CASH_OUT,161256.16,49811.0,0.0,0.0,161256.16,0,0
164,CASH_OUT,203859.43,1115.0,0.0,677364.37,881223.8,0,0
164,PAYMENT,5312.2,8648.82,3336.62,0.0,0.0,0,0
164,PAYMENT,7858.28,31388.0,23529.72,0.0,0.0,0,0
164,TRANSFER,53524.79,0.0,0.0,455773.07,509297.86,0,0
164,PAYMENT,4847.81,0.0,0.0,0.0,0.0,0,0
164,CASH_OUT,66890.3,65452.0,0.0,1126335.92,1193226.22,0,0
164,CASH_IN,19358.41,10154.0,29512.41,301227.83,281869.42,0,0
164,CASH_OUT,2620.05,24710.0,22089.95,0.0,2620.05,0,0
164,PAYMENT,25033.21,0.0,0.0,0.0,0.0,0,0
164,CASH_OUT,87252.77,66877.0,0.0,0.0,87252.77,0,0
164,PAYMENT,7227.83,0.0,0.0,0.0,0.0,0,0
164,PAYMENT,14484.02,40690.0,26205.98,0.0,0.0,0,0
164,CASH_OUT,97901.11,107374.0,9472.89,112676.82,210577.92,0,0
164,CASH_IN,28944.31,31203.0,60147.31,601381.87,572437.56,0,0
164,CASH_OUT,19463.03,0.0,0.0,137662.78,157125.82,0,0
164,CASH_OUT,270318.01,0.0,0.0,534320.66,804638.67,0,0
164,CASH_IN,55563.59,190.0,55753.59,0.0,0.0,0,0
164,PAYMENT,2452.69,47798.0,45345.31,0.0,0.0,0,0
164,PAYMENT,23571.43,0.0,0.0,0.0,0.0,0,0
164,PAYMENT,1439.66,0.0,0.0,0.0,0.0,0,0
164,PAYMENT,17600.72,0.0,0.0,0.0,0.0,0,0
164,CASH_OUT,88235.15,0.0,0.0,88378.38,176613.53,0,0
164,PAYMENT,10945.52,62951.0,52005.48,0.0,0.0,0,0
164,CASH_OUT,48471.92,26127.0,0.0,0.0,48471.92,0,0
164,CASH_OUT,37680.68,14210.0,0.0,293706.65,331387.33,0,0
164,PAYMENT,9798.96,0.0,0.0,0.0,0.0,0,0
164,CASH_IN,14922.05,401.0,15323.05,382488.7,642386.69,0,0
164,PAYMENT,1486.27,32090.0,30603.73,0.0,0.0,0,0
164,CASH_OUT,172985.21,0.0,0.0,502394.14,675379.36,0,0
164,TRANSFER,298753.28,0.0,0.0,469038.73,767792.0,0,0
164,PAYMENT,171.27,11715.0,11543.73,0.0,0.0,0,0
164,CASH_OUT,254452.66,0.0,0.0,305254.75,559707.41,0,0
164,PAYMENT,1334.21,0.0,0.0,0.0,0.0,0,0
164,PAYMENT,5750.21,0.0,0.0,0.0,0.0,0,0
164,CASH_OUT,65100.51,10463.0,0.0,1030216.65,1095317.16,0,0
164,CASH_OUT,152715.59,98889.06,0.0,608917.91,761633.49,0,0
164,CASH_OUT,110620.93,0.0,0.0,735054.97,845675.9,0,0
164,PAYMENT,13425.98,38432.0,25006.02,0.0,0.0,0,0
164,PAYMENT,9492.23,0.0,0.0,0.0,0.0,0,0
164,PAYMENT,15949.51,10477.0,0.0,0.0,0.0,0,0
164,PAYMENT,2325.71,0.0,0.0,0.0,0.0,0,0
164,TRANSFER,276042.59,276042.59,0.0,0.0,0.0,1,0
164,CASH_OUT,276042.59,276042.59,0.0,734229.64,1010272.23,1,0
164,TRANSFER,175267.61,175267.61,0.0,0.0,0.0,1,0
164,CASH_OUT,175267.61,175267.61,0.0,73374.37,248641.98,1,0
164,TRANSFER,177680.54,177680.54,0.0,0.0,0.0,1,0
164,CASH_OUT,177680.54,177680.54,0.0,158560.03,336240.57,1,0
165,CASH_IN,35304.42,22290.0,57594.42,0.0,0.0,0,0
165,TRANSFER,226365.06,140.0,0.0,232506.41,458871.48,0,0
165,PAYMENT,11112.65,0.0,0.0,0.0,0.0,0,0
165,PAYMENT,9634.65,0.0,0.0,0.0,0.0,0,0
165,CASH_OUT,124911.36,388.0,0.0,0.0,124911.36,0,0
165,PAYMENT,13528.5,35502.5,21974.0,0.0,0.0,0,0
165,PAYMENT,4158.09,9767.0,5608.91,0.0,0.0,0,0
165,PAYMENT,1450.35,0.0,0.0,0.0,0.0,0,0
165,PAYMENT,9128.37,21692.0,12563.63,0.0,0.0,0,0
165,PAYMENT,4041.12,0.0,0.0,0.0,0.0,0,0
165,PAYMENT,650.6,0.0,0.0,0.0,0.0,0,0
165,PAYMENT,3153.25,0.0,0.0,0.0,0.0,0,0
165,PAYMENT,2703.77,0.0,0.0,0.0,0.0,0,0
165,CASH_OUT,166154.81,55012.0,0.0,133520.3,299675.11,0,0
165,CASH_OUT,68873.79,32223.0,0.0,0.0,68873.79,0,0
165,PAYMENT,6781.11,50918.0,44136.89,0.0,0.0,0,0
165,CASH_OUT,76139.37,40009.0,0.0,143567.1,219706.47,0,0
165,PAYMENT,28765.04,559.0,0.0,0.0,0.0,0,0
165,CASH_OUT,238991.73,1221.0,0.0,57337.37,296329.1,0,0
165,PAYMENT,8476.71,0.0,0.0,0.0,0.0,0,0
165,CASH_OUT,99425.45,1927.82,0.0,174330.24,273755.69,0,0
165,PAYMENT,16117.82,61792.53,45674.71,0.0,0.0,0,0
165,PAYMENT,675.84,0.0,0.0,0.0,0.0,0,0
165,PAYMENT,11485.41,20768.0,9282.59,0.0,0.0,0,0
165,PAYMENT,24587.81,68682.0,44094.19,0.0,0.0,0,0
165,CASH_OUT,55949.34,0.0,0.0,598380.53,654329.87,0,0
165,CASH_OUT,147188.42,157.0,0.0,0.0,147188.42,0,0
165,CASH_OUT,329782.37,0.0,0.0,828913.53,1158695.9,0,0
165,CASH_OUT,141802.74,0.0,0.0,221774.1,363576.85,0,0
165,PAYMENT,1227.4,0.0,0.0,0.0,0.0,0,0
165,PAYMENT,23867.55,46789.0,22921.45,0.0,0.0,0,0
165,PAYMENT,1861.95,1458.0,0.0,0.0,0.0,0,0
165,PAYMENT,6313.72,0.0,0.0,0.0,0.0,0,0
165,CASH_IN,3547.88,25056.0,28603.88,0.0,0.0,0,0
165,PAYMENT,12003.44,19271.0,7267.56,0.0,0.0,0,0
165,CASH_OUT,100883.09,0.0,0.0,132309.24,233192.33,0,0
165,PAYMENT,27298.59,0.0,0.0,0.0,0.0,0,0
165,PAYMENT,7666.2,22773.0,15106.8,0.0,0.0,0,0
165,PAYMENT,14034.94,0.0,0.0,0.0,0.0,0,0
165,PAYMENT,23752.65,0.0,0.0,0.0,0.0,0,0
166,CASH_OUT,35390.51,16788.27,0.0,41452.36,76842.87,0,0
166,PAYMENT,8717.75,4373.42,0.0,0.0,0.0,0,0
166,PAYMENT,17425.79,77.0,0.0,0.0,0.0,0,0
166,PAYMENT,4923.05,2389.0,0.0,0.0,0.0,0,0
166,TRANSFER,231209.99,69931.0,0.0,0.0,231209.99,0,0
166,PAYMENT,918.84,4015.78,3096.95,0.0,0.0,0,0
166,CASH_OUT,186790.56,10955.0,0.0,56104.46,242895.02,0,0
166,PAYMENT,5175.73,0.0,0.0,0.0,0.0,0,0
166,PAYMENT,9008.03,19866.0,10857.97,0.0,0.0,0,0
166,PAYMENT,9613.92,20867.0,11253.08,0.0,0.0,0,0
166,PAYMENT,14167.87,0.0,0.0,0.0,0.0,0,0
166,PAYMENT,2883.93,40943.0,38059.07,0.0,0.0,0,0
166,PAYMENT,6611.29,49948.0,43336.71,0.0,0.0,0,0
166,PAYMENT,7771.28,10910.0,3138.72,0.0,0.0,0,0
166,PAYMENT,460.12,40120.9,39660.78,0.0,0.0,0,0
166,TRANSFER,261243.44,19763.0,0.0,217487.14,478730.59,0,0
166,PAYMENT,43972.76,19871.22,0.0,0.0,0.0,0,0
166,PAYMENT,17913.57,0.0,0.0,0.0,0.0,0,0
166,PAYMENT,3464.57,389.0,0.0,0.0,0.0,0,0
166,PAYMENT,28726.74,67266.83,38540.08,0.0,0.0,0,0
166,CASH_OUT,162194.76,22250.0,0.0,0.0,162194.76,0,0
166,PAYMENT,3714.92,6010.13,2295.21,0.0,0.0,0,0
166,CASH_OUT,85082.39,0.0,0.0,89963.83,175046.22,0,0
166,PAYMENT,6250.24,0.0,0.0,0.0,0.0,0,0
166,TRANSFER,129767.15,45723.0,0.0,0.0,129767.15,0,0
166,PAYMENT,17379.6,0.0,0.0,0.0,0.0,0,0
166,PAYMENT,1511.06,67.0,0.0,0.0,0.0,0,0
166,TRANSFER,465197.12,18227.0,0.0,0.0,465197.12,0,0
166,PAYMENT,982.3,6433.0,5450.7,0.0,0.0,0,0
166,TRANSFER,128275.14,0.0,0.0,270224.34,398499.48,0,0
166,TRANSFER,221264.53,60349.33,0.0,0.0,221264.53,0,0
166,TRANSFER,145758.66,0.0,0.0,448812.41,594571.06,0,0
166,PAYMENT,1242.95,2091.0,848.05,0.0,0.0,0,0
166,CASH_OUT,150404.37,163259.0,12854.63,116932.09,267336.46,0,0
166,PAYMENT,6456.16,0.0,0.0,0.0,0.0,0,0
166,PAYMENT,6432.66,21181.0,14748.34,0.0,0.0,0,0
166,TRANSFER,49966.72,49966.72,0.0,0.0,0.0,1,0
166,TRANSFER,204951.37,204951.37,0.0,0.0,0.0,1,0
167,PAYMENT,8835.07,3917.0,0.0,0.0,0.0,0,0
167,PAYMENT,6176.95,10033.0,3856.05,0.0,0.0,0,0
167,PAYMENT,3560.12,27278.0,23717.88,0.0,0.0,0,0
167,PAYMENT,9061.77,160.0,0.0,0.0,0.0,0,0
167,PAYMENT,502.43,6497.0,5994.57,0.0,0.0,0,0
167,PAYMENT,11808.4,12411.0,602.6,0.0,0.0,0,0
167,PAYMENT,20263.54,0.0,0.0,0.0,0.0,0,0
167,CASH_OUT,235603.69,0.0,0.0,624634.33,860238.03,0,0
167,PAYMENT,4917.36,0.0,0.0,0.0,0.0,0,0
167,PAYMENT,4893.18,31533.0,26639.82,0.0,0.0,0,0
167,CASH_OUT,347843.96,13300.0,0.0,15374.49,363218.46,0,0
167,PAYMENT,26747.87,0.0,0.0,0.0,0.0,0,0
167,PAYMENT,3914.85,0.0,0.0,0.0,0.0,0,0
167,PAYMENT,11503.29,27240.0,15736.71,0.0,0.0,0,0
167,CASH_OUT,116613.57,0.0,0.0,450090.47,566704.04,0,0
167,PAYMENT,81.56,242.0,160.44,0.0,0.0,0,0
167,PAYMENT,13681.58,0.0,0.0,0.0,0.0,0,0
167,CASH_OUT,147477.02,13819.0,0.0,520196.08,667673.1,0,0
167,PAYMENT,11420.98,5674.0,0.0,0.0,0.0,0,0
167,PAYMENT,3518.39,11261.0,7742.61,0.0,0.0,0,0
167,TRANSFER,251140.96,251140.96,0.0,0.0,0.0,1,0
167,CASH_OUT,251140.96,251140.96,0.0,118975.87,370116.83,1,0
167,TRANSFER,279728.8,279728.8,0.0,0.0,0.0,1,0
167,CASH_OUT,279728.8,279728.8,0.0,707165.63,986894.43,1,0
168,PAYMENT,4589.14,0.0,0.0,0.0,0.0,0,0
168,PAYMENT,1319.78,5885.0,4565.22,0.0,0.0,0,0
168,PAYMENT,2339.58,17443.0,15103.42,0.0,0.0,0,0
168,PAYMENT,8903.73,61819.0,52915.27,0.0,0.0,0,0
168,PAYMENT,8356.07,3780.0,0.0,0.0,0.0,0,0
168,PAYMENT,8604.81,22128.0,13523.19,0.0,0.0,0,0
168,CASH_OUT,154383.06,0.0,0.0,413542.03,567925.08,0,0
168,PAYMENT,18638.59,31179.0,12540.41,0.0,0.0,0,0
168,PAYMENT,2144.31,0.0,0.0,0.0,0.0,0,0
168,PAYMENT,1500.78,10168.0,8667.22,0.0,0.0,0,0
168,DEBIT,2210.22,1477.0,0.0,75152.31,77362.53,0,0
169,CASH_IN,7179.18,9625.26,16804.44,158143.7,150964.51,0,0
169,PAYMENT,7306.21,21314.76,14008.55,0.0,0.0,0,0
169,CASH_OUT,132419.27,0.0,0.0,933920.5,1066339.77,0,0
169,PAYMENT,5853.37,0.0,0.0,0.0,0.0,0,0
169,PAYMENT,384.83,53339.0,52954.17,0.0,0.0,0,0
169,CASH_OUT,277896.91,0.0,0.0,355293.08,633189.98,0,0
169,TRANSFER,19244.9,19244.9,0.0,0.0,0.0,1,0
169,CASH_OUT,19244.9,19244.9,0.0,264512.88,283757.78,1,0
170,CASH_OUT,110102.11,0.0,0.0,147808.26,257910.37,0,0
170,CASH_OUT,87666.44,0.0,0.0,287190.59,374857.03,0,0
170,TRANSFER,147649.37,147649.37,0.0,0.0,0.0,1,0
170,TRANSFER,176700.12,176700.12,0.0,0.0,0.0,1,0
170,CASH_OUT,176700.12,176700.12,0.0,0.0,176700.12,1,0
171,TRANSFER,211721.9,211721.9,0.0,0.0,0.0,1,0
171,CASH_OUT,211721.9,211721.9,0.0,0.0,211721.9,1,0
172,TRANSFER,70072.66,70072.66,0.0,0.0,0.0,1,0
172,CASH_OUT,70072.66,70072.66,0.0,519712.34,589784.99,1,0
173,TRANSFER,98634.75,98634.75,0.0,0.0,0.0,1,0
173,CASH_OUT,98634.75,98634.75,0.0,966049.7,1064684.45,1,0
173,TRANSFER,176273.29,176273.29,0.0,0.0,0.0,1,0
173,CASH_OUT,176273.29,176273.29,0.0,0.0,176273.29,1,0
173,TRANSFER,20311.17,20311.17,0.0,0.0,0.0,1,0
173,CASH_OUT,20311.17,20311.17,0.0,525.19,20836.35,1,0
174,TRANSFER,18887.22,18887.22,0.0,0.0,0.0,1,0
174,CASH_OUT,18887.22,18887.22,0.0,0.0,18887.22,1,0
174,TRANSFER,31045.76,31045.76,0.0,0.0,0.0,1,0
174,TRANSFER,250223.24,250223.24,0.0,0.0,0.0,1,0
175,TRANSFER,47604.75,47604.75,0.0,0.0,0.0,1,0
175,CASH_OUT,47604.75,47604.75,0.0,0.0,47604.75,1,0
175,TRANSFER,87622.5,87622.5,0.0,0.0,0.0,1,0
175,CASH_OUT,87622.5,87622.5,0.0,262099.92,349722.42,1,0
176,TRANSFER,106642.43,106642.43,0.0,0.0,0.0,1,0
176,CASH_OUT,106642.43,106642.43,0.0,4622.5,111264.92,1,0
176,TRANSFER,102229.91,102229.91,0.0,0.0,0.0,1,0
176,CASH_OUT,102229.91,102229.91,0.0,0.0,102229.91,1,0
177,CASH_OUT,17444.28,72346.0,54901.72,0.0,17444.28,0,0
177,PAYMENT,6375.63,10951.0,4575.37,0.0,0.0,0,0
177,CASH_IN,29911.95,25262.0,55173.95,163665.11,133753.16,0,0
177,CASH_OUT,255743.86,102649.0,0.0,0.0,255743.86,0,0
177,PAYMENT,7258.01,2775.0,0.0,0.0,0.0,0,0
177,PAYMENT,6845.33,11035.0,4189.67,0.0,0.0,0,0
177,CASH_OUT,93166.46,0.0,0.0,841891.78,935058.24,0,0
177,PAYMENT,10702.54,10357.0,0.0,0.0,0.0,0,0
177,PAYMENT,43264.45,0.0,0.0,0.0,0.0,0,0
177,PAYMENT,21119.84,28018.62,6898.77,0.0,0.0,0,0
177,CASH_OUT,141621.22,50360.0,0.0,0.0,141621.22,0,0
177,PAYMENT,11114.02,954.0,0.0,0.0,0.0,0,0
177,PAYMENT,3911.69,4500.0,588.31,0.0,0.0,0,0
177,PAYMENT,11320.41,0.0,0.0,0.0,0.0,0,0
177,CASH_OUT,349317.76,32971.0,0.0,93261.97,442579.73,0,0
177,PAYMENT,10276.14,40082.0,29805.86,0.0,0.0,0,0
177,TRANSFER,99498.83,0.0,0.0,491502.89,591001.72,0,0
177,CASH_OUT,149082.1,0.0,0.0,493298.03,642380.14,0,0
177,PAYMENT,28702.14,0.0,0.0,0.0,0.0,0,0
177,TRANSFER,333004.79,0.0,0.0,439607.63,772612.42,0,0
177,PAYMENT,2250.02,0.0,0.0,0.0,0.0,0,0
177,PAYMENT,614.41,0.0,0.0,0.0,0.0,0,0
177,PAYMENT,237.69,0.0,0.0,0.0,0.0,0,0
177,PAYMENT,24379.84,13177.0,0.0,0.0,0.0,0,0
177,CASH_OUT,200769.29,0.0,0.0,472889.53,673658.82,0,0
177,PAYMENT,84.65,50262.0,50177.35,0.0,0.0,0,0
177,PAYMENT,6047.14,0.0,0.0,0.0,0.0,0,0
177,TRANSFER,229741.27,251.0,0.0,211317.05,441058.32,0,0
177,CASH_OUT,311526.61,0.0,0.0,633917.48,945444.09,0,0
177,PAYMENT,44616.1,0.0,0.0,0.0,0.0,0,0
177,CASH_OUT,86897.06,49506.0,0.0,46449.9,133346.96,0,0
177,PAYMENT,16259.88,0.0,0.0,0.0,0.0,0,0
177,CASH_OUT,265787.15,80094.0,0.0,50310.43,316097.58,0,0
177,PAYMENT,14848.17,14560.0,0.0,0.0,0.0,0,0
177,PAYMENT,8867.78,0.0,0.0,0.0,0.0,0,0
177,CASH_OUT,380425.86,13081.0,0.0,0.0,494103.04,0,0
177,CASH_OUT,29385.42,0.0,0.0,157202.66,186588.08,0,0
177,CASH_OUT,356719.38,0.0,0.0,657290.06,1014009.45,0,0
177,CASH_OUT,202164.49,222787.0,20622.51,0.0,202164.49,0,0
177,PAYMENT,14882.68,1009.0,0.0,0.0,0.0,0,0
177,PAYMENT,9296.6,16528.49,7231.89,0.0,0.0,0,0
177,CASH_OUT,129699.63,48230.0,0.0,0.0,129699.63,0,0
177,PAYMENT,9585.35,40097.0,30511.65,0.0,0.0,0,0
177,CASH_OUT,147788.6,150324.18,2535.58,528072.59,675861.19,0,0
177,TRANSFER,158000.29,158000.29,0.0,0.0,0.0,1,0
177,TRANSFER,239556.06,239556.06,0.0,0.0,0.0,1,0
177,TRANSFER,63210.91,63210.91,0.0,0.0,0.0,1,0
177,CASH_OUT,63210.91,63210.91,0.0,6697.1,69908.01,1,0
177,TRANSFER,68536.24,68536.24,0.0,0.0,0.0,1,0
177,CASH_OUT,68536.24,68536.24,0.0,410774.24,479310.48,1,0
177,TRANSFER,178503.45,178503.45,0.0,0.0,0.0,1,0
177,CASH_OUT,178503.45,178503.45,0.0,382903.28,561406.72,1,0
178,PAYMENT,7260.77,7404.5,143.72,0.0,0.0,0,0
178,PAYMENT,8563.03,48.0,0.0,0.0,0.0,0,0
178,PAYMENT,40406.54,59744.0,19337.46,0.0,0.0,0,0
178,CASH_IN,14799.33,42034.0,56833.33,0.0,0.0,0,0
178,PAYMENT,8546.55,0.0,0.0,0.0,0.0,0,0
178,CASH_OUT,297724.13,368.0,0.0,138864.75,436588.89,0,0
178,CASH_OUT,27331.94,0.0,0.0,1234984.84,1262316.77,0,0
178,PAYMENT,24645.69,49606.0,24960.31,0.0,0.0,0,0
178,CASH_OUT,221418.3,0.0,0.0,289945.57,511363.87,0,0
178,CASH_OUT,232981.45,31157.0,0.0,48119.21,281100.66,0,0
178,TRANSFER,134076.9,0.0,0.0,273228.91,407305.81,0,0
178,PAYMENT,73.42,11355.0,11281.58,0.0,0.0,0,0
178,CASH_OUT,358382.3,51486.0,0.0,0.0,358382.3,0,0
178,PAYMENT,6988.22,0.0,0.0,0.0,0.0,0,0
178,CASH_OUT,297330.55,14237.0,0.0,153217.76,450548.31,0,0
178,CASH_OUT,284009.92,80673.65,0.0,606827.57,890837.49,0,0
178,CASH_OUT,16297.1,0.0,0.0,170558.79,186855.89,0,0
178,CASH_OUT,6361.93,5173.0,0.0,191485.58,197847.5,0,0
178,PAYMENT,2007.17,1876.0,0.0,0.0,0.0,0,0
178,CASH_OUT,215194.62,9948.0,0.0,0.0,215194.62,0,0
178,PAYMENT,677.96,41809.0,41131.04,0.0,0.0,0,0
178,PAYMENT,16382.76,15452.0,0.0,0.0,0.0,0,0
178,CASH_OUT,90207.61,0.0,0.0,559928.74,650136.34,0,0
178,PAYMENT,18212.86,0.0,0.0,0.0,0.0,0,0
178,PAYMENT,24894.29,0.0,0.0,0.0,0.0,0,0
178,PAYMENT,13121.33,0.0,0.0,0.0,0.0,0,0
178,PAYMENT,10434.99,409.99,0.0,0.0,0.0,0,0
178,CASH_OUT,4809.41,0.0,0.0,97818.64,102628.05,0,0
178,PAYMENT,10381.54,29903.0,19521.46,0.0,0.0,0,0
178,CASH_OUT,234015.93,114313.0,0.0,405466.99,639482.92,0,0
178,PAYMENT,14723.29,0.0,0.0,0.0,0.0,0,0
178,PAYMENT,4538.87,14556.77,10017.9,0.0,0.0,0,0
178,CASH_OUT,268422.46,0.0,0.0,728418.1,996840.56,0,0
178,CASH_OUT,368301.5,20688.0,0.0,72720.89,441022.39,0,0
178,PAYMENT,11331.04,0.0,0.0,0.0,0.0,0,0
178,CASH_OUT,19598.5,30605.0,11006.5,128318.72,147917.22,0,0
178,CASH_OUT,98664.19,9075.0,0.0,624202.23,562450.91,0,0
178,PAYMENT,177.3,0.0,0.0,0.0,0.0,0,0
178,CASH_OUT,365841.6,500.0,0.0,0.0,365841.6,0,0
178,CASH_OUT,89994.32,0.0,0.0,332575.56,224634.93,0,0
178,PAYMENT,608.08,27114.9,26506.82,0.0,0.0,0,0
178,PAYMENT,1939.1,0.0,0.0,0.0,0.0,0,0
178,PAYMENT,25432.41,0.0,0.0,0.0,0.0,0,0
178,CASH_OUT,144023.66,20599.0,0.0,0.0,144023.66,0,0
178,PAYMENT,27371.56,0.0,0.0,0.0,0.0,0,0
178,PAYMENT,3637.2,0.0,0.0,0.0,0.0,0,0
178,CASH_OUT,271292.76,100323.0,0.0,20976.69,293480.39,0,0
178,DEBIT,8193.28,19862.0,11668.72,392347.48,400540.76,0,0
178,CASH_OUT,74927.2,0.0,0.0,301855.93,239345.4,0,0
178,PAYMENT,31474.17,42921.0,11446.83,0.0,0.0,0,0
178,PAYMENT,13486.75,25979.6,12492.84,0.0,0.0,0,0
178,PAYMENT,17578.74,0.0,0.0,0.0,0.0,0,0
178,PAYMENT,6013.56,869.0,0.0,0.0,0.0,0,0
178,CASH_OUT,276975.92,0.0,0.0,320244.92,597220.85,0,0
178,PAYMENT,286.3,0.0,0.0,0.0,0.0,0,0
178,CASH_OUT,269029.47,243678.0,0.0,760189.25,1029218.72,0,0
178,CASH_OUT,22200.02,15208.0,0.0,24453.13,46653.14,0,0
178,PAYMENT,4908.3,35228.0,30319.7,0.0,0.0,0,0
178,PAYMENT,2440.9,51357.0,48916.1,0.0,0.0,0,0
178,CASH_OUT,176835.88,0.0,0.0,377317.02,554152.9,0,0
178,PAYMENT,5285.54,0.0,0.0,0.0,0.0,0,0
178,CASH_OUT,288812.1,11463.0,0.0,0.0,481428.89,0,0
178,PAYMENT,12031.71,0.0,0.0,0.0,0.0,0,0
178,CASH_OUT,18669.21,49838.0,31168.79,109200.82,127870.03,0,0
178,PAYMENT,26731.95,0.0,0.0,0.0,0.0,0,0
178,CASH_OUT,215542.0,0.0,0.0,235996.36,451538.36,0,0
178,PAYMENT,38903.17,55923.14,17019.97,0.0,0.0,0,0
178,CASH_OUT,265704.41,0.0,0.0,927299.29,944580.33,0,0
178,PAYMENT,10416.57,0.0,0.0,0.0,0.0,0,0
178,CASH_OUT,42442.83,50.0,0.0,0.0,42442.83,0,0
178,CASH_OUT,146180.25,866.0,0.0,0.0,146180.25,0,0
178,PAYMENT,18854.33,0.0,0.0,0.0,0.0,0,0
178,CASH_OUT,408102.09,18524.47,0.0,756266.94,1164369.03,0,0
178,TRANSFER,180542.04,0.0,0.0,282836.43,463378.47,0,0
178,PAYMENT,10050.28,20134.0,10083.72,0.0,0.0,0,0
178,CASH_OUT,141960.43,0.0,0.0,219592.03,361552.46,0,0
178,CASH_OUT,99890.09,0.0,0.0,227150.33,327040.42,0,0
178,PAYMENT,5024.39,0.0,0.0,0.0,0.0,0,0
178,TRANSFER,406945.44,0.0,0.0,742541.13,1149486.56,0,0
178,CASH_OUT,65352.32,11994.0,0.0,73758.25,139110.57,0,0
178,CASH_OUT,215556.01,93582.0,0.0,777589.49,993145.51,0,0
178,CASH_OUT,16926.08,0.0,0.0,39474.73,56400.81,0,0
178,PAYMENT,14497.8,49544.0,35046.2,0.0,0.0,0,0
178,CASH_OUT,81514.77,0.0,0.0,816502.46,711985.77,0,0
178,CASH_OUT,170794.82,0.0,0.0,951653.75,1122448.57,0,0
178,PAYMENT,4421.92,0.0,0.0,0.0,0.0,0,0
178,TRANSFER,289312.23,0.0,0.0,330603.92,619916.16,0,0
178,PAYMENT,12951.46,26395.0,13443.54,0.0,0.0,0,0
178,PAYMENT,30815.18,0.0,0.0,0.0,0.0,0,0
178,TRANSFER,102660.35,102660.35,0.0,0.0,0.0,1,0
178,CASH_OUT,102660.35,102660.35,0.0,0.0,102660.35,1,0
178,TRANSFER,85017.99,85017.99,0.0,0.0,0.0,1,0
178,CASH_OUT,85017.99,85017.99,0.0,0.0,85017.99,1,0
179,PAYMENT,2368.9,20952.0,18583.1,0.0,0.0,0,0
179,PAYMENT,1676.53,0.0,0.0,0.0,0.0,0,0
179,PAYMENT,9299.99,6528.0,0.0,0.0,0.0,0,0
179,CASH_OUT,147446.76,19953.0,0.0,0.0,147446.76,0,0
179,PAYMENT,8486.99,0.0,0.0,0.0,0.0,0,0
179,CASH_OUT,115602.4,53341.0,0.0,369515.94,485118.33,0,0
179,PAYMENT,9200.27,12153.0,2952.73,0.0,0.0,0,0
179,CASH_OUT,386598.69,256843.0,0.0,240083.68,106704.18,0,0
179,CASH_OUT,160042.8,10160.0,0.0,0.0,160042.8,0,0
179,PAYMENT,2055.08,386.0,0.0,0.0,0.0,0,0
179,CASH_OUT,188928.45,0.0,0.0,227054.06,415982.5,0,0
179,PAYMENT,5502.5,0.0,0.0,0.0,0.0,0,0
179,PAYMENT,7385.81,3040.0,0.0,0.0,0.0,0,0
179,CASH_OUT,49094.88,0.0,0.0,209317.42,258412.3,0,0
179,PAYMENT,16799.65,19927.0,3127.35,0.0,0.0,0,0
179,PAYMENT,9028.12,5551.0,0.0,0.0,0.0,0,0
179,TRANSFER,427873.13,0.0,0.0,803955.1,1231828.23,0,0
179,TRANSFER,211936.64,84568.0,0.0,0.0,211936.64,0,0
179,PAYMENT,9006.68,20974.0,11967.32,0.0,0.0,0,0
179,CASH_OUT,185410.74,0.0,0.0,198541.76,383952.5,0,0
179,CASH_OUT,74296.19,73991.0,0.0,419692.64,493988.82,0,0
179,PAYMENT,2003.09,10.0,0.0,0.0,0.0,0,0
179,PAYMENT,18166.65,2163.73,0.0,0.0,0.0,0,0
179,CASH_OUT,299297.72,39380.0,0.0,0.0,318680.66,0,0
179,PAYMENT,1290.85,3393.0,2102.15,0.0,0.0,0,0
179,PAYMENT,3527.9,39301.0,35773.1,0.0,0.0,0,0
179,CASH_OUT,317516.53,0.0,0.0,374177.73,691694.25,0,0
179,PAYMENT,4398.35,12598.0,8199.65,0.0,0.0,0,0
179,PAYMENT,3303.86,0.0,0.0,0.0,0.0,0,0
179,PAYMENT,26050.55,42980.02,16929.47,0.0,0.0,0,0
179,CASH_OUT,15466.86,0.0,0.0,96020.28,111487.14,0,0
179,PAYMENT,1410.71,0.0,0.0,0.0,0.0,0,0
179,PAYMENT,19359.77,16907.0,0.0,0.0,0.0,0,0
179,PAYMENT,14647.33,6028.0,0.0,0.0,0.0,0,0
179,CASH_OUT,127982.42,133093.0,5110.58,0.0,127982.42,0,0
179,PAYMENT,776.23,20164.0,19387.77,0.0,0.0,0,0
179,CASH_OUT,35707.86,8062.0,0.0,72686.34,108394.21,0,0
179,CASH_OUT,468979.2,90.0,0.0,242781.41,711760.61,0,0
179,PAYMENT,5385.04,10432.0,5046.96,0.0,0.0,0,0
179,CASH_IN,6206.32,33546.0,39752.32,333960.8,327754.48,0,0
179,CASH_OUT,321825.5,68987.0,0.0,215846.87,537672.37,0,0
179,CASH_OUT,4549.35,0.0,0.0,1186050.49,1190599.84,0,0
179,PAYMENT,4442.03,0.0,0.0,0.0,0.0,0,0
179,CASH_OUT,100158.67,3828.0,0.0,89058.48,189217.14,0,0
179,CASH_OUT,1373.4,50104.0,48730.6,25252.02,26625.41,0,0
179,PAYMENT,14104.77,0.0,0.0,0.0,0.0,0,0
179,PAYMENT,1287.35,19840.0,18552.65,0.0,0.0,0,0
179,PAYMENT,2539.77,0.0,0.0,0.0,0.0,0,0
179,CASH_OUT,48463.89,10785.0,0.0,245466.34,293930.23,0,0
179,PAYMENT,8501.05,52929.81,44428.76,0.0,0.0,0,0
179,PAYMENT,5373.57,0.0,0.0,0.0,0.0,0,0
179,PAYMENT,2804.55,0.0,0.0,0.0,0.0,0,0
179,PAYMENT,5759.29,0.0,0.0,0.0,0.0,0,0
179,CASH_OUT,292330.97,99318.0,0.0,469874.23,762205.2,0,0
179,PAYMENT,5838.68,0.0,0.0,0.0,0.0,0,0
179,PAYMENT,9052.21,0.0,0.0,0.0,0.0,0,0
179,PAYMENT,1893.36,260.0,0.0,0.0,0.0,0,0
179,CASH_OUT,241753.7,0.0,0.0,483559.9,725313.6,0,0
179,CASH_OUT,313223.41,96618.99,0.0,172007.55,485230.96,0,0
179,CASH_OUT,362189.05,123806.0,0.0,296638.74,658827.79,0,0
179,PAYMENT,15540.21,0.0,0.0,0.0,0.0,0,0
179,PAYMENT,4028.81,0.0,0.0,0.0,0.0,0,0
179,PAYMENT,13423.11,36925.0,23501.89,0.0,0.0,0,0
179,CASH_OUT,174961.9,0.0,0.0,426791.42,601753.33,0,0
179,PAYMENT,2122.31,11127.0,9004.69,0.0,0.0,0,0
179,TRANSFER,224130.66,0.0,0.0,848610.38,1072741.03,0,0
179,PAYMENT,8156.38,0.0,0.0,0.0,0.0,0,0
179,PAYMENT,3658.95,4033.1,374.15,0.0,0.0,0,0
179,CASH_OUT,9173.87,0.0,0.0,354040.66,363214.54,0,0
179,CASH_OUT,123842.68,0.0,0.0,319130.01,442972.69,0,0
179,PAYMENT,2378.35,38565.0,36186.65,0.0,0.0,0,0
179,PAYMENT,64.73,151.0,86.27,0.0,0.0,0,0
179,PAYMENT,13877.66,10651.0,0.0,0.0,0.0,0,0
179,PAYMENT,20686.06,37689.02,17002.96,0.0,0.0,0,0
179,CASH_OUT,19556.07,0.0,0.0,740515.63,760071.7,0,0
179,CASH_OUT,147036.5,0.0,0.0,595503.11,742539.61,0,0
179,TRANSFER,231544.8,0.0,0.0,602272.33,833817.12,0,0
179,CASH_OUT,166872.71,0.0,0.0,348036.96,514909.67,0,0
179,CASH_OUT,190419.94,0.0,0.0,310468.29,500888.22,0,0
179,CASH_OUT,259784.36,24560.0,0.0,180238.81,440023.17,0,0
179,CASH_OUT,88144.58,52314.0,0.0,0.0,88144.58,0,0
179,PAYMENT,17287.35,496.0,0.0,0.0,0.0,0,0
179,CASH_OUT,23864.55,0.0,0.0,311538.27,335402.81,0,0
179,PAYMENT,7379.72,22909.0,15529.28,0.0,0.0,0,0
179,CASH_OUT,274158.25,194043.0,0.0,866248.11,975518.15,0,0
179,TRANSFER,374442.93,0.0,0.0,1275469.28,1258639.77,0,0
179,CASH_OUT,127394.51,82891.0,0.0,153280.74,280675.25,0,0
179,TRANSFER,120526.5,45823.0,0.0,287206.45,407732.95,0,0
179,CASH_OUT,327422.86,0.0,0.0,823125.96,1150548.83,0,0
179,CASH_OUT,422199.56,203331.0,0.0,0.0,422199.56,0,0
179,CASH_OUT,327548.81,10738.0,0.0,8152.47,335701.28,0,0
179,PAYMENT,14016.53,31783.94,17767.41,0.0,0.0,0,0
179,CASH_OUT,165440.0,0.0,0.0,1007553.52,1172993.52,0,0
179,PAYMENT,4167.13,11827.0,7659.87,0.0,0.0,0,0
179,CASH_OUT,163934.69,0.0,0.0,416492.59,309852.35,0,0
179,TRANSFER,190590.65,190590.65,0.0,0.0,0.0,1,0
179,CASH_OUT,190590.65,190590.65,0.0,35681.5,226272.15,1,0
179,TRANSFER,225361.44,225361.44,0.0,0.0,0.0,1,0
179,CASH_OUT,225361.44,225361.44,0.0,592102.39,817463.83,1,0
180,PAYMENT,1920.23,56118.36,54198.13,0.0,0.0,0,0
180,PAYMENT,19614.56,14491.0,0.0,0.0,0.0,0,0
180,PAYMENT,7983.92,4203.14,0.0,0.0,0.0,0,0
180,CASH_IN,1967.82,53758.0,55725.82,208401.88,206434.07,0,0
180,CASH_OUT,97984.02,105256.0,7271.98,68301.75,166285.77,0,0
180,CASH_OUT,127463.2,51955.0,0.0,881950.41,1009413.61,0,0
180,CASH_OUT,7073.44,3119.0,0.0,989760.31,996833.75,0,0
180,CASH_OUT,95049.07,104607.0,9557.93,99457.38,194506.45,0,0
180,CASH_OUT,9921.7,0.0,0.0,251528.33,261450.02,0,0
180,TRANSFER,88118.93,0.0,0.0,134122.21,222241.14,0,0
180,CASH_OUT,419841.34,622.0,0.0,0.0,419841.34,0,0
180,PAYMENT,6458.86,0.0,0.0,0.0,0.0,0,0
180,CASH_OUT,272941.87,0.0,0.0,338043.94,610985.81,0,0
180,CASH_OUT,353123.62,544.0,0.0,0.0,353123.62,0,0
180,CASH_OUT,37272.17,0.0,0.0,243518.75,280790.92,0,0
180,TRANSFER,244408.31,0.0,0.0,354056.49,598464.79,0,0
180,PAYMENT,57187.1,40801.13,0.0,0.0,0.0,0,0
180,PAYMENT,26624.18,6831.12,0.0,0.0,0.0,0,0
180,PAYMENT,35389.79,43176.0,7786.21,0.0,0.0,0,0
180,CASH_OUT,73599.14,0.0,0.0,297777.83,371376.97,0,0
180,CASH_OUT,136593.97,0.0,0.0,170994.47,307588.44,0,0
180,CASH_OUT,165612.78,136169.0,0.0,187860.43,353473.2,0,0
180,PAYMENT,3493.76,0.0,0.0,0.0,0.0,0,0
180,PAYMENT,28891.32,55247.56,26356.24,0.0,0.0,0,0
180,DEBIT,187.61,50759.0,50571.39,660373.04,461342.03,0,0
180,CASH_OUT,126892.36,96994.0,0.0,0.0,126892.36,0,0
180,CASH_OUT,57971.83,0.0,0.0,524411.02,582382.85,0,0
180,PAYMENT,6426.34,0.0,0.0,0.0,0.0,0,0
180,CASH_OUT,75991.79,103585.0,27593.21,43174.34,119166.14,0,0
180,PAYMENT,17933.53,0.0,0.0,0.0,0.0,0,0
180,PAYMENT,26576.8,10833.0,0.0,0.0,0.0,0,0
180,CASH_OUT,97615.93,28655.0,0.0,1090408.34,1188024.28,0,0
180,CASH_OUT,89354.03,0.0,0.0,300411.46,389765.49,0,0
180,CASH_OUT,36813.45,0.0,0.0,804393.95,841207.4,0,0
180,CASH_OUT,296808.21,0.0,0.0,585300.38,882108.6,0,0
180,CASH_OUT,280162.79,21064.0,0.0,24859.18,305021.97,0,0
180,CASH_OUT,151885.98,0.0,0.0,593785.85,745671.83,0,0
180,CASH_OUT,117824.43,0.0,0.0,449311.79,567136.22,0,0
180,CASH_OUT,122817.61,0.0,0.0,225631.25,348448.86,0,0
180,PAYMENT,34043.62,0.0,0.0,0.0,0.0,0,0
180,CASH_OUT,94795.4,0.0,0.0,135061.71,229857.11,0,0
180,PAYMENT,22524.0,0.0,0.0,0.0,0.0,0,0
180,CASH_OUT,415903.32,832.0,0.0,0.0,415903.32,0,0
180,PAYMENT,1839.13,0.0,0.0,0.0,0.0,0,0
180,PAYMENT,15844.3,0.0,0.0,0.0,0.0,0,0
180,PAYMENT,1478.22,0.0,0.0,0.0,0.0,0,0
180,PAYMENT,19919.58,0.0,0.0,0.0,0.0,0,0
180,CASH_OUT,19493.56,0.0,0.0,182963.48,202457.05,0,0
180,PAYMENT,8144.03,45219.0,37074.97,0.0,0.0,0,0
180,PAYMENT,191.3,0.0,0.0,0.0,0.0,0,0
180,CASH_OUT,37624.82,0.0,0.0,577789.81,576527.09,0,0
180,CASH_OUT,128529.93,22342.0,0.0,22905.33,151435.26,0,0
180,PAYMENT,1797.46,5739.0,3941.54,0.0,0.0,0,0
180,PAYMENT,27781.3,3046.0,0.0,0.0,0.0,0,0
180,CASH_OUT,176126.24,50821.0,0.0,771313.24,947439.48,0,0
180,CASH_OUT,151837.39,0.0,0.0,388350.08,540187.47,0,0
180,CASH_OUT,24447.54,83293.0,58845.46,564415.76,588863.3,0,0
180,CASH_IN,33529.81,347.0,33876.81,68782.02,35252.22,0,0
180,PAYMENT,17282.04,0.0,0.0,0.0,0.0,0,0
180,PAYMENT,6198.05,0.0,0.0,0.0,0.0,0,0
180,PAYMENT,7556.05,51366.24,43810.19,0.0,0.0,0,0
180,PAYMENT,5683.12,123.0,0.0,0.0,0.0,0,0
180,PAYMENT,519.14,0.0,0.0,0.0,0.0,0,0
180,PAYMENT,8034.0,0.0,0.0,0.0,0.0,0,0
180,PAYMENT,4286.83,0.0,0.0,0.0,0.0,0,0
180,CASH_OUT,248855.62,26348.0,0.0,0.0,248855.62,0,0
180,PAYMENT,23171.23,0.0,0.0,0.0,0.0,0,0
180,PAYMENT,56626.91,28789.29,0.0,0.0,0.0,0,0
180,PAYMENT,312.1,10647.0,10334.9,0.0,0.0,0,0
180,PAYMENT,35387.63,16759.69,0.0,0.0,0.0,0,0
180,CASH_OUT,86806.92,0.0,0.0,961501.5,1048308.43,0,0
180,PAYMENT,16582.1,20118.0,3535.9,0.0,0.0,0,0
180,CASH_OUT,34945.87,22449.0,0.0,426329.62,461275.49,0,0
180,PAYMENT,16077.12,0.0,0.0,0.0,0.0,0,0
180,PAYMENT,25147.05,30548.0,5400.95,0.0,0.0,0,0
180,CASH_OUT,264463.88,106709.0,0.0,0.0,264463.88,0,0
180,PAYMENT,26149.29,0.0,0.0,0.0,0.0,0,0
180,CASH_OUT,99478.98,5529.0,0.0,507103.65,606582.63,0,0
180,PAYMENT,846.11,0.0,0.0,0.0,0.0,0,0
180,PAYMENT,25061.46,0.0,0.0,0.0,0.0,0,0
180,PAYMENT,2474.2,0.0,0.0,0.0,0.0,0,0
180,PAYMENT,1825.14,0.0,0.0,0.0,0.0,0,0
180,CASH_OUT,286468.78,25286.0,0.0,161674.66,448143.44,0,0
180,PAYMENT,55467.88,9748.39,0.0,0.0,0.0,0,0
180,PAYMENT,10591.86,0.0,0.0,0.0,0.0,0,0
180,CASH_OUT,35165.82,0.0,0.0,139268.89,174434.71,0,0
180,PAYMENT,12765.66,20241.0,7475.34,0.0,0.0,0,0
180,TRANSFER,173309.11,173309.11,0.0,0.0,0.0,1,0
180,CASH_OUT,173309.11,173309.11,0.0,0.0,173309.11,1,0
181,CASH_OUT,139731.81,0.0,0.0,154888.38,294620.19,0,0
181,CASH_OUT,149517.39,0.0,0.0,545060.98,694578.37,0,0
181,CASH_OUT,26652.98,0.0,0.0,279330.43,305983.41,0,0
181,PAYMENT,22864.52,8085.0,0.0,0.0,0.0,0,0
181,PAYMENT,3849.84,762.0,0.0,0.0,0.0,0,0
181,CASH_OUT,130935.82,0.0,0.0,267911.43,398847.25,0,0
181,CASH_OUT,5008.77,0.0,0.0,427478.98,432487.74,0,0
181,PAYMENT,9919.99,68279.0,58359.01,0.0,0.0,0,0
181,PAYMENT,41056.18,0.0,0.0,0.0,0.0,0,0
181,PAYMENT,2965.96,54026.36,51060.41,0.0,0.0,0,0
181,CASH_OUT,64293.34,0.0,0.0,237357.95,301651.29,0,0
181,PAYMENT,1486.86,0.0,0.0,0.0,0.0,0,0
181,PAYMENT,10484.34,30997.0,20512.66,0.0,0.0,0,0
181,CASH_OUT,15631.14,0.0,0.0,198761.01,214392.16,0,0
181,CASH_OUT,123371.6,587.0,0.0,0.0,244739.39,0,0
181,CASH_OUT,127955.52,0.0,0.0,1126468.39,1254423.91,0,0
181,CASH_OUT,88411.87,41277.0,0.0,0.0,92756.62,0,0
181,TRANSFER,471318.3,0.0,0.0,477443.57,948761.87,0,0
181,CASH_OUT,178504.14,107241.0,0.0,317198.4,750351.9,0,0
181,CASH_OUT,316667.71,0.0,0.0,725206.65,1041874.36,0,0
181,PAYMENT,6371.63,19373.0,13001.37,0.0,0.0,0,0
181,CASH_OUT,13270.39,0.0,0.0,102779.9,116050.29,0,0
181,CASH_OUT,17226.11,0.0,0.0,1073029.12,1090255.23,0,0
181,PAYMENT,28353.16,21051.0,0.0,0.0,0.0,0,0
181,CASH_OUT,302940.03,30512.0,0.0,446535.96,749475.99,0,0
181,CASH_OUT,233265.17,145.0,0.0,0.0,233265.17,0,0
181,PAYMENT,11107.98,4157.0,0.0,0.0,0.0,0,0
181,PAYMENT,29620.47,10938.0,0.0,0.0,0.0,0,0
181,CASH_OUT,174580.04,30165.0,0.0,167043.48,341623.53,0,0
181,PAYMENT,69559.46,21937.0,0.0,0.0,0.0,0,0
181,PAYMENT,80894.15,170.0,0.0,0.0,0.0,0,0
181,PAYMENT,17327.73,35542.0,18214.27,0.0,0.0,0,0
181,CASH_OUT,18396.46,0.0,0.0,365301.94,383698.4,0,0
181,PAYMENT,5693.74,0.0,0.0,0.0,0.0,0,0
181,TRANSFER,42875.54,0.0,0.0,90518.16,133393.7,0,0
181,PAYMENT,23558.52,290.0,0.0,0.0,0.0,0,0
181,CASH_OUT,97936.97,100143.0,2206.03,418733.57,516670.53,0,0
181,CASH_OUT,301705.43,0.0,0.0,414474.0,716179.43,0,0
181,CASH_OUT,305147.83,0.0,0.0,334305.58,639453.41,0,0
181,CASH_OUT,285377.46,101590.0,0.0,247296.6,532674.06,0,0
181,TRANSFER,194855.85,0.0,0.0,332736.75,527592.6,0,0
181,CASH_OUT,268458.85,42868.0,0.0,687440.53,955899.38,0,0
181,CASH_OUT,291407.47,32610.0,0.0,0.0,291407.47,0,0
181,PAYMENT,2982.2,5152.05,2169.86,0.0,0.0,0,0
181,CASH_OUT,367080.14,0.0,0.0,624891.35,832973.32,0,0
181,CASH_OUT,78223.94,0.0,0.0,415043.94,729664.41,0,0
181,CASH_OUT,220563.98,21594.0,0.0,550.94,221114.92,0,0
181,CASH_OUT,140255.49,54218.0,0.0,0.0,140255.49,0,0
181,PAYMENT,9909.56,0.0,0.0,0.0,0.0,0,0
181,PAYMENT,39.39,186.0,146.61,0.0,0.0,0,0
181,PAYMENT,27181.1,3762.0,0.0,0.0,0.0,0,0
181,PAYMENT,18567.66,5065.0,0.0,0.0,0.0,0,0
181,PAYMENT,866.02,0.0,0.0,0.0,0.0,0,0
181,CASH_OUT,288309.77,45322.0,0.0,152269.42,440579.19,0,0
181,TRANSFER,289.36,0.0,0.0,277120.53,277409.89,0,0
181,CASH_OUT,42889.86,0.0,0.0,107778.69,150668.55,0,0
181,PAYMENT,68787.82,17718.0,0.0,0.0,0.0,0,0
181,PAYMENT,19600.29,0.0,0.0,0.0,0.0,0,0
181,PAYMENT,2395.04,0.0,0.0,0.0,0.0,0,0
181,CASH_OUT,318825.9,0.0,0.0,355786.61,674612.51,0,0
181,PAYMENT,14715.01,21875.51,7160.5,0.0,0.0,0,0
181,PAYMENT,7202.6,0.0,0.0,0.0,0.0,0,0
181,PAYMENT,4567.03,0.0,0.0,0.0,0.0,0,0
181,PAYMENT,4075.95,0.0,0.0,0.0,0.0,0,0
181,CASH_OUT,330976.48,0.0,0.0,446679.5,720234.28,0,0
181,PAYMENT,5530.37,0.0,0.0,0.0,0.0,0,0
181,CASH_OUT,116215.81,82894.0,0.0,715030.61,831246.42,0,0
181,PAYMENT,5027.82,0.0,0.0,0.0,0.0,0,0
181,CASH_OUT,73535.75,0.0,0.0,1143837.0,1217372.75,0,0
181,PAYMENT,34415.63,78306.0,43890.37,0.0,0.0,0,0
181,CASH_OUT,220490.2,148.0,0.0,241357.0,461847.2,0,0
181,CASH_OUT,69414.81,37188.0,0.0,0.0,69414.81,0,0
181,PAYMENT,30013.26,88864.12,58850.86,0.0,0.0,0,0
181,PAYMENT,2517.38,0.0,0.0,0.0,0.0,0,0
181,CASH_OUT,102488.94,10557.0,0.0,1031352.16,1133841.1,0,0
181,PAYMENT,5826.39,0.0,0.0,0.0,0.0,0,0
181,PAYMENT,10415.39,0.0,0.0,0.0,0.0,0,0
181,PAYMENT,17605.0,0.0,0.0,0.0,0.0,0,0
181,PAYMENT,7707.63,30509.0,22801.37,0.0,0.0,0,0
181,PAYMENT,25005.7,176.0,0.0,0.0,0.0,0,0
181,CASH_OUT,167093.95,0.0,0.0,518669.63,858757.51,0,0
181,PAYMENT,15305.92,0.0,0.0,0.0,0.0,0,0
181,PAYMENT,5880.46,163.0,0.0,0.0,0.0,0,0
181,PAYMENT,25363.23,29.0,0.0,0.0,0.0,0,0
181,PAYMENT,21521.82,47394.78,25872.96,0.0,0.0,0,0
181,PAYMENT,25953.03,0.0,0.0,0.0,0.0,0,0
181,CASH_OUT,119972.59,37930.0,0.0,100573.76,220546.36,0,0
181,PAYMENT,22504.56,79286.0,56781.44,0.0,0.0,0,0
181,TRANSFER,12278.0,12278.0,0.0,0.0,0.0,1,0
181,CASH_OUT,12278.0,12278.0,0.0,853058.02,865336.02,1,0
181,CASH_OUT,332729.54,0.0,0.0,613712.35,946441.9,1,0
181,TRANSFER,252189.32,252189.32,0.0,0.0,0.0,1,0
181,CASH_OUT,252189.32,252189.32,0.0,310145.69,562335.01,1,0
182,PAYMENT,14351.31,0.0,0.0,0.0,0.0,0,0
182,CASH_OUT,273616.22,21360.0,0.0,412032.71,685648.93,0,0
182,PAYMENT,6405.34,30843.74,24438.4,0.0,0.0,0,0
182,CASH_OUT,403992.46,70434.0,0.0,0.0,403992.46,0,0
182,PAYMENT,2732.3,0.0,0.0,0.0,0.0,0,0
182,PAYMENT,2235.04,49968.0,47732.96,0.0,0.0,0,0
182,CASH_OUT,376050.78,0.0,0.0,392750.27,768801.04,0,0
182,CASH_OUT,263669.19,27644.0,0.0,0.0,263669.19,0,0
182,CASH_OUT,168372.8,69531.0,0.0,0.0,168372.8,0,0
182,PAYMENT,11483.58,0.0,0.0,0.0,0.0,0,0
182,PAYMENT,21971.39,0.0,0.0,0.0,0.0,0,0
182,TRANSFER,353386.06,0.0,0.0,411791.86,765177.92,0,0
182,TRANSFER,301474.53,0.0,0.0,360600.52,662075.05,0,0
182,PAYMENT,6255.09,11066.0,4810.91,0.0,0.0,0,0
182,TRANSFER,97954.22,49979.0,0.0,844698.08,758495.61,0,0
182,PAYMENT,37842.89,304.0,0.0,0.0,0.0,0,0
182,CASH_OUT,381695.74,97.0,0.0,0.0,381695.74,0,0
182,CASH_OUT,114408.72,5000.0,0.0,885721.27,1000129.99,0,0
182,TRANSFER,258261.77,0.0,0.0,658916.52,917178.29,0,0
182,CASH_OUT,51989.06,70849.0,18859.94,0.0,51989.06,0,0
182,CASH_OUT,23493.92,0.0,0.0,58440.23,81934.15,0,0
182,PAYMENT,5636.93,62.0,0.0,0.0,0.0,0,0
182,PAYMENT,2114.07,0.0,0.0,0.0,0.0,0,0
182,PAYMENT,8472.95,25373.0,16900.05,0.0,0.0,0,0
182,CASH_OUT,344527.3,100216.0,0.0,0.0,344527.3,0,0
182,CASH_OUT,132283.48,0.0,0.0,914854.61,1047138.09,0,0
182,TRANSFER,47812.49,0.0,0.0,1173896.97,1221709.47,0,0
182,PAYMENT,23395.21,0.0,0.0,0.0,0.0,0,0
182,PAYMENT,2717.89,0.0,0.0,0.0,0.0,0,0
182,PAYMENT,9504.8,0.0,0.0,0.0,0.0,0,0
182,PAYMENT,21137.93,0.0,0.0,0.0,0.0,0,0
182,PAYMENT,4427.75,41262.0,36834.25,0.0,0.0,0,0
182,CASH_IN,31468.82,10361.0,41829.82,107974.66,76505.84,0,0
182,PAYMENT,10489.27,0.0,0.0,0.0,0.0,0,0
182,PAYMENT,9788.15,45316.71,35528.56,0.0,0.0,0,0
182,CASH_OUT,182910.34,0.0,0.0,358383.36,541293.7,0,0
182,PAYMENT,8794.67,0.0,0.0,0.0,0.0,0,0
182,PAYMENT,1516.43,0.0,0.0,0.0,0.0,0,0
182,PAYMENT,3729.91,0.0,0.0,0.0,0.0,0,0
182,PAYMENT,2953.52,151.0,0.0,0.0,0.0,0,0
182,PAYMENT,19048.38,0.0,0.0,0.0,0.0,0,0
182,PAYMENT,14910.48,0.0,0.0,0.0,0.0,0,0
182,CASH_OUT,46507.17,35672.0,0.0,0.0,46507.17,0,0
182,PAYMENT,3656.44,0.0,0.0,0.0,0.0,0,0
182,PAYMENT,9181.79,0.0,0.0,0.0,0.0,0,0
182,CASH_OUT,288684.63,5019.0,0.0,360649.25,649333.89,0,0
182,CASH_OUT,277346.24,57.0,0.0,5687.92,283034.15,0,0
182,CASH_OUT,334809.41,15143.0,0.0,363830.91,698640.31,0,0
182,CASH_IN,42332.03,11016.0,53348.03,952890.39,910558.35,0,0
182,PAYMENT,4103.95,11048.0,6944.05,0.0,0.0,0,0
182,PAYMENT,17096.11,0.0,0.0,0.0,0.0,0,0
182,PAYMENT,21179.37,0.0,0.0,0.0,0.0,0,0
182,CASH_OUT,142193.08,0.0,0.0,220845.07,363038.15,0,0
182,PAYMENT,16026.86,23482.0,7455.14,0.0,0.0,0,0
182,PAYMENT,6835.64,0.0,0.0,0.0,0.0,0,0
182,PAYMENT,589.84,0.0,0.0,0.0,0.0,0,0
182,PAYMENT,11759.89,0.0,0.0,0.0,0.0,0,0
182,PAYMENT,459.2,17094.44,16635.24,0.0,0.0,0,0
182,CASH_OUT,22306.87,0.0,0.0,150572.03,172878.9,0,0
182,PAYMENT,7780.27,38048.0,30267.73,0.0,0.0,0,0
182,CASH_OUT,301859.25,41970.0,0.0,535105.35,1051024.42,0,0
182,PAYMENT,4786.26,0.0,0.0,0.0,0.0,0,0
182,PAYMENT,6031.39,0.0,0.0,0.0,0.0,0,0
182,CASH_OUT,254010.48,30290.0,0.0,0.0,254010.48,0,0
182,CASH_OUT,79563.04,0.0,0.0,186042.31,265605.34,0,0
182,CASH_OUT,214144.3,0.0,0.0,699171.26,913315.56,0,0
182,PAYMENT,2616.81,0.0,0.0,0.0,0.0,0,0
182,CASH_OUT,47242.12,0.0,0.0,474183.33,521425.45,0,0
182,TRANSFER,280250.12,0.0,0.0,578619.28,858869.4,0,0
182,PAYMENT,4202.0,9839.46,5637.45,0.0,0.0,0,0
182,CASH_OUT,177470.48,0.0,0.0,553757.77,731228.25,0,0
182,CASH_OUT,25026.0,0.0,0.0,25523.22,50549.21,0,0
182,PAYMENT,5111.94,15681.0,10569.06,0.0,0.0,0,0
182,CASH_OUT,123122.02,0.0,0.0,1083360.05,874854.15,0,0
182,TRANSFER,228714.6,58829.0,0.0,196081.58,424796.18,0,0
182,CASH_OUT,267087.86,0.0,0.0,963529.42,1230617.28,0,0
182,CASH_OUT,114960.98,1366.0,0.0,146.73,115107.71,0,0
182,PAYMENT,8891.75,0.0,0.0,0.0,0.0,0,0
182,PAYMENT,26391.55,0.0,0.0,0.0,0.0,0,0
182,PAYMENT,9996.17,0.0,0.0,0.0,0.0,0,0
182,CASH_OUT,89470.89,84792.0,0.0,0.0,89470.89,0,0
182,PAYMENT,4545.97,30778.0,26232.03,0.0,0.0,0,0
182,PAYMENT,7773.11,0.0,0.0,0.0,0.0,0,0
182,PAYMENT,10244.3,0.0,0.0,0.0,0.0,0,0
182,PAYMENT,6505.42,0.0,0.0,0.0,0.0,0,0
182,CASH_OUT,229466.16,0.0,0.0,366121.17,595587.34,0,0
182,CASH_OUT,14680.72,0.0,0.0,89458.33,104139.05,0,0
182,CASH_OUT,3288.24,0.0,0.0,43042.88,46331.12,0,0
182,CASH_OUT,118613.47,13815.69,0.0,358605.55,220325.51,0,0
182,PAYMENT,13525.34,19101.21,5575.87,0.0,0.0,0,0
182,TRANSFER,166323.01,166323.01,0.0,0.0,0.0,1,0
182,CASH_OUT,166323.01,166323.01,0.0,0.0,166323.01,1,0
183,PAYMENT,20621.72,8041.0,0.0,0.0,0.0,0,0
183,PAYMENT,6107.49,0.0,0.0,0.0,0.0,0,0
183,CASH_OUT,37986.17,0.0,0.0,281337.91,1146087.56,0,0
183,CASH_OUT,227811.07,0.0,0.0,457614.58,685425.65,0,0
183,PAYMENT,4362.89,0.0,0.0,0.0,0.0,0,0
183,PAYMENT,30000.21,20624.0,0.0,0.0,0.0,0,0
183,CASH_OUT,89145.16,4702.0,0.0,279896.79,369041.95,0,0
183,TRANSFER,444155.67,732.71,0.0,668894.43,1113050.09,0,0
183,PAYMENT,644.88,0.0,0.0,0.0,0.0,0,0
183,PAYMENT,270.84,0.0,0.0,0.0,0.0,0,0
183,PAYMENT,10855.63,50802.0,39946.37,0.0,0.0,0,0
183,PAYMENT,5262.01,0.0,0.0,0.0,0.0,0,0
183,TRANSFER,380914.7,0.0,0.0,636425.77,1017340.47,0,0
183,PAYMENT,2275.16,0.0,0.0,0.0,0.0,0,0
183,CASH_OUT,67982.61,42261.0,0.0,126462.2,194444.81,0,0
183,PAYMENT,8201.04,955.0,0.0,0.0,0.0,0,0
183,CASH_OUT,13439.83,0.0,0.0,950367.99,963807.81,0,0
183,CASH_OUT,86141.13,0.0,0.0,533652.63,619793.76,0,0
183,CASH_OUT,189635.31,0.0,0.0,240626.34,430261.66,0,0
183,CASH_OUT,108257.24,0.0,0.0,299722.71,407979.95,0,0
183,CASH_OUT,97536.29,70591.0,0.0,89900.62,187436.91,0,0
183,CASH_OUT,79215.62,20989.0,0.0,0.0,79215.62,0,0
183,CASH_OUT,60304.51,36388.0,0.0,0.0,60304.51,0,0
183,PAYMENT,5714.77,0.0,0.0,0.0,0.0,0,0
183,PAYMENT,14239.91,0.0,0.0,0.0,0.0,0,0
183,CASH_OUT,128099.49,0.0,0.0,495773.21,623872.7,0,0
183,PAYMENT,2224.93,20749.0,18524.07,0.0,0.0,0,0
183,CASH_OUT,294654.08,0.0,0.0,703497.54,998151.62,0,0
183,PAYMENT,9563.38,0.0,0.0,0.0,0.0,0,0
183,PAYMENT,10443.91,0.0,0.0,0.0,0.0,0,0
183,PAYMENT,3986.33,6551.0,2564.67,0.0,0.0,0,0
183,PAYMENT,25269.12,0.0,0.0,0.0,0.0,0,0
183,CASH_OUT,208053.41,25119.0,0.0,604247.83,812301.24,0,0
183,CASH_OUT,164087.11,0.0,0.0,771913.09,936000.2,0,0
183,CASH_OUT,120067.26,0.0,0.0,629641.46,749708.73,0,0
183,TRANSFER,406353.52,0.0,0.0,802884.52,1209238.03,0,0
183,CASH_OUT,163670.17,14199.0,0.0,14196.94,177867.11,0,0
183,CASH_OUT,39123.75,0.0,0.0,386312.57,425436.33,0,0
183,CASH_OUT,118749.14,0.0,0.0,219621.88,338371.03,0,0
183,CASH_OUT,283359.08,102298.0,0.0,62807.71,346166.79,0,0
183,CASH_OUT,259409.67,0.0,0.0,336465.47,595875.14,0,0
183,PAYMENT,10101.65,15253.4,5151.75,0.0,0.0,0,0
183,CASH_OUT,192840.2,0.0,0.0,503774.25,696614.45,0,0
183,CASH_OUT,11514.67,12379.0,864.33,0.0,11514.67,0,0
183,PAYMENT,10633.98,60193.0,49559.02,0.0,0.0,0,0
183,PAYMENT,8372.33,0.0,0.0,0.0,0.0,0,0
183,PAYMENT,15142.77,0.0,0.0,0.0,0.0,0,0
183,CASH_OUT,240303.35,0.0,0.0,279515.04,519818.39,0,0
183,CASH_OUT,90287.74,0.0,0.0,372736.21,463023.95,0,0
183,CASH_OUT,118865.97,0.0,0.0,211940.52,606021.93,0,0
183,PAYMENT,31478.44,10445.0,0.0,0.0,0.0,0,0
183,CASH_OUT,59283.61,40854.0,0.0,501623.6,560907.21,0,0
183,CASH_OUT,250233.77,29069.0,0.0,158515.36,408749.13,0,0
183,TRANSFER,469999.21,15680.0,0.0,734888.77,1204887.97,0,0
183,CASH_OUT,81260.98,71114.0,0.0,637079.13,718340.11,0,0
183,CASH_OUT,46135.88,8035.0,0.0,120586.98,166722.86,0,0
183,CASH_OUT,84821.74,0.0,0.0,175665.92,260487.66,0,0
183,PAYMENT,2640.97,0.0,0.0,0.0,0.0,0,0
183,CASH_OUT,132472.95,12370.0,0.0,22640.85,155113.79,0,0
183,CASH_OUT,74392.21,113920.0,39527.79,209830.9,284223.11,0,0
183,CASH_OUT,94332.27,10222.0,0.0,0.0,94332.27,0,0
183,PAYMENT,13529.35,0.0,0.0,0.0,0.0,0,0
183,PAYMENT,12325.69,0.0,0.0,0.0,0.0,0,0
183,PAYMENT,2410.26,0.0,0.0,0.0,0.0,0,0
183,PAYMENT,15336.66,52454.0,37117.34,0.0,0.0,0,0
183,CASH_OUT,12719.48,0.0,0.0,80108.12,92827.6,0,0
183,CASH_OUT,224587.71,130120.0,0.0,338355.88,562943.59,0,0
183,PAYMENT,28777.18,0.0,0.0,0.0,0.0,0,0
183,CASH_OUT,477737.29,8098.0,0.0,178777.94,656515.23,0,0
183,CASH_OUT,55425.31,130.0,0.0,0.0,55425.31,0,0
183,CASH_OUT,371375.76,126278.37,0.0,406568.32,777944.08,0,0
183,PAYMENT,5680.05,0.0,0.0,0.0,0.0,0,0
183,DEBIT,8250.4,628.0,0.0,803116.2,811366.6,0,0
183,CASH_IN,30922.46,274.0,31196.46,0.0,0.0,0,0
183,PAYMENT,9331.94,41585.19,32253.25,0.0,0.0,0,0
183,PAYMENT,982.48,0.0,0.0,0.0,0.0,0,0
183,PAYMENT,12153.97,0.0,0.0,0.0,0.0,0,0
183,PAYMENT,21351.26,11316.0,0.0,0.0,0.0,0,0
183,PAYMENT,5900.49,57256.0,51355.51,0.0,0.0,0,0
183,CASH_IN,1951.84,20384.0,22335.84,4460.41,2508.57,0,0
183,CASH_OUT,148997.49,9167.0,0.0,227360.22,376357.71,0,0
183,PAYMENT,23702.15,0.0,0.0,0.0,0.0,0,0
183,PAYMENT,13026.98,0.0,0.0,0.0,0.0,0,0
183,PAYMENT,2726.84,50866.0,48139.16,0.0,0.0,0,0
183,PAYMENT,7434.35,0.0,0.0,0.0,0.0,0,0
183,CASH_OUT,378144.16,228441.0,0.0,66034.87,679161.36,0,0
183,CASH_OUT,347748.91,82940.0,0.0,195631.52,543380.43,0,0
183,PAYMENT,2205.51,559.0,0.0,0.0,0.0,0,0
183,CASH_OUT,200712.7,0.0,0.0,357678.0,435804.32,0,0
183,PAYMENT,5613.09,27134.43,21521.34,0.0,0.0,0,0
183,CASH_OUT,283502.6,90535.0,0.0,937228.75,1220731.36,0,0
183,PAYMENT,6479.51,20534.0,14054.49,0.0,0.0,0,0
183,CASH_OUT,186422.74,5143.0,0.0,451891.55,638314.29,0,0
183,CASH_OUT,195451.11,417.0,0.0,283888.85,479339.96,0,0
183,PAYMENT,32279.15,52074.0,19794.85,0.0,0.0,0,0
183,PAYMENT,13428.05,0.0,0.0,0.0,0.0,0,0
183,CASH_OUT,173573.22,21789.0,0.0,0.0,205921.77,0,0
183,PAYMENT,14262.19,0.0,0.0,0.0,0.0,0,0
183,CASH_OUT,102049.37,6524.0,0.0,1101091.97,1203141.34,0,0
183,PAYMENT,34138.61,0.0,0.0,0.0,0.0,0,0
183,PAYMENT,47059.24,0.0,0.0,0.0,0.0,0,0
183,TRANSFER,224378.1,224378.1,0.0,0.0,0.0,1,0
183,CASH_OUT,224378.1,224378.1,0.0,483419.25,707797.36,1,0
183,TRANSFER,5566.14,5566.14,0.0,0.0,0.0,1,0
183,CASH_OUT,5566.14,5566.14,0.0,0.0,5566.14,1,0
184,PAYMENT,3475.37,21466.0,17990.63,0.0,0.0,0,0
184,CASH_OUT,118491.99,29282.0,0.0,867212.21,985704.2,0,0
184,PAYMENT,13911.41,19837.0,5925.59,0.0,0.0,0,0
184,CASH_OUT,104634.16,22587.0,0.0,0.0,104634.16,0,0
184,CASH_OUT,18664.61,7171.0,0.0,1025734.7,1044399.31,0,0
184,PAYMENT,532.11,0.0,0.0,0.0,0.0,0,0
184,PAYMENT,6355.04,28695.0,22339.96,0.0,0.0,0,0
184,PAYMENT,3990.98,0.0,0.0,0.0,0.0,0,0
184,CASH_OUT,178192.54,0.0,0.0,198294.63,376487.18,0,0
184,CASH_OUT,143883.06,0.0,0.0,711773.3,855656.36,0,0
184,PAYMENT,26234.62,233.0,0.0,0.0,0.0,0,0
184,PAYMENT,34757.73,0.0,0.0,0.0,0.0,0,0
184,TRANSFER,340792.88,21071.0,0.0,0.0,340792.88,0,0
184,PAYMENT,8380.36,29930.0,21549.64,0.0,0.0,0,0
184,CASH_OUT,95197.09,0.0,0.0,882346.51,977543.6,0,0
184,PAYMENT,4409.57,0.0,0.0,0.0,0.0,0,0
184,CASH_OUT,117038.93,566.0,0.0,269584.1,386623.03,0,0
184,CASH_OUT,119403.81,0.0,0.0,494608.82,614012.63,0,0
184,TRANSFER,185867.09,139317.0,0.0,842044.31,1027911.41,0,0
184,CASH_OUT,121632.89,0.0,0.0,1039674.91,1161307.79,0,0
184,PAYMENT,21431.34,23936.0,2504.66,0.0,0.0,0,0
184,CASH_OUT,58339.38,0.0,0.0,191020.34,249359.72,0,0
184,CASH_OUT,86721.17,0.0,0.0,151864.77,238585.94,0,0
184,PAYMENT,3157.27,0.0,0.0,0.0,0.0,0,0
184,CASH_OUT,246261.89,0.0,0.0,568098.57,814360.46,0,0
184,CASH_OUT,159371.67,72.0,0.0,366844.56,526216.23,0,0
184,PAYMENT,12640.55,3302.0,0.0,0.0,0.0,0,0
184,CASH_OUT,261424.58,78365.0,0.0,567501.99,828926.57,0,0
184,PAYMENT,6939.77,20917.0,13977.23,0.0,0.0,0,0
184,PAYMENT,5617.05,258.0,0.0,0.0,0.0,0,0
184,PAYMENT,4798.14,0.0,0.0,0.0,0.0,0,0
184,CASH_OUT,45063.88,8578.0,0.0,481640.76,526704.64,0,0
184,PAYMENT,4751.01,0.0,0.0,0.0,0.0,0,0
184,CASH_OUT,165471.28,0.0,0.0,447277.51,612748.79,0,0
184,PAYMENT,7842.0,60351.4,52509.4,0.0,0.0,0,0
184,PAYMENT,856.13,0.0,0.0,0.0,0.0,0,0
184,CASH_OUT,204415.31,0.0,0.0,288369.69,492784.99,0,0
184,CASH_OUT,148489.45,0.0,0.0,216465.1,364954.54,0,0
184,PAYMENT,25375.08,0.0,0.0,0.0,0.0,0,0
184,PAYMENT,9830.99,0.0,0.0,0.0,0.0,0,0
184,CASH_OUT,184329.65,0.0,0.0,701817.73,886147.38,0,0
184,CASH_OUT,55943.67,18974.0,0.0,799529.82,855473.49,0,0
184,PAYMENT,7230.24,10961.0,3730.76,0.0,0.0,0,0
184,CASH_OUT,125503.83,16269.0,0.0,185331.78,310835.61,0,0
184,PAYMENT,2016.89,0.0,0.0,0.0,0.0,0,0
184,PAYMENT,232.04,0.0,0.0,0.0,0.0,0,0
184,CASH_OUT,27955.75,4700.0,0.0,0.0,27955.75,0,0
184,CASH_OUT,290714.96,11199.0,0.0,37885.54,328600.5,0,0
184,DEBIT,11224.73,4665.0,0.0,13880.54,25105.27,0,0
184,PAYMENT,5764.3,35887.22,30122.93,0.0,0.0,0,0
184,PAYMENT,1983.35,52805.73,50822.38,0.0,0.0,0,0
184,PAYMENT,15191.06,0.0,0.0,0.0,0.0,0,0
184,CASH_OUT,18666.89,0.0,0.0,156530.37,175197.26,0,0
184,CASH_OUT,18871.15,0.0,0.0,309824.66,328695.81,0,0
184,PAYMENT,2022.15,0.0,0.0,0.0,0.0,0,0
184,CASH_OUT,19279.87,11259.0,0.0,5046.6,24326.47,0,0
184,PAYMENT,16935.96,0.0,0.0,0.0,0.0,0,0
184,CASH_OUT,117233.6,0.0,0.0,270434.78,387668.38,0,0
184,PAYMENT,2348.17,0.0,0.0,0.0,0.0,0,0
184,PAYMENT,4559.14,0.0,0.0,0.0,0.0,0,0
184,PAYMENT,20711.71,35142.0,14430.29,0.0,0.0,0,0
184,PAYMENT,13802.33,0.0,0.0,0.0,0.0,0,0
184,PAYMENT,3346.08,0.0,0.0,0.0,0.0,0,0
184,CASH_OUT,186685.47,1681.0,0.0,424202.73,610888.2,0,0
184,TRANSFER,166258.96,11438.0,0.0,0.0,166258.96,0,0
184,CASH_OUT,307689.18,803.0,0.0,0.0,307689.18,0,0
184,PAYMENT,15389.97,0.0,0.0,0.0,0.0,0,0
184,PAYMENT,2600.92,46080.0,43479.08,0.0,0.0,0,0
184,PAYMENT,1822.32,2836.71,1014.4,0.0,0.0,0,0
184,CASH_OUT,50703.04,0.0,0.0,944285.79,994988.83,0,0
184,PAYMENT,4856.56,60248.0,55391.44,0.0,0.0,0,0
184,CASH_OUT,26462.81,10923.0,0.0,0.0,26462.81,0,0
184,PAYMENT,3794.93,0.0,0.0,0.0,0.0,0,0
184,PAYMENT,27758.81,0.0,0.0,0.0,0.0,0,0
184,PAYMENT,42676.53,15128.0,0.0,0.0,0.0,0,0
184,PAYMENT,3254.44,0.0,0.0,0.0,0.0,0,0
184,CASH_OUT,148209.17,0.0,0.0,303515.06,451724.23,0,0
184,CASH_OUT,101801.29,6023.0,0.0,178848.57,280649.87,0,0
184,PAYMENT,21373.07,0.0,0.0,0.0,0.0,0,0
184,TRANSFER,73486.8,73486.8,0.0,0.0,0.0,1,0
184,CASH_OUT,73486.8,73486.8,0.0,476795.97,550282.76,1,0
184,TRANSFER,96286.54,96286.54,0.0,0.0,0.0,1,0
184,CASH_OUT,96286.54,96286.54,0.0,0.0,96286.54,1,0
184,TRANSFER,60519.74,60519.74,0.0,0.0,0.0,1,0
184,CASH_OUT,60519.74,60519.74,0.0,54295.32,182654.5,1,0
184,TRANSFER,90346.05,90346.05,0.0,0.0,0.0,1,0
184,CASH_OUT,90346.05,90346.05,0.0,532789.09,623135.14,1,0
185,PAYMENT,16000.85,0.0,0.0,0.0,0.0,0,0
185,PAYMENT,19702.85,30474.0,10771.15,0.0,0.0,0,0
185,CASH_OUT,135640.71,21742.0,0.0,0.0,135640.71,0,0
185,CASH_OUT,13403.06,42770.0,29366.94,226223.03,239626.09,0,0
185,CASH_OUT,170193.44,54303.73,0.0,1279896.94,1157593.75,0,0
185,PAYMENT,21915.05,19971.0,0.0,0.0,0.0,0,0
185,CASH_OUT,200067.29,116.0,0.0,0.0,200067.29,0,0
185,PAYMENT,16590.16,0.0,0.0,0.0,0.0,0,0
185,PAYMENT,2730.99,5396.0,2665.01,0.0,0.0,0,0
185,CASH_OUT,201998.53,0.0,0.0,545090.61,747089.14,0,0
185,TRANSFER,461906.06,49556.0,0.0,207276.89,669182.95,0,0
185,PAYMENT,955.9,0.0,0.0,0.0,0.0,0,0
185,PAYMENT,3908.94,62211.53,58302.59,0.0,0.0,0,0
185,CASH_OUT,378105.27,0.0,0.0,400344.94,778450.22,0,0
185,PAYMENT,5829.61,0.0,0.0,0.0,0.0,0,0
185,TRANSFER,230564.62,0.0,0.0,902279.04,1132843.65,0,0
185,CASH_OUT,41143.81,82480.0,41336.19,276948.2,318092.01,0,0
185,CASH_OUT,403010.9,99044.0,0.0,349429.98,1227393.24,0,0
185,PAYMENT,3913.13,20367.0,16453.87,0.0,0.0,0,0
185,TRANSFER,13769.61,0.0,0.0,449997.45,463767.06,0,0
185,PAYMENT,9765.98,31337.0,21571.02,0.0,0.0,0,0
185,PAYMENT,11617.26,42700.07,31082.81,0.0,0.0,0,0
185,CASH_OUT,421209.77,30671.0,0.0,0.0,421209.77,0,0
185,PAYMENT,5251.61,0.0,0.0,0.0,0.0,0,0
185,CASH_OUT,329406.43,10442.0,0.0,20304.4,349710.83,0,0
185,PAYMENT,9822.32,34807.0,24984.68,0.0,0.0,0,0
185,CASH_OUT,198563.12,29267.0,0.0,39729.42,238292.54,0,0
185,PAYMENT,27107.82,19242.0,0.0,0.0,0.0,0,0
185,CASH_OUT,114443.1,11360.0,0.0,0.0,114443.1,0,0
185,PAYMENT,16855.44,0.0,0.0,0.0,0.0,0,0
185,PAYMENT,24610.92,61631.0,37020.08,0.0,0.0,0,0
185,DEBIT,2673.9,0.0,0.0,102213.86,104887.76,0,0
185,PAYMENT,11753.92,20514.0,8760.08,0.0,0.0,0,0
185,PAYMENT,1657.86,180.0,0.0,0.0,0.0,0,0
185,PAYMENT,6713.32,0.0,0.0,0.0,0.0,0,0
185,PAYMENT,4515.3,0.0,0.0,0.0,0.0,0,0
185,PAYMENT,19699.71,11698.0,0.0,0.0,0.0,0,0
185,CASH_OUT,416673.38,21754.0,0.0,0.0,416673.38,0,0
185,PAYMENT,12796.15,0.0,0.0,0.0,0.0,0,0
185,PAYMENT,10400.08,0.0,0.0,0.0,0.0,0,0
185,CASH_OUT,215154.54,131527.0,0.0,682623.8,897778.34,0,0
185,PAYMENT,41932.29,0.0,0.0,0.0,0.0,0,0
185,CASH_OUT,59241.43,0.0,0.0,304313.64,363555.07,0,0
185,CASH_OUT,50799.58,5954.0,0.0,132906.57,183706.15,0,0
185,PAYMENT,7973.5,0.0,0.0,0.0,0.0,0,0
185,CASH_OUT,161131.21,0.0,0.0,242873.59,404004.79,0,0
185,PAYMENT,46954.99,9907.0,0.0,0.0,0.0,0,0
185,CASH_OUT,187941.28,8844.0,0.0,0.0,187941.28,0,0
185,CASH_OUT,212303.48,80745.0,0.0,232498.96,444802.43,0,0
185,CASH_OUT,171163.2,69369.0,0.0,0.0,419674.76,0,0
185,PAYMENT,30020.77,0.0,0.0,0.0,0.0,0,0
185,CASH_OUT,46298.92,639.0,0.0,63568.8,109867.71,0,0
185,CASH_OUT,329183.14,0.0,0.0,848849.45,1178032.59,0,0
185,CASH_OUT,365648.34,0.0,0.0,547794.91,913443.25,0,0
185,CASH_OUT,23895.7,0.0,0.0,384491.17,408386.87,0,0
185,CASH_OUT,50917.16,0.0,0.0,212581.59,263498.75,0,0
185,PAYMENT,28610.15,8041.0,0.0,0.0,0.0,0,0
185,CASH_OUT,254031.77,183.0,0.0,0.0,254031.77,0,0
185,PAYMENT,23638.66,0.0,0.0,0.0,0.0,0,0
185,PAYMENT,22267.35,0.0,0.0,0.0,0.0,0,0
185,CASH_OUT,207115.21,0.0,0.0,276091.81,483207.02,0,0
185,PAYMENT,1729.24,0.0,0.0,0.0,0.0,0,0
185,CASH_OUT,349940.54,254509.0,0.0,0.0,349940.54,0,0
185,PAYMENT,4992.89,12257.0,7264.11,0.0,0.0,0,0
185,CASH_OUT,168604.88,5010.0,0.0,890400.54,1059005.42,0,0
185,PAYMENT,15782.95,0.0,0.0,0.0,0.0,0,0
185,CASH_OUT,67216.15,0.0,0.0,235189.28,302405.43,0,0
185,CASH_OUT,202167.79,41816.0,0.0,179280.35,381448.14,0,0
185,PAYMENT,10699.25,0.0,0.0,0.0,0.0,0,0
185,TRANSFER,312940.61,4610.0,0.0,0.0,312940.61,0,0
185,CASH_OUT,296875.75,27.0,0.0,408676.22,705551.97,0,0
185,PAYMENT,9106.12,0.0,0.0,0.0,0.0,0,0
185,CASH_OUT,394498.11,14255.0,0.0,28945.66,423443.77,0,0
185,TRANSFER,152462.72,11850.0,0.0,168788.96,321251.68,0,0
185,CASH_OUT,271103.31,0.0,0.0,412303.42,683406.73,0,0
185,PAYMENT,25417.56,61227.0,35809.44,0.0,0.0,0,0
185,TRANSFER,61698.02,0.0,0.0,281935.1,343633.11,0,0
185,TRANSFER,126976.36,10588.0,0.0,178744.02,305720.38,0,0
185,CASH_OUT,164908.04,94535.0,0.0,0.0,164908.04,0,0
185,CASH_OUT,273374.42,147871.0,0.0,536466.33,809840.75,0,0
185,CASH_OUT,362457.41,192121.04,0.0,878052.28,1240509.69,0,0
185,PAYMENT,4824.66,0.0,0.0,0.0,0.0,0,0
185,PAYMENT,3621.85,0.0,0.0,0.0,0.0,0,0
185,CASH_OUT,4400.84,0.0,0.0,191168.71,195569.55,0,0
185,TRANSFER,52848.95,49551.0,0.0,456268.99,509117.94,0,0
185,CASH_OUT,76095.16,0.0,0.0,79442.85,155538.0,0,0
185,PAYMENT,5668.21,0.0,0.0,0.0,0.0,0,0
185,PAYMENT,32838.4,31766.88,0.0,0.0,0.0,0,0
185,PAYMENT,31029.46,30092.0,0.0,0.0,0.0,0,0
185,CASH_OUT,152096.65,51398.0,0.0,1022001.88,1174098.53,0,0
185,PAYMENT,18089.32,224.0,0.0,0.0,0.0,0,0
185,PAYMENT,20707.08,181.0,0.0,0.0,0.0,0,0
185,CASH_OUT,281130.57,0.0,0.0,716870.69,998001.26,0,0
185,TRANSFER,189444.77,0.0,0.0,327605.07,517049.85,0,0
185,PAYMENT,8399.82,33024.0,24624.18,0.0,0.0,0,0
185,CASH_OUT,321320.07,0.0,0.0,364256.13,685576.19,0,0
185,CASH_OUT,192951.37,26554.0,0.0,782093.91,975045.29,0,0
185,PAYMENT,10514.39,0.0,0.0,0.0,0.0,0,0
185,PAYMENT,7166.2,0.0,0.0,0.0,0.0,0,0
185,CASH_OUT,169361.37,0.0,0.0,207746.65,377108.02,0,0
185,CASH_OUT,83976.43,33400.0,0.0,707847.55,791823.99,0,0
185,PAYMENT,6815.25,2050.0,0.0,0.0,0.0,0,0
185,PAYMENT,412.51,0.0,0.0,0.0,0.0,0,0
185,PAYMENT,5304.54,4042.0,0.0,0.0,0.0,0,0
185,CASH_OUT,352293.39,22080.0,0.0,175415.4,828734.21,0,0
185,CASH_OUT,246480.4,192326.0,0.0,439777.95,686258.35,0,0
185,PAYMENT,8355.68,30093.0,21737.32,0.0,0.0,0,0
185,PAYMENT,1179.18,0.0,0.0,0.0,0.0,0,0
185,PAYMENT,5279.33,0.0,0.0,0.0,0.0,0,0
185,CASH_IN,45606.69,52.0,45658.69,203328.31,157721.62,0,0
185,PAYMENT,15073.17,43512.0,28438.83,0.0,0.0,0,0
185,CASH_OUT,42798.1,9932.0,0.0,99083.66,141881.76,0,0
185,CASH_OUT,141850.0,24540.0,0.0,140960.27,282810.26,0,0
185,CASH_OUT,32461.93,347.0,0.0,37930.98,70392.91,0,0
185,CASH_OUT,370969.68,13804.0,0.0,94609.89,465579.58,0,0
185,TRANSFER,194180.11,194180.11,0.0,0.0,0.0,1,0
185,CASH_OUT,194180.11,194180.11,0.0,489160.24,683340.35,1,0
185,TRANSFER,131597.73,131597.73,0.0,0.0,0.0,1,0
185,CASH_OUT,131597.73,131597.73,0.0,0.0,0.0,1,0
185,TRANSFER,164213.17,164213.17,0.0,0.0,0.0,1,0
185,TRANSFER,63009.43,63009.43,0.0,0.0,122454.16,1,0
185,CASH_OUT,63009.43,63009.43,0.0,1057339.93,1120349.36,1,0
186,CASH_OUT,404925.86,69364.0,0.0,0.0,404925.86,0,0
186,CASH_OUT,63949.16,0.0,0.0,1093556.96,1157506.12,0,0
186,CASH_OUT,179159.77,4026.0,0.0,0.0,179159.77,0,0
186,CASH_OUT,230358.95,25810.0,0.0,31320.48,261679.43,0,0
186,CASH_OUT,171961.11,1058.0,0.0,0.0,171961.11,0,0
186,CASH_OUT,128066.65,50438.97,0.0,323886.0,275378.55,0,0
186,CASH_OUT,484069.12,51927.0,0.0,518874.87,1002943.99,0,0
186,CASH_OUT,348774.58,168177.87,0.0,0.0,348774.58,0,0
186,CASH_OUT,274649.96,0.0,0.0,423911.45,698561.41,0,0
186,CASH_OUT,206592.37,105402.05,0.0,429496.06,636088.43,0,0
186,CASH_OUT,264211.61,0.0,0.0,590005.04,854216.65,0,0
186,CASH_OUT,304819.18,243.0,0.0,0.0,304819.18,0,0
186,PAYMENT,3307.73,59749.37,56441.64,0.0,0.0,0,0
186,CASH_OUT,55465.33,0.0,0.0,63220.0,57521.54,0,0
186,CASH_OUT,88829.13,50406.0,0.0,0.0,88829.13,0,0
186,CASH_OUT,124555.11,122937.0,0.0,0.0,124555.11,0,0
186,CASH_OUT,36788.73,2056.0,0.0,0.0,36788.73,0,0
186,CASH_OUT,252057.0,9192.0,0.0,0.0,252057.0,0,0
186,CASH_OUT,104143.78,0.0,0.0,472331.0,576474.78,0,0
186,CASH_OUT,217994.8,20146.0,0.0,0.0,217994.8,0,0
186,TRANSFER,176558.17,0.0,0.0,321007.18,497565.35,0,0
186,CASH_OUT,88204.85,0.0,0.0,164451.02,252655.87,0,0
186,TRANSFER,291291.8,0.0,0.0,542862.22,834154.02,0,0
186,CASH_OUT,268452.65,852.0,0.0,28887.45,297340.11,0,0
186,PAYMENT,42281.75,3636.0,0.0,0.0,0.0,0,0
186,CASH_OUT,162664.98,73077.0,0.0,492384.23,655049.21,0,0
186,PAYMENT,3593.86,26793.41,23199.56,0.0,0.0,0,0
186,CASH_OUT,45487.2,5694.0,0.0,1118339.93,1163827.13,0,0
186,CASH_OUT,127111.72,0.0,0.0,130573.4,257685.11,0,0
186,CASH_OUT,84547.71,11603.0,0.0,280320.91,364868.62,0,0
186,CASH_OUT,24762.6,12187.0,0.0,0.0,24762.6,0,0
186,PAYMENT,3817.91,0.0,0.0,0.0,0.0,0,0
186,CASH_OUT,131592.19,1222.0,0.0,0.0,131592.19,0,0
186,CASH_OUT,260864.01,41234.0,0.0,0.0,260864.01,0,0
186,PAYMENT,11824.83,0.0,0.0,0.0,0.0,0,0
186,CASH_OUT,134559.12,64144.0,0.0,236474.4,371033.52,0,0
186,CASH_OUT,286475.93,23119.0,0.0,116104.22,402580.15,0,0
186,CASH_OUT,119746.82,487.0,0.0,0.0,119746.82,0,0
186,CASH_OUT,315503.12,19260.0,0.0,0.0,315503.12,0,0
186,CASH_OUT,364835.64,12203.0,0.0,0.0,103000.84,0,0
186,CASH_OUT,179296.34,49865.0,0.0,202386.5,381682.85,0,0
186,PAYMENT,5650.46,19147.84,13497.38,0.0,0.0,0,0
186,PAYMENT,11887.76,0.0,0.0,0.0,0.0,0,0
186,TRANSFER,100885.69,20417.0,0.0,0.0,100885.69,0,0
186,CASH_OUT,325594.09,0.0,0.0,626347.07,951941.16,0,0
186,PAYMENT,27690.74,63829.75,36139.02,0.0,0.0,0,0
186,CASH_OUT,96839.77,0.0,0.0,191281.18,288120.95,0,0
186,CASH_OUT,356884.58,11028.0,0.0,0.0,356884.58,0,0
186,CASH_OUT,100494.83,106508.0,6013.17,623861.1,724355.93,0,0
186,PAYMENT,3213.56,215.0,0.0,0.0,0.0,0,0
186,CASH_OUT,109377.48,611.0,0.0,0.0,109377.48,0,0
186,CASH_OUT,147762.69,135594.0,0.0,333660.39,481423.09,0,0
186,PAYMENT,5629.89,0.0,0.0,0.0,0.0,0,0
186,CASH_OUT,17803.41,0.0,0.0,596324.42,614127.83,0,0
186,CASH_OUT,346736.96,4123.0,0.0,0.0,346736.96,0,0
186,PAYMENT,469.4,0.0,0.0,0.0,0.0,0,0
186,PAYMENT,22716.04,67956.0,45239.96,0.0,0.0,0,0
186,PAYMENT,13552.85,5219.0,0.0,0.0,0.0,0,0
186,PAYMENT,2277.28,0.0,0.0,0.0,0.0,0,0
186,PAYMENT,13825.42,0.0,0.0,0.0,0.0,0,0
186,CASH_OUT,231205.0,0.0,0.0,345953.99,424543.27,0,0
186,PAYMENT,4819.54,0.0,0.0,0.0,0.0,0,0
186,PAYMENT,9205.28,388.0,0.0,0.0,0.0,0,0
186,CASH_OUT,407154.66,71806.91,0.0,558348.51,965503.17,0,0
186,CASH_OUT,153287.5,40190.0,0.0,18851.38,172138.88,0,0
186,PAYMENT,12791.96,0.0,0.0,0.0,0.0,0,0
186,CASH_OUT,11718.03,0.0,0.0,356754.09,368472.13,0,0
186,CASH_OUT,180019.57,47041.0,0.0,719559.46,899579.03,0,0
186,PAYMENT,1170.21,0.0,0.0,0.0,0.0,0,0
186,CASH_OUT,235585.2,17545.0,0.0,496466.41,732051.61,0,0
186,PAYMENT,5990.73,0.0,0.0,0.0,0.0,0,0
186,CASH_OUT,349419.56,29546.0,0.0,254165.12,603584.68,0,0
186,CASH_OUT,182423.49,921.0,0.0,366273.22,548696.71,0,0
186,PAYMENT,7373.52,11432.0,4058.48,0.0,0.0,0,0
186,PAYMENT,48997.94,21930.0,0.0,0.0,0.0,0,0
186,CASH_OUT,373771.08,133.0,0.0,0.0,373771.08,0,0
186,CASH_OUT,75869.71,143.0,0.0,0.0,75869.71,0,0
186,CASH_OUT,304808.49,2204.0,0.0,40584.38,345392.87,0,0
186,PAYMENT,606.93,0.0,0.0,0.0,0.0,0,0
186,CASH_OUT,132573.47,6026.0,0.0,0.0,132573.47,0,0
186,PAYMENT,7715.89,28231.0,20515.11,0.0,0.0,0,0
186,TRANSFER,1078.88,19807.0,18728.12,0.0,1078.88,0,0
186,CASH_OUT,107539.21,30287.0,0.0,0.0,107539.21,0,0
186,PAYMENT,277.2,0.0,0.0,0.0,0.0,0,0
186,CASH_OUT,267924.27,0.0,0.0,399728.57,667652.85,0,0
186,PAYMENT,15245.99,50609.0,35363.01,0.0,0.0,0,0
186,CASH_OUT,206282.7,0.0,0.0,217298.27,423580.97,0,0
186,PAYMENT,10311.78,0.0,0.0,0.0,0.0,0,0
186,PAYMENT,4115.08,54374.56,50259.48,0.0,0.0,0,0
186,CASH_OUT,125627.13,0.0,0.0,922796.56,1048423.69,0,0
186,PAYMENT,7448.05,0.0,0.0,0.0,0.0,0,0
186,PAYMENT,34636.76,38366.0,3729.24,0.0,0.0,0,0
186,CASH_OUT,232888.77,199005.0,0.0,533299.76,531049.72,0,0
186,CASH_OUT,95187.14,84425.0,0.0,184564.07,279751.21,0,0
186,PAYMENT,842.38,10015.0,9172.62,0.0,0.0,0,0
186,CASH_OUT,281559.09,0.0,0.0,408726.03,690285.12,0,0
186,PAYMENT,4448.74,0.0,0.0,0.0,0.0,0,0
186,CASH_OUT,254022.34,0.0,0.0,378182.02,632204.36,0,0
186,CASH_OUT,257499.72,67363.0,0.0,265293.05,522792.76,0,0
186,CASH_OUT,63354.51,123148.0,59793.49,575012.81,638367.32,0,0
186,PAYMENT,23855.16,20403.0,0.0,0.0,0.0,0,0
186,PAYMENT,989.5,15208.98,14219.48,0.0,0.0,0,0
186,PAYMENT,6619.45,40321.0,33701.55,0.0,0.0,0,0
186,PAYMENT,22279.63,0.0,0.0,0.0,0.0,0,0
186,PAYMENT,4447.05,0.0,0.0,0.0,0.0,0,0
186,CASH_OUT,146819.9,52934.0,0.0,97418.15,244238.05,0,0
186,PAYMENT,3237.48,0.0,0.0,0.0,0.0,0,0
186,PAYMENT,1901.88,1027.0,0.0,0.0,0.0,0,0
186,PAYMENT,7738.47,0.0,0.0,0.0,0.0,0,0
186,PAYMENT,18384.58,0.0,0.0,0.0,0.0,0,0
186,CASH_OUT,9624.86,0.0,0.0,1124691.91,1134316.77,0,0
186,PAYMENT,32998.9,5717.0,0.0,0.0,0.0,0,0
186,PAYMENT,1538.71,0.0,0.0,0.0,0.0,0,0
186,PAYMENT,301.79,3019.0,2717.21,0.0,0.0,0,0
186,PAYMENT,5578.46,5875.49,297.03,0.0,0.0,0,0
186,CASH_OUT,496182.22,750.0,0.0,30100.36,526282.57,0,0
186,PAYMENT,14604.89,0.0,0.0,0.0,0.0,0,0
186,CASH_OUT,92798.25,0.0,0.0,254761.48,347559.73,0,0
186,PAYMENT,18968.84,37608.0,18639.16,0.0,0.0,0,0
186,PAYMENT,13918.08,0.0,0.0,0.0,0.0,0,0
186,TRANSFER,20364.0,20364.0,0.0,0.0,0.0,1,0
186,CASH_OUT,20364.0,20364.0,0.0,0.0,20364.0,1,0
186,CASH_OUT,229909.57,0.0,0.0,0.0,229909.57,1,0
186,TRANSFER,179321.12,179321.12,0.0,0.0,0.0,1,0
186,CASH_OUT,179321.12,179321.12,0.0,0.0,179321.12,1,0
187,CASH_OUT,250463.58,247643.0,0.0,944963.51,1195427.08,0,0
187,CASH_OUT,425260.47,15502.0,0.0,349883.77,775144.24,0,0
187,PAYMENT,1150.96,0.0,0.0,0.0,0.0,0,0
187,PAYMENT,14248.99,0.0,0.0,0.0,0.0,0,0
187,CASH_OUT,146776.47,6801.0,0.0,0.0,146776.47,0,0
187,CASH_OUT,124668.94,0.0,0.0,178386.72,303055.66,0,0
187,TRANSFER,86179.5,20459.0,0.0,96230.69,182410.19,0,0
187,PAYMENT,1590.42,41994.45,40404.04,0.0,0.0,0,0
187,CASH_OUT,215482.93,0.0,0.0,328656.95,544139.88,0,0
187,CASH_OUT,14725.4,0.0,0.0,177313.75,192039.15,0,0
187,PAYMENT,7534.78,40909.0,33374.22,0.0,0.0,0,0
187,CASH_OUT,32247.42,20508.0,0.0,0.0,32247.42,0,0
187,CASH_OUT,134128.93,171.0,0.0,268137.01,402265.94,0,0
187,PAYMENT,2831.04,0.0,0.0,0.0,0.0,0,0
187,CASH_OUT,114881.68,70424.0,0.0,0.0,114881.68,0,0
187,PAYMENT,16163.5,0.0,0.0,0.0,0.0,0,0
187,PAYMENT,4280.46,0.0,0.0,0.0,0.0,0,0
187,PAYMENT,9603.61,0.0,0.0,0.0,0.0,0,0
187,PAYMENT,19343.03,4620.0,0.0,0.0,0.0,0,0
187,PAYMENT,10926.41,3835.61,0.0,0.0,0.0,0,0
187,PAYMENT,18604.37,0.0,0.0,0.0,0.0,0,0
187,PAYMENT,9430.04,628.0,0.0,0.0,0.0,0,0
187,PAYMENT,5103.6,0.0,0.0,0.0,0.0,0,0
187,CASH_OUT,171597.21,30309.0,0.0,37775.39,301920.47,0,0
187,CASH_OUT,218442.73,116061.17,0.0,0.0,218442.73,0,0
187,PAYMENT,8062.09,0.0,0.0,0.0,0.0,0,0
187,PAYMENT,18301.08,0.0,0.0,0.0,0.0,0,0
187,PAYMENT,17429.73,0.0,0.0,0.0,0.0,0,0
187,TRANSFER,234944.67,33094.0,0.0,0.0,234944.67,0,0
187,PAYMENT,8123.16,0.0,0.0,0.0,0.0,0,0
187,PAYMENT,25021.45,19166.0,0.0,0.0,0.0,0,0
187,PAYMENT,12043.97,55227.0,43183.03,0.0,0.0,0,0
187,CASH_OUT,165652.83,0.0,0.0,213062.22,378715.05,0,0
187,CASH_OUT,75374.55,50177.0,0.0,27669.77,103044.32,0,0
187,CASH_OUT,189242.32,245.0,0.0,0.0,189242.32,0,0
187,PAYMENT,12815.81,0.0,0.0,0.0,0.0,0,0
187,TRANSFER,229209.56,0.0,0.0,245561.14,474770.7,0,0
187,PAYMENT,6894.62,0.0,0.0,0.0,0.0,0,0
187,PAYMENT,10555.42,0.0,0.0,0.0,0.0,0,0
187,CASH_OUT,111974.68,15384.0,0.0,15490.23,127464.91,0,0
187,PAYMENT,9780.66,0.0,0.0,0.0,0.0,0,0
187,PAYMENT,15438.09,0.0,0.0,0.0,0.0,0,0
187,CASH_OUT,333763.82,0.0,0.0,383054.58,716818.39,0,0
187,CASH_OUT,324188.97,42847.0,0.0,808103.18,1132292.15,0,0
187,PAYMENT,3504.3,0.0,0.0,0.0,0.0,0,0
187,PAYMENT,8586.31,49437.0,40850.69,0.0,0.0,0,0
187,CASH_OUT,75162.22,0.0,0.0,198498.87,273661.08,0,0
187,PAYMENT,1764.9,49692.0,47927.1,0.0,0.0,0,0
187,TRANSFER,272728.52,0.0,0.0,331896.5,604625.02,0,0
187,CASH_OUT,86134.15,15381.08,0.0,157073.45,243207.61,0,0
187,TRANSFER,444002.22,73898.0,0.0,0.0,444002.22,0,0
187,CASH_OUT,179921.4,10604.0,0.0,46274.5,226195.9,0,0
187,TRANSFER,109640.31,0.0,0.0,415642.13,733079.67,0,0
187,PAYMENT,17944.82,88.0,0.0,0.0,0.0,0,0
187,CASH_OUT,221076.26,0.0,0.0,663577.73,884653.99,0,0
187,CASH_OUT,56267.11,0.0,0.0,668876.91,725144.02,0,0
187,CASH_OUT,104541.47,0.0,0.0,309257.87,413799.34,0,0
187,PAYMENT,3342.46,28349.0,25006.54,0.0,0.0,0,0
187,PAYMENT,1636.0,11358.0,9722.0,0.0,0.0,0,0
187,DEBIT,2600.12,545.0,0.0,40633.29,43233.41,0,0
187,TRANSFER,132794.87,23920.0,0.0,31683.32,164478.19,0,0
187,CASH_OUT,140778.78,45050.0,0.0,381813.77,522592.55,0,0
187,CASH_OUT,17154.71,20755.0,3600.29,21660.53,38815.24,0,0
187,CASH_OUT,110317.08,9152.0,0.0,0.0,110317.08,0,0
187,CASH_OUT,294623.97,46856.0,0.0,926426.95,1221050.92,0,0
187,CASH_IN,9181.21,15894.0,25075.21,56101.54,46920.33,0,0
187,PAYMENT,10028.99,0.0,0.0,0.0,0.0,0,0
187,CASH_OUT,228702.73,0.0,0.0,272810.88,501513.61,0,0
187,PAYMENT,5350.43,59716.4,54365.97,0.0,0.0,0,0
187,PAYMENT,10900.55,41419.0,30518.45,0.0,0.0,0,0
187,CASH_OUT,162488.24,201046.0,38557.76,86067.08,248555.32,0,0
187,PAYMENT,4158.77,0.0,0.0,0.0,0.0,0,0
187,PAYMENT,12169.63,0.0,0.0,0.0,0.0,0,0
187,CASH_OUT,160767.17,16449.0,0.0,90975.59,251742.75,0,0
187,PAYMENT,3295.36,0.0,0.0,0.0,0.0,0,0
187,CASH_OUT,109599.93,0.0,0.0,491350.72,600950.66,0,0
187,CASH_OUT,132451.86,11140.0,0.0,203898.42,336350.28,0,0
187,PAYMENT,106.23,0.0,0.0,0.0,0.0,0,0
187,CASH_OUT,273734.87,4134.83,0.0,431390.69,705125.56,0,0
187,CASH_OUT,116082.15,20673.0,0.0,24663.46,140745.61,0,0
187,CASH_OUT,78527.0,0.0,0.0,517422.81,595949.81,0,0
187,PAYMENT,8588.24,0.0,0.0,0.0,0.0,0,0
187,CASH_OUT,177045.28,4170.0,0.0,123560.47,300605.75,0,0
187,PAYMENT,8854.2,32291.0,23436.8,0.0,0.0,0,0
187,PAYMENT,9157.54,0.0,0.0,0.0,0.0,0,0
187,CASH_OUT,287768.66,80090.0,0.0,284907.08,572675.74,0,0
187,PAYMENT,12132.35,23816.0,11683.65,0.0,0.0,0,0
187,PAYMENT,11996.62,0.0,0.0,0.0,0.0,0,0
187,PAYMENT,12817.58,54965.87,42148.29,0.0,0.0,0,0
187,CASH_OUT,197535.38,14026.0,0.0,193452.8,390988.18,0,0
187,PAYMENT,15037.37,50774.33,35736.97,0.0,0.0,0,0
187,CASH_OUT,114359.81,155877.0,41517.19,215260.03,329619.84,0,0
187,CASH_OUT,40641.4,6018.0,0.0,573019.41,613660.81,0,0
187,PAYMENT,1346.52,0.0,0.0,0.0,0.0,0,0
187,PAYMENT,8437.37,25686.0,17248.63,0.0,0.0,0,0
187,PAYMENT,25729.7,40998.0,15268.3,0.0,0.0,0,0
187,PAYMENT,5427.39,0.0,0.0,0.0,0.0,0,0
187,CASH_OUT,279291.59,10096.0,0.0,0.0,279291.59,0,0
187,PAYMENT,1186.35,0.0,0.0,0.0,0.0,0,0
187,CASH_OUT,128372.03,0.0,0.0,923061.82,1051433.85,0,0
187,CASH_OUT,113462.83,79885.0,0.0,0.0,113462.83,0,0
187,CASH_OUT,108956.16,0.0,0.0,218281.41,327237.56,0,0
187,CASH_OUT,194200.03,0.0,0.0,289488.47,483688.5,0,0
187,PAYMENT,3624.25,6889.37,3265.12,0.0,0.0,0,0
187,PAYMENT,9538.73,0.0,0.0,0.0,0.0,0,0
187,CASH_OUT,101357.03,505.0,0.0,0.0,101357.03,0,0
187,CASH_OUT,21075.25,0.0,0.0,705592.07,726667.31,0,0
187,PAYMENT,2121.7,0.0,0.0,0.0,0.0,0,0
187,CASH_OUT,131409.76,125070.0,0.0,398229.1,529638.85,0,0
187,PAYMENT,961.1,6009.0,5047.9,0.0,0.0,0,0
187,PAYMENT,11155.1,0.0,0.0,0.0,0.0,0,0
187,PAYMENT,18000.76,0.0,0.0,0.0,0.0,0,0
187,PAYMENT,14085.14,0.0,0.0,0.0,0.0,0,0
187,PAYMENT,1297.91,0.0,0.0,0.0,0.0,0,0
187,CASH_OUT,205065.22,18372.0,0.0,1721.0,206786.22,0,0
187,PAYMENT,13667.51,0.0,0.0,0.0,0.0,0,0
187,PAYMENT,8103.08,0.0,0.0,0.0,0.0,0,0
187,CASH_OUT,32558.96,0.0,0.0,66739.36,99298.32,0,0
187,CASH_OUT,179242.05,55685.0,0.0,867136.17,1046378.22,0,0
187,PAYMENT,7929.38,11205.0,3275.62,0.0,0.0,0,0
187,PAYMENT,16855.16,26461.06,9605.89,0.0,0.0,0,0
187,PAYMENT,3753.81,0.0,0.0,0.0,0.0,0,0
187,PAYMENT,1511.44,354.0,0.0,0.0,0.0,0,0
187,PAYMENT,5824.17,50315.17,44490.99,0.0,0.0,0,0
187,PAYMENT,9033.76,0.0,0.0,0.0,0.0,0,0
187,CASH_OUT,117880.49,0.0,0.0,573401.57,691282.06,0,0
187,TRANSFER,128965.18,962.0,0.0,314067.61,443032.79,0,0
187,CASH_OUT,12490.27,0.0,0.0,77446.13,89936.41,0,0
187,CASH_OUT,185810.27,79245.0,0.0,695734.2,881544.47,0,0
187,PAYMENT,4105.65,662.0,0.0,0.0,0.0,0,0
187,CASH_IN,7526.45,10942.0,18468.45,277994.04,270467.59,0,0
187,TRANSFER,44164.0,44164.0,0.0,0.0,0.0,1,0
187,CASH_OUT,44164.0,44164.0,0.0,999955.56,1044119.56,1,0
188,PAYMENT,4674.22,12503.0,7828.78,0.0,0.0,0,0
188,CASH_OUT,51281.2,0.0,0.0,573056.6,624337.8,0,0
188,TRANSFER,333173.28,40245.0,0.0,0.0,333173.28,0,0
188,PAYMENT,9386.67,10145.0,758.33,0.0,0.0,0,0
188,CASH_IN,51288.49,6040.0,57328.49,315905.29,264616.8,0,0
188,PAYMENT,10842.08,0.0,0.0,0.0,0.0,0,0
188,PAYMENT,7282.57,1657.0,0.0,0.0,0.0,0,0
188,TRANSFER,197968.49,0.0,0.0,448169.09,646137.58,0,0
188,CASH_OUT,234575.93,74.0,0.0,264292.1,498868.03,0,0
188,CASH_OUT,227835.21,30385.0,0.0,0.0,227835.21,0,0
188,CASH_OUT,107710.15,0.0,0.0,116001.14,223711.29,0,0
188,TRANSFER,111266.94,101182.0,0.0,0.0,111266.94,0,0
188,CASH_OUT,141533.53,10811.0,0.0,1061614.5,1203148.03,0,0
188,PAYMENT,6116.01,0.0,0.0,0.0,0.0,0,0
188,PAYMENT,1327.08,384.0,0.0,0.0,0.0,0,0
188,CASH_OUT,22077.69,0.0,0.0,51838.96,73916.64,0,0
188,CASH_IN,25616.87,10564.0,36180.87,285633.48,260016.61,0,0
188,PAYMENT,10088.6,55010.0,44921.4,0.0,0.0,0,0
188,PAYMENT,11006.26,0.0,0.0,0.0,0.0,0,0
188,PAYMENT,4240.17,0.0,0.0,0.0,0.0,0,0
188,PAYMENT,8909.37,28168.0,19258.63,0.0,0.0,0,0
188,PAYMENT,10167.63,21099.0,10931.37,0.0,0.0,0,0
188,CASH_OUT,207188.89,0.0,0.0,228745.21,435934.1,0,0
188,PAYMENT,3157.86,19993.2,16835.33,0.0,0.0,0,0
188,PAYMENT,6560.43,0.0,0.0,0.0,0.0,0,0
188,CASH_OUT,341048.59,31232.0,0.0,379493.26,720541.85,0,0
188,CASH_OUT,38993.95,0.0,0.0,112227.85,151221.8,0,0
188,PAYMENT,43514.3,0.0,0.0,0.0,0.0,0,0
188,CASH_OUT,225534.43,0.0,0.0,261579.82,487114.25,0,0
188,CASH_OUT,44732.49,11707.0,0.0,76092.85,120825.34,0,0
188,CASH_OUT,29629.82,124.0,0.0,984929.06,1014558.88,0,0
188,TRANSFER,327324.62,10169.0,0.0,0.0,327324.62,0,0
188,CASH_OUT,141265.19,19903.0,0.0,30219.41,171484.61,0,0
188,CASH_OUT,118611.97,1037.0,0.0,902494.06,734808.28,0,0
188,CASH_OUT,22064.12,0.0,0.0,359740.48,381804.6,0,0
188,TRANSFER,72095.47,0.0,0.0,569434.99,641530.47,0,0
188,PAYMENT,18512.07,0.0,0.0,0.0,0.0,0,0
188,CASH_OUT,57011.72,76572.0,19560.28,706587.84,1020153.3,0,0
188,CASH_OUT,4950.62,48640.0,43689.38,15094.28,20044.9,0,0
188,PAYMENT,17464.74,0.0,0.0,0.0,0.0,0,0
188,CASH_OUT,293152.07,0.0,0.0,515597.99,808750.06,0,0
188,PAYMENT,2857.44,26340.0,23482.56,0.0,0.0,0,0
188,CASH_OUT,228436.72,0.0,0.0,256329.92,484766.64,0,0
188,PAYMENT,1080.92,2913.36,1832.43,0.0,0.0,0,0
188,CASH_OUT,53961.42,12812.0,0.0,19801.73,73763.14,0,0
188,PAYMENT,4860.02,0.0,0.0,0.0,0.0,0,0
188,CASH_OUT,107834.79,31570.0,0.0,32294.63,140129.43,0,0
188,TRANSFER,227662.11,60104.31,0.0,865857.24,1093519.35,0,0
188,PAYMENT,14436.04,157.0,0.0,0.0,0.0,0,0
188,CASH_OUT,3140.56,12570.0,9429.44,540521.46,543662.02,0,0
188,CASH_OUT,224046.87,0.0,0.0,441084.0,665130.87,0,0
188,CASH_IN,33556.94,24.0,33580.94,0.0,0.0,0,0
188,PAYMENT,3799.95,0.0,0.0,0.0,0.0,0,0
188,PAYMENT,8691.05,43115.0,34423.95,0.0,0.0,0,0
188,PAYMENT,6838.83,0.0,0.0,0.0,0.0,0,0
188,CASH_OUT,61854.76,15860.0,0.0,410306.98,472161.75,0,0
188,PAYMENT,14164.87,0.0,0.0,0.0,0.0,0,0
188,CASH_OUT,169478.3,0.0,0.0,184967.04,354445.34,0,0
188,CASH_OUT,43840.82,201.0,0.0,357661.58,401502.4,0,0
188,TRANSFER,369640.67,0.0,0.0,558597.9,928238.57,0,0
188,PAYMENT,5949.75,20336.0,14386.25,0.0,0.0,0,0
188,CASH_OUT,253044.38,105502.0,0.0,11891.67,264936.05,0,0
188,CASH_OUT,256937.08,0.0,0.0,801497.6,1058434.68,0,0
188,CASH_OUT,4429.9,21121.0,16691.1,0.0,4429.9,0,0
188,CASH_OUT,65950.0,0.0,0.0,181999.96,247949.96,0,0
188,CASH_OUT,150953.5,10801.0,0.0,580326.44,731279.94,0,0
188,CASH_OUT,154741.48,26155.0,0.0,0.0,154741.48,0,0
188,CASH_OUT,61840.19,0.0,0.0,369323.72,431163.9,0,0
188,PAYMENT,8585.08,55807.16,47222.07,0.0,0.0,0,0
188,PAYMENT,2953.09,0.0,0.0,0.0,0.0,0,0
188,PAYMENT,2017.99,897.0,0.0,0.0,0.0,0,0
188,PAYMENT,5780.06,0.0,0.0,0.0,0.0,0,0
188,CASH_OUT,239182.72,20716.0,0.0,16420.07,255602.79,0,0
188,PAYMENT,5850.92,0.0,0.0,0.0,0.0,0,0
188,PAYMENT,8566.79,10773.0,2206.21,0.0,0.0,0,0
188,CASH_OUT,64721.75,0.0,0.0,438765.75,503487.5,0,0
188,PAYMENT,9224.06,0.0,0.0,0.0,0.0,0,0
188,CASH_OUT,28777.66,0.0,0.0,60739.38,89517.04,0,0
188,PAYMENT,11477.7,23219.56,11741.86,0.0,0.0,0,0
188,PAYMENT,2674.11,0.0,0.0,0.0,0.0,0,0
188,TRANSFER,61814.6,0.0,0.0,708757.63,770572.23,0,0
188,CASH_OUT,76860.25,9064.0,0.0,120686.12,197546.36,0,0
188,CASH_OUT,149102.65,73311.0,0.0,0.0,149102.65,0,0
188,PAYMENT,2471.83,0.0,0.0,0.0,0.0,0,0
188,CASH_OUT,57449.51,0.0,0.0,653458.29,710907.8,0,0
188,PAYMENT,16457.61,39.0,0.0,0.0,0.0,0,0
188,PAYMENT,7578.38,11631.45,4053.07,0.0,0.0,0,0
188,PAYMENT,18371.74,14380.0,0.0,0.0,0.0,0,0
188,PAYMENT,7784.57,0.0,0.0,0.0,0.0,0,0
188,CASH_OUT,33998.61,29845.0,0.0,0.0,33998.61,0,0
188,PAYMENT,7141.97,0.0,0.0,0.0,0.0,0,0
188,PAYMENT,576.97,10370.0,9793.03,0.0,0.0,0,0
188,PAYMENT,2921.44,20178.0,17256.56,0.0,0.0,0,0
188,PAYMENT,115.77,0.0,0.0,0.0,0.0,0,0
188,CASH_OUT,319014.86,0.0,0.0,872467.83,1191482.7,0,0
188,PAYMENT,2786.65,106.0,0.0,0.0,0.0,0,0
188,CASH_OUT,56065.28,0.0,0.0,217770.85,273836.13,0,0
188,CASH_OUT,427004.72,10929.0,0.0,0.0,427004.72,0,0
188,PAYMENT,10954.48,52675.0,41720.52,0.0,0.0,0,0
188,PAYMENT,1670.54,0.0,0.0,0.0,0.0,0,0
188,CASH_OUT,133436.9,10251.0,0.0,171117.66,304554.55,0,0
188,PAYMENT,6504.58,0.0,0.0,0.0,0.0,0,0
188,CASH_OUT,172021.27,61351.0,0.0,0.0,172021.27,0,0
188,PAYMENT,6581.43,259.0,0.0,0.0,0.0,0,0
188,PAYMENT,14443.63,20021.0,5577.37,0.0,0.0,0,0
188,PAYMENT,1357.57,20608.0,19250.43,0.0,0.0,0,0
188,CASH_OUT,108588.07,0.0,0.0,206713.77,315301.84,0,0
188,PAYMENT,7177.15,0.0,0.0,0.0,0.0,0,0
188,CASH_OUT,156434.86,0.0,0.0,1026449.24,1182884.1,0,0
188,PAYMENT,8635.8,0.0,0.0,0.0,0.0,0,0
188,PAYMENT,14251.15,0.0,0.0,0.0,0.0,0,0
188,PAYMENT,3438.17,141.0,0.0,0.0,0.0,0,0
188,PAYMENT,3901.27,0.0,0.0,0.0,0.0,0,0
188,CASH_OUT,103244.57,0.0,0.0,192356.22,295600.79,0,0
188,TRANSFER,237642.64,237642.64,0.0,0.0,0.0,1,0
188,CASH_OUT,237642.64,237642.64,0.0,113161.91,350804.55,1,0
189,PAYMENT,2810.38,20706.0,17895.62,0.0,0.0,0,0
189,CASH_OUT,387154.71,0.0,0.0,417250.67,804405.38,0,0
189,PAYMENT,3763.53,4607.56,844.03,0.0,0.0,0,0
189,CASH_OUT,110579.78,0.0,0.0,435401.6,545981.38,0,0
189,PAYMENT,4230.5,0.0,0.0,0.0,0.0,0,0
189,PAYMENT,10860.62,20215.0,9354.38,0.0,0.0,0,0
189,PAYMENT,12671.23,38844.0,26172.77,0.0,0.0,0,0
189,CASH_OUT,176248.47,55235.0,0.0,190260.21,366508.68,0,0
189,PAYMENT,11336.94,0.0,0.0,0.0,0.0,0,0
189,CASH_OUT,83916.72,7921.0,0.0,0.0,83916.72,0,0
189,PAYMENT,9162.89,6147.0,0.0,0.0,0.0,0,0
189,CASH_OUT,63524.31,0.0,0.0,87099.62,150623.93,0,0
189,TRANSFER,184486.31,0.0,0.0,223708.97,408195.28,0,0
189,CASH_OUT,364155.1,135563.62,0.0,696920.25,1061075.35,0,0
189,PAYMENT,2266.67,55054.0,52787.33,0.0,0.0,0,0
189,CASH_OUT,127166.42,0.0,0.0,523652.23,650818.65,0,0
189,DEBIT,2057.39,19426.0,17368.61,93233.34,95290.73,0,0
189,PAYMENT,6944.49,4040.0,0.0,0.0,0.0,0,0
189,PAYMENT,6893.93,29934.0,23040.07,0.0,0.0,0,0
189,TRANSFER,89968.12,9089.0,0.0,59700.78,149668.9,0,0
189,TRANSFER,125407.59,7427.0,0.0,0.0,125407.59,0,0
189,PAYMENT,8593.15,50609.0,42015.85,0.0,0.0,0,0
189,PAYMENT,16776.98,0.0,0.0,0.0,0.0,0,0
189,PAYMENT,17995.69,60809.7,42814.01,0.0,0.0,0,0
189,CASH_OUT,308940.59,0.0,0.0,722012.54,1030953.13,0,0
189,CASH_OUT,189904.03,0.0,0.0,343903.12,533807.16,0,0
189,CASH_OUT,98900.02,0.0,0.0,519460.72,618360.74,0,0
189,PAYMENT,554.36,17078.0,16523.64,0.0,0.0,0,0
189,CASH_OUT,76796.37,39605.0,0.0,78264.23,155060.6,0,0
189,PAYMENT,13308.36,0.0,0.0,0.0,0.0,0,0
189,CASH_OUT,298235.37,0.0,0.0,867182.49,1165417.85,0,0
189,CASH_OUT,239643.25,20566.43,0.0,885330.83,1124974.07,0,0
189,CASH_OUT,69354.73,0.0,0.0,251903.54,321258.27,0,0
189,CASH_OUT,94703.33,0.0,0.0,174782.26,269485.59,0,0
189,CASH_OUT,33807.98,1323.0,0.0,248427.41,282235.4,0,0
189,PAYMENT,15461.04,32268.0,16806.96,0.0,0.0,0,0
189,CASH_OUT,12520.75,0.0,0.0,91761.2,104281.95,0,0
189,CASH_OUT,53370.39,66460.0,13089.61,500996.02,554366.41,0,0
189,CASH_OUT,35566.3,3570.0,0.0,142507.77,178074.07,0,0
189,CASH_OUT,72924.57,50222.0,0.0,0.0,72924.57,0,0
189,CASH_OUT,38570.32,0.0,0.0,258852.7,297423.02,0,0
189,PAYMENT,10352.56,20114.0,9761.44,0.0,0.0,0,0
189,PAYMENT,11180.19,0.0,0.0,0.0,0.0,0,0
189,PAYMENT,6713.56,43603.0,36889.44,0.0,0.0,0,0
189,CASH_OUT,72224.16,11171.0,0.0,77831.34,150055.5,0,0
189,CASH_OUT,4139.24,1223.0,0.0,427125.9,431265.15,0,0
189,PAYMENT,4943.73,0.0,0.0,0.0,0.0,0,0
189,PAYMENT,6350.29,0.0,0.0,0.0,0.0,0,0
189,PAYMENT,4920.56,49914.0,44993.44,0.0,0.0,0,0
189,PAYMENT,14054.96,11075.0,0.0,0.0,0.0,0,0
189,TRANSFER,188517.37,0.0,0.0,237020.49,425537.86,0,0
189,PAYMENT,8255.93,100.0,0.0,0.0,0.0,0,0
189,CASH_OUT,106541.37,1658.0,0.0,0.0,106541.37,0,0
189,PAYMENT,7763.29,0.0,0.0,0.0,0.0,0,0
189,PAYMENT,205.15,30864.0,30658.85,0.0,0.0,0,0
189,PAYMENT,8035.09,6131.0,0.0,0.0,0.0,0,0
189,TRANSFER,117014.7,157579.0,40564.3,658447.86,775462.57,0,0
189,PAYMENT,5774.22,37284.0,31509.78,0.0,0.0,0,0
189,PAYMENT,8312.11,2142.0,0.0,0.0,0.0,0,0
189,TRANSFER,121579.98,121579.98,0.0,0.0,0.0,1,0
189,CASH_OUT,121579.98,121579.98,0.0,0.0,121579.98,1,0
189,TRANSFER,32830.82,32830.82,0.0,0.0,0.0,1,0
189,CASH_OUT,32830.82,32830.82,0.0,1064994.15,1097824.97,1,0
190,PAYMENT,10170.32,0.0,0.0,0.0,0.0,0,0
190,CASH_OUT,73903.24,486.0,0.0,0.0,73903.24,0,0
190,CASH_OUT,148227.44,90061.0,0.0,490700.24,638927.68,0,0
190,CASH_OUT,73246.7,14464.0,0.0,0.0,73246.7,0,0
190,PAYMENT,15111.74,59063.2,43951.46,0.0,0.0,0,0
190,CASH_OUT,15440.14,0.0,0.0,216580.28,232020.42,0,0
190,PAYMENT,6211.62,10906.0,4694.38,0.0,0.0,0,0
190,PAYMENT,3881.79,0.0,0.0,0.0,0.0,0,0
190,PAYMENT,8252.53,0.0,0.0,0.0,0.0,0,0
190,PAYMENT,4656.68,0.0,0.0,0.0,0.0,0,0
190,CASH_OUT,132483.72,0.0,0.0,496379.88,628863.6,0,0
190,PAYMENT,1779.73,0.0,0.0,0.0,0.0,0,0
190,PAYMENT,3994.09,8197.0,4202.91,0.0,0.0,0,0
190,PAYMENT,506.56,10494.0,9987.44,0.0,0.0,0,0
190,PAYMENT,7230.75,46131.86,38901.11,0.0,0.0,0,0
190,CASH_OUT,314467.52,0.0,0.0,457702.2,772169.71,0,0
190,DEBIT,1748.18,3646.0,1897.82,285388.92,287137.09,0,0
190,PAYMENT,7207.6,0.0,0.0,0.0,0.0,0,0
190,PAYMENT,33.38,0.0,0.0,0.0,0.0,0,0
190,PAYMENT,6704.72,59629.0,52924.28,0.0,0.0,0,0
190,CASH_OUT,296842.46,0.0,0.0,675750.43,972592.89,0,0
190,TRANSFER,57632.35,83.0,0.0,0.0,57632.35,0,0
190,CASH_OUT,252577.0,0.0,0.0,607858.58,860435.58,0,0
190,CASH_OUT,153235.75,0.0,0.0,256485.58,409721.33,0,0
190,PAYMENT,2737.86,18508.74,15770.88,0.0,0.0,0,0
190,PAYMENT,11339.86,10407.0,0.0,0.0,0.0,0,0
190,PAYMENT,11921.24,30006.0,18084.76,0.0,0.0,0,0
190,PAYMENT,3930.89,0.0,0.0,0.0,0.0,0,0
190,PAYMENT,3492.82,0.0,0.0,0.0,0.0,0,0
190,PAYMENT,6604.33,20921.0,14316.67,0.0,0.0,0,0
190,PAYMENT,2965.6,1914.0,0.0,0.0,0.0,0,0
190,TRANSFER,161669.1,25346.0,0.0,545413.39,707082.49,0,0
190,PAYMENT,4831.87,12678.0,7846.13,0.0,0.0,0,0
190,PAYMENT,10240.25,21464.0,11223.75,0.0,0.0,0,0
190,CASH_OUT,84382.01,0.0,0.0,101566.52,185948.53,0,0
190,TRANSFER,227199.81,0.0,0.0,486074.09,713273.9,0,0
190,PAYMENT,5094.24,10690.0,5595.76,0.0,0.0,0,0
190,PAYMENT,6515.73,26683.0,20167.27,0.0,0.0,0,0
190,PAYMENT,5085.13,32698.0,27612.87,0.0,0.0,0,0
190,CASH_OUT,119101.17,3966.0,0.0,0.0,119101.17,0,0
190,PAYMENT,4920.84,0.0,0.0,0.0,0.0,0,0
190,PAYMENT,2211.26,30789.0,28577.74,0.0,0.0,0,0
190,PAYMENT,19526.05,71381.0,51854.95,0.0,0.0,0,0
190,CASH_OUT,333690.67,0.0,0.0,468611.8,802302.47,0,0
190,TRANSFER,53253.12,204.0,0.0,0.0,53253.12,0,0
190,TRANSFER,12193.93,0.0,0.0,986604.17,998798.1,0,0
190,CASH_OUT,80299.59,14775.0,0.0,600165.57,680465.17,0,0
190,PAYMENT,4391.22,49450.0,45058.78,0.0,0.0,0,0
190,PAYMENT,19809.26,29802.0,9992.74,0.0,0.0,0,0
190,PAYMENT,1722.67,0.0,0.0,0.0,0.0,0,0
190,TRANSFER,185510.21,185510.21,0.0,0.0,0.0,1,0
190,CASH_OUT,185510.21,185510.21,0.0,0.0,185510.21,1,0
190,TRANSFER,265747.73,265747.73,0.0,0.0,0.0,1,0
190,CASH_OUT,265747.73,265747.73,0.0,0.0,265747.73,1,0
191,PAYMENT,13519.61,18976.69,5457.08,0.0,0.0,0,0
191,CASH_OUT,215536.61,30991.0,0.0,0.0,215536.61,0,0
191,PAYMENT,1922.12,131.0,0.0,0.0,0.0,0,0
191,PAYMENT,3642.95,39715.13,36072.19,0.0,0.0,0,0
191,CASH_OUT,92372.62,0.0,0.0,177979.41,270352.03,0,0
191,PAYMENT,10850.41,25027.0,14176.59,0.0,0.0,0,0
191,CASH_OUT,154761.68,0.0,0.0,249802.41,404564.1,0,0
191,PAYMENT,10763.25,0.0,0.0,0.0,0.0,0,0
191,PAYMENT,2259.48,0.0,0.0,0.0,0.0,0,0
191,CASH_OUT,263515.66,0.0,0.0,586206.96,849722.62,0,0
191,PAYMENT,2052.59,51478.0,49425.41,0.0,0.0,0,0
191,CASH_OUT,240333.76,0.0,0.0,310596.65,550930.4,0,0
191,PAYMENT,8779.03,51822.0,43042.97,0.0,0.0,0,0
191,PAYMENT,3669.81,0.0,0.0,0.0,0.0,0,0
191,PAYMENT,4980.36,47534.59,42554.24,0.0,0.0,0,0
191,PAYMENT,2113.67,50662.0,48548.33,0.0,0.0,0,0
191,CASH_OUT,279560.18,24084.13,0.0,874586.32,1154146.5,0,0
191,TRANSFER,22771.61,0.0,0.0,511314.55,534086.16,0,0
191,PAYMENT,558.25,0.0,0.0,0.0,0.0,0,0
191,PAYMENT,21485.52,0.0,0.0,0.0,0.0,0,0
191,CASH_OUT,41568.45,0.0,0.0,109651.71,151220.16,0,0
191,PAYMENT,1918.0,508.74,0.0,0.0,0.0,0,0
191,PAYMENT,4546.17,31174.0,26627.83,0.0,0.0,0,0
191,CASH_OUT,41678.05,16953.0,0.0,95112.15,136790.2,0,0
191,PAYMENT,9530.37,3274.67,0.0,0.0,0.0,0,0
191,CASH_OUT,409732.66,0.0,0.0,423524.46,833257.12,0,0
191,DEBIT,4719.85,0.0,0.0,169105.31,173825.15,0,0
191,PAYMENT,14031.36,10596.0,0.0,0.0,0.0,0,0
191,TRANSFER,135200.37,135200.37,0.0,0.0,0.0,1,0
191,CASH_OUT,135200.37,135200.37,0.0,84522.15,219722.52,1,0
191,TRANSFER,114743.39,114743.39,0.0,0.0,0.0,1,0
191,CASH_OUT,114743.39,114743.39,0.0,65672.88,180416.27,1,0
191,TRANSFER,2815.61,2815.61,0.0,0.0,0.0,1,0
191,CASH_OUT,2815.61,2815.61,0.0,64348.28,67163.9,1,0
191,TRANSFER,132294.93,132294.93,0.0,0.0,0.0,1,0
191,CASH_OUT,132294.93,132294.93,0.0,640652.41,772947.34,1,0
192,PAYMENT,1332.19,8973.0,7640.81,0.0,0.0,0,0
192,PAYMENT,2093.21,57028.74,54935.53,0.0,0.0,0,0
192,PAYMENT,759.2,10577.0,9817.8,0.0,0.0,0,0
192,PAYMENT,13559.66,18835.0,5275.34,0.0,0.0,0,0
192,PAYMENT,15018.24,70420.0,55401.76,0.0,0.0,0,0
192,TRANSFER,58217.01,5173.0,0.0,196324.77,254541.78,0,0
192,PAYMENT,4938.26,55979.87,51041.61,0.0,0.0,0,0
192,PAYMENT,32285.46,50400.4,18114.94,0.0,0.0,0,0
192,TRANSFER,308373.73,15385.0,0.0,260672.03,569045.76,0,0
192,PAYMENT,1253.75,42620.63,41366.88,0.0,0.0,0,0
192,PAYMENT,638.39,0.0,0.0,0.0,0.0,0,0
192,CASH_OUT,151985.41,0.0,0.0,304646.27,456631.68,0,0
192,CASH_OUT,50477.52,0.0,0.0,144353.66,194831.18,0,0
192,PAYMENT,7495.76,330.0,0.0,0.0,0.0,0,0
192,PAYMENT,8853.2,45032.0,36178.8,0.0,0.0,0,0
192,TRANSFER,233169.18,0.0,0.0,292515.39,525684.57,0,0
192,PAYMENT,5683.8,39695.0,34011.2,0.0,0.0,0,0
192,TRANSFER,8783.42,8783.42,0.0,0.0,0.0,1,0
192,CASH_OUT,8783.42,8783.42,0.0,0.0,8783.42,1,0
193,PAYMENT,67327.32,44376.0,0.0,0.0,0.0,0,0
193,PAYMENT,25528.2,124.0,0.0,0.0,0.0,0,0
193,CASH_OUT,92850.74,0.0,0.0,447749.37,540600.11,0,0
193,PAYMENT,62208.75,36100.0,0.0,0.0,0.0,0,0
193,PAYMENT,72625.4,148.0,0.0,0.0,0.0,0,0
193,PAYMENT,35349.38,15406.0,0.0,0.0,0.0,0,0
193,PAYMENT,7202.67,0.0,0.0,0.0,0.0,0,0
193,TRANSFER,113273.1,113273.1,0.0,0.0,0.0,1,0
193,CASH_OUT,113273.1,113273.1,0.0,0.0,113273.1,1,0
193,TRANSFER,103368.58,103368.58,0.0,0.0,0.0,1,0
193,CASH_OUT,103368.58,103368.58,0.0,0.0,103368.58,1,0
193,TRANSFER,266351.6,266351.6,0.0,0.0,0.0,1,0
193,CASH_OUT,266351.6,266351.6,0.0,0.0,266351.6,1,0
194,CASH_OUT,27679.69,0.0,0.0,56524.67,84204.36,0,0
194,TRANSFER,21741.36,21741.36,0.0,0.0,0.0,1,0
195,CASH_OUT,125319.32,0.0,0.0,154226.49,279545.82,0,0
195,PAYMENT,1801.32,2180.0,378.68,0.0,0.0,0,0
195,TRANSFER,71323.49,71323.49,0.0,0.0,0.0,1,0
195,CASH_OUT,71323.49,71323.49,0.0,154430.46,225753.95,1,0
195,TRANSFER,127342.3,127342.3,0.0,0.0,0.0,1,0
195,CASH_OUT,127342.3,127342.3,0.0,0.0,127342.3,1,0
198,TRANSFER,18471.55,18471.55,0.0,0.0,0.0,1,0
198,CASH_OUT,18471.55,18471.55,0.0,0.0,18471.55,1,0
198,TRANSFER,152961.49,152961.49,0.0,0.0,0.0,1,0
199,TRANSFER,80885.48,80885.48,0.0,0.0,0.0,1,0
199,CASH_OUT,80885.48,80885.48,0.0,756653.51,837538.99,1,0
200,TRANSFER,54380.21,54380.21,0.0,0.0,0.0,1,0
200,TRANSFER,159232.01,159232.01,0.0,0.0,0.0,1,0
200,CASH_OUT,159232.01,159232.01,0.0,0.0,159232.01,1,0
201,PAYMENT,11420.62,41935.46,30514.85,0.0,0.0,0,0
201,CASH_OUT,119067.65,53332.76,0.0,179398.63,298466.28,0,0
201,PAYMENT,4353.01,23339.0,18985.99,0.0,0.0,0,0
201,PAYMENT,155.49,20073.0,19917.51,0.0,0.0,0,0
201,PAYMENT,18181.23,0.0,0.0,0.0,0.0,0,0
201,CASH_OUT,33380.85,0.0,0.0,202313.5,235694.34,0,0
201,CASH_OUT,314968.3,11654.0,0.0,212522.79,527491.08,0,0
201,CASH_OUT,35257.3,0.0,0.0,166966.6,202223.9,0,0
201,PAYMENT,4687.75,333.0,0.0,0.0,0.0,0,0
201,CASH_OUT,256488.46,120262.0,0.0,548998.34,805486.8,0,0
201,CASH_OUT,161507.58,31390.0,0.0,109856.72,271364.3,0,0
201,PAYMENT,6266.18,163.0,0.0,0.0,0.0,0,0
201,PAYMENT,7657.35,21035.0,13377.65,0.0,0.0,0,0
201,CASH_OUT,200394.78,0.0,0.0,313314.11,513708.89,0,0
201,TRANSFER,169467.71,11284.0,0.0,10002.35,179470.06,0,0
201,PAYMENT,6609.6,52244.0,45634.4,0.0,0.0,0,0
201,PAYMENT,3318.1,24184.0,20865.9,0.0,0.0,0,0
201,PAYMENT,1160.16,194.0,0.0,0.0,0.0,0,0
201,PAYMENT,25185.06,0.0,0.0,0.0,0.0,0,0
201,PAYMENT,4010.27,1676.0,0.0,0.0,0.0,0,0
201,PAYMENT,11983.31,0.0,0.0,0.0,0.0,0,0
201,PAYMENT,359.97,173.0,0.0,0.0,0.0,0,0
201,CASH_OUT,48935.02,20926.0,0.0,0.0,48935.02,0,0
201,PAYMENT,16976.09,0.0,0.0,0.0,0.0,0,0
201,CASH_OUT,95970.41,11460.0,0.0,0.0,95970.41,0,0
201,PAYMENT,4680.47,37870.88,33190.41,0.0,0.0,0,0
201,CASH_OUT,214432.62,0.0,0.0,367064.26,581496.88,0,0
201,PAYMENT,483.03,113.0,0.0,0.0,0.0,0,0
201,CASH_OUT,151953.28,0.0,0.0,286794.71,438748.0,0,0
201,PAYMENT,3526.64,0.0,0.0,0.0,0.0,0,0
201,PAYMENT,988.21,0.0,0.0,0.0,0.0,0,0
201,PAYMENT,19360.23,40747.64,21387.42,0.0,0.0,0,0
201,PAYMENT,12809.78,0.0,0.0,0.0,0.0,0,0
201,PAYMENT,36.68,10.0,0.0,0.0,0.0,0,0
201,CASH_OUT,119297.3,0.0,0.0,704613.54,823910.83,0,0
201,CASH_OUT,24261.15,21124.0,0.0,106251.05,130512.2,0,0
201,PAYMENT,29211.77,0.0,0.0,0.0,0.0,0,0
201,PAYMENT,1647.97,0.0,0.0,0.0,0.0,0,0
201,CASH_OUT,18012.55,0.0,0.0,121544.04,139556.59,0,0
201,CASH_OUT,57867.6,4352.78,0.0,91909.44,149777.05,0,0
201,CASH_OUT,162735.29,30617.0,0.0,21842.0,184577.29,0,0
201,PAYMENT,6692.43,0.0,0.0,0.0,0.0,0,0
201,CASH_OUT,182980.42,0.0,0.0,366245.26,549225.68,0,0
201,PAYMENT,4625.53,0.0,0.0,0.0,0.0,0,0
201,PAYMENT,21813.25,633.0,0.0,0.0,0.0,0,0
201,CASH_OUT,49589.42,0.0,0.0,214968.1,264557.51,0,0
201,CASH_OUT,146211.21,28825.0,0.0,0.0,146211.21,0,0
201,PAYMENT,1165.97,0.0,0.0,0.0,0.0,0,0
201,PAYMENT,4101.06,0.0,0.0,0.0,0.0,0,0
201,PAYMENT,5962.35,517.24,0.0,0.0,0.0,0,0
201,PAYMENT,27.97,49830.0,49802.03,0.0,0.0,0,0
201,CASH_OUT,395244.98,50606.0,0.0,371838.37,767083.35,0,0
201,PAYMENT,1710.57,833.0,0.0,0.0,0.0,0,0
201,PAYMENT,3099.36,22130.03,19030.67,0.0,0.0,0,0
201,PAYMENT,4884.4,446.0,0.0,0.0,0.0,0,0
201,CASH_OUT,331514.12,25133.0,0.0,532442.73,863956.85,0,0
201,PAYMENT,5455.61,54002.0,48546.39,0.0,0.0,0,0
201,PAYMENT,9209.69,0.0,0.0,0.0,0.0,0,0
201,CASH_OUT,312504.3,71213.0,0.0,301887.11,614391.41,0,0
201,PAYMENT,8027.89,0.0,0.0,0.0,0.0,0,0
201,TRANSFER,48122.59,0.0,0.0,967357.13,1015479.72,0,0
201,TRANSFER,365530.34,0.0,0.0,836562.03,1202092.37,0,0
201,CASH_OUT,50704.51,0.0,0.0,258198.31,308902.82,0,0
201,PAYMENT,4816.86,1566.0,0.0,0.0,0.0,0,0
201,PAYMENT,6342.2,0.0,0.0,0.0,0.0,0,0
201,TRANSFER,424735.21,45451.0,0.0,0.0,424735.21,0,0
201,TRANSFER,16182.7,16182.7,0.0,0.0,0.0,1,0
201,CASH_OUT,16182.7,16182.7,0.0,0.0,16182.7,1,0
202,TRANSFER,479716.28,42094.0,0.0,553133.32,1032849.6,0,0
202,PAYMENT,4379.18,0.0,0.0,0.0,0.0,0,0
202,PAYMENT,9042.4,0.0,0.0,0.0,0.0,0,0
202,CASH_OUT,54423.58,0.0,0.0,216348.73,270772.31,0,0
202,PAYMENT,5315.14,0.0,0.0,0.0,0.0,0,0
202,PAYMENT,24195.91,0.0,0.0,0.0,0.0,0,0
202,CASH_OUT,21957.75,171.0,0.0,0.0,21957.75,0,0
202,PAYMENT,19926.01,0.0,0.0,0.0,0.0,0,0
202,PAYMENT,2257.25,12431.21,10173.96,0.0,0.0,0,0
202,CASH_OUT,115968.6,2619.0,0.0,876726.9,992695.5,0,0
202,TRANSFER,139050.6,16650.0,0.0,35960.94,175011.55,0,0
202,CASH_OUT,255845.69,7054.0,0.0,31229.64,287075.33,0,0
202,CASH_OUT,132398.01,1198.3,0.0,593754.25,726152.26,0,0
202,PAYMENT,1687.33,0.0,0.0,0.0,0.0,0,0
202,PAYMENT,5480.92,51130.0,45649.08,0.0,0.0,0,0
202,PAYMENT,15746.97,48094.46,32347.48,0.0,0.0,0,0
202,TRANSFER,1498.79,34326.0,32827.21,169381.21,116671.87,0,0
202,CASH_OUT,134594.5,0.0,0.0,949136.27,1083730.77,0,0
202,CASH_OUT,252904.16,1111.0,0.0,117467.91,370372.07,0,0
202,PAYMENT,711.21,41451.0,40739.79,0.0,0.0,0,0
202,CASH_OUT,23603.55,8515.0,0.0,226272.15,249875.7,0,0
202,TRANSFER,425553.74,74317.0,0.0,0.0,373493.62,0,0
202,PAYMENT,8027.75,97.0,0.0,0.0,0.0,0,0
202,CASH_OUT,72436.3,10540.0,0.0,109982.28,182418.58,0,0
202,CASH_OUT,99914.42,133810.42,33896.0,1023928.99,1123843.41,0,0
202,CASH_OUT,11499.93,0.0,0.0,275201.08,286701.02,0,0
202,PAYMENT,17720.61,0.0,0.0,0.0,0.0,0,0
202,PAYMENT,16409.72,0.0,0.0,0.0,0.0,0,0
202,CASH_OUT,226697.72,4724.91,0.0,762183.15,988880.87,0,0
202,PAYMENT,17340.99,0.0,0.0,0.0,0.0,0,0
202,CASH_OUT,331262.42,80377.0,0.0,193809.67,525072.09,0,0
202,PAYMENT,20977.94,0.0,0.0,0.0,0.0,0,0
202,CASH_IN,46239.38,3743.0,49982.38,18532.77,0.0,0,0
202,CASH_OUT,424817.87,754.0,0.0,557670.05,982487.92,0,0
202,CASH_OUT,52893.99,0.0,0.0,531070.27,583964.26,0,0
202,CASH_IN,34488.77,10498.0,44986.77,124596.16,90107.39,0,0
202,CASH_OUT,316066.12,0.0,0.0,611844.68,927910.79,0,0
202,PAYMENT,5359.78,0.0,0.0,0.0,0.0,0,0
202,PAYMENT,542.69,11858.0,11315.31,0.0,0.0,0,0
202,PAYMENT,18544.33,0.0,0.0,0.0,0.0,0,0
202,PAYMENT,14580.52,64081.0,49500.48,0.0,0.0,0,0
202,PAYMENT,5339.12,32058.87,26719.75,0.0,0.0,0,0
202,PAYMENT,8107.08,1577.0,0.0,0.0,0.0,0,0
202,PAYMENT,2354.63,30335.0,27980.37,0.0,0.0,0,0
202,CASH_OUT,225184.01,0.0,0.0,783664.75,1008848.75,0,0
202,PAYMENT,24206.23,0.0,0.0,0.0,0.0,0,0
202,PAYMENT,1212.08,36511.0,35298.92,0.0,0.0,0,0
202,PAYMENT,3670.92,0.0,0.0,0.0,0.0,0,0
202,CASH_OUT,194323.71,129846.0,0.0,0.0,194323.71,0,0
202,PAYMENT,8797.39,0.0,0.0,0.0,0.0,0,0
202,PAYMENT,7539.89,0.0,0.0,0.0,0.0,0,0
202,PAYMENT,2573.02,1158.0,0.0,0.0,0.0,0,0
202,PAYMENT,414.0,0.0,0.0,0.0,0.0,0,0
202,PAYMENT,17225.6,984.0,0.0,0.0,0.0,0,0
202,CASH_OUT,59443.01,0.0,0.0,618817.24,678260.25,0,0
202,CASH_OUT,341673.43,0.0,0.0,844809.25,1186482.69,0,0
202,CASH_OUT,260726.71,69335.0,0.0,12460.0,0.0,0,0
202,CASH_OUT,27310.72,7354.0,0.0,588766.38,616077.1,0,0
202,CASH_OUT,67533.61,0.0,0.0,590989.48,658523.09,0,0
202,PAYMENT,121.08,25466.0,25344.92,0.0,0.0,0,0
202,TRANSFER,153663.46,40938.0,0.0,0.0,153663.46,0,0
202,PAYMENT,24440.1,0.0,0.0,0.0,0.0,0,0
202,PAYMENT,3732.97,176.0,0.0,0.0,0.0,0,0
202,PAYMENT,3089.46,6227.0,3137.54,0.0,0.0,0,0
202,CASH_OUT,103667.99,15514.0,0.0,41801.97,145469.96,0,0
202,TRANSFER,479526.35,5559.0,0.0,743667.78,1223194.13,0,0
202,TRANSFER,475525.49,54755.43,0.0,614919.13,1090444.62,0,0
202,PAYMENT,584.15,0.0,0.0,0.0,0.0,0,0
202,CASH_OUT,31241.96,15695.0,0.0,169034.82,200276.78,0,0
202,CASH_OUT,172342.01,11061.0,0.0,9780.16,182122.17,0,0
202,TRANSFER,85316.24,0.0,0.0,293862.14,379178.39,0,0
202,PAYMENT,11569.5,0.0,0.0,0.0,0.0,0,0
202,CASH_OUT,100849.3,42661.0,0.0,0.0,100849.3,0,0
202,CASH_OUT,2435.2,24801.0,22365.8,276053.35,278488.55,0,0
202,CASH_OUT,239849.44,0.0,0.0,415301.77,688402.22,0,0
202,PAYMENT,928.75,11514.0,10585.25,0.0,0.0,0,0
202,PAYMENT,13332.35,49613.0,36280.65,0.0,0.0,0,0
202,CASH_OUT,53824.87,76213.0,22388.13,0.0,53824.87,0,0
202,TRANSFER,90618.99,11080.0,0.0,0.0,162949.99,0,0
202,PAYMENT,8182.49,2372.0,0.0,0.0,0.0,0,0
202,PAYMENT,762.34,0.0,0.0,0.0,0.0,0,0
202,CASH_OUT,143228.55,2670.0,0.0,247770.17,390998.72,0,0
202,CASH_OUT,131859.28,0.0,0.0,1121173.09,1253032.37,0,0
202,PAYMENT,6212.48,28325.0,22112.52,0.0,0.0,0,0
202,PAYMENT,1654.88,11581.0,9926.12,0.0,0.0,0,0
202,PAYMENT,12120.3,0.0,0.0,0.0,0.0,0,0
202,CASH_OUT,341473.06,6070.0,0.0,0.0,341473.06,0,0
202,CASH_OUT,175776.91,0.0,0.0,302532.04,478308.94,0,0
202,CASH_OUT,87698.3,0.0,0.0,501832.24,589530.54,0,0
202,CASH_OUT,383687.56,36531.0,0.0,0.0,383687.56,0,0
202,CASH_OUT,247118.82,0.0,0.0,667310.16,914428.97,0,0
202,PAYMENT,896.69,51704.0,50807.31,0.0,0.0,0,0
202,PAYMENT,3505.79,6241.0,2735.21,0.0,0.0,0,0
202,CASH_OUT,241117.02,0.0,0.0,702438.55,943555.56,0,0
202,PAYMENT,7921.2,0.0,0.0,0.0,0.0,0,0
202,PAYMENT,3310.63,0.0,0.0,0.0,0.0,0,0
202,PAYMENT,13007.88,59300.71,46292.83,0.0,0.0,0,0
202,CASH_OUT,316583.46,101.0,0.0,0.0,316583.46,0,0
202,CASH_OUT,279141.92,105824.0,0.0,0.0,279141.92,0,0
202,PAYMENT,3943.93,339.0,0.0,0.0,0.0,0,0
202,PAYMENT,18909.91,97.0,0.0,0.0,0.0,0,0
202,CASH_OUT,126947.83,102203.0,0.0,0.0,126947.83,0,0
202,CASH_OUT,417002.89,12519.0,0.0,55534.59,472537.48,0,0
202,PAYMENT,4710.66,0.0,0.0,0.0,0.0,0,0
202,CASH_OUT,128761.48,0.0,0.0,251874.66,380636.14,0,0
202,TRANSFER,183688.11,24449.0,0.0,54940.07,238628.18,0,0
202,PAYMENT,22434.73,0.0,0.0,0.0,0.0,0,0
202,PAYMENT,5885.9,0.0,0.0,0.0,0.0,0,0
202,CASH_OUT,26342.75,0.0,0.0,734092.23,760434.98,0,0
203,PAYMENT,17054.36,17943.65,889.29,0.0,0.0,0,0
203,PAYMENT,686.67,30116.0,29429.33,0.0,0.0,0,0
203,CASH_OUT,178424.85,153583.0,0.0,78866.35,257291.2,0,0
203,CASH_OUT,58751.76,3130.0,0.0,215.33,58967.09,0,0
203,CASH_OUT,337390.54,51500.0,0.0,8497.47,345888.01,0,0
203,CASH_OUT,67440.78,21870.0,0.0,152984.25,220425.03,0,0
203,CASH_OUT,117689.48,32552.0,0.0,0.0,117689.48,0,0
203,CASH_OUT,102255.01,0.0,0.0,963565.47,1065820.49,0,0
203,PAYMENT,10850.92,925.0,0.0,0.0,0.0,0,0
203,CASH_OUT,100531.49,0.0,0.0,190905.99,291437.48,0,0
203,CASH_OUT,247942.7,979.0,0.0,27703.37,275646.07,0,0
203,CASH_OUT,22918.99,0.0,0.0,33000.8,55919.79,0,0
203,CASH_OUT,181288.27,443.0,0.0,251471.12,432759.39,0,0
203,CASH_OUT,55975.39,0.0,0.0,156042.39,212017.78,0,0
203,PAYMENT,4176.45,21139.0,16962.55,0.0,0.0,0,0
203,CASH_OUT,149058.82,11160.0,0.0,0.0,149058.82,0,0
203,CASH_OUT,157872.08,285.0,0.0,136882.53,294754.61,0,0
203,CASH_OUT,83846.04,453.0,0.0,582908.4,666754.44,0,0
203,PAYMENT,10498.88,11943.0,1444.12,0.0,0.0,0,0
203,PAYMENT,15389.69,1158.0,0.0,0.0,0.0,0,0
203,PAYMENT,15830.47,51709.0,35878.53,0.0,0.0,0,0
203,PAYMENT,15273.59,0.0,0.0,0.0,0.0,0,0
203,CASH_OUT,117374.07,14053.95,0.0,461402.1,578776.17,0,0
203,CASH_OUT,136398.08,0.0,0.0,952669.24,1089067.32,0,0
203,PAYMENT,6253.41,37066.46,30813.05,0.0,0.0,0,0
203,CASH_OUT,178731.39,21324.0,0.0,179343.66,358075.05,0,0
203,CASH_OUT,256550.66,38665.0,0.0,1395.21,257945.87,0,0
203,PAYMENT,658.5,45543.95,44885.45,0.0,0.0,0,0
203,CASH_OUT,142254.06,90746.0,0.0,789849.6,932103.66,0,0
203,PAYMENT,1016.54,0.0,0.0,0.0,0.0,0,0
203,PAYMENT,3536.72,0.0,0.0,0.0,0.0,0,0
203,PAYMENT,9814.45,10553.0,738.55,0.0,0.0,0,0
203,CASH_OUT,47291.85,0.0,0.0,16118.08,63409.93,0,0
203,CASH_OUT,217547.43,19535.0,0.0,50020.45,340796.23,0,0
203,PAYMENT,1229.79,1.0,0.0,0.0,0.0,0,0
203,PAYMENT,27281.07,19543.0,0.0,0.0,0.0,0,0
203,TRANSFER,45352.06,0.0,0.0,205043.77,136218.12,0,0
203,PAYMENT,8038.63,0.0,0.0,0.0,0.0,0,0
203,PAYMENT,2497.05,45835.0,43337.95,0.0,0.0,0,0
203,CASH_OUT,169989.16,0.0,0.0,307061.45,477050.61,0,0
203,PAYMENT,1575.98,0.0,0.0,0.0,0.0,0,0
203,CASH_IN,22815.91,21098.0,43913.91,99229.04,76413.12,0,0
203,PAYMENT,13517.84,146.0,0.0,0.0,0.0,0,0
203,PAYMENT,1486.34,14225.96,12739.61,0.0,0.0,0,0
203,PAYMENT,5332.91,45707.0,40374.09,0.0,0.0,0,0
203,CASH_OUT,32981.71,3732.0,0.0,928587.4,961569.1,0,0
203,PAYMENT,21798.11,9981.0,0.0,0.0,0.0,0,0
203,CASH_OUT,383736.12,72475.0,0.0,70474.94,454211.07,0,0
203,PAYMENT,8701.33,35969.0,27267.67,0.0,0.0,0,0
203,CASH_OUT,47020.69,1048.0,0.0,833328.41,880349.1,0,0
203,CASH_OUT,384320.59,60690.0,0.0,0.0,384320.59,0,0
203,CASH_OUT,7701.13,10901.0,3199.87,0.0,7701.13,0,0
203,PAYMENT,2130.67,0.0,0.0,0.0,0.0,0,0
203,PAYMENT,3069.51,29901.0,26831.49,0.0,0.0,0,0
203,PAYMENT,20021.15,69567.14,49545.99,0.0,0.0,0,0
203,PAYMENT,5199.56,0.0,0.0,0.0,0.0,0,0
203,PAYMENT,23748.38,0.0,0.0,0.0,0.0,0,0
203,PAYMENT,19847.34,46790.0,26942.66,0.0,0.0,0,0
203,CASH_OUT,285404.98,74320.0,0.0,336524.24,621929.22,0,0
203,TRANSFER,130043.98,0.0,0.0,373537.43,503581.4,0,0
203,PAYMENT,8601.54,0.0,0.0,0.0,0.0,0,0
203,CASH_OUT,198214.98,16927.0,0.0,91574.33,289789.31,0,0
203,CASH_OUT,28835.12,0.0,0.0,700094.12,728929.24,0,0
203,CASH_OUT,4041.52,0.0,0.0,142196.84,146238.36,0,0
203,PAYMENT,4869.49,2132.0,0.0,0.0,0.0,0,0
203,CASH_OUT,133933.37,20886.0,0.0,0.0,133933.37,0,0
203,PAYMENT,14193.14,10298.0,0.0,0.0,0.0,0,0
203,PAYMENT,18321.84,10203.0,0.0,0.0,0.0,0,0
203,PAYMENT,9743.04,0.0,0.0,0.0,0.0,0,0
203,TRANSFER,258639.84,2167.0,0.0,0.0,73079.13,0,0
203,PAYMENT,11645.69,0.0,0.0,0.0,0.0,0,0
203,PAYMENT,26136.7,175.0,0.0,0.0,0.0,0,0
203,PAYMENT,21879.3,50591.0,28711.7,0.0,0.0,0,0
203,PAYMENT,4104.2,0.0,0.0,0.0,0.0,0,0
203,TRANSFER,68798.88,0.0,0.0,1063630.42,1132429.3,0,0
203,CASH_OUT,238802.01,0.0,0.0,421377.53,660179.54,0,0
203,PAYMENT,5344.42,1244.0,0.0,0.0,0.0,0,0
203,CASH_OUT,159897.7,0.0,0.0,443310.16,603207.86,0,0
203,CASH_OUT,19190.52,52382.0,33191.48,156794.03,175984.55,0,0
203,PAYMENT,3688.33,0.0,0.0,0.0,0.0,0,0
203,CASH_OUT,366281.16,0.0,0.0,656113.66,1022394.82,0,0
203,CASH_OUT,214566.65,0.0,0.0,518883.77,733450.42,0,0
203,CASH_OUT,192199.3,7305.0,0.0,0.0,192199.3,0,0
203,CASH_OUT,341245.21,35375.0,0.0,346004.16,687249.37,0,0
203,PAYMENT,4116.6,0.0,0.0,0.0,0.0,0,0
203,PAYMENT,11616.56,0.0,0.0,0.0,0.0,0,0
203,TRANSFER,374781.64,33846.0,0.0,0.0,62079.96,0,0
203,PAYMENT,43574.25,10167.0,0.0,0.0,0.0,0,0
203,CASH_OUT,18246.84,0.0,0.0,50984.98,69231.82,0,0
203,PAYMENT,3774.38,40796.0,37021.62,0.0,0.0,0,0
203,CASH_OUT,199701.23,0.0,0.0,727695.64,927396.86,0,0
203,TRANSFER,321287.01,109569.0,0.0,0.0,321287.01,0,0
203,PAYMENT,12874.22,0.0,0.0,0.0,0.0,0,0
203,PAYMENT,13846.23,11232.0,0.0,0.0,0.0,0,0
203,CASH_OUT,117517.93,102567.0,0.0,582175.48,699693.42,0,0
203,PAYMENT,2843.65,0.0,0.0,0.0,0.0,0,0
203,CASH_OUT,43523.86,0.0,0.0,403722.65,447246.51,0,0
203,PAYMENT,4238.84,0.0,0.0,0.0,0.0,0,0
203,CASH_OUT,38527.02,11335.0,0.0,155996.49,194523.51,0,0
203,CASH_OUT,3541.41,0.0,0.0,20877.26,24418.68,0,0
203,PAYMENT,6100.1,52777.0,46676.9,0.0,0.0,0,0
203,PAYMENT,17890.25,1077.0,0.0,0.0,0.0,0,0
203,CASH_OUT,27387.91,0.0,0.0,341732.1,369120.01,0,0
203,PAYMENT,6108.23,50074.0,43965.77,0.0,0.0,0,0
203,PAYMENT,12288.41,0.0,0.0,0.0,0.0,0,0
203,PAYMENT,11872.64,15672.0,3799.36,0.0,0.0,0,0
203,PAYMENT,11382.18,24433.0,13050.82,0.0,0.0,0,0
203,CASH_OUT,275119.31,0.0,0.0,831225.27,1106344.59,0,0
203,CASH_OUT,40999.98,11205.0,0.0,0.0,40999.98,0,0
203,PAYMENT,5353.29,11505.0,6151.71,0.0,0.0,0,0
203,PAYMENT,10650.34,0.0,0.0,0.0,0.0,0,0
203,PAYMENT,1401.38,41108.0,39706.62,0.0,0.0,0,0
203,PAYMENT,5744.32,0.0,0.0,0.0,0.0,0,0
203,TRANSFER,48299.77,48299.77,0.0,0.0,0.0,1,0
203,CASH_OUT,48299.77,48299.77,0.0,414039.56,462339.33,1,0
204,TRANSFER,154479.37,0.0,0.0,794329.81,948809.18,0,0
204,CASH_OUT,367108.63,0.0,0.0,475009.04,842117.68,0,0
204,CASH_OUT,386752.18,50354.0,0.0,0.0,386752.18,0,0
204,CASH_OUT,339921.42,3174.0,0.0,138985.58,478907.0,0,0
204,CASH_OUT,43481.49,34259.0,0.0,0.0,43481.49,0,0
204,CASH_OUT,37283.45,94193.0,56909.55,0.0,37283.45,0,0
204,PAYMENT,45442.32,0.0,0.0,0.0,0.0,0,0
204,CASH_OUT,130396.56,2686.0,0.0,150663.81,281060.37,0,0
204,TRANSFER,126102.86,26156.0,0.0,82798.72,208901.58,0,0
204,CASH_OUT,284272.96,198165.0,0.0,903946.83,1188219.79,0,0
204,CASH_OUT,179906.24,0.0,0.0,465976.18,645882.42,0,0
204,CASH_OUT,25088.87,0.0,0.0,901483.29,926572.16,0,0
204,CASH_OUT,7102.57,0.0,0.0,106137.28,113239.85,0,0
204,CASH_OUT,301328.63,918.0,0.0,55554.67,356883.3,0,0
204,PAYMENT,5742.38,29209.24,23466.86,0.0,0.0,0,0
204,TRANSFER,294860.35,0.0,0.0,744241.88,1039102.23,0,0
204,PAYMENT,4866.2,118.0,0.0,0.0,0.0,0,0
204,CASH_OUT,190910.6,147611.0,0.0,0.0,684704.42,0,0
204,PAYMENT,7651.91,24461.0,16809.09,0.0,0.0,0,0
204,CASH_OUT,155687.12,28161.0,0.0,812052.37,967739.49,0,0
204,PAYMENT,17771.01,0.0,0.0,0.0,0.0,0,0
204,CASH_OUT,157463.44,119384.0,0.0,0.0,157463.44,0,0
204,CASH_OUT,112341.25,0.0,0.0,215629.79,327971.04,0,0
204,CASH_OUT,253506.71,0.0,0.0,348320.16,601826.87,0,0
204,CASH_OUT,130091.4,0.0,0.0,352120.8,482212.19,0,0
204,PAYMENT,695.32,261.0,0.0,0.0,0.0,0,0
204,PAYMENT,7642.96,0.0,0.0,0.0,0.0,0,0
204,PAYMENT,58761.16,0.0,0.0,0.0,0.0,0,0
204,PAYMENT,8267.38,0.0,0.0,0.0,0.0,0,0
204,CASH_OUT,200755.03,0.0,0.0,872801.91,1073556.95,0,0
204,CASH_OUT,301916.15,126.0,0.0,0.0,301916.15,0,0
204,PAYMENT,11822.86,0.0,0.0,0.0,0.0,0,0
204,CASH_OUT,36811.91,523.0,0.0,57865.23,94677.14,0,0
204,PAYMENT,9113.35,7056.0,0.0,0.0,0.0,0,0
204,PAYMENT,9260.46,0.0,0.0,0.0,0.0,0,0
204,PAYMENT,8758.19,0.0,0.0,0.0,0.0,0,0
204,PAYMENT,6176.62,45366.28,39189.66,0.0,0.0,0,0
204,PAYMENT,3904.26,0.0,0.0,0.0,0.0,0,0
204,CASH_OUT,52227.74,0.0,0.0,147415.91,199643.65,0,0
204,CASH_OUT,46747.54,49911.0,3163.46,0.0,84116.24,0,0
204,PAYMENT,23722.95,1068.0,0.0,0.0,0.0,0,0
204,TRANSFER,256510.18,0.0,0.0,345203.45,601713.63,0,0
204,CASH_OUT,150977.01,21188.0,0.0,0.0,150977.01,0,0
204,CASH_OUT,139665.79,0.0,0.0,168594.76,308260.55,0,0
204,CASH_OUT,129889.09,170179.0,40289.91,198570.09,328459.19,0,0
204,TRANSFER,73482.34,41379.0,0.0,0.0,73482.34,0,0
204,CASH_OUT,190894.47,0.0,0.0,835122.89,1026017.36,0,0
204,CASH_OUT,324700.09,2730.0,0.0,578638.17,903338.25,0,0
204,CASH_OUT,131825.8,188.0,0.0,124071.87,255897.66,0,0
204,CASH_OUT,159923.3,110.0,0.0,0.0,309446.76,0,0
204,CASH_OUT,6246.76,0.0,0.0,1156774.2,1163020.95,0,0
204,CASH_OUT,390797.33,44345.52,0.0,456056.19,846853.52,0,0
204,PAYMENT,10496.48,0.0,0.0,0.0,0.0,0,0
204,PAYMENT,1234.94,0.0,0.0,0.0,0.0,0,0
204,CASH_OUT,188934.21,7180.0,0.0,0.0,188934.21,0,0
204,PAYMENT,2150.99,49511.0,47360.01,0.0,0.0,0,0
204,PAYMENT,8126.96,21507.0,13380.04,0.0,0.0,0,0
204,CASH_OUT,302291.57,0.0,0.0,696518.28,998809.85,0,0
204,CASH_OUT,100048.72,0.0,0.0,244339.96,344388.69,0,0
204,PAYMENT,8932.37,11420.0,2487.63,0.0,0.0,0,0
204,PAYMENT,6632.53,0.0,0.0,0.0,0.0,0,0
204,PAYMENT,809.96,36144.64,35334.69,0.0,0.0,0,0
204,PAYMENT,382.38,22627.56,22245.19,0.0,0.0,0,0
204,PAYMENT,13943.59,0.0,0.0,0.0,0.0,0,0
204,CASH_OUT,179218.08,0.0,0.0,716232.72,895450.8,0,0
204,CASH_OUT,12637.12,202.0,0.0,436898.06,449535.18,0,0
204,PAYMENT,645.35,0.0,0.0,0.0,0.0,0,0
204,PAYMENT,2453.91,52777.0,50323.09,0.0,0.0,0,0
204,CASH_OUT,229201.68,31467.0,0.0,0.0,229201.68,0,0
204,TRANSFER,24170.62,0.0,0.0,148617.75,172788.38,0,0
204,PAYMENT,21595.34,0.0,0.0,0.0,0.0,0,0
204,PAYMENT,11431.8,7805.0,0.0,0.0,0.0,0,0
204,CASH_OUT,93492.02,0.0,0.0,290414.2,383906.22,0,0
204,PAYMENT,6953.39,0.0,0.0,0.0,0.0,0,0
204,CASH_OUT,36483.57,0.0,0.0,1058326.16,1094809.73,0,0
204,PAYMENT,50398.48,0.0,0.0,0.0,0.0,0,0
204,CASH_OUT,111461.57,0.0,0.0,204596.0,518127.59,0,0
204,PAYMENT,5013.87,13250.0,8236.13,0.0,0.0,0,0
204,PAYMENT,6914.67,0.0,0.0,0.0,0.0,0,0
204,CASH_OUT,103259.73,623.0,0.0,60988.75,164248.48,0,0
204,CASH_OUT,147500.57,0.0,0.0,218261.42,365761.99,0,0
204,TRANSFER,221311.04,26373.0,0.0,9336.11,230647.15,0,0
204,CASH_OUT,50147.2,23651.0,0.0,0.0,50147.2,0,0
204,CASH_OUT,172373.18,0.0,0.0,675629.6,848002.78,0,0
204,CASH_OUT,186668.38,0.0,0.0,222869.96,409538.34,0,0
204,CASH_OUT,14865.49,0.0,0.0,101939.72,116805.21,0,0
204,CASH_OUT,174247.26,39824.0,0.0,127080.21,301327.47,0,0
204,CASH_OUT,145590.22,100770.0,0.0,525843.46,671433.67,0,0
204,CASH_OUT,299166.69,0.0,0.0,454741.82,753908.51,0,0
204,PAYMENT,5763.57,31394.0,25630.43,0.0,0.0,0,0
204,PAYMENT,1089.61,0.0,0.0,0.0,0.0,0,0
204,CASH_OUT,295091.65,3742.0,0.0,869136.34,1164227.99,0,0
204,PAYMENT,5346.14,518.45,0.0,0.0,0.0,0,0
204,CASH_OUT,307205.57,20528.0,0.0,0.0,307205.57,0,0
204,PAYMENT,2255.76,815.0,0.0,0.0,0.0,0,0
204,PAYMENT,10641.89,0.0,0.0,0.0,0.0,0,0
204,CASH_OUT,233938.72,115.0,0.0,0.0,233938.72,0,0
204,PAYMENT,4456.59,0.0,0.0,0.0,0.0,0,0
204,CASH_OUT,230809.47,0.0,0.0,648304.03,879113.51,0,0
204,PAYMENT,464.68,0.0,0.0,0.0,0.0,0,0
204,PAYMENT,2670.1,8079.0,5408.9,0.0,0.0,0,0
204,PAYMENT,2479.93,40817.0,38337.07,0.0,0.0,0,0
204,CASH_OUT,160480.9,0.0,0.0,372021.67,532502.56,0,0
204,PAYMENT,343.85,40582.0,40238.15,0.0,0.0,0,0
204,CASH_OUT,81151.58,106254.0,25102.42,713409.68,794561.26,0,0
204,CASH_OUT,95496.64,0.0,0.0,581082.77,676579.41,0,0
204,TRANSFER,115248.18,37807.0,0.0,0.0,115248.18,0,0
204,CASH_OUT,260596.68,174496.0,0.0,0.0,260596.68,0,0
204,CASH_OUT,147408.31,1575.0,0.0,80520.97,227929.29,0,0
204,PAYMENT,3944.67,848.0,0.0,0.0,0.0,0,0
204,PAYMENT,16643.18,29621.0,12977.82,0.0,0.0,0,0
204,TRANSFER,79938.47,79938.47,0.0,0.0,0.0,1,0
204,CASH_OUT,79938.47,79938.47,0.0,0.0,79938.47,1,0
204,TRANSFER,81244.31,81244.31,0.0,0.0,0.0,1,0
204,CASH_OUT,81244.31,81244.31,0.0,62279.28,143523.59,1,0
205,CASH_OUT,345467.12,13541.0,0.0,0.0,345467.12,0,0
205,PAYMENT,1358.55,0.0,0.0,0.0,0.0,0,0
205,PAYMENT,1079.79,0.0,0.0,0.0,0.0,0,0
205,PAYMENT,6390.56,11557.0,5166.44,0.0,0.0,0,0
205,CASH_OUT,197806.74,104223.0,0.0,0.0,197806.74,0,0
205,CASH_OUT,224333.53,0.0,0.0,921482.89,1145816.42,0,0
205,CASH_OUT,18967.3,0.0,0.0,303796.82,322764.13,0,0
205,CASH_OUT,186814.32,31849.0,0.0,35361.99,222176.3,0,0
205,PAYMENT,15152.63,186.0,0.0,0.0,0.0,0,0
205,PAYMENT,18013.07,0.0,0.0,0.0,0.0,0,0
205,PAYMENT,2146.08,0.0,0.0,0.0,0.0,0,0
205,TRANSFER,150271.73,0.0,0.0,867088.03,1017359.76,0,0
205,CASH_OUT,66401.59,65212.0,0.0,1092620.56,1223576.7,0,0
205,CASH_OUT,86040.25,0.0,0.0,122538.16,208578.41,0,0
205,PAYMENT,2072.38,0.0,0.0,0.0,0.0,0,0
205,CASH_OUT,155862.95,0.0,0.0,397227.74,553090.69,0,0
205,CASH_OUT,9153.44,0.0,0.0,274666.54,283819.98,0,0
205,CASH_OUT,480055.66,0.0,0.0,752306.41,1232362.07,0,0
205,PAYMENT,24547.8,35575.0,11027.2,0.0,0.0,0,0
205,PAYMENT,10691.15,14269.83,3578.68,0.0,0.0,0,0
205,PAYMENT,1742.19,1089.0,0.0,0.0,0.0,0,0
205,PAYMENT,13996.67,0.0,0.0,0.0,0.0,0,0
205,CASH_OUT,330198.34,0.0,0.0,767592.94,1097791.28,0,0
205,CASH_OUT,49386.48,20646.0,0.0,814912.85,864299.32,0,0
205,PAYMENT,16971.62,1386.0,0.0,0.0,0.0,0,0
205,CASH_OUT,200631.16,51941.0,0.0,0.0,200631.16,0,0
205,PAYMENT,2544.27,44605.59,42061.32,0.0,0.0,0,0
205,TRANSFER,364530.55,0.0,0.0,623933.77,988464.32,0,0
205,CASH_OUT,28121.98,0.0,0.0,191987.72,220109.7,0,0
205,CASH_IN,8668.56,13750.0,22418.56,361287.43,352618.87,0,0
205,CASH_OUT,294077.54,0.0,0.0,492594.6,786672.14,0,0
205,PAYMENT,4883.62,37666.4,32782.78,0.0,0.0,0,0
205,PAYMENT,11858.12,1143.0,0.0,0.0,0.0,0,0
205,PAYMENT,38907.03,42491.0,3583.97,0.0,0.0,0,0
205,PAYMENT,3814.9,22399.78,18584.88,0.0,0.0,0,0
205,CASH_OUT,135553.7,157416.0,21862.3,761954.51,897508.21,0,0
205,PAYMENT,13420.91,0.0,0.0,0.0,0.0,0,0
205,PAYMENT,7607.79,0.0,0.0,0.0,0.0,0,0
205,PAYMENT,16238.92,0.0,0.0,0.0,0.0,0,0
205,CASH_OUT,50176.88,0.0,0.0,79849.96,130026.84,0,0
205,PAYMENT,12928.01,0.0,0.0,0.0,0.0,0,0
205,CASH_OUT,11014.26,0.0,0.0,653872.05,664886.31,0,0
205,CASH_OUT,61105.29,0.0,0.0,396789.13,457894.42,0,0
205,PAYMENT,7131.56,0.0,0.0,0.0,0.0,0,0
205,CASH_OUT,106275.17,19966.0,0.0,157653.62,263928.78,0,0
205,PAYMENT,13849.82,64950.84,51101.03,0.0,0.0,0,0
205,CASH_OUT,126794.82,19654.0,0.0,0.0,126794.82,0,0
205,PAYMENT,3105.17,0.0,0.0,0.0,0.0,0,0
205,PAYMENT,2018.9,0.0,0.0,0.0,0.0,0,0
205,PAYMENT,9066.38,0.0,0.0,0.0,0.0,0,0
205,PAYMENT,9610.24,28226.0,18615.76,0.0,0.0,0,0
205,CASH_OUT,124062.51,21805.0,0.0,321983.26,446045.78,0,0
205,PAYMENT,22938.59,21472.0,0.0,0.0,0.0,0,0
205,PAYMENT,4573.31,49804.0,45230.69,0.0,0.0,0,0
205,PAYMENT,11338.79,126.0,0.0,0.0,0.0,0,0
205,CASH_OUT,155317.49,2244.0,0.0,475737.15,631054.64,0,0
205,CASH_OUT,145174.53,0.0,0.0,386994.11,532168.63,0,0
205,CASH_OUT,330106.19,5529.0,0.0,0.0,330106.19,0,0
205,CASH_OUT,134621.96,0.0,0.0,1003078.71,1137700.68,0,0
205,PAYMENT,4218.87,62270.52,58051.64,0.0,0.0,0,0
205,CASH_OUT,100383.48,9209.0,0.0,151544.81,251928.28,0,0
205,CASH_OUT,71144.24,0.0,0.0,299111.93,370256.17,0,0
205,CASH_OUT,231343.08,18187.0,0.0,174141.64,405484.72,0,0
205,PAYMENT,9689.88,40750.0,31060.12,0.0,0.0,0,0
205,CASH_OUT,238590.0,15228.0,0.0,200297.34,584899.87,0,0
205,CASH_OUT,190691.72,0.0,0.0,482406.58,673098.3,0,0
205,CASH_OUT,181294.17,0.0,0.0,388788.97,570083.15,0,0
205,PAYMENT,12094.02,14551.01,2456.99,0.0,0.0,0,0
205,PAYMENT,3300.91,1196.0,0.0,0.0,0.0,0,0
205,PAYMENT,5923.65,0.0,0.0,0.0,0.0,0,0
205,CASH_OUT,118495.87,4090.0,0.0,883488.16,1001984.03,0,0
205,PAYMENT,4834.49,0.0,0.0,0.0,0.0,0,0
205,CASH_OUT,95865.48,21917.0,0.0,21687.18,117552.67,0,0
205,PAYMENT,10315.37,22230.0,11914.63,0.0,0.0,0,0
205,TRANSFER,247456.4,0.0,0.0,933111.16,1180567.55,0,0
205,PAYMENT,12647.96,0.0,0.0,0.0,0.0,0,0
205,TRANSFER,14376.43,0.0,0.0,274903.19,289279.62,0,0
205,PAYMENT,47990.92,13528.2,0.0,0.0,0.0,0,0
205,PAYMENT,13450.59,502.0,0.0,0.0,0.0,0,0
205,PAYMENT,20980.37,3026.49,0.0,0.0,0.0,0,0
205,CASH_OUT,124164.37,0.0,0.0,280852.02,405016.39,0,0
205,CASH_OUT,406837.04,51346.0,0.0,28811.41,435648.45,0,0
205,PAYMENT,7538.28,0.0,0.0,0.0,0.0,0,0
205,PAYMENT,2047.21,0.0,0.0,0.0,0.0,0,0
205,PAYMENT,9941.92,15391.0,5449.08,0.0,0.0,0,0
205,CASH_OUT,6936.89,24854.0,17917.11,0.0,6936.89,0,0
205,CASH_OUT,153222.44,0.0,0.0,855815.65,1009038.08,0,0
205,CASH_OUT,194542.46,70313.0,0.0,0.0,194542.46,0,0
205,PAYMENT,3299.52,0.0,0.0,0.0,0.0,0,0
205,CASH_OUT,92613.42,1005.0,0.0,0.0,92613.42,0,0
205,CASH_IN,30752.02,728.0,31480.02,0.0,0.0,0,0
205,PAYMENT,20743.54,5243.0,0.0,0.0,0.0,0,0
205,CASH_OUT,47014.95,11538.0,0.0,261352.54,308367.5,0,0
205,PAYMENT,5746.69,0.0,0.0,0.0,0.0,0,0
205,PAYMENT,1893.26,0.0,0.0,0.0,0.0,0,0
205,CASH_OUT,146629.11,130368.0,0.0,0.0,146629.11,0,0
205,CASH_OUT,64118.43,0.0,0.0,547588.94,611707.37,0,0
205,CASH_OUT,97681.09,287.0,0.0,234419.45,332100.54,0,0
205,TRANSFER,473064.43,31239.18,0.0,721740.29,1194804.72,0,0
205,CASH_OUT,2906.62,0.0,0.0,132863.1,135769.71,0,0
205,CASH_OUT,55641.19,30293.0,0.0,0.0,55641.19,0,0
205,PAYMENT,2837.81,20183.0,17345.19,0.0,0.0,0,0
205,CASH_OUT,350822.41,534.0,0.0,0.0,350822.41,0,0
205,CASH_OUT,26059.19,0.0,0.0,518196.72,544255.91,0,0
205,CASH_OUT,392155.79,59950.0,0.0,0.0,392155.79,0,0
205,PAYMENT,20524.68,5157.0,0.0,0.0,0.0,0,0
205,PAYMENT,9896.68,0.0,0.0,0.0,0.0,0,0
205,TRANSFER,17593.5,0.0,0.0,89784.45,107377.94,0,0
205,CASH_OUT,114559.03,46657.0,0.0,348752.88,463311.91,0,0
205,TRANSFER,245213.05,0.0,0.0,364272.27,609485.32,0,0
205,TRANSFER,188473.09,188473.09,0.0,0.0,0.0,1,0
205,CASH_OUT,188473.09,188473.09,0.0,209686.58,398159.67,1,0
205,TRANSFER,216179.15,216179.15,0.0,0.0,0.0,1,0
205,CASH_OUT,216179.15,216179.15,0.0,280881.31,497060.46,1,0
205,TRANSFER,245694.84,245694.84,0.0,0.0,0.0,1,0
205,CASH_OUT,245694.84,245694.84,0.0,0.0,245694.84,1,0
205,TRANSFER,128572.96,128572.96,0.0,0.0,0.0,1,0
205,CASH_OUT,128572.96,128572.96,0.0,196488.42,325061.38,1,0
205,TRANSFER,96640.12,96640.12,0.0,0.0,0.0,1,0
206,CASH_OUT,34500.07,60956.0,26455.93,429340.64,463840.71,0,0
206,CASH_OUT,172935.88,22925.0,0.0,116206.32,289142.2,0,0
206,PAYMENT,7844.8,580.0,0.0,0.0,0.0,0,0
206,PAYMENT,10683.77,13032.0,2348.23,0.0,0.0,0,0
206,CASH_OUT,107839.09,61332.0,0.0,441345.45,549184.54,0,0
206,PAYMENT,25816.79,0.0,0.0,0.0,0.0,0,0
206,CASH_OUT,99017.14,0.0,0.0,107249.93,206267.07,0,0
206,CASH_OUT,39788.16,0.0,0.0,687712.31,727500.47,0,0
206,PAYMENT,4405.02,0.0,0.0,0.0,0.0,0,0
206,PAYMENT,12208.2,1803.0,0.0,0.0,0.0,0,0
206,PAYMENT,15389.9,0.0,0.0,0.0,0.0,0,0
206,CASH_OUT,77191.43,0.0,0.0,964501.74,1041693.17,0,0
206,CASH_OUT,180636.77,0.0,0.0,247997.38,428634.15,0,0
206,PAYMENT,10677.9,26379.26,15701.36,0.0,0.0,0,0
206,PAYMENT,13522.02,10625.0,0.0,0.0,0.0,0,0
206,PAYMENT,4005.26,0.0,0.0,0.0,0.0,0,0
206,PAYMENT,9007.4,583.0,0.0,0.0,0.0,0,0
206,PAYMENT,8136.49,563.0,0.0,0.0,0.0,0,0
206,CASH_OUT,175280.92,49776.0,0.0,13557.19,188838.11,0,0
206,CASH_OUT,32194.49,83492.31,51297.83,74150.58,106345.07,0,0
206,PAYMENT,22023.51,0.0,0.0,0.0,0.0,0,0
206,PAYMENT,4954.86,0.0,0.0,0.0,0.0,0,0
206,PAYMENT,1814.53,0.0,0.0,0.0,0.0,0,0
206,CASH_OUT,23214.2,0.0,0.0,591814.68,615028.88,0,0
206,CASH_OUT,277589.96,59511.0,0.0,188261.47,465851.43,0,0
206,PAYMENT,586.49,20875.0,20288.51,0.0,0.0,0,0
206,PAYMENT,1170.85,0.0,0.0,0.0,0.0,0,0
206,PAYMENT,2933.4,9775.0,6841.6,0.0,0.0,0,0
206,PAYMENT,1216.83,10194.0,8977.17,0.0,0.0,0,0
206,PAYMENT,2847.88,0.0,0.0,0.0,0.0,0,0
206,PAYMENT,2125.09,62238.0,60112.91,0.0,0.0,0,0
206,PAYMENT,12372.42,5232.0,0.0,0.0,0.0,0,0
206,CASH_OUT,21967.72,20385.0,0.0,152321.48,174289.2,0,0
206,PAYMENT,469.94,15157.85,14687.91,0.0,0.0,0,0
206,CASH_OUT,124597.11,21209.0,0.0,1014526.92,1139124.03,0,0
206,CASH_OUT,33939.54,43493.0,9553.46,62194.58,96134.12,0,0
206,PAYMENT,864.54,0.0,0.0,0.0,0.0,0,0
206,TRANSFER,345047.46,178462.0,0.0,202918.91,547966.37,0,0
206,CASH_OUT,6.27,12244.0,12237.73,556209.91,556216.17,0,0
206,CASH_OUT,424584.8,181646.0,0.0,285297.9,709882.7,0,0
206,CASH_OUT,91417.15,60992.96,0.0,133953.23,225370.38,0,0
206,PAYMENT,732.73,39146.0,38413.27,0.0,0.0,0,0
206,CASH_OUT,2091.4,0.0,0.0,14627.43,16718.83,0,0
206,CASH_OUT,89741.21,102436.0,12694.79,188973.54,278714.76,0,0
206,PAYMENT,2448.82,0.0,0.0,0.0,0.0,0,0
206,CASH_OUT,167997.9,3144.92,0.0,584972.83,752970.74,0,0
206,PAYMENT,41858.74,0.0,0.0,0.0,0.0,0,0
206,PAYMENT,18747.65,25635.23,6887.58,0.0,0.0,0,0
206,CASH_OUT,206858.54,0.0,0.0,289362.02,496220.57,0,0
206,CASH_OUT,257177.11,0.0,0.0,488222.36,745399.47,0,0
206,PAYMENT,15502.0,0.0,0.0,0.0,0.0,0,0
206,PAYMENT,4269.39,10163.0,5893.61,0.0,0.0,0,0
206,CASH_OUT,202869.93,201205.0,0.0,5235.87,208105.8,0,0
206,CASH_OUT,93079.72,0.0,0.0,452315.93,545395.65,0,0
206,CASH_OUT,89332.46,9461.0,0.0,0.0,89332.46,0,0
206,CASH_OUT,123187.39,384.0,0.0,305677.91,428865.3,0,0
206,PAYMENT,28515.62,47746.0,19230.38,0.0,0.0,0,0
206,CASH_OUT,60138.88,6016.0,0.0,155838.78,215977.66,0,0
206,PAYMENT,11051.45,15760.0,4708.55,0.0,0.0,0,0
206,PAYMENT,10564.89,0.0,0.0,0.0,0.0,0,0
206,CASH_OUT,10456.97,0.0,0.0,464679.38,475136.34,0,0
206,PAYMENT,3986.48,0.0,0.0,0.0,0.0,0,0
206,PAYMENT,561.39,34927.0,34365.61,0.0,0.0,0,0
206,PAYMENT,4189.27,20306.0,16116.73,0.0,0.0,0,0
206,PAYMENT,17902.51,0.0,0.0,0.0,0.0,0,0
206,PAYMENT,25043.06,0.0,0.0,0.0,0.0,0,0
206,CASH_OUT,103518.9,21480.0,0.0,0.0,103518.9,0,0
206,PAYMENT,24197.37,156.91,0.0,0.0,0.0,0,0
206,PAYMENT,1573.71,29951.0,28377.29,0.0,0.0,0,0
206,PAYMENT,20217.02,0.0,0.0,0.0,0.0,0,0
206,PAYMENT,7999.48,0.0,0.0,0.0,0.0,0,0
206,CASH_OUT,22543.72,75072.0,52528.28,204313.88,226857.6,0,0
206,CASH_OUT,167152.52,60816.0,0.0,49029.41,216181.93,0,0
206,PAYMENT,13198.02,9904.0,0.0,0.0,0.0,0,0
206,PAYMENT,4650.88,0.0,0.0,0.0,0.0,0,0
206,CASH_OUT,6578.11,0.0,0.0,437694.6,444272.7,0,0
206,PAYMENT,4335.42,21485.0,17149.58,0.0,0.0,0,0
206,CASH_OUT,175074.49,11169.0,0.0,0.0,175074.49,0,0
206,PAYMENT,40687.85,0.0,0.0,0.0,0.0,0,0
206,CASH_OUT,100130.69,0.0,0.0,177290.24,277420.93,0,0
206,TRANSFER,36273.71,21179.0,0.0,212510.96,248784.67,0,0
206,PAYMENT,11550.55,0.0,0.0,0.0,0.0,0,0
206,CASH_OUT,44624.14,10223.0,0.0,0.0,44624.14,0,0
206,PAYMENT,3276.64,4021.0,744.36,0.0,0.0,0,0
206,PAYMENT,10124.91,0.0,0.0,0.0,0.0,0,0
206,PAYMENT,5782.06,0.0,0.0,0.0,0.0,0,0
206,PAYMENT,4766.5,0.0,0.0,0.0,0.0,0,0
206,PAYMENT,1054.38,7752.5,6698.12,0.0,0.0,0,0
206,CASH_OUT,144160.02,51200.0,0.0,62632.59,206792.61,0,0
206,CASH_OUT,37000.1,0.0,0.0,1190455.19,1227455.29,0,0
206,PAYMENT,56473.11,57609.21,1136.1,0.0,0.0,0,0
206,CASH_OUT,68670.68,22123.0,0.0,0.0,68670.68,0,0
206,CASH_OUT,90520.67,110.0,0.0,0.0,90520.67,0,0
206,PAYMENT,9554.36,29661.0,20106.64,0.0,0.0,0,0
206,PAYMENT,11052.75,0.0,0.0,0.0,0.0,0,0
206,PAYMENT,4971.67,0.0,0.0,0.0,0.0,0,0
206,TRANSFER,81528.79,9695.0,0.0,0.0,81528.79,0,0
206,TRANSFER,163844.92,0.0,0.0,782880.89,946725.81,0,0
206,TRANSFER,14206.82,14206.82,0.0,0.0,0.0,1,0
206,CASH_OUT,14206.82,14206.82,0.0,261865.6,276072.43,1,0
206,TRANSFER,154196.49,154196.49,0.0,0.0,0.0,1,0
206,CASH_OUT,154196.49,154196.49,0.0,325765.34,479961.83,1,0
206,TRANSFER,235750.53,235750.53,0.0,0.0,0.0,1,0
206,CASH_OUT,235750.53,235750.53,0.0,416.92,236167.45,1,0
207,PAYMENT,9823.04,0.0,0.0,0.0,0.0,0,0
207,PAYMENT,6205.18,14798.0,8592.82,0.0,0.0,0,0
207,PAYMENT,12223.99,0.0,0.0,0.0,0.0,0,0
207,PAYMENT,9632.84,39830.0,30197.16,0.0,0.0,0,0
207,PAYMENT,12993.37,15581.0,2587.63,0.0,0.0,0,0
207,CASH_OUT,23430.21,0.0,0.0,159998.84,183429.05,0,0
207,CASH_OUT,210753.69,44391.0,0.0,689439.5,900193.19,0,0
207,CASH_OUT,346385.44,42218.0,0.0,270080.83,616466.26,0,0
207,CASH_OUT,178852.05,325.0,0.0,0.0,178852.05,0,0
207,CASH_OUT,35452.76,21509.0,0.0,0.0,35452.76,0,0
207,TRANSFER,35049.17,39342.0,4292.83,156312.26,191361.42,0,0
207,CASH_OUT,272074.59,0.0,0.0,533501.03,805575.61,0,0
207,CASH_OUT,102022.62,0.0,0.0,955706.12,1057728.73,0,0
207,PAYMENT,241.13,0.0,0.0,0.0,0.0,0,0
207,PAYMENT,1254.27,0.0,0.0,0.0,0.0,0,0
207,CASH_OUT,104090.65,0.0,0.0,466565.25,570655.9,0,0
207,CASH_OUT,158049.16,27567.97,0.0,187982.07,346031.22,0,0
207,CASH_IN,20365.22,12565.0,32930.22,0.0,0.0,0,0
207,PAYMENT,9007.79,0.0,0.0,0.0,0.0,0,0
207,CASH_OUT,200516.8,28759.0,0.0,0.0,200516.8,0,0
207,CASH_OUT,122921.27,0.0,0.0,1106974.28,1229895.55,0,0
207,CASH_OUT,29948.88,11284.0,0.0,936967.56,966916.44,0,0
207,CASH_OUT,386062.6,5030.0,0.0,0.0,386062.6,0,0
207,PAYMENT,6997.62,14657.0,7659.38,0.0,0.0,0,0
207,PAYMENT,34087.42,0.0,0.0,0.0,0.0,0,0
207,CASH_OUT,22476.71,0.0,0.0,459004.67,481481.38,0,0
207,CASH_OUT,295851.92,11201.0,0.0,184956.93,480808.85,0,0
207,CASH_OUT,150759.81,10808.0,0.0,0.0,150759.81,0,0
207,CASH_OUT,213230.98,51901.0,0.0,0.0,213230.98,0,0
207,PAYMENT,39006.04,81084.9,42078.86,0.0,0.0,0,0
207,PAYMENT,7966.89,0.0,0.0,0.0,0.0,0,0
207,PAYMENT,8420.94,59224.0,50803.06,0.0,0.0,0,0
207,CASH_OUT,249334.53,0.0,0.0,717909.86,967244.39,0,0
207,CASH_OUT,293907.15,10458.0,0.0,96634.37,390541.52,0,0
207,CASH_OUT,268121.95,21176.0,0.0,69568.0,300769.25,0,0
207,PAYMENT,18317.26,224.0,0.0,0.0,0.0,0,0
207,PAYMENT,198.13,0.0,0.0,0.0,0.0,0,0
207,CASH_OUT,113640.03,0.0,0.0,215132.14,328772.17,0,0
207,PAYMENT,9504.34,0.0,0.0,0.0,0.0,0,0
207,CASH_OUT,39432.22,0.0,0.0,865014.62,904446.84,0,0
207,CASH_OUT,214681.11,27582.0,0.0,371020.17,585701.28,0,0
207,CASH_OUT,56226.75,0.0,0.0,264820.03,321046.78,0,0
207,CASH_OUT,128968.66,12803.0,0.0,0.0,128968.66,0,0
207,PAYMENT,19689.58,51814.18,32124.6,0.0,0.0,0,0
207,CASH_OUT,71647.33,11823.0,0.0,952841.03,1024488.36,0,0
207,PAYMENT,3087.11,0.0,0.0,0.0,0.0,0,0
207,CASH_OUT,132165.12,0.0,0.0,213509.18,345674.3,0,0
207,PAYMENT,7659.52,65043.65,57384.14,0.0,0.0,0,0
207,CASH_OUT,205880.72,106560.0,0.0,269272.27,475153.0,0,0
207,CASH_OUT,120104.58,31504.0,0.0,241494.19,361598.77,0,0
207,CASH_OUT,148443.17,0.0,0.0,403771.85,552215.03,0,0
207,PAYMENT,8043.03,0.0,0.0,0.0,0.0,0,0
207,TRANSFER,180342.18,211969.0,31626.82,301952.71,482294.89,0,0
207,PAYMENT,88.71,0.0,0.0,0.0,0.0,0,0
207,PAYMENT,14466.46,20297.0,5830.54,0.0,0.0,0,0
207,PAYMENT,19620.16,1409.0,0.0,0.0,0.0,0,0
207,CASH_OUT,135993.41,0.0,0.0,556562.71,692556.12,0,0
207,CASH_OUT,444382.13,39288.0,0.0,86243.49,530625.62,0,0
207,PAYMENT,4144.72,0.0,0.0,0.0,0.0,0,0
207,PAYMENT,981.61,50623.0,49641.39,0.0,0.0,0,0
207,TRANSFER,38427.47,38427.47,0.0,0.0,0.0,1,0
207,CASH_OUT,38427.47,38427.47,0.0,27167.41,65594.88,1,0
208,CASH_OUT,157938.99,0.0,0.0,527945.05,685884.04,0,0
208,CASH_OUT,122291.92,118646.0,0.0,240907.95,363199.87,0,0
208,CASH_OUT,192047.02,0.0,0.0,320241.15,512288.17,0,0
208,PAYMENT,13505.38,15526.0,2020.62,0.0,0.0,0,0
208,TRANSFER,449882.18,185.0,0.0,0.0,449882.18,0,0
208,CASH_OUT,205856.15,0.0,0.0,265315.0,471171.15,0,0
208,PAYMENT,1415.02,10832.0,9416.98,0.0,0.0,0,0
208,PAYMENT,8890.81,0.0,0.0,0.0,0.0,0,0
208,CASH_OUT,253648.51,0.0,0.0,499592.3,753240.82,0,0
208,PAYMENT,3475.94,21197.0,17721.06,0.0,0.0,0,0
208,PAYMENT,16181.53,6269.0,0.0,0.0,0.0,0,0
208,PAYMENT,3027.74,0.0,0.0,0.0,0.0,0,0
208,CASH_OUT,128401.84,8955.0,0.0,752231.52,880633.36,0,0
208,CASH_OUT,74507.41,5945.0,0.0,0.0,74507.41,0,0
208,DEBIT,2720.22,2544.0,0.0,873863.17,876583.39,0,0
208,PAYMENT,3729.44,0.0,0.0,0.0,0.0,0,0
208,PAYMENT,8120.43,0.0,0.0,0.0,0.0,0,0
208,CASH_IN,34710.15,10086.0,44796.15,97653.69,62943.54,0,0
208,CASH_OUT,302546.82,60127.0,0.0,83604.65,485380.31,0,0
208,PAYMENT,10668.71,21145.0,10476.29,0.0,0.0,0,0
208,TRANSFER,177015.51,147414.0,0.0,811394.01,988409.53,0,0
208,PAYMENT,294.04,0.0,0.0,0.0,0.0,0,0
208,PAYMENT,6697.39,39510.0,32812.61,0.0,0.0,0,0
208,PAYMENT,5367.51,0.0,0.0,0.0,0.0,0,0
208,CASH_OUT,98402.82,50597.0,0.0,0.0,98402.82,0,0
208,PAYMENT,6367.38,887.36,0.0,0.0,0.0,0,0
208,PAYMENT,53794.28,0.0,0.0,0.0,0.0,0,0
208,CASH_OUT,77508.84,0.0,0.0,199348.4,276857.24,0,0
208,CASH_OUT,385716.18,13830.0,0.0,0.0,385716.18,0,0
208,CASH_OUT,182030.01,20326.0,0.0,276174.39,458204.4,0,0
208,PAYMENT,3700.14,133.0,0.0,0.0,0.0,0,0
208,CASH_OUT,89092.63,11431.0,0.0,0.0,89092.63,0,0
208,PAYMENT,3100.29,233.0,0.0,0.0,0.0,0,0
208,PAYMENT,59251.44,0.0,0.0,0.0,0.0,0,0
208,CASH_OUT,304047.61,266.0,0.0,4961.41,309009.02,0,0
208,CASH_OUT,122971.55,0.0,0.0,154649.26,277620.81,0,0
208,PAYMENT,6065.09,34384.01,28318.92,0.0,0.0,0,0
208,PAYMENT,18249.28,0.0,0.0,0.0,0.0,0,0
208,PAYMENT,3701.88,11108.0,7406.12,0.0,0.0,0,0
208,CASH_OUT,274713.79,363.0,0.0,768762.0,1043475.79,0,0
208,CASH_OUT,182682.39,0.0,0.0,557873.31,740555.7,0,0
208,PAYMENT,3345.94,0.0,0.0,0.0,0.0,0,0
208,PAYMENT,0.51,16044.0,16043.49,0.0,0.0,0,0
208,PAYMENT,7703.43,0.0,0.0,0.0,0.0,0,0
208,PAYMENT,14612.49,61987.0,47374.51,0.0,0.0,0,0
208,CASH_OUT,461413.41,20868.0,0.0,0.0,361416.93,0,0
208,CASH_OUT,248943.46,31991.0,0.0,0.0,248943.46,0,0
208,PAYMENT,7410.12,13015.85,5605.73,0.0,0.0,0,0
208,PAYMENT,14498.94,12264.04,0.0,0.0,0.0,0,0
208,PAYMENT,11931.48,11121.0,0.0,0.0,0.0,0,0
208,CASH_OUT,16650.48,352.0,0.0,814138.68,830789.16,0,0
208,CASH_OUT,250267.72,23844.0,0.0,31496.42,312097.82,0,0
208,PAYMENT,13944.9,0.0,0.0,0.0,0.0,0,0
208,PAYMENT,8357.87,68.0,0.0,0.0,0.0,0,0
208,CASH_OUT,155850.92,41396.0,0.0,1707.21,157558.13,0,0
208,CASH_OUT,255861.04,73187.0,0.0,0.0,255861.04,0,0
208,CASH_OUT,213016.31,0.0,0.0,290683.77,503700.07,0,0
208,PAYMENT,5101.14,1125.26,0.0,0.0,0.0,0,0
208,CASH_IN,38500.66,11712.09,50212.76,0.0,0.0,0,0
208,CASH_OUT,125497.61,0.0,0.0,474004.35,599501.96,0,0
208,CASH_OUT,81501.06,124693.0,43191.94,75517.6,157018.67,0,0
208,PAYMENT,20967.95,31221.0,10253.05,0.0,0.0,0,0
208,DEBIT,2282.89,11244.0,8961.11,106456.61,108739.5,0,0
208,CASH_OUT,318879.48,120739.0,0.0,20109.89,338989.36,0,0
208,TRANSFER,197835.84,63223.0,0.0,10838.1,208673.95,0,0
208,TRANSFER,6525.01,0.0,0.0,117247.07,123772.08,0,0
208,CASH_OUT,11299.08,0.0,0.0,1197272.05,1208571.13,0,0
208,PAYMENT,567.65,331.0,0.0,0.0,0.0,0,0
208,CASH_OUT,312407.48,0.0,0.0,831576.94,1143984.42,0,0
208,CASH_OUT,21808.41,48418.0,26609.59,349533.7,371342.11,0,0
208,PAYMENT,28438.22,82934.0,54495.78,0.0,0.0,0,0
208,PAYMENT,5788.44,39618.44,33830.0,0.0,0.0,0,0
208,PAYMENT,6587.27,42497.0,35909.73,0.0,0.0,0,0
208,CASH_OUT,96792.6,100623.0,3830.4,424991.13,536087.05,0,0
208,PAYMENT,13.09,0.0,0.0,0.0,0.0,0,0
208,CASH_OUT,51683.9,45597.0,0.0,706160.87,757844.77,0,0
208,PAYMENT,5754.01,43898.0,38143.99,0.0,0.0,0,0
208,PAYMENT,13214.04,0.0,0.0,0.0,0.0,0,0
208,CASH_IN,17715.04,6565.0,24280.04,166352.22,148637.18,0,0
208,CASH_OUT,291034.08,0.0,0.0,633622.72,924656.8,0,0
208,TRANSFER,121917.27,326.0,0.0,182414.61,381648.85,0,0
208,PAYMENT,6637.69,0.0,0.0,0.0,0.0,0,0
208,PAYMENT,11829.78,9940.0,0.0,0.0,0.0,0,0
208,TRANSFER,246402.71,246402.71,0.0,0.0,0.0,1,0
208,CASH_OUT,246402.71,246402.71,0.0,51433.96,297836.67,1,0
208,TRANSFER,164519.7,164519.7,0.0,0.0,0.0,1,0
208,CASH_OUT,164519.7,164519.7,0.0,0.0,164519.7,1,0
208,TRANSFER,134861.82,134861.82,0.0,0.0,0.0,1,0
208,CASH_OUT,134861.82,134861.82,0.0,0.0,134861.82,1,0
208,TRANSFER,50820.71,50820.71,0.0,0.0,0.0,1,0
208,CASH_OUT,50820.71,50820.71,0.0,0.0,50820.71,1,0
208,TRANSFER,131261.23,131261.23,0.0,0.0,0.0,1,0
208,CASH_OUT,291519.84,0.0,0.0,0.0,291519.84,1,0
208,TRANSFER,23031.26,23031.26,0.0,0.0,0.0,1,0
208,CASH_OUT,23031.26,23031.26,0.0,69782.59,92813.86,1,0
209,PAYMENT,4259.47,0.0,0.0,0.0,0.0,0,0
209,CASH_OUT,228948.21,97639.08,0.0,911408.61,1140356.82,0,0
209,PAYMENT,5683.96,0.0,0.0,0.0,0.0,0,0
209,CASH_OUT,69402.84,92547.0,23144.16,0.0,69402.84,0,0
209,PAYMENT,3041.35,0.0,0.0,0.0,0.0,0,0
209,PAYMENT,8218.72,0.0,0.0,0.0,0.0,0,0
209,CASH_OUT,112346.52,10098.0,0.0,150991.81,263338.33,0,0
209,PAYMENT,13842.87,0.0,0.0,0.0,0.0,0,0
209,PAYMENT,9765.35,10445.0,679.65,0.0,0.0,0,0
209,CASH_OUT,259557.92,29004.0,0.0,44270.2,303828.12,0,0
209,CASH_OUT,99783.65,0.0,0.0,433677.4,533461.05,0,0
209,CASH_OUT,15816.33,0.0,0.0,446058.64,461874.97,0,0
209,CASH_OUT,59825.34,0.0,0.0,62228.02,122053.37,0,0
209,PAYMENT,33157.21,1266.16,0.0,0.0,0.0,0,0
209,CASH_OUT,414306.22,39626.0,0.0,231843.2,646149.42,0,0
209,CASH_OUT,274658.22,102317.0,0.0,976447.38,1251105.6,0,0
209,CASH_OUT,25632.14,49993.0,24360.86,191878.53,217510.68,0,0
209,CASH_OUT,248333.7,53291.0,0.0,0.0,248333.7,0,0
209,CASH_OUT,184284.82,62494.0,0.0,164914.17,349198.98,0,0
209,PAYMENT,2137.15,10801.0,8663.85,0.0,0.0,0,0
209,CASH_OUT,210993.89,0.0,0.0,449431.34,660425.23,0,0
209,CASH_OUT,32437.42,49652.0,17214.58,0.0,32437.42,0,0
209,PAYMENT,11754.96,0.0,0.0,0.0,0.0,0,0
209,CASH_OUT,125364.43,21086.0,0.0,0.0,125364.43,0,0
209,CASH_OUT,89953.58,0.0,0.0,864524.56,954478.14,0,0
209,CASH_OUT,139416.14,188731.0,49314.86,0.0,139416.14,0,0
209,CASH_OUT,24854.31,4548.0,0.0,370994.58,395848.89,0,0
209,PAYMENT,4203.51,0.0,0.0,0.0,0.0,0,0
209,CASH_OUT,94835.74,66907.0,0.0,278841.21,373676.95,0,0
209,CASH_OUT,56060.37,7183.0,0.0,0.0,56060.37,0,0
209,PAYMENT,18259.13,6306.11,0.0,0.0,0.0,0,0
209,PAYMENT,3472.11,0.0,0.0,0.0,0.0,0,0
209,PAYMENT,1701.71,0.0,0.0,0.0,0.0,0,0
209,PAYMENT,3124.88,43019.0,39894.12,0.0,0.0,0,0
209,CASH_OUT,1478.19,59451.0,57972.81,1044306.37,1045784.56,0,0
209,CASH_OUT,232587.43,0.0,0.0,493562.0,726149.43,0,0
209,PAYMENT,11575.52,0.0,0.0,0.0,0.0,0,0
209,CASH_OUT,92676.66,223.0,0.0,0.0,92676.66,0,0
209,CASH_OUT,25089.4,0.0,0.0,266033.02,291122.41,0,0
209,PAYMENT,18472.51,0.0,0.0,0.0,0.0,0,0
209,PAYMENT,29118.97,0.0,0.0,0.0,0.0,0,0
209,CASH_OUT,187242.8,3163.0,0.0,418900.36,606143.17,0,0
209,CASH_OUT,458342.19,32737.0,0.0,42785.36,501127.55,0,0
209,CASH_OUT,243690.12,37697.0,0.0,0.0,243690.12,0,0
209,CASH_OUT,69791.38,25611.0,0.0,0.0,69791.38,0,0
209,PAYMENT,13602.0,0.0,0.0,0.0,0.0,0,0
209,PAYMENT,17402.89,72859.0,55456.11,0.0,0.0,0,0
209,TRANSFER,261101.05,0.0,0.0,635411.72,896512.76,0,0
209,PAYMENT,503.05,0.0,0.0,0.0,0.0,0,0
209,CASH_OUT,57369.01,91932.0,34562.99,182089.68,239458.69,0,0
209,CASH_OUT,190388.32,106955.0,0.0,0.0,190388.32,0,0
209,PAYMENT,12215.92,0.0,0.0,0.0,0.0,0,0
209,CASH_OUT,103323.96,0.0,0.0,486918.21,590242.17,0,0
209,CASH_OUT,64953.94,0.0,0.0,1084498.11,1149452.05,0,0
209,PAYMENT,9416.67,0.0,0.0,0.0,0.0,0,0
209,CASH_OUT,187770.14,0.0,0.0,235085.41,422855.55,0,0
209,PAYMENT,2175.6,88.0,0.0,0.0,0.0,0,0
209,PAYMENT,1122.34,244.0,0.0,0.0,0.0,0,0
209,PAYMENT,7988.7,11654.0,3665.3,0.0,0.0,0,0
209,CASH_OUT,192434.13,202915.0,10480.87,0.0,192434.13,0,0
209,CASH_OUT,237294.01,84740.0,0.0,487879.68,725173.7,0,0
209,TRANSFER,475347.89,0.0,0.0,482763.83,958111.72,0,0
209,PAYMENT,76423.74,61778.02,0.0,0.0,0.0,0,0
209,DEBIT,4296.13,14929.0,10632.87,34877.1,39173.23,0,0
209,PAYMENT,14134.2,0.0,0.0,0.0,0.0,0,0
209,PAYMENT,36911.91,0.0,0.0,0.0,0.0,0,0
209,PAYMENT,1523.59,22626.11,21102.52,0.0,0.0,0,0
209,TRANSFER,215246.79,1079.0,0.0,0.0,215246.79,0,0
209,TRANSFER,410570.9,21341.0,0.0,398056.95,808627.85,0,0
209,PAYMENT,7024.35,66725.23,59700.88,0.0,0.0,0,0
209,CASH_OUT,77451.55,34767.0,0.0,0.0,77451.55,0,0
209,PAYMENT,18856.55,0.0,0.0,0.0,0.0,0,0
209,PAYMENT,1905.47,0.0,0.0,0.0,0.0,0,0
209,CASH_OUT,171863.37,188266.0,16402.63,93505.93,265369.3,0,0
209,CASH_OUT,111145.02,102348.0,0.0,0.0,111145.02,0,0
209,PAYMENT,3030.47,18255.94,15225.47,0.0,0.0,0,0
209,PAYMENT,3144.75,9923.0,6778.25,0.0,0.0,0,0
209,CASH_OUT,187406.29,42906.0,0.0,246025.25,433431.54,0,0
209,TRANSFER,214743.24,20196.0,0.0,0.0,214743.24,0,0
209,CASH_OUT,91669.82,5009.0,0.0,0.0,91669.82,0,0
209,PAYMENT,8065.07,0.0,0.0,0.0,0.0,0,0
209,PAYMENT,2149.4,31015.18,28865.78,0.0,0.0,0,0
209,CASH_OUT,98312.68,20752.0,0.0,0.0,98312.68,0,0
209,CASH_OUT,74640.83,0.0,0.0,1022489.86,1097130.69,0,0
209,PAYMENT,1594.91,6776.0,5181.09,0.0,0.0,0,0
209,CASH_OUT,54897.87,490.0,0.0,0.0,54897.87,0,0
209,PAYMENT,8318.95,6202.69,0.0,0.0,0.0,0,0
209,PAYMENT,4794.2,51741.0,46946.8,0.0,0.0,0,0
209,CASH_OUT,404598.34,21324.0,0.0,327992.04,732590.39,0,0
209,CASH_OUT,231492.04,0.0,0.0,329878.22,561370.25,0,0
209,PAYMENT,9573.04,17047.0,7473.96,0.0,0.0,0,0
209,CASH_OUT,78440.85,106306.0,27865.15,54671.95,133112.8,0,0
209,CASH_OUT,100087.46,0.0,0.0,158257.08,258344.53,0,0
209,CASH_OUT,84337.8,52107.0,0.0,0.0,84337.8,0,0
209,PAYMENT,6419.73,20891.0,14471.27,0.0,0.0,0,0
209,CASH_OUT,193585.4,0.0,0.0,715275.42,908860.82,0,0
210,CASH_OUT,25804.52,23127.0,0.0,582299.73,608104.24,0,0
210,CASH_OUT,33081.65,0.0,0.0,133656.53,166738.18,0,0
210,PAYMENT,2174.68,21497.0,19322.32,0.0,0.0,0,0
210,PAYMENT,587.74,20363.0,19775.26,0.0,0.0,0,0
210,PAYMENT,7163.06,0.0,0.0,0.0,0.0,0,0
210,PAYMENT,3291.6,10560.0,7268.4,0.0,0.0,0,0
210,CASH_OUT,84175.96,0.0,0.0,111130.13,195306.09,0,0
210,CASH_OUT,203620.96,0.0,0.0,1004086.06,1207707.01,0,0
210,PAYMENT,2134.1,5215.0,3080.9,0.0,0.0,0,0
210,PAYMENT,8642.88,18904.0,10261.12,0.0,0.0,0,0
210,PAYMENT,96931.33,0.0,0.0,0.0,0.0,0,0
210,PAYMENT,6965.38,40291.0,33325.62,0.0,0.0,0,0
210,CASH_OUT,38581.26,70998.0,32416.74,63524.06,102105.32,0,0
210,TRANSFER,87243.81,2694.0,0.0,0.0,87243.81,0,0
210,CASH_OUT,76085.39,50651.0,0.0,56039.95,132125.34,0,0
210,PAYMENT,6565.56,0.0,0.0,0.0,0.0,0,0
210,CASH_OUT,196815.33,0.0,0.0,588789.65,785604.99,0,0
210,CASH_OUT,117803.2,11542.0,0.0,0.0,117803.2,0,0
210,CASH_OUT,192598.78,146829.0,0.0,0.0,192598.78,0,0
210,PAYMENT,11776.52,0.0,0.0,0.0,0.0,0,0
210,PAYMENT,52427.02,0.0,0.0,0.0,0.0,0,0
210,PAYMENT,10432.26,0.0,0.0,0.0,0.0,0,0
210,CASH_OUT,107737.16,10217.0,0.0,336530.34,444267.51,0,0
210,CASH_OUT,23853.95,0.0,0.0,544555.45,568409.4,0,0
210,CASH_OUT,194978.79,0.0,0.0,924326.55,1119305.34,0,0
210,PAYMENT,6066.46,0.0,0.0,0.0,0.0,0,0
210,CASH_OUT,63628.23,633.0,0.0,150525.33,214153.56,0,0
210,CASH_OUT,216154.57,24612.0,0.0,0.0,216154.57,0,0
210,PAYMENT,13788.17,0.0,0.0,0.0,0.0,0,0
210,PAYMENT,25874.82,0.0,0.0,0.0,0.0,0,0
210,PAYMENT,9525.82,0.0,0.0,0.0,0.0,0,0
210,PAYMENT,3794.9,5039.0,1244.1,0.0,0.0,0,0
210,CASH_OUT,230071.46,0.0,0.0,685843.04,915914.5,0,0
210,PAYMENT,4191.03,0.0,0.0,0.0,0.0,0,0
210,CASH_OUT,72815.0,3019.0,0.0,147181.1,219996.1,0,0
210,PAYMENT,48570.63,0.0,0.0,0.0,0.0,0,0
210,CASH_OUT,248609.07,1759.0,0.0,14538.12,263147.19,0,0
210,CASH_OUT,109786.42,227.0,0.0,0.0,109786.42,0,0
210,CASH_OUT,349439.09,179675.0,0.0,650767.76,1000206.86,0,0
210,PAYMENT,6475.53,0.0,0.0,0.0,0.0,0,0
210,TRANSFER,8117.32,5872.0,0.0,481361.04,489478.37,0,0
210,CASH_OUT,117665.07,0.0,0.0,140201.08,257866.15,0,0
210,PAYMENT,13870.82,45675.0,31804.18,0.0,0.0,0,0
210,CASH_OUT,123450.93,21533.0,0.0,230099.81,353550.74,0,0
210,PAYMENT,5136.28,64037.0,58900.72,0.0,0.0,0,0
210,PAYMENT,6434.87,15762.0,9327.13,0.0,0.0,0,0
210,PAYMENT,5910.38,0.0,0.0,0.0,0.0,0,0
210,CASH_OUT,67185.63,233.0,0.0,147486.63,214672.27,0,0
210,PAYMENT,10648.84,654.0,0.0,0.0,0.0,0,0
210,PAYMENT,7773.08,149.0,0.0,0.0,0.0,0,0
210,PAYMENT,14209.06,30188.88,15979.82,0.0,0.0,0,0
210,PAYMENT,1589.49,4075.0,2485.51,0.0,0.0,0,0
210,PAYMENT,4300.2,49616.0,45315.8,0.0,0.0,0,0
210,CASH_OUT,96374.38,0.0,0.0,386760.87,483135.26,0,0
210,PAYMENT,29870.19,0.0,0.0,0.0,0.0,0,0
210,PAYMENT,15426.52,31096.0,15669.48,0.0,0.0,0,0
210,PAYMENT,13306.91,0.0,0.0,0.0,0.0,0,0
210,PAYMENT,2240.69,0.0,0.0,0.0,0.0,0,0
210,CASH_OUT,59853.99,12197.0,0.0,281565.57,341419.56,0,0
210,PAYMENT,8377.79,0.0,0.0,0.0,0.0,0,0
210,CASH_OUT,113112.48,20096.0,0.0,440148.37,553260.84,0,0
210,PAYMENT,14795.19,1948.04,0.0,0.0,0.0,0,0
210,PAYMENT,2861.75,0.0,0.0,0.0,0.0,0,0
210,CASH_OUT,120971.99,810.0,0.0,193028.53,314000.52,0,0
210,CASH_OUT,172860.3,0.0,0.0,338119.18,510979.48,0,0
210,PAYMENT,4277.37,15806.0,11528.63,0.0,0.0,0,0
210,PAYMENT,9166.54,0.0,0.0,0.0,0.0,0,0
210,CASH_OUT,126199.8,0.0,0.0,681683.88,807883.68,0,0
210,CASH_OUT,143418.6,0.0,0.0,1035195.94,1178614.53,0,0
210,PAYMENT,16040.39,0.0,0.0,0.0,0.0,0,0
210,PAYMENT,468.46,0.0,0.0,0.0,0.0,0,0
210,PAYMENT,4065.75,0.0,0.0,0.0,0.0,0,0
210,PAYMENT,1579.19,0.0,0.0,0.0,0.0,0,0
210,CASH_OUT,182610.24,5092.0,0.0,426452.75,609062.99,0,0
210,PAYMENT,10310.05,0.0,0.0,0.0,0.0,0,0
210,CASH_OUT,90478.61,0.0,0.0,109509.17,199987.78,0,0
210,PAYMENT,10044.85,34701.0,24656.15,0.0,0.0,0,0
210,CASH_OUT,570.96,0.0,0.0,607157.29,607728.26,0,0
210,CASH_OUT,79004.14,10711.0,0.0,38814.0,40934.62,0,0
210,PAYMENT,5435.02,50049.0,44613.98,0.0,0.0,0,0
210,CASH_OUT,94483.42,0.0,0.0,631628.72,726112.14,0,0
210,CASH_OUT,88349.99,326.0,0.0,164983.25,253333.24,0,0
210,CASH_IN,54676.18,5090.0,59766.18,157848.86,103172.68,0,0
210,TRANSFER,140552.56,16960.0,0.0,229129.15,369681.71,0,0
210,CASH_OUT,160057.61,0.0,0.0,947928.29,1107985.9,0,0
210,PAYMENT,7832.21,0.0,0.0,0.0,0.0,0,0
210,CASH_OUT,22814.71,17453.48,0.0,756999.93,779814.64,0,0
210,PAYMENT,3451.11,58856.0,55404.89,0.0,0.0,0,0
210,CASH_OUT,106095.59,1836.0,0.0,0.0,106095.59,0,0
210,PAYMENT,4902.7,0.0,0.0,0.0,0.0,0,0
210,CASH_OUT,229169.67,6871.0,0.0,315420.54,544590.21,0,0
210,CASH_OUT,380994.22,19989.0,0.0,0.0,380994.22,0,0
210,CASH_OUT,257187.89,0.0,0.0,531146.57,788334.46,0,0
210,PAYMENT,1143.48,0.0,0.0,0.0,0.0,0,0
210,PAYMENT,6025.5,0.0,0.0,0.0,0.0,0,0
210,CASH_OUT,94695.52,0.0,0.0,589703.65,602115.24,0,0
210,PAYMENT,8968.29,31.0,0.0,0.0,0.0,0,0
210,PAYMENT,9959.84,0.0,0.0,0.0,0.0,0,0
210,CASH_OUT,139826.79,42349.0,0.0,727145.94,866972.73,0,0
210,PAYMENT,50901.29,0.0,0.0,0.0,0.0,0,0
210,PAYMENT,7942.37,0.0,0.0,0.0,0.0,0,0
210,PAYMENT,6091.79,19229.0,13137.21,0.0,0.0,0,0
210,CASH_OUT,176189.85,175439.13,0.0,278180.16,454370.01,0,0
210,CASH_OUT,109383.36,5906.0,0.0,605082.7,714466.06,0,0
210,PAYMENT,1614.55,0.0,0.0,0.0,0.0,0,0
210,CASH_OUT,31757.63,6208.0,0.0,939691.88,971449.51,0,0
210,CASH_OUT,32283.47,0.0,0.0,1006504.54,1038788.01,0,0
210,CASH_OUT,253135.22,217218.0,0.0,0.0,253135.22,0,0
210,PAYMENT,18325.2,0.0,0.0,0.0,0.0,0,0
210,PAYMENT,47328.97,0.0,0.0,0.0,0.0,0,0
210,PAYMENT,27435.6,0.0,0.0,0.0,0.0,0,0
210,PAYMENT,7834.37,21391.0,13556.63,0.0,0.0,0,0
210,CASH_OUT,197120.55,2764.0,0.0,0.0,197120.55,0,0
210,TRANSFER,94431.98,94431.98,0.0,0.0,0.0,1,0
210,CASH_OUT,94431.98,94431.98,0.0,253005.72,347437.7,1,0
210,TRANSFER,23610.85,23610.85,0.0,0.0,0.0,1,0
210,CASH_OUT,23610.85,23610.85,0.0,212041.22,235652.07,1,0
211,CASH_OUT,27085.92,35324.0,8238.08,42720.5,69806.41,0,0
211,CASH_IN,40591.77,1601.0,42192.77,192074.25,151482.48,0,0
211,CASH_OUT,76566.09,20255.0,0.0,475986.3,552552.39,0,0
211,CASH_OUT,53772.37,127.0,0.0,0.0,53772.37,0,0
211,CASH_OUT,133881.71,63402.0,0.0,576430.41,710312.12,0,0
211,PAYMENT,3097.49,302.0,0.0,0.0,0.0,0,0
211,PAYMENT,4075.77,39621.51,35545.74,0.0,0.0,0,0
211,CASH_OUT,24473.31,0.0,0.0,1170583.94,1195057.26,0,0
211,CASH_IN,27981.09,1708.0,29689.09,17172.09,0.0,0,0
211,PAYMENT,11139.56,0.0,0.0,0.0,0.0,0,0
211,PAYMENT,5673.97,510.0,0.0,0.0,0.0,0,0
211,CASH_OUT,168160.2,5097.0,0.0,994325.61,1162485.81,0,0
211,PAYMENT,5954.02,0.0,0.0,0.0,0.0,0,0
211,PAYMENT,8559.49,0.0,0.0,0.0,0.0,0,0
211,PAYMENT,12303.19,14403.0,2099.81,0.0,0.0,0,0
211,TRANSFER,136194.67,0.0,0.0,212781.05,348975.71,0,0
211,CASH_OUT,207760.53,101104.0,0.0,62738.86,270499.4,0,0
211,CASH_OUT,78992.44,0.0,0.0,155517.18,234509.61,0,0
211,CASH_OUT,127314.49,0.0,0.0,674803.56,788571.97,0,0
211,TRANSFER,485962.61,0.0,0.0,586232.9,903063.54,0,0
211,PAYMENT,1578.48,862.0,0.0,0.0,0.0,0,0
211,CASH_OUT,87235.49,0.0,0.0,240304.81,426155.33,0,0
211,CASH_OUT,71556.99,0.0,0.0,138373.73,209930.72,0,0
211,CASH_OUT,14133.91,25003.0,10869.09,45380.74,59514.64,0,0
211,CASH_IN,4944.53,34662.0,39606.53,0.0,0.0,0,0
211,CASH_OUT,107515.54,1302.0,0.0,430332.83,171362.48,0,0
211,PAYMENT,5057.23,16764.0,11706.77,0.0,0.0,0,0
211,PAYMENT,10386.82,0.0,0.0,0.0,0.0,0,0
211,PAYMENT,407.7,15740.0,15332.3,0.0,0.0,0,0
211,CASH_OUT,11539.8,32794.0,21254.2,256410.97,267950.78,0,0
211,CASH_OUT,26710.36,0.0,0.0,970458.01,997168.37,0,0
211,CASH_OUT,111425.69,39495.0,0.0,0.0,111425.69,0,0
211,CASH_OUT,111543.91,102395.0,0.0,0.0,111543.91,0,0
211,DEBIT,3308.26,0.0,0.0,340217.9,343526.16,0,0
211,CASH_OUT,175725.05,36943.0,0.0,0.0,175725.05,0,0
211,PAYMENT,1579.43,8158.0,6578.57,0.0,0.0,0,0
211,PAYMENT,6487.14,0.0,0.0,0.0,0.0,0,0
211,PAYMENT,5958.04,2891.34,0.0,0.0,0.0,0,0
211,PAYMENT,5865.7,0.0,0.0,0.0,0.0,0,0
211,CASH_OUT,43526.11,21014.0,0.0,53407.94,96934.05,0,0
211,CASH_OUT,74342.01,35445.0,0.0,0.0,74342.01,0,0
211,CASH_OUT,90810.46,0.0,0.0,211223.86,302034.32,0,0
211,TRANSFER,139607.75,25148.0,0.0,0.0,139607.75,0,0
211,PAYMENT,761.72,0.0,0.0,0.0,0.0,0,0
211,PAYMENT,14294.25,71.0,0.0,0.0,0.0,0,0
211,CASH_OUT,44505.78,32216.0,0.0,0.0,44505.78,0,0
211,CASH_OUT,123003.85,0.0,0.0,311127.9,434131.76,0,0
211,CASH_OUT,25393.79,0.0,0.0,804990.83,994970.71,0,0
211,PAYMENT,573.91,0.0,0.0,0.0,0.0,0,0
211,PAYMENT,7462.08,0.0,0.0,0.0,0.0,0,0
211,CASH_OUT,281902.09,1564.0,0.0,0.0,254169.73,0,0
211,CASH_OUT,75956.59,0.0,0.0,109367.12,185323.71,0,0
211,CASH_OUT,42713.44,0.0,0.0,413036.5,455749.94,0,0
211,PAYMENT,9648.0,5945.0,0.0,0.0,0.0,0,0
211,PAYMENT,7469.19,278.0,0.0,0.0,0.0,0,0
211,CASH_OUT,55291.37,7557.0,0.0,258343.16,313634.53,0,0
211,CASH_OUT,102715.92,1614.0,0.0,1651.81,104367.73,0,0
211,CASH_OUT,178912.64,1078.0,0.0,71846.11,250758.75,0,0
211,CASH_OUT,97676.57,107963.0,10286.43,159378.78,257055.35,0,0
211,CASH_OUT,119094.6,0.0,0.0,401915.43,521010.03,0,0
211,CASH_OUT,152079.24,24836.59,0.0,293640.18,445719.42,0,0
211,CASH_OUT,63294.79,30.0,0.0,503380.32,566675.11,0,0
211,PAYMENT,5388.07,10256.0,4867.93,0.0,0.0,0,0
211,CASH_OUT,19956.85,22298.0,2341.15,0.0,19956.85,0,0
211,CASH_OUT,23870.88,11614.0,0.0,728309.75,752180.63,0,0
211,PAYMENT,15285.4,0.0,0.0,0.0,0.0,0,0
211,PAYMENT,1002.86,2501.26,1498.4,0.0,0.0,0,0
211,CASH_OUT,32601.55,35194.0,2592.45,660855.89,282366.82,0,0
211,PAYMENT,88892.44,0.0,0.0,0.0,0.0,0,0
211,CASH_OUT,84707.18,0.0,0.0,308313.1,393020.28,0,0
211,CASH_OUT,90805.45,66240.71,0.0,40837.27,131642.73,0,0
211,CASH_OUT,133357.88,0.0,0.0,758620.61,1002024.74,0,0
211,CASH_OUT,52470.06,0.0,0.0,242098.22,294568.28,0,0
211,CASH_OUT,150013.55,0.0,0.0,154829.09,164028.71,0,0
211,PAYMENT,11292.64,70903.28,59610.64,0.0,0.0,0,0
211,CASH_OUT,77220.55,0.0,0.0,189758.92,266979.47,0,0
211,PAYMENT,210.68,0.0,0.0,0.0,0.0,0,0
211,PAYMENT,3791.75,0.0,0.0,0.0,0.0,0,0
211,PAYMENT,14774.5,44862.0,30087.5,0.0,0.0,0,0
211,CASH_OUT,120559.21,110781.0,0.0,701190.08,821749.29,0,0
211,PAYMENT,3826.8,0.0,0.0,0.0,0.0,0,0
211,PAYMENT,10195.02,19741.0,9545.98,0.0,0.0,0,0
211,CASH_OUT,47408.96,10307.0,0.0,284892.04,332301.0,0,0
211,PAYMENT,10671.05,20390.0,9718.95,0.0,0.0,0,0
211,TRANSFER,100517.33,37112.0,0.0,276896.11,377413.44,0,0
211,PAYMENT,4728.9,155.0,0.0,0.0,0.0,0,0
211,PAYMENT,9839.33,0.0,0.0,0.0,0.0,0,0
211,CASH_OUT,31521.17,52842.0,21320.83,0.0,31521.17,0,0
211,CASH_OUT,29559.09,0.0,0.0,154864.07,184423.16,0,0
211,PAYMENT,6858.29,0.0,0.0,0.0,0.0,0,0
211,PAYMENT,6667.73,146.0,0.0,0.0,0.0,0,0
211,PAYMENT,23406.46,254.0,0.0,0.0,0.0,0,0
211,PAYMENT,1650.08,0.0,0.0,0.0,0.0,0,0
211,CASH_OUT,394529.9,364.0,0.0,8395.48,287621.46,0,0
211,CASH_OUT,13665.76,0.0,0.0,479214.18,492879.94,0,0
211,PAYMENT,2075.82,42842.0,40766.18,0.0,0.0,0,0
211,CASH_OUT,203426.56,392.0,0.0,0.0,203426.56,0,0
211,TRANSFER,149281.65,72036.0,0.0,120672.27,269953.92,0,0
211,PAYMENT,9805.32,0.0,0.0,0.0,0.0,0,0
211,PAYMENT,10323.63,31139.0,20815.37,0.0,0.0,0,0
211,PAYMENT,13600.83,0.0,0.0,0.0,0.0,0,0
211,PAYMENT,689.79,3992.0,3302.21,0.0,0.0,0,0
211,CASH_OUT,242028.96,37.0,0.0,0.0,242028.96,0,0
211,PAYMENT,5870.57,24212.0,18341.43,0.0,0.0,0,0
211,CASH_OUT,142649.33,3158.0,0.0,0.0,142649.33,0,0
211,PAYMENT,10132.0,0.0,0.0,0.0,0.0,0,0
211,CASH_IN,37469.92,16113.0,53582.92,3715.63,0.0,0,0
211,CASH_OUT,43029.11,0.0,0.0,244145.82,430954.15,0,0
211,PAYMENT,25567.57,0.0,0.0,0.0,0.0,0,0
211,CASH_OUT,90667.84,50628.0,0.0,635382.07,726049.92,0,0
211,CASH_OUT,149944.8,0.0,0.0,895859.44,1045804.24,0,0
211,CASH_OUT,114358.89,0.0,0.0,155113.43,269472.31,0,0
211,PAYMENT,10964.22,52559.0,41594.78,0.0,0.0,0,0
211,PAYMENT,4425.73,15004.0,10578.27,0.0,0.0,0,0
211,PAYMENT,6280.37,20.0,0.0,0.0,0.0,0,0
211,CASH_OUT,191910.06,0.0,0.0,632915.98,824826.04,0,0
211,DEBIT,1995.11,29315.0,27319.89,1019501.81,1021496.92,0,0
211,CASH_OUT,174110.63,40365.0,0.0,109196.86,283307.49,0,0
211,PAYMENT,13002.66,15894.0,2891.34,0.0,0.0,0,0
211,CASH_OUT,33851.76,0.0,0.0,881961.82,915813.58,0,0
211,PAYMENT,3309.35,11420.0,8110.65,0.0,0.0,0,0
211,TRANSFER,157137.97,157137.97,0.0,0.0,0.0,1,0
211,TRANSFER,73599.57,73599.57,0.0,0.0,0.0,1,0
211,CASH_OUT,73599.57,73599.57,0.0,0.0,73599.57,1,0
211,TRANSFER,55920.39,55920.39,0.0,0.0,0.0,1,0
211,CASH_OUT,55920.39,55920.39,0.0,0.0,55920.39,1,0
212,CASH_OUT,110658.1,1263.0,0.0,584387.98,695046.07,0,0
212,CASH_OUT,37805.29,35431.0,0.0,0.0,37805.29,0,0
212,PAYMENT,12764.23,0.0,0.0,0.0,0.0,0,0
212,PAYMENT,73377.51,53905.34,0.0,0.0,0.0,0,0
212,CASH_OUT,103201.7,6085.85,0.0,651220.33,754422.03,0,0
212,CASH_OUT,63811.82,62182.0,0.0,351490.09,415301.91,0,0
212,CASH_OUT,428411.55,0.0,0.0,836558.83,1264970.38,0,0
212,PAYMENT,12426.98,0.0,0.0,0.0,0.0,0,0
212,CASH_OUT,45758.62,30840.0,0.0,0.0,45758.62,0,0
212,PAYMENT,5978.26,0.0,0.0,0.0,0.0,0,0
212,PAYMENT,6132.94,0.0,0.0,0.0,0.0,0,0
212,PAYMENT,12668.62,0.0,0.0,0.0,0.0,0,0
212,PAYMENT,1979.37,21273.64,19294.27,0.0,0.0,0,0
212,CASH_OUT,14814.13,0.0,0.0,1101846.46,1116660.59,0,0
212,PAYMENT,10715.37,1686.0,0.0,0.0,0.0,0,0
212,PAYMENT,29420.24,0.0,0.0,0.0,0.0,0,0
212,TRANSFER,228499.96,0.0,0.0,845051.83,1073551.79,0,0
212,PAYMENT,5627.0,40197.0,34570.0,0.0,0.0,0,0
212,CASH_OUT,404862.46,0.0,0.0,440619.1,845481.56,0,0
212,CASH_OUT,1272.32,11679.0,10406.68,0.0,1272.32,0,0
212,CASH_OUT,400056.75,9947.0,0.0,3024.49,403081.24,0,0
212,CASH_OUT,84421.68,22807.0,0.0,64341.37,148763.06,0,0
212,CASH_OUT,299058.8,0.0,0.0,340739.27,639798.07,0,0
212,CASH_OUT,69595.61,12339.53,0.0,270675.42,664979.91,0,0
212,PAYMENT,4578.63,0.0,0.0,0.0,0.0,0,0
212,CASH_OUT,87110.63,0.0,0.0,362925.14,450035.77,0,0
212,PAYMENT,5277.17,0.0,0.0,0.0,0.0,0,0
212,DEBIT,2379.89,552.43,0.0,220246.27,222626.16,0,0
212,PAYMENT,5751.84,10930.0,5178.16,0.0,0.0,0,0
212,CASH_OUT,32333.84,0.0,0.0,662107.0,694440.84,0,0
212,PAYMENT,10397.0,0.0,0.0,0.0,0.0,0,0
212,CASH_OUT,193144.66,10460.0,0.0,456126.03,649270.69,0,0
212,PAYMENT,983.74,30777.0,29793.26,0.0,0.0,0,0
212,PAYMENT,8348.06,0.0,0.0,0.0,0.0,0,0
212,TRANSFER,106610.46,0.0,0.0,159849.95,266460.41,0,0
212,DEBIT,1673.77,13394.0,11720.23,176874.27,178548.04,0,0
212,CASH_OUT,352300.82,0.0,0.0,422182.46,774483.28,0,0
212,CASH_OUT,151632.85,0.0,0.0,587597.23,739230.08,0,0
212,PAYMENT,28723.87,0.0,0.0,0.0,0.0,0,0
212,CASH_OUT,56580.87,54053.99,0.0,122405.62,178986.49,0,0
212,PAYMENT,1908.14,35469.0,33560.86,0.0,0.0,0,0
212,PAYMENT,3022.66,1389.92,0.0,0.0,0.0,0,0
212,CASH_OUT,60353.29,0.0,0.0,221561.51,281914.81,0,0
212,PAYMENT,9407.43,17017.69,7610.25,0.0,0.0,0,0
212,PAYMENT,9309.47,10840.0,1530.53,0.0,0.0,0,0
212,CASH_OUT,1949.93,0.0,0.0,502862.56,504812.5,0,0
212,TRANSFER,200399.33,0.0,0.0,504419.31,704818.65,0,0
212,CASH_OUT,86207.85,0.0,0.0,226531.28,312739.14,0,0
212,CASH_OUT,132462.03,3269.0,0.0,0.0,132462.03,0,0
212,PAYMENT,11620.9,0.0,0.0,0.0,0.0,0,0
212,PAYMENT,7022.4,866.0,0.0,0.0,0.0,0,0
212,PAYMENT,13431.77,0.0,0.0,0.0,0.0,0,0
212,CASH_OUT,32174.88,0.0,0.0,85462.94,117637.82,0,0
212,CASH_OUT,33342.53,0.0,0.0,92123.77,125466.3,0,0
212,CASH_OUT,125863.14,16468.84,0.0,352419.11,478282.26,0,0
212,PAYMENT,3816.96,32202.38,28385.42,0.0,0.0,0,0
212,PAYMENT,1236.07,0.0,0.0,0.0,0.0,0,0
212,PAYMENT,4189.69,5026.0,836.31,0.0,0.0,0,0
212,PAYMENT,5036.42,51520.0,46483.58,0.0,0.0,0,0
212,CASH_OUT,47587.16,0.0,0.0,959516.1,1007103.26,0,0
212,CASH_OUT,20758.25,30823.0,10064.75,51925.7,72683.95,0,0
212,CASH_OUT,156431.7,0.0,0.0,250592.39,407024.09,0,0
212,CASH_IN,10379.56,2094.0,12473.56,492284.88,481905.32,0,0
212,TRANSFER,220975.56,11375.0,0.0,0.0,220975.56,0,0
212,CASH_OUT,88577.73,72871.0,0.0,149147.04,237724.76,0,0
212,CASH_OUT,156480.64,0.0,0.0,926885.19,1083365.83,0,0
212,PAYMENT,132.6,0.0,0.0,0.0,0.0,0,0
212,PAYMENT,6446.67,0.0,0.0,0.0,0.0,0,0
212,CASH_OUT,84429.33,6086.0,0.0,9476.98,93906.31,0,0
212,PAYMENT,6766.38,0.0,0.0,0.0,0.0,0,0
212,PAYMENT,73631.31,0.0,0.0,0.0,0.0,0,0
212,CASH_OUT,181553.2,0.0,0.0,742067.42,923620.62,0,0
212,CASH_OUT,288051.13,41932.0,0.0,0.0,288051.13,0,0
212,PAYMENT,9258.04,0.0,0.0,0.0,0.0,0,0
212,PAYMENT,18229.95,10858.0,0.0,0.0,0.0,0,0
212,CASH_OUT,181275.55,121364.0,0.0,0.0,181275.55,0,0
212,CASH_OUT,67557.79,10805.0,0.0,82332.8,149890.58,0,0
212,TRANSFER,134393.61,0.0,0.0,350827.95,485221.56,0,0
212,CASH_OUT,72663.71,0.0,0.0,93488.35,166152.06,0,0
212,PAYMENT,37958.48,0.0,0.0,0.0,0.0,0,0
212,PAYMENT,3760.84,9219.0,5458.16,0.0,0.0,0,0
212,PAYMENT,2108.13,187.0,0.0,0.0,0.0,0,0
212,CASH_OUT,1651.57,0.0,0.0,1190970.65,1192622.21,0,0
212,PAYMENT,3594.68,10196.5,6601.82,0.0,0.0,0,0
212,PAYMENT,2201.85,0.0,0.0,0.0,0.0,0,0
212,PAYMENT,17221.62,0.0,0.0,0.0,0.0,0,0
212,PAYMENT,17537.05,0.0,0.0,0.0,0.0,0,0
212,PAYMENT,3119.72,43418.53,40298.81,0.0,0.0,0,0
212,PAYMENT,23288.51,27269.05,3980.53,0.0,0.0,0,0
212,CASH_OUT,486600.18,0.0,0.0,644634.01,1131234.19,0,0
212,CASH_OUT,194862.83,0.0,0.0,528446.46,723309.29,0,0
212,CASH_OUT,78295.01,0.0,0.0,428896.3,507191.3,0,0
212,PAYMENT,13884.78,10836.0,0.0,0.0,0.0,0,0
212,CASH_OUT,141846.34,20003.0,0.0,0.0,141846.34,0,0
212,PAYMENT,18219.67,0.0,0.0,0.0,0.0,0,0
212,CASH_OUT,22479.53,0.0,0.0,545724.07,568203.6,0,0
212,CASH_OUT,66881.15,0.0,0.0,86157.75,153038.9,0,0
212,PAYMENT,7655.82,0.0,0.0,0.0,0.0,0,0
212,PAYMENT,10428.63,0.0,0.0,0.0,0.0,0,0
212,TRANSFER,94261.84,94261.84,0.0,0.0,0.0,1,0
212,CASH_OUT,94261.84,94261.84,0.0,112303.11,206564.95,1,0
212,TRANSFER,31593.95,31593.95,0.0,0.0,0.0,1,0
212,CASH_OUT,31593.95,31593.95,0.0,428186.97,459780.93,1,0
212,CASH_OUT,0.0,0.0,0.0,0.0,0.0,1,0
212,TRANSFER,1220.8,1220.8,0.0,0.0,0.0,1,0
212,CASH_OUT,1220.8,1220.8,0.0,338688.89,339909.69,1,0
212,TRANSFER,36035.11,36035.11,0.0,0.0,0.0,1,0
212,CASH_OUT,36035.11,36035.11,0.0,0.0,36035.11,1,0
212,TRANSFER,165925.37,165925.37,0.0,0.0,0.0,1,0
213,PAYMENT,1547.58,19625.0,18077.42,0.0,0.0,0,0
213,CASH_OUT,119390.83,0.0,0.0,218101.26,337492.1,0,0
213,PAYMENT,462.01,0.0,0.0,0.0,0.0,0,0
213,CASH_OUT,83203.7,29744.0,0.0,1111638.27,1194841.97,0,0
213,CASH_IN,7498.99,50559.0,58057.99,798246.7,790747.71,0,0
213,CASH_OUT,59192.96,5036.0,0.0,833869.2,893062.16,0,0
213,PAYMENT,4645.93,26114.0,21468.07,0.0,0.0,0,0
213,PAYMENT,2803.13,12375.0,9571.87,0.0,0.0,0,0
213,PAYMENT,4085.94,832.0,0.0,0.0,0.0,0,0
213,PAYMENT,4128.88,9731.34,5602.46,0.0,0.0,0,0
213,PAYMENT,30460.02,22706.02,0.0,0.0,0.0,0,0
213,PAYMENT,13304.01,1137.0,0.0,0.0,0.0,0,0
213,TRANSFER,337034.53,0.0,0.0,601071.28,938105.82,0,0
213,CASH_OUT,73571.54,0.0,0.0,600670.64,674242.19,0,0
213,PAYMENT,15449.37,69969.0,54519.63,0.0,0.0,0,0
213,PAYMENT,1889.83,19734.0,17844.17,0.0,0.0,0,0
213,TRANSFER,213829.85,10397.0,0.0,0.0,213829.85,0,0
213,CASH_OUT,84113.55,0.0,0.0,151296.88,235410.44,0,0
213,CASH_OUT,93339.1,52397.0,0.0,114344.53,207683.63,0,0
213,CASH_OUT,107204.97,79.0,0.0,7619.29,114824.26,0,0
213,CASH_OUT,24047.0,51001.0,26954.0,90943.49,114990.49,0,0
213,TRANSFER,167954.44,0.0,0.0,269046.8,437001.24,0,0
213,TRANSFER,48656.94,904.0,0.0,0.0,48656.94,0,0
213,CASH_OUT,321503.45,0.0,0.0,659644.68,981148.12,0,0
213,CASH_OUT,87132.43,10751.0,0.0,695814.52,782946.95,0,0
213,TRANSFER,84570.32,1426.0,0.0,402784.42,487354.73,0,0
213,PAYMENT,1361.82,1062.0,0.0,0.0,0.0,0,0
213,PAYMENT,9461.96,14401.0,4939.04,0.0,0.0,0,0
213,PAYMENT,11600.82,30215.0,18614.18,0.0,0.0,0,0
213,PAYMENT,52918.94,0.0,0.0,0.0,0.0,0,0
213,PAYMENT,2440.89,12327.0,9886.11,0.0,0.0,0,0
213,PAYMENT,73049.7,33691.23,0.0,0.0,0.0,0,0
213,PAYMENT,2977.18,21740.0,18762.82,0.0,0.0,0,0
213,PAYMENT,16171.49,898.0,0.0,0.0,0.0,0,0
213,PAYMENT,4347.75,4933.0,585.25,0.0,0.0,0,0
213,TRANSFER,188658.45,188658.45,0.0,0.0,0.0,1,0
213,CASH_OUT,188658.45,188658.45,0.0,0.0,188658.45,1,0
214,PAYMENT,43191.45,6104.9,0.0,0.0,0.0,0,0
214,PAYMENT,1733.13,4515.0,2781.87,0.0,0.0,0,0
214,PAYMENT,37610.96,6821.18,0.0,0.0,0.0,0,0
214,CASH_OUT,68929.17,0.0,0.0,652679.11,721608.28,0,0
214,PAYMENT,6315.39,11361.0,5045.61,0.0,0.0,0,0
214,TRANSFER,409556.96,65201.81,0.0,489593.8,820398.01,0,0
214,PAYMENT,19674.67,67052.45,47377.78,0.0,0.0,0,0
214,CASH_OUT,86896.3,0.0,0.0,323558.86,410455.16,0,0
214,PAYMENT,2061.85,53201.0,51139.15,0.0,0.0,0,0
214,CASH_OUT,58056.76,0.0,0.0,932958.24,991015.0,0,0
214,PAYMENT,100.62,20509.0,20408.38,0.0,0.0,0,0
214,PAYMENT,8157.98,19263.0,11105.02,0.0,0.0,0,0
214,TRANSFER,6576.93,22856.0,16279.07,53926.76,60503.69,0,0
214,PAYMENT,11442.6,11518.0,75.4,0.0,0.0,0,0
214,CASH_OUT,32729.81,33769.0,1039.19,273914.18,306644.0,0,0
214,CASH_OUT,393882.95,721.0,0.0,490723.12,884606.07,0,0
214,CASH_OUT,2363.36,0.0,0.0,198073.33,200436.69,0,0
214,PAYMENT,2712.17,27886.0,25173.83,0.0,0.0,0,0
214,PAYMENT,2103.85,6224.0,4120.15,0.0,0.0,0,0
214,CASH_OUT,102296.21,0.0,0.0,373272.82,475569.03,0,0
214,PAYMENT,55302.77,5398.35,0.0,0.0,0.0,0,0
214,PAYMENT,17875.51,0.0,0.0,0.0,0.0,0,0
214,PAYMENT,4070.54,996.0,0.0,0.0,0.0,0,0
214,PAYMENT,8045.63,0.0,0.0,0.0,0.0,0,0
214,PAYMENT,9907.69,21572.0,11664.31,0.0,0.0,0,0
214,PAYMENT,5769.05,0.0,0.0,0.0,0.0,0,0
214,PAYMENT,17380.41,43837.95,26457.54,0.0,0.0,0,0
214,PAYMENT,2858.1,53811.0,50952.9,0.0,0.0,0,0
214,PAYMENT,11397.68,63.0,0.0,0.0,0.0,0,0
214,PAYMENT,1636.2,4022.0,2385.8,0.0,0.0,0,0
214,PAYMENT,13591.24,182.0,0.0,0.0,0.0,0,0
214,PAYMENT,17436.16,0.0,0.0,0.0,0.0,0,0
214,PAYMENT,16546.32,63201.0,46654.68,0.0,0.0,0,0
214,PAYMENT,8173.03,0.0,0.0,0.0,0.0,0,0
214,PAYMENT,9834.2,0.0,0.0,0.0,0.0,0,0
214,CASH_OUT,57949.93,0.0,0.0,333836.81,391786.73,0,0
214,TRANSFER,228467.9,125.0,0.0,0.0,228467.9,0,0
214,PAYMENT,5392.66,27022.31,21629.65,0.0,0.0,0,0
214,PAYMENT,7589.45,32033.0,24443.55,0.0,0.0,0,0
214,TRANSFER,281084.68,0.0,0.0,909822.8,1190907.48,0,0
214,PAYMENT,11231.68,9169.41,0.0,0.0,0.0,0,0
214,PAYMENT,7003.88,11610.0,4606.12,0.0,0.0,0,0
214,PAYMENT,4957.48,0.0,0.0,0.0,0.0,0,0
214,TRANSFER,106434.23,106434.23,0.0,0.0,0.0,1,0
214,CASH_OUT,106434.23,106434.23,0.0,0.0,163775.04,1,0
214,TRANSFER,116419.58,116419.58,0.0,0.0,0.0,1,0
214,CASH_OUT,116419.58,116419.58,0.0,177874.9,294294.48,1,0
214,TRANSFER,39525.63,39525.63,0.0,0.0,0.0,1,0
214,CASH_OUT,39525.63,39525.63,0.0,61266.78,100792.41,1,0
215,PAYMENT,3287.45,8091.0,4803.55,0.0,0.0,0,0
215,PAYMENT,38234.21,0.0,0.0,0.0,0.0,0,0
215,PAYMENT,8748.97,0.0,0.0,0.0,0.0,0,0
215,PAYMENT,5925.74,31761.0,25835.26,0.0,0.0,0,0
215,PAYMENT,1010.82,23748.0,22737.18,0.0,0.0,0,0
215,PAYMENT,5333.25,0.0,0.0,0.0,0.0,0,0
215,PAYMENT,27705.25,0.0,0.0,0.0,0.0,0,0
215,PAYMENT,8164.25,0.0,0.0,0.0,0.0,0,0
215,PAYMENT,5991.33,0.0,0.0,0.0,0.0,0,0
215,PAYMENT,22289.86,384.94,0.0,0.0,0.0,0,0
215,PAYMENT,2578.54,12193.0,9614.46,0.0,0.0,0,0
215,PAYMENT,5539.7,44179.0,38639.3,0.0,0.0,0,0
215,PAYMENT,9045.65,0.0,0.0,0.0,0.0,0,0
215,PAYMENT,5725.99,403.0,0.0,0.0,0.0,0,0
215,PAYMENT,22673.28,0.0,0.0,0.0,0.0,0,0
215,TRANSFER,69256.01,0.0,0.0,205650.89,274906.9,0,0
215,PAYMENT,12789.68,48268.0,35478.32,0.0,0.0,0,0
215,PAYMENT,4759.92,10916.0,6156.08,0.0,0.0,0,0
215,PAYMENT,243.41,36636.0,36392.59,0.0,0.0,0,0
215,CASH_OUT,139674.76,0.0,0.0,722170.71,861845.47,0,0
215,PAYMENT,12843.26,0.0,0.0,0.0,0.0,0,0
215,PAYMENT,6448.0,10553.0,4105.0,0.0,0.0,0,0
215,CASH_OUT,208078.07,155.0,0.0,507496.21,715574.27,0,0
215,PAYMENT,5965.59,10138.0,4172.41,0.0,0.0,0,0
215,CASH_OUT,219869.63,2389.17,0.0,603307.83,823177.46,0,0
215,CASH_OUT,91119.02,0.0,0.0,126324.01,217443.03,0,0
215,PAYMENT,12624.1,0.0,0.0,0.0,0.0,0,0
215,PAYMENT,38380.86,0.0,0.0,0.0,0.0,0,0
215,TRANSFER,45053.05,45053.05,0.0,0.0,0.0,1,0
215,CASH_OUT,45053.05,45053.05,0.0,202038.75,247091.8,1,0
216,PAYMENT,855.9,20100.0,19244.1,0.0,0.0,0,0
216,PAYMENT,11906.46,10182.0,0.0,0.0,0.0,0,0
216,PAYMENT,42394.94,60299.48,17904.54,0.0,0.0,0,0
216,PAYMENT,8233.05,49821.0,41587.95,0.0,0.0,0,0
216,PAYMENT,7749.92,64396.0,56646.08,0.0,0.0,0,0
216,CASH_OUT,280654.86,0.0,0.0,521664.39,802319.25,0,0
216,CASH_OUT,112770.46,0.0,0.0,256624.5,369394.97,0,0
216,PAYMENT,945.73,30208.0,29262.27,0.0,0.0,0,0
216,CASH_OUT,138179.55,0.0,0.0,395524.19,533703.73,0,0
216,PAYMENT,3626.84,60773.0,57146.16,0.0,0.0,0,0
216,PAYMENT,3511.69,25047.0,21535.31,0.0,0.0,0,0
216,PAYMENT,8564.84,4097.0,0.0,0.0,0.0,0,0
216,PAYMENT,10501.81,20775.0,10273.19,0.0,0.0,0,0
216,PAYMENT,8432.71,15086.0,6653.29,0.0,0.0,0,0
216,PAYMENT,640.87,21116.0,20475.13,0.0,0.0,0,0
216,DEBIT,3485.88,11410.0,7924.12,360183.06,363668.94,0,0
216,TRANSFER,36300.25,36300.25,0.0,0.0,0.0,1,0
216,CASH_OUT,36300.25,36300.25,0.0,0.0,36300.25,1,0
216,TRANSFER,31358.72,31358.72,0.0,0.0,0.0,1,0
216,CASH_OUT,31358.72,31358.72,0.0,420767.03,452125.75,1,0
217,PAYMENT,2750.32,20790.0,18039.68,0.0,0.0,0,0
217,CASH_OUT,109310.58,0.0,0.0,405110.43,514421.01,0,0
217,CASH_OUT,5798.65,0.0,0.0,457992.53,463791.17,0,0
217,PAYMENT,15528.05,0.0,0.0,0.0,0.0,0,0
217,PAYMENT,10301.22,0.0,0.0,0.0,0.0,0,0
217,PAYMENT,7181.24,15005.0,7823.76,0.0,0.0,0,0
217,PAYMENT,1975.94,36584.0,34608.06,0.0,0.0,0,0
217,CASH_OUT,313326.01,0.0,0.0,413777.05,727103.07,0,0
217,PAYMENT,680.73,18996.0,18315.27,0.0,0.0,0,0
217,PAYMENT,17355.89,19204.97,1849.09,0.0,0.0,0,0
217,PAYMENT,1916.02,16172.0,14255.98,0.0,0.0,0,0
217,PAYMENT,85374.57,0.0,0.0,0.0,0.0,0,0
217,PAYMENT,4042.55,11614.0,7571.45,0.0,0.0,0,0
217,CASH_OUT,219658.72,0.0,0.0,745834.43,965493.15,0,0
217,PAYMENT,9555.11,48107.0,38551.89,0.0,0.0,0,0
217,TRANSFER,13266.93,13266.93,0.0,0.0,0.0,1,0
217,CASH_OUT,13266.93,13266.93,0.0,963180.13,976447.07,1,0
217,TRANSFER,81216.23,81216.23,0.0,0.0,0.0,1,0
217,CASH_OUT,81216.23,81216.23,0.0,917796.81,999013.04,1,0
217,TRANSFER,92057.19,92057.19,0.0,0.0,0.0,1,0
217,CASH_OUT,92057.19,92057.19,0.0,173314.92,265372.1,1,0
217,TRANSFER,108783.2,108783.2,0.0,0.0,0.0,1,0
217,CASH_OUT,108783.2,108783.2,0.0,89597.75,198380.95,1,0
218,TRANSFER,61470.02,61470.02,0.0,0.0,0.0,1,0
218,TRANSFER,145379.14,145379.14,0.0,0.0,0.0,1,0
219,TRANSFER,248242.32,248242.32,0.0,0.0,0.0,1,0
219,CASH_OUT,248242.32,248242.32,0.0,8007.84,256250.16,1,0
219,TRANSFER,36371.77,36371.77,0.0,0.0,0.0,1,0
219,CASH_OUT,36371.77,36371.77,0.0,0.0,36371.77,1,0
221,TRANSFER,167060.63,167060.63,0.0,0.0,0.0,1,0
221,CASH_OUT,167060.63,167060.63,0.0,890774.84,1057835.47,1,0
221,TRANSFER,93708.08,93708.08,0.0,0.0,0.0,1,0
222,TRANSFER,35759.12,35759.12,0.0,0.0,0.0,1,0
222,CASH_OUT,35759.12,35759.12,0.0,528553.38,564312.49,1,0
222,TRANSFER,211628.75,211628.75,0.0,0.0,0.0,1,0
222,CASH_OUT,211628.75,211628.75,0.0,23970.72,235599.46,1,0
223,TRANSFER,181588.3,181588.3,0.0,0.0,0.0,1,0
224,TRANSFER,99316.36,99316.36,0.0,0.0,0.0,1,0
224,TRANSFER,8111.09,8111.09,0.0,0.0,0.0,1,0
224,CASH_OUT,8111.09,8111.09,0.0,0.0,8111.09,1,0
224,TRANSFER,107351.33,107351.33,0.0,0.0,0.0,1,0
225,PAYMENT,28214.54,40672.0,12457.46,0.0,0.0,0,0
225,PAYMENT,49761.92,0.0,0.0,0.0,0.0,0,0
225,CASH_OUT,52050.43,0.0,0.0,234086.58,286137.01,0,0
225,CASH_OUT,415056.55,11028.0,0.0,222578.75,637635.3,0,0
225,PAYMENT,11769.81,0.0,0.0,0.0,0.0,0,0
225,PAYMENT,3266.65,0.0,0.0,0.0,0.0,0,0
225,PAYMENT,1884.37,0.0,0.0,0.0,0.0,0,0
225,CASH_OUT,53004.26,0.0,0.0,327985.78,380990.05,0,0
225,CASH_OUT,171674.73,0.0,0.0,213591.77,385266.5,0,0
225,PAYMENT,7497.68,0.0,0.0,0.0,0.0,0,0
225,DEBIT,2527.7,25421.0,22893.3,252394.33,254922.03,0,0
225,PAYMENT,81657.13,0.0,0.0,0.0,0.0,0,0
225,CASH_OUT,198172.12,40022.0,0.0,0.0,198172.12,0,0
225,PAYMENT,7654.26,0.0,0.0,0.0,0.0,0,0
225,PAYMENT,37052.0,17411.59,0.0,0.0,0.0,0,0
225,PAYMENT,50783.84,25802.0,0.0,0.0,0.0,0,0
225,PAYMENT,12336.99,1085.96,0.0,0.0,0.0,0,0
225,CASH_OUT,133900.24,0.0,0.0,1116434.74,1250334.99,0,0
225,PAYMENT,5469.6,0.0,0.0,0.0,0.0,0,0
225,PAYMENT,7304.73,0.0,0.0,0.0,0.0,0,0
225,PAYMENT,73105.69,190.0,0.0,0.0,0.0,0,0
225,CASH_OUT,134716.51,20406.0,0.0,122113.47,256829.98,0,0
225,PAYMENT,3212.13,0.0,0.0,0.0,0.0,0,0
225,PAYMENT,16490.23,0.0,0.0,0.0,0.0,0,0
225,PAYMENT,26391.61,15433.0,0.0,0.0,0.0,0,0
225,CASH_OUT,226546.29,0.0,0.0,976146.19,1202692.48,0,0
225,PAYMENT,18634.83,0.0,0.0,0.0,0.0,0,0
225,CASH_OUT,135109.32,0.0,0.0,205338.62,340447.94,0,0
225,CASH_OUT,416553.5,0.0,0.0,457937.1,874490.61,0,0
225,PAYMENT,289.12,207.0,0.0,0.0,0.0,0,0
225,PAYMENT,30856.48,21915.0,0.0,0.0,0.0,0,0
225,CASH_OUT,143426.72,10081.0,0.0,816606.72,960033.45,0,0
225,PAYMENT,34296.32,0.0,0.0,0.0,0.0,0,0
225,CASH_OUT,234194.61,0.0,0.0,338043.8,572238.41,0,0
225,PAYMENT,39541.92,0.0,0.0,0.0,0.0,0,0
225,CASH_OUT,181931.79,0.0,0.0,292514.34,474446.13,0,0
225,PAYMENT,9227.83,0.0,0.0,0.0,0.0,0,0
225,CASH_OUT,169711.44,0.0,0.0,633764.95,803476.39,0,0
225,CASH_OUT,25691.72,0.0,0.0,734013.68,759705.41,0,0
225,CASH_OUT,421298.12,1047.0,0.0,109473.13,530771.25,0,0
225,CASH_OUT,168148.84,22220.0,0.0,185713.44,353862.28,0,0
225,CASH_OUT,290711.63,0.0,0.0,812759.51,1103471.15,0,0
225,CASH_OUT,124508.63,0.0,0.0,438546.68,563055.31,0,0
225,PAYMENT,32895.74,451.0,0.0,0.0,0.0,0,0
225,PAYMENT,25593.29,43176.0,17582.71,0.0,0.0,0,0
225,CASH_OUT,115761.25,0.0,0.0,412058.42,527819.67,0,0
225,CASH_OUT,59968.66,0.0,0.0,364006.61,423975.27,0,0
225,PAYMENT,19209.65,22472.0,3262.35,0.0,0.0,0,0
225,CASH_OUT,434749.84,64692.0,0.0,193435.25,628185.08,0,0
225,CASH_OUT,172125.01,5038.0,0.0,85918.28,258043.29,0,0
225,PAYMENT,26659.34,16095.0,0.0,0.0,0.0,0,0
225,PAYMENT,23861.35,21134.0,0.0,0.0,0.0,0,0
225,CASH_OUT,454459.07,20284.0,0.0,14127.06,468586.13,0,0
225,TRANSFER,10276.87,10276.87,0.0,0.0,0.0,1,0
225,CASH_OUT,10276.87,10276.87,0.0,950042.35,960319.22,1,0
225,TRANSFER,235075.62,235075.62,0.0,0.0,0.0,1,0
225,CASH_OUT,235075.62,235075.62,0.0,436894.35,310170.72,1,0
225,TRANSFER,84703.87,84703.87,0.0,0.0,0.0,1,0
225,CASH_OUT,84703.87,84703.87,0.0,773479.2,858183.06,1,0
225,TRANSFER,74447.11,74447.11,0.0,0.0,0.0,1,0
225,CASH_OUT,74447.11,74447.11,0.0,0.0,74447.11,1,0
226,PAYMENT,20260.31,169.0,0.0,0.0,0.0,0,0
226,CASH_OUT,74970.65,20399.0,0.0,0.0,74970.65,0,0
226,CASH_OUT,315024.3,1039.0,0.0,40859.41,355883.71,0,0
226,TRANSFER,246022.37,0.0,0.0,259481.0,213446.4,0,0
226,PAYMENT,2329.37,0.0,0.0,0.0,0.0,0,0
226,CASH_OUT,193172.91,11013.0,0.0,139560.49,332733.4,0,0
226,PAYMENT,8400.62,0.0,0.0,0.0,0.0,0,0
226,CASH_OUT,108148.14,0.0,0.0,451131.13,559279.28,0,0
226,CASH_OUT,26131.72,21030.0,0.0,365543.87,391675.59,0,0
226,CASH_OUT,9143.06,15072.0,5928.94,69887.26,79030.33,0,0
226,PAYMENT,15501.69,0.0,0.0,0.0,0.0,0,0
226,CASH_OUT,41267.34,11940.0,0.0,0.0,41267.34,0,0
226,CASH_OUT,113600.54,0.0,0.0,1000889.34,1250474.3,0,0
226,CASH_OUT,167920.75,0.0,0.0,597794.52,765715.27,0,0
226,CASH_OUT,151898.55,0.0,0.0,1028502.82,1180401.37,0,0
226,CASH_OUT,107433.67,40440.0,0.0,138242.25,245675.92,0,0
226,PAYMENT,11127.09,59764.0,48636.91,0.0,0.0,0,0
226,PAYMENT,45014.92,0.0,0.0,0.0,0.0,0,0
226,CASH_OUT,77082.7,0.0,0.0,544819.5,621902.21,0,0
226,CASH_OUT,185645.27,112653.0,0.0,143283.69,328928.96,0,0
226,PAYMENT,14763.2,49824.0,35060.8,0.0,0.0,0,0
226,PAYMENT,37471.91,0.0,0.0,0.0,0.0,0,0
226,PAYMENT,9087.68,0.0,0.0,0.0,0.0,0,0
226,PAYMENT,1269.61,0.0,0.0,0.0,0.0,0,0
226,PAYMENT,12653.42,30529.0,17875.58,0.0,0.0,0,0
226,CASH_OUT,323351.73,5582.0,0.0,0.0,323351.73,0,0
226,PAYMENT,42563.0,0.0,0.0,0.0,0.0,0,0
226,PAYMENT,6737.02,0.0,0.0,0.0,0.0,0,0
226,PAYMENT,20372.15,0.0,0.0,0.0,0.0,0,0
226,PAYMENT,28711.58,10105.0,0.0,0.0,0.0,0,0
226,PAYMENT,35501.45,10058.84,0.0,0.0,0.0,0,0
226,PAYMENT,66888.69,0.0,0.0,0.0,0.0,0,0
226,PAYMENT,26831.22,0.0,0.0,0.0,0.0,0,0
226,PAYMENT,6715.77,0.0,0.0,0.0,0.0,0,0
226,CASH_OUT,148614.45,7546.0,0.0,425287.94,573902.39,0,0
226,PAYMENT,1612.38,31038.0,29425.62,0.0,0.0,0,0
226,CASH_OUT,433655.69,10079.0,0.0,174478.8,608134.49,0,0
226,PAYMENT,17658.15,0.0,0.0,0.0,0.0,0,0
226,CASH_OUT,98672.85,7533.0,0.0,0.0,98672.85,0,0
226,PAYMENT,15752.97,58497.84,42744.87,0.0,0.0,0,0
226,PAYMENT,27826.31,0.0,0.0,0.0,0.0,0,0
226,PAYMENT,9045.67,20851.0,11805.33,0.0,0.0,0,0
226,CASH_OUT,122244.67,0.0,0.0,321828.32,444073.0,0,0
226,TRANSFER,88065.76,0.0,0.0,345821.73,433887.49,0,0
226,CASH_OUT,400257.65,10001.0,0.0,625409.77,1025667.42,0,0
226,PAYMENT,1939.84,298.0,0.0,0.0,0.0,0,0
226,CASH_OUT,36571.5,0.0,0.0,191728.3,73413.97,0,0
226,PAYMENT,1466.26,36745.0,35278.74,0.0,0.0,0,0
226,PAYMENT,36690.61,0.0,0.0,0.0,0.0,0,0
226,PAYMENT,11290.44,0.0,0.0,0.0,0.0,0,0
226,CASH_OUT,371785.5,52563.0,0.0,269792.26,641577.76,0,0
226,TRANSFER,207279.29,21517.0,0.0,127370.92,334650.2,0,0
226,CASH_OUT,440171.8,105007.0,0.0,0.0,440171.8,0,0
226,CASH_OUT,133969.68,0.0,0.0,297375.62,431345.3,0,0
226,CASH_OUT,49947.15,90529.0,40581.85,0.0,49947.15,0,0
226,PAYMENT,24888.1,32131.0,7242.9,0.0,0.0,0,0
226,PAYMENT,58045.47,93336.82,35291.36,0.0,0.0,0,0
226,PAYMENT,4022.09,21032.0,17009.91,0.0,0.0,0,0
226,CASH_OUT,51658.55,0.0,0.0,1036985.51,1088644.06,0,0
226,CASH_OUT,92773.78,0.0,0.0,219343.81,312117.59,0,0
226,CASH_OUT,249349.14,0.0,0.0,658954.66,908303.8,0,0
226,CASH_OUT,7070.65,315.0,0.0,203097.4,210168.05,0,0
226,PAYMENT,34282.86,10129.0,0.0,0.0,0.0,0,0
226,CASH_OUT,151744.23,6207.0,0.0,811464.95,963209.18,0,0
226,PAYMENT,3518.21,0.0,0.0,0.0,0.0,0,0
226,PAYMENT,2213.88,0.0,0.0,0.0,0.0,0,0
226,PAYMENT,23646.11,0.0,0.0,0.0,0.0,0,0
226,PAYMENT,29462.72,10874.0,0.0,0.0,0.0,0,0
226,CASH_OUT,30011.66,0.0,0.0,220475.58,250487.24,0,0
226,PAYMENT,5259.42,21310.0,16050.58,0.0,0.0,0,0
226,PAYMENT,20897.55,66669.0,45771.45,0.0,0.0,0,0
226,CASH_OUT,427820.1,243686.0,0.0,44418.32,472238.42,0,0
226,PAYMENT,36872.67,0.0,0.0,0.0,0.0,0,0
226,CASH_OUT,69736.37,0.0,0.0,223031.4,292767.77,0,0
226,PAYMENT,16921.63,0.0,0.0,0.0,0.0,0,0
226,PAYMENT,7316.0,0.0,0.0,0.0,0.0,0,0
226,CASH_OUT,492092.93,27679.0,0.0,50979.42,543072.35,0,0
226,CASH_OUT,161739.83,13747.0,0.0,904418.57,1066158.4,0,0
226,CASH_OUT,98439.9,0.0,0.0,208139.43,306579.33,0,0
226,CASH_OUT,248106.17,91494.0,0.0,0.0,374504.68,0,0
226,CASH_OUT,297701.23,171.0,0.0,292918.84,590620.07,0,0
226,CASH_OUT,38140.61,184.0,0.0,836492.75,874633.36,0,0
226,PAYMENT,8652.75,0.0,0.0,0.0,0.0,0,0
226,CASH_OUT,216654.3,0.0,0.0,314363.01,531017.31,0,0
226,PAYMENT,14137.61,993.0,0.0,0.0,0.0,0,0
226,CASH_OUT,29773.7,16872.0,0.0,0.0,29773.7,0,0
226,PAYMENT,4052.08,0.0,0.0,0.0,0.0,0,0
226,CASH_OUT,56025.06,90841.0,34815.94,149347.17,181080.91,0,0
226,TRANSFER,82869.09,82869.09,0.0,0.0,0.0,1,0
226,CASH_OUT,82869.09,82869.09,0.0,104258.05,187127.14,1,0
226,TRANSFER,195708.55,195708.55,0.0,0.0,0.0,1,0
226,TRANSFER,5772.0,5772.0,0.0,0.0,0.0,1,0
226,CASH_OUT,5772.0,5772.0,0.0,252750.28,258522.28,1,0
226,TRANSFER,29174.8,29174.8,0.0,0.0,0.0,1,0
226,CASH_OUT,29174.8,29174.8,0.0,4093.57,33268.36,1,0
227,CASH_OUT,304920.96,0.0,0.0,671998.02,976918.98,0,0
227,PAYMENT,25933.77,4122.0,0.0,0.0,0.0,0,0
227,CASH_OUT,95978.9,0.0,0.0,550690.21,646669.11,0,0
227,PAYMENT,57873.47,1210.0,0.0,0.0,0.0,0,0
227,CASH_OUT,123435.26,0.0,0.0,515283.43,638718.69,0,0
227,CASH_OUT,32538.57,100.0,0.0,476999.68,509538.25,0,0
227,PAYMENT,12608.73,0.0,0.0,0.0,0.0,0,0
227,CASH_OUT,341865.87,106286.0,0.0,308984.49,650850.36,0,0
227,PAYMENT,10092.1,0.0,0.0,0.0,0.0,0,0
227,PAYMENT,58741.99,20218.0,0.0,0.0,0.0,0,0
227,CASH_OUT,369613.49,0.0,0.0,369716.92,739330.41,0,0
227,PAYMENT,63778.71,44828.0,0.0,0.0,0.0,0,0
227,CASH_OUT,84124.12,30505.0,0.0,31985.03,116109.15,0,0
227,CASH_OUT,21792.29,19669.0,0.0,0.0,21792.29,0,0
227,PAYMENT,54633.24,332.0,0.0,0.0,0.0,0,0
227,PAYMENT,59456.39,1406.28,0.0,0.0,0.0,0,0
227,PAYMENT,40831.24,21580.0,0.0,0.0,0.0,0,0
227,CASH_OUT,198891.4,37135.0,0.0,0.0,198891.4,0,0
227,PAYMENT,37395.81,90203.52,52807.71,0.0,0.0,0,0
227,PAYMENT,37616.64,28450.52,0.0,0.0,0.0,0,0
227,CASH_OUT,43456.14,0.0,0.0,406747.08,450203.22,0,0
227,PAYMENT,17389.98,27729.44,10339.47,0.0,0.0,0,0
227,PAYMENT,23550.91,545.95,0.0,0.0,0.0,0,0
227,CASH_OUT,352355.31,14643.0,0.0,7305.99,359661.3,0,0
227,TRANSFER,31887.94,0.0,0.0,274820.9,306708.84,0,0
227,PAYMENT,87233.17,50569.0,0.0,0.0,0.0,0,0
227,PAYMENT,6239.22,0.0,0.0,0.0,0.0,0,0
227,PAYMENT,132860.64,0.0,0.0,0.0,0.0,0,0
227,CASH_OUT,112220.86,0.0,0.0,480094.61,592315.46,0,0
227,PAYMENT,8137.96,0.0,0.0,0.0,0.0,0,0
227,CASH_OUT,41284.27,0.0,0.0,56452.33,97736.61,0,0
227,CASH_OUT,87460.88,0.0,0.0,100034.59,187495.46,0,0
227,CASH_OUT,47090.82,0.0,0.0,468426.45,515517.28,0,0
227,CASH_OUT,151925.03,20099.0,0.0,0.0,151925.03,0,0
227,CASH_OUT,206496.28,8210.0,0.0,245607.97,452104.26,0,0
227,PAYMENT,24566.65,11679.0,0.0,0.0,0.0,0,0
227,PAYMENT,7455.65,11326.0,3870.35,0.0,0.0,0,0
227,CASH_OUT,343472.99,108.0,0.0,0.0,343472.99,0,0
227,PAYMENT,3076.07,0.0,0.0,0.0,0.0,0,0
227,CASH_OUT,283752.53,0.0,0.0,314208.56,597961.09,0,0
227,PAYMENT,5590.81,25368.02,19777.22,0.0,0.0,0,0
227,CASH_OUT,92808.04,12863.0,0.0,90370.98,183179.02,0,0
227,PAYMENT,6886.43,0.0,0.0,0.0,0.0,0,0
227,PAYMENT,34186.57,22594.98,0.0,0.0,0.0,0,0
227,CASH_OUT,57451.75,0.0,0.0,1140843.9,1198295.65,0,0
227,CASH_OUT,30862.21,0.0,0.0,98530.0,129392.21,0,0
227,CASH_OUT,354195.0,35751.0,0.0,118032.04,472227.04,0,0
227,PAYMENT,10179.56,0.0,0.0,0.0,0.0,0,0
227,PAYMENT,11620.53,20756.0,9135.47,0.0,0.0,0,0
227,PAYMENT,13965.14,62722.02,48756.88,0.0,0.0,0,0
227,PAYMENT,19829.16,0.0,0.0,0.0,0.0,0,0
227,PAYMENT,23237.7,0.0,0.0,0.0,0.0,0,0
227,PAYMENT,47747.26,93187.0,45439.74,0.0,0.0,0,0
227,CASH_OUT,365502.46,9151.0,0.0,259586.21,625088.67,0,0
227,PAYMENT,35772.96,11566.0,0.0,0.0,0.0,0,0
227,CASH_OUT,23321.95,5183.0,0.0,73211.81,96533.75,0,0
227,PAYMENT,36797.98,86976.62,50178.63,0.0,0.0,0,0
227,PAYMENT,53628.72,11407.0,0.0,0.0,0.0,0,0
227,PAYMENT,15573.82,66930.73,51356.91,0.0,0.0,0,0
227,CASH_OUT,145577.24,33094.0,0.0,440674.42,586251.67,0,0
227,CASH_OUT,107901.83,6288.0,0.0,842325.34,950227.16,0,0
227,PAYMENT,26060.03,85357.0,59296.97,0.0,0.0,0,0
227,PAYMENT,24311.21,0.0,0.0,0.0,0.0,0,0
227,CASH_OUT,135871.29,0.0,0.0,179511.35,315382.64,0,0
227,PAYMENT,10676.85,147.0,0.0,0.0,0.0,0,0
227,PAYMENT,43294.0,10865.0,0.0,0.0,0.0,0,0
227,PAYMENT,59735.93,34533.71,0.0,0.0,0.0,0,0
227,CASH_OUT,178803.75,40443.0,0.0,0.0,178803.75,0,0
227,PAYMENT,52518.77,15911.65,0.0,0.0,0.0,0,0
227,CASH_OUT,288450.82,210.0,0.0,0.0,288450.82,0,0
227,PAYMENT,63284.33,0.0,0.0,0.0,0.0,0,0
227,PAYMENT,33883.39,29734.0,0.0,0.0,0.0,0,0
227,CASH_OUT,198630.14,5081.0,0.0,0.0,198630.14,0,0
227,PAYMENT,31740.2,51103.0,19362.8,0.0,0.0,0,0
227,CASH_OUT,267537.36,0.0,0.0,628607.86,896145.23,0,0
227,CASH_OUT,368316.51,104195.0,0.0,555296.26,923612.76,0,0
227,PAYMENT,163.34,0.0,0.0,0.0,0.0,0,0
227,CASH_OUT,172062.17,19475.0,0.0,0.0,172062.17,0,0
227,CASH_OUT,193500.05,9179.0,0.0,0.0,193500.05,0,0
227,TRANSFER,420359.41,104348.0,0.0,17837.21,438196.62,0,0
227,CASH_OUT,400387.54,10669.0,0.0,343686.08,821699.95,0,0
227,TRANSFER,105037.18,0.0,0.0,558932.24,663969.42,0,0
227,PAYMENT,15043.19,0.0,0.0,0.0,0.0,0,0
227,PAYMENT,13469.24,0.0,0.0,0.0,0.0,0,0
227,TRANSFER,114889.61,114889.61,0.0,0.0,0.0,1,0
227,CASH_OUT,114889.61,114889.61,0.0,668801.8,783691.4,1,0
227,TRANSFER,176007.37,176007.37,0.0,0.0,0.0,1,0
227,CASH_OUT,176007.37,176007.37,0.0,0.0,176007.37,1,0
227,TRANSFER,210.92,210.92,0.0,0.0,0.0,1,0
227,TRANSFER,182666.85,182666.85,0.0,0.0,0.0,1,0
227,CASH_OUT,182666.85,182666.85,0.0,51743.92,234410.77,1,0
228,PAYMENT,11546.81,0.0,0.0,0.0,0.0,0,0
228,PAYMENT,36800.53,0.0,0.0,0.0,0.0,0,0
228,CASH_OUT,210015.73,11114.0,0.0,611384.68,821400.41,0,0
228,CASH_OUT,122915.12,20410.0,0.0,0.0,122915.12,0,0
228,PAYMENT,1314.72,49622.0,48307.28,0.0,0.0,0,0
228,CASH_OUT,152487.25,0.0,0.0,593017.93,745505.17,0,0
228,CASH_OUT,139148.52,179.0,0.0,0.0,139148.52,0,0
228,PAYMENT,4921.46,0.0,0.0,0.0,0.0,0,0
228,CASH_OUT,155173.04,149344.0,0.0,572718.05,727891.09,0,0
228,PAYMENT,24359.86,0.0,0.0,0.0,0.0,0,0
228,TRANSFER,112077.77,0.0,0.0,223130.99,662497.69,0,0
228,PAYMENT,17562.92,0.0,0.0,0.0,0.0,0,0
228,PAYMENT,12292.9,0.0,0.0,0.0,0.0,0,0
228,CASH_OUT,396321.51,0.0,0.0,482254.93,878576.44,0,0
228,PAYMENT,22662.58,31172.0,8509.42,0.0,0.0,0,0
228,CASH_OUT,170207.78,0.0,0.0,253041.12,423248.9,0,0
228,PAYMENT,13247.87,0.0,0.0,0.0,0.0,0,0
228,CASH_OUT,126517.29,19192.0,0.0,0.0,126517.29,0,0
228,PAYMENT,3568.91,0.0,0.0,0.0,0.0,0,0
228,PAYMENT,26055.48,0.0,0.0,0.0,0.0,0,0
228,PAYMENT,16536.2,0.0,0.0,0.0,0.0,0,0
228,CASH_OUT,185147.83,11771.0,0.0,0.0,185147.83,0,0
228,PAYMENT,33984.22,16593.52,0.0,0.0,0.0,0,0
228,PAYMENT,26278.04,0.0,0.0,0.0,0.0,0,0
228,PAYMENT,5021.95,0.0,0.0,0.0,0.0,0,0
228,TRANSFER,274154.1,72560.0,0.0,0.0,274154.1,0,0
228,PAYMENT,4341.22,0.0,0.0,0.0,0.0,0,0
228,PAYMENT,32376.53,0.0,0.0,0.0,0.0,0,0
228,CASH_OUT,106331.69,0.0,0.0,544988.04,651319.72,0,0
228,PAYMENT,20454.1,16173.48,0.0,0.0,0.0,0,0
228,PAYMENT,25161.87,21006.0,0.0,0.0,0.0,0,0
228,PAYMENT,16241.29,63074.23,46832.94,0.0,0.0,0,0
228,CASH_OUT,204568.37,59179.0,0.0,0.0,204568.37,0,0
228,PAYMENT,13069.65,0.0,0.0,0.0,0.0,0,0
228,CASH_IN,11129.64,6981.0,18110.64,3352.93,0.0,0,0
228,PAYMENT,49128.47,802.0,0.0,0.0,0.0,0,0
228,PAYMENT,40757.55,0.0,0.0,0.0,0.0,0,0
228,CASH_OUT,234614.07,1028.0,0.0,9941.0,244555.07,0,0
228,CASH_OUT,79925.86,0.0,0.0,177656.82,257582.68,0,0
228,PAYMENT,25047.69,0.0,0.0,0.0,0.0,0,0
228,PAYMENT,37214.25,0.0,0.0,0.0,0.0,0,0
228,PAYMENT,18623.26,0.0,0.0,0.0,0.0,0,0
228,CASH_OUT,16356.73,0.0,0.0,797402.44,813759.17,0,0
228,PAYMENT,6268.97,50713.0,44444.03,0.0,0.0,0,0
228,CASH_OUT,72943.79,0.0,0.0,531117.11,604060.9,0,0
228,CASH_OUT,158718.15,0.0,0.0,159843.64,318561.79,0,0
228,PAYMENT,1800.87,41350.0,39549.13,0.0,0.0,0,0
228,PAYMENT,13041.39,0.0,0.0,0.0,0.0,0,0
228,CASH_OUT,336725.44,4279.07,0.0,347544.36,684269.8,0,0
228,PAYMENT,14176.98,15.0,0.0,0.0,0.0,0,0
228,PAYMENT,28580.19,37932.67,9352.48,0.0,0.0,0,0
228,CASH_OUT,174656.65,20290.0,0.0,864.41,175521.06,0,0
228,CASH_OUT,309981.85,217724.78,0.0,342245.11,652226.96,0,0
228,CASH_OUT,272238.56,0.0,0.0,569718.19,841956.75,0,0
228,CASH_OUT,174538.39,0.0,0.0,873217.62,1047756.01,0,0
228,CASH_OUT,178303.56,84868.0,0.0,56622.27,234925.82,0,0
228,PAYMENT,39019.12,40433.0,1413.88,0.0,0.0,0,0
228,CASH_OUT,177796.06,0.0,0.0,189636.08,367432.13,0,0
228,PAYMENT,62442.62,30180.0,0.0,0.0,0.0,0,0
228,CASH_OUT,618.53,0.0,0.0,106683.88,107302.41,0,0
228,CASH_OUT,88619.04,0.0,0.0,131441.73,220060.77,0,0
228,CASH_OUT,207500.12,35782.0,0.0,358157.11,565657.23,0,0
228,PAYMENT,4689.65,0.0,0.0,0.0,0.0,0,0
228,CASH_OUT,360760.75,205290.0,0.0,0.0,360760.75,0,0
228,CASH_OUT,200885.81,0.0,0.0,888572.55,1089458.36,0,0
228,TRANSFER,194115.78,43087.0,0.0,0.0,194115.78,0,0
228,PAYMENT,8146.54,0.0,0.0,0.0,0.0,0,0
228,CASH_OUT,439919.7,6676.0,0.0,0.0,439919.7,0,0
228,CASH_OUT,52616.54,0.0,0.0,434497.68,487114.22,0,0
228,CASH_OUT,79948.36,0.0,0.0,152497.12,232445.48,0,0
228,CASH_OUT,118025.54,0.0,0.0,313786.08,431811.63,0,0
228,CASH_OUT,93010.56,44885.0,0.0,1057367.92,1150378.48,0,0
228,TRANSFER,439880.23,40193.0,0.0,392410.2,832290.43,0,0
228,PAYMENT,41152.72,0.0,0.0,0.0,0.0,0,0
228,PAYMENT,56245.78,5650.0,0.0,0.0,0.0,0,0
228,CASH_OUT,234777.88,108746.0,0.0,0.0,234777.88,0,0
228,PAYMENT,18843.12,48.0,0.0,0.0,0.0,0,0
228,PAYMENT,14039.4,501.0,0.0,0.0,0.0,0,0
228,PAYMENT,37529.52,95862.2,58332.68,0.0,0.0,0,0
228,PAYMENT,17489.01,0.0,0.0,0.0,0.0,0,0
228,PAYMENT,4329.14,0.0,0.0,0.0,0.0,0,0
228,PAYMENT,12720.51,104.0,0.0,0.0,0.0,0,0
228,PAYMENT,4642.53,20471.0,15828.47,0.0,0.0,0,0
228,PAYMENT,25856.14,11144.0,0.0,0.0,0.0,0,0
228,PAYMENT,9196.47,7939.33,0.0,0.0,0.0,0,0
228,TRANSFER,371451.04,30718.0,0.0,0.0,371451.04,0,0
228,PAYMENT,59495.32,41797.0,0.0,0.0,0.0,0,0
228,DEBIT,1753.01,35726.0,33972.99,355995.59,357748.6,0,0
228,TRANSFER,120491.56,120491.56,0.0,0.0,0.0,1,0
228,CASH_OUT,120491.56,120491.56,0.0,0.0,120491.56,1,0
228,TRANSFER,266836.35,266836.35,0.0,0.0,0.0,1,0
228,CASH_OUT,266836.35,266836.35,0.0,69105.61,335941.96,1,0
229,CASH_OUT,455359.98,49588.0,0.0,0.0,455359.98,0,0
229,PAYMENT,2480.19,0.0,0.0,0.0,0.0,0,0
229,CASH_IN,21119.36,31061.64,52181.0,268455.84,247336.49,0,0
229,CASH_OUT,199425.51,43177.0,0.0,0.0,199425.51,0,0
229,CASH_OUT,176112.19,21337.0,0.0,270559.58,446671.76,0,0
229,PAYMENT,5250.56,0.0,0.0,0.0,0.0,0,0
229,TRANSFER,177098.97,0.0,0.0,432351.18,609450.15,0,0
229,CASH_OUT,172017.92,50200.0,0.0,302361.37,474379.29,0,0
229,CASH_OUT,49708.0,85215.0,35507.0,11444.11,61152.1,0,0
229,PAYMENT,17069.74,0.0,0.0,0.0,0.0,0,0
229,CASH_OUT,146330.21,0.0,0.0,268019.67,414349.88,0,0
229,CASH_OUT,205393.04,228628.0,23234.96,273214.31,478607.36,0,0
229,CASH_OUT,12308.51,0.0,0.0,276051.63,288360.14,0,0
229,CASH_IN,43047.54,619.0,43666.54,0.0,0.0,0,0
229,CASH_OUT,120244.91,0.0,0.0,171554.42,291799.34,0,0
229,CASH_OUT,92639.32,21174.0,0.0,0.0,92639.32,0,0
229,PAYMENT,14827.13,0.0,0.0,0.0,0.0,0,0
229,PAYMENT,1486.8,0.0,0.0,0.0,0.0,0,0
229,CASH_OUT,104695.27,0.0,0.0,846889.41,951584.68,0,0
229,PAYMENT,26043.18,7129.0,0.0,0.0,0.0,0,0
229,PAYMENT,52802.7,50605.0,0.0,0.0,0.0,0,0
229,CASH_OUT,193610.29,0.0,0.0,335634.71,529245.0,0,0
229,CASH_OUT,467487.33,283518.0,0.0,0.0,467487.33,0,0
229,CASH_OUT,278678.0,0.0,0.0,541381.36,820059.35,0,0
229,PAYMENT,2936.75,0.0,0.0,0.0,0.0,0,0
229,CASH_OUT,265238.48,0.0,0.0,352577.7,617816.17,0,0
229,CASH_OUT,175937.84,17550.0,0.0,298673.24,474611.08,0,0
229,PAYMENT,23334.18,14759.22,0.0,0.0,0.0,0,0
229,PAYMENT,40335.85,14162.0,0.0,0.0,0.0,0,0
229,PAYMENT,698.14,0.0,0.0,0.0,0.0,0,0
229,CASH_OUT,261868.11,0.0,0.0,297361.15,880343.01,0,0
229,CASH_OUT,165818.29,0.0,0.0,582224.87,748043.16,0,0
229,PAYMENT,21885.98,0.0,0.0,0.0,0.0,0,0
229,CASH_OUT,36599.93,0.0,0.0,1030332.5,1066932.43,0,0
229,PAYMENT,194.58,0.0,0.0,0.0,0.0,0,0
229,CASH_OUT,282104.98,0.0,0.0,580079.14,862184.12,0,0
229,PAYMENT,4678.3,25010.94,20332.65,0.0,0.0,0,0
229,CASH_OUT,292585.62,11491.0,0.0,70933.44,363519.06,0,0
229,CASH_IN,36503.4,634.0,37137.4,0.0,0.0,0,0
229,PAYMENT,18913.38,0.0,0.0,0.0,0.0,0,0
229,CASH_OUT,127270.09,31211.0,0.0,227163.83,354433.91,0,0
229,CASH_OUT,342016.42,19013.0,0.0,66288.6,408305.02,0,0
229,PAYMENT,973.35,24454.04,23480.68,0.0,0.0,0,0
229,PAYMENT,29800.38,11670.0,0.0,0.0,0.0,0,0
229,PAYMENT,13712.1,0.0,0.0,0.0,0.0,0,0
229,PAYMENT,39706.14,22030.0,0.0,0.0,0.0,0,0
229,CASH_OUT,88082.89,166.0,0.0,29529.59,117612.48,0,0
229,CASH_OUT,192774.02,0.0,0.0,853931.92,1046705.94,0,0
229,PAYMENT,11389.1,6018.46,0.0,0.0,0.0,0,0
229,CASH_OUT,235520.06,0.0,0.0,289514.14,525034.19,0,0
229,PAYMENT,10373.51,0.0,0.0,0.0,0.0,0,0
229,PAYMENT,2860.36,0.0,0.0,0.0,0.0,0,0
229,PAYMENT,53089.92,31352.0,0.0,0.0,0.0,0,0
229,CASH_OUT,156196.81,0.0,0.0,337355.32,493552.13,0,0
229,CASH_OUT,41221.08,21541.0,0.0,3967.58,45188.66,0,0
229,CASH_OUT,201464.9,1585.0,0.0,0.0,201464.9,0,0
229,CASH_OUT,428593.42,15877.0,0.0,0.0,428593.42,0,0
229,CASH_OUT,287565.14,2002.0,0.0,90154.62,377719.76,0,0
229,PAYMENT,17535.77,20532.0,2996.23,0.0,0.0,0,0
229,CASH_OUT,89355.71,2927.0,0.0,285630.81,374986.51,0,0
229,CASH_OUT,116861.99,576.0,0.0,0.0,116861.99,0,0
229,CASH_OUT,327576.76,75859.0,0.0,0.0,327576.76,0,0
229,CASH_OUT,375306.13,0.0,0.0,776833.85,1152139.98,0,0
229,CASH_OUT,13864.29,0.0,0.0,33667.88,47532.16,0,0
229,CASH_OUT,10770.52,120.0,0.0,0.0,10770.52,0,0
229,PAYMENT,1519.52,11381.71,9862.2,0.0,0.0,0,0
229,PAYMENT,24063.52,0.0,0.0,0.0,0.0,0,0
229,PAYMENT,44.11,0.0,0.0,0.0,0.0,0,0
229,TRANSFER,7766.67,0.0,0.0,222396.12,230162.79,0,0
229,CASH_OUT,393815.74,41236.0,0.0,566288.75,960104.49,0,0
229,CASH_OUT,91120.25,10331.21,0.0,148434.17,119263.02,0,0
229,CASH_OUT,434142.64,467.0,0.0,199994.14,634136.78,0,0
229,PAYMENT,7832.51,9523.06,1690.55,0.0,0.0,0,0
229,CASH_OUT,435357.14,41142.0,0.0,100194.32,535551.46,0,0
229,CASH_OUT,121338.56,0.0,0.0,215907.58,337246.14,0,0
229,CASH_OUT,48249.68,0.0,0.0,338101.66,386351.34,0,0
229,TRANSFER,38580.45,38580.45,0.0,0.0,0.0,1,0
229,CASH_OUT,38580.45,38580.45,0.0,335633.03,374213.48,1,0
229,TRANSFER,143332.0,143332.0,0.0,0.0,0.0,1,0
229,CASH_OUT,143332.0,143332.0,0.0,482652.15,716367.34,1,0
229,TRANSFER,37019.04,37019.04,0.0,0.0,0.0,1,0
229,CASH_OUT,37019.04,37019.04,0.0,52812.32,89831.35,1,0
230,PAYMENT,19517.96,67332.08,47814.12,0.0,0.0,0,0
230,PAYMENT,27819.9,63398.0,35578.1,0.0,0.0,0,0
230,PAYMENT,14027.22,0.0,0.0,0.0,0.0,0,0
230,CASH_OUT,72165.33,0.0,0.0,458967.32,531132.65,0,0
230,PAYMENT,2941.96,0.0,0.0,0.0,0.0,0,0
230,CASH_OUT,277176.41,0.0,0.0,415443.3,692619.7,0,0
230,PAYMENT,8955.44,22449.0,13493.56,0.0,0.0,0,0
230,CASH_OUT,171077.22,0.0,0.0,621097.66,792174.87,0,0
230,CASH_OUT,149839.06,0.0,0.0,196156.72,345995.78,0,0
230,PAYMENT,1582.42,0.0,0.0,0.0,0.0,0,0
230,PAYMENT,2621.97,0.0,0.0,0.0,0.0,0,0
230,CASH_OUT,208414.98,29965.0,0.0,47398.75,255813.72,0,0
230,CASH_OUT,199393.43,75055.3,0.0,292161.01,491554.44,0,0
230,CASH_OUT,83049.55,0.0,0.0,173583.78,256633.33,0,0
230,CASH_OUT,209482.14,53990.0,0.0,413106.89,622589.03,0,0
230,PAYMENT,14533.02,0.0,0.0,0.0,0.0,0,0
230,CASH_IN,30395.24,26092.0,56487.24,387249.69,356854.45,0,0
230,CASH_OUT,409873.62,11326.0,0.0,99817.39,509691.01,0,0
230,PAYMENT,5394.94,17016.02,11621.08,0.0,0.0,0,0
230,CASH_OUT,154396.86,0.0,0.0,161923.98,316320.84,0,0
230,PAYMENT,6860.76,181.0,0.0,0.0,0.0,0,0
230,PAYMENT,10951.22,49630.0,38678.78,0.0,0.0,0,0
230,PAYMENT,4198.02,14477.0,10278.98,0.0,0.0,0,0
230,PAYMENT,5802.59,0.0,0.0,0.0,0.0,0,0
230,PAYMENT,6220.01,0.0,0.0,0.0,0.0,0,0
230,CASH_OUT,6437.22,0.0,0.0,119919.9,126357.12,0,0
230,PAYMENT,12910.15,7981.0,0.0,0.0,0.0,0,0
230,PAYMENT,3414.98,0.0,0.0,0.0,0.0,0,0
230,CASH_OUT,390908.21,61945.0,0.0,188194.61,579102.82,0,0
230,PAYMENT,4594.78,19947.0,15352.22,0.0,0.0,0,0
230,PAYMENT,8338.37,0.0,0.0,0.0,0.0,0,0
230,PAYMENT,13932.81,16002.0,2069.19,0.0,0.0,0,0
230,PAYMENT,7993.62,50634.0,42640.38,0.0,0.0,0,0
230,CASH_OUT,107069.8,106628.0,0.0,0.0,107069.8,0,0
230,PAYMENT,4627.74,30304.0,25676.26,0.0,0.0,0,0
230,CASH_OUT,205425.26,0.0,0.0,731462.78,936888.03,0,0
230,PAYMENT,12497.56,22271.0,9773.44,0.0,0.0,0,0
230,CASH_OUT,74024.98,9000.0,0.0,101018.0,175042.98,0,0
230,PAYMENT,12287.13,0.0,0.0,0.0,0.0,0,0
230,PAYMENT,30637.49,47448.42,16810.94,0.0,0.0,0,0
230,PAYMENT,3664.25,0.0,0.0,0.0,0.0,0,0
230,CASH_OUT,202275.04,0.0,0.0,683711.17,885986.21,0,0
230,CASH_OUT,87217.63,57246.0,0.0,140524.78,227742.42,0,0
230,PAYMENT,183.63,0.0,0.0,0.0,0.0,0,0
230,PAYMENT,14730.12,0.0,0.0,0.0,0.0,0,0
230,CASH_OUT,21050.75,8851.0,0.0,797167.99,818218.74,0,0
230,PAYMENT,11773.74,24370.0,12596.26,0.0,0.0,0,0
230,PAYMENT,21960.87,51105.8,29144.93,0.0,0.0,0,0
230,PAYMENT,14285.44,0.0,0.0,0.0,0.0,0,0
230,PAYMENT,11449.03,142.0,0.0,0.0,0.0,0,0
230,CASH_OUT,248819.2,190.0,0.0,0.0,248819.2,0,0
230,PAYMENT,14441.55,40759.0,26317.45,0.0,0.0,0,0
230,PAYMENT,18026.49,0.0,0.0,0.0,0.0,0,0
230,CASH_OUT,344463.91,0.0,0.0,402521.75,746985.66,0,0
230,PAYMENT,1594.31,0.0,0.0,0.0,0.0,0,0
230,CASH_OUT,151349.13,166.0,0.0,439561.33,590910.47,0,0
230,PAYMENT,32151.1,0.0,0.0,0.0,0.0,0,0
230,CASH_OUT,230095.11,21100.0,0.0,0.0,230095.11,0,0
230,CASH_OUT,307044.41,16084.0,0.0,0.0,307044.41,0,0
230,PAYMENT,14966.85,4949.99,0.0,0.0,0.0,0,0
230,CASH_OUT,216781.04,0.0,0.0,251331.46,468112.5,0,0
230,PAYMENT,6524.94,0.0,0.0,0.0,0.0,0,0
230,CASH_OUT,288947.25,40428.0,0.0,43150.56,332097.81,0,0
230,PAYMENT,22748.69,1306.0,0.0,0.0,0.0,0,0
230,PAYMENT,15185.13,12557.0,0.0,0.0,0.0,0,0
230,PAYMENT,1246.75,263.0,0.0,0.0,0.0,0,0
230,CASH_OUT,7242.54,10896.0,3653.46,0.0,7242.54,0,0
230,PAYMENT,14226.64,22520.49,8293.84,0.0,0.0,0,0
230,PAYMENT,29415.55,11149.0,0.0,0.0,0.0,0,0
230,PAYMENT,15777.33,58154.93,42377.6,0.0,0.0,0,0
230,PAYMENT,5449.97,22161.0,16711.03,0.0,0.0,0,0
230,PAYMENT,37543.06,10838.0,0.0,0.0,0.0,0,0
230,CASH_IN,16124.38,20382.0,36506.38,39465.82,23341.45,0,0
230,PAYMENT,1632.7,6224.0,4591.3,0.0,0.0,0,0
230,PAYMENT,27561.05,0.0,0.0,0.0,0.0,0,0
230,CASH_OUT,266040.17,113039.0,0.0,0.0,266040.17,0,0
230,PAYMENT,4333.06,0.0,0.0,0.0,0.0,0,0
230,TRANSFER,102009.37,102009.37,0.0,0.0,0.0,1,0
230,CASH_OUT,102009.37,102009.37,0.0,27348.12,129357.48,1,0
230,TRANSFER,114169.66,114169.66,0.0,0.0,0.0,1,0
230,CASH_OUT,114169.66,114169.66,0.0,80478.74,194648.4,1,0
230,TRANSFER,48078.85,48078.85,0.0,0.0,0.0,1,0
230,CASH_OUT,48078.85,48078.85,0.0,288760.9,336839.74,1,0
230,CASH_OUT,40611.22,0.0,0.0,0.0,40611.22,1,0
231,TRANSFER,174823.22,0.0,0.0,267564.14,442387.36,0,0
231,PAYMENT,7254.67,0.0,0.0,0.0,0.0,0,0
231,CASH_OUT,178608.19,20111.0,0.0,112132.08,290740.27,0,0
231,PAYMENT,13806.78,9495.27,0.0,0.0,0.0,0,0
231,PAYMENT,8763.26,51081.0,42317.74,0.0,0.0,0,0
231,CASH_OUT,151911.34,60175.0,0.0,369345.05,521256.4,0,0
231,PAYMENT,2639.38,0.0,0.0,0.0,0.0,0,0
231,CASH_OUT,255349.5,253988.0,0.0,29155.81,440876.43,0,0
231,CASH_OUT,249088.97,30456.0,0.0,18715.37,267804.34,0,0
231,PAYMENT,2240.94,0.0,0.0,0.0,0.0,0,0
231,CASH_OUT,222816.66,21835.0,0.0,817386.18,1040202.84,0,0
231,PAYMENT,16581.47,9104.0,0.0,0.0,0.0,0,0
231,PAYMENT,8252.17,7333.61,0.0,0.0,0.0,0,0
231,CASH_OUT,169602.12,0.0,0.0,234324.78,403926.9,0,0
231,PAYMENT,5957.21,10302.0,4344.79,0.0,0.0,0,0
231,CASH_OUT,36206.71,0.0,0.0,77468.92,113675.63,0,0
231,CASH_OUT,259839.27,133436.0,0.0,0.0,259839.27,0,0
231,PAYMENT,12458.13,10803.0,0.0,0.0,0.0,0,0
231,PAYMENT,14999.24,0.0,0.0,0.0,0.0,0,0
231,CASH_OUT,155246.32,0.0,0.0,542243.15,697489.46,0,0
231,PAYMENT,23206.99,0.0,0.0,0.0,0.0,0,0
231,PAYMENT,11289.62,0.0,0.0,0.0,0.0,0,0
231,PAYMENT,20515.43,11578.0,0.0,0.0,0.0,0,0
231,PAYMENT,8922.08,56.0,0.0,0.0,0.0,0,0
231,PAYMENT,10304.43,0.0,0.0,0.0,0.0,0,0
231,PAYMENT,28415.22,10022.73,0.0,0.0,0.0,0,0
231,CASH_OUT,18872.43,72924.0,54051.57,0.0,18872.43,0,0
231,PAYMENT,5953.32,0.0,0.0,0.0,0.0,0,0
231,PAYMENT,4610.41,0.0,0.0,0.0,0.0,0,0
231,PAYMENT,30536.25,0.0,0.0,0.0,0.0,0,0
231,PAYMENT,27486.36,659.0,0.0,0.0,0.0,0,0
231,PAYMENT,2709.59,51666.0,48956.41,0.0,0.0,0,0
231,PAYMENT,30401.26,17159.93,0.0,0.0,0.0,0,0
231,CASH_OUT,92847.15,0.0,0.0,286818.73,379665.88,0,0
231,CASH_OUT,405192.44,244129.0,0.0,706409.33,1111601.77,0,0
231,CASH_OUT,20731.71,41052.0,20320.29,30679.36,51411.08,0,0
231,DEBIT,36327.25,0.0,0.0,421057.24,457384.48,0,0
231,PAYMENT,3560.56,0.0,0.0,0.0,0.0,0,0
231,CASH_OUT,335128.14,51335.0,0.0,0.0,335128.14,0,0
231,PAYMENT,5521.23,40021.16,34499.93,0.0,0.0,0,0
231,TRANSFER,92683.53,0.0,0.0,155616.48,248300.01,0,0
231,PAYMENT,15648.13,52537.05,36888.92,0.0,0.0,0,0
231,CASH_OUT,51457.52,0.0,0.0,319951.74,371409.26,0,0
231,PAYMENT,28865.42,243.0,0.0,0.0,0.0,0,0
231,CASH_OUT,150393.04,0.0,0.0,754941.3,905334.34,0,0
231,PAYMENT,18819.26,5002.0,0.0,0.0,0.0,0,0
231,PAYMENT,2353.15,24101.0,21747.85,0.0,0.0,0,0
231,CASH_OUT,215839.94,0.0,0.0,566881.69,782721.63,0,0
231,CASH_OUT,30879.75,0.0,0.0,412215.54,443095.29,0,0
231,CASH_OUT,268984.88,32426.0,0.0,160839.83,429824.71,0,0
231,CASH_OUT,214259.1,12176.0,0.0,0.0,214259.1,0,0
231,CASH_OUT,54764.23,0.0,0.0,273494.35,328258.58,0,0
231,PAYMENT,4571.47,21211.0,16639.53,0.0,0.0,0,0
231,PAYMENT,19608.0,12128.0,0.0,0.0,0.0,0,0
231,CASH_OUT,166552.07,20865.0,0.0,312011.75,478563.82,0,0
231,PAYMENT,2109.58,0.0,0.0,0.0,0.0,0,0
231,PAYMENT,23570.64,55468.0,31897.36,0.0,0.0,0,0
231,CASH_OUT,167468.56,10999.0,0.0,72543.35,240011.91,0,0
231,PAYMENT,30971.26,32418.0,1446.74,0.0,0.0,0,0
231,PAYMENT,3551.66,0.0,0.0,0.0,0.0,0,0
231,PAYMENT,13378.84,41704.0,28325.16,0.0,0.0,0,0
231,PAYMENT,5978.35,0.0,0.0,0.0,0.0,0,0
231,CASH_OUT,318100.6,59699.0,0.0,260033.12,578133.73,0,0
231,PAYMENT,3927.17,0.0,0.0,0.0,0.0,0,0
231,PAYMENT,12234.2,0.0,0.0,0.0,0.0,0,0
231,CASH_IN,26025.34,135.0,26160.34,23406.03,0.0,0,0
231,CASH_OUT,93473.07,28202.0,0.0,0.0,93473.07,0,0
231,PAYMENT,2430.42,0.0,0.0,0.0,0.0,0,0
231,CASH_OUT,139826.01,0.0,0.0,144079.87,283905.88,0,0
231,CASH_OUT,323601.43,144.0,0.0,632197.63,955799.06,0,0
231,CASH_OUT,18967.61,0.0,0.0,781762.91,800730.53,0,0
231,CASH_OUT,122820.83,30452.0,0.0,68841.58,82605.34,0,0
231,CASH_OUT,249259.26,393.0,0.0,644458.81,893718.07,0,0
231,PAYMENT,5731.82,0.0,0.0,0.0,0.0,0,0
231,TRANSFER,249603.7,0.0,0.0,504160.54,753764.23,0,0
231,TRANSFER,110490.72,0.0,0.0,435188.43,545679.15,0,0
231,PAYMENT,3008.07,0.0,0.0,0.0,0.0,0,0
231,CASH_OUT,18625.31,0.0,0.0,69439.19,88064.5,0,0
231,PAYMENT,16369.09,0.0,0.0,0.0,0.0,0,0
231,TRANSFER,105080.35,105080.35,0.0,0.0,0.0,1,0
231,TRANSFER,13962.0,13962.0,0.0,0.0,0.0,1,0
231,CASH_OUT,13962.0,13962.0,0.0,0.0,13962.0,1,0
231,TRANSFER,273821.76,273821.76,0.0,0.0,0.0,1,0
231,CASH_OUT,273821.76,273821.76,0.0,0.0,273821.76,1,0
231,TRANSFER,261331.82,261331.82,0.0,0.0,0.0,1,0
231,CASH_OUT,261331.82,261331.82,0.0,32063.09,293394.92,1,0
231,CASH_OUT,94372.61,0.0,0.0,471783.48,566156.08,1,0
232,PAYMENT,2480.92,0.0,0.0,0.0,0.0,0,0
232,PAYMENT,7274.03,0.0,0.0,0.0,0.0,0,0
232,CASH_OUT,127386.77,0.0,0.0,613144.6,740531.37,0,0
232,CASH_OUT,7127.97,0.0,0.0,798409.24,805537.21,0,0
232,TRANSFER,57337.27,0.0,0.0,111706.89,169044.16,0,0
232,PAYMENT,2963.07,3212.0,248.93,0.0,0.0,0,0
232,PAYMENT,2398.03,271.0,0.0,0.0,0.0,0,0
232,CASH_OUT,121957.12,0.0,0.0,400618.21,522575.33,0,0
232,PAYMENT,20855.47,66676.0,45820.53,0.0,0.0,0,0
232,CASH_OUT,296002.61,21425.0,0.0,47759.93,343762.54,0,0
232,PAYMENT,20425.34,9052.0,0.0,0.0,0.0,0,0
232,CASH_OUT,876.25,0.0,0.0,1203453.46,1204329.71,0,0
232,PAYMENT,11300.74,44784.0,33483.26,0.0,0.0,0,0
232,PAYMENT,31008.57,31115.75,107.18,0.0,0.0,0,0
232,PAYMENT,11870.65,21371.0,9500.35,0.0,0.0,0,0
232,CASH_OUT,101984.65,52016.0,0.0,0.0,101984.65,0,0
232,CASH_OUT,26159.97,1597.0,0.0,0.0,26159.97,0,0
232,CASH_OUT,394710.07,25003.0,0.0,85333.03,480043.1,0,0
232,CASH_OUT,244675.61,80801.0,0.0,10558.63,255234.25,0,0
232,CASH_OUT,348619.05,3069.0,0.0,530988.23,879607.28,0,0
232,CASH_OUT,242058.21,0.0,0.0,543305.85,785364.06,0,0
232,PAYMENT,27822.73,22689.0,0.0,0.0,0.0,0,0
232,CASH_OUT,10810.08,1057.0,0.0,67089.21,77899.28,0,0
232,PAYMENT,122.28,2065.0,1942.72,0.0,0.0,0,0
232,TRANSFER,56064.51,0.0,0.0,185615.61,241680.11,0,0
232,PAYMENT,5167.39,2569.0,0.0,0.0,0.0,0,0
232,PAYMENT,20861.55,0.0,0.0,0.0,0.0,0,0
232,PAYMENT,1629.33,0.0,0.0,0.0,0.0,0,0
232,PAYMENT,13541.97,0.0,0.0,0.0,0.0,0,0
232,CASH_OUT,16126.29,0.0,0.0,104624.2,120750.49,0,0
232,CASH_OUT,98491.15,31049.0,0.0,0.0,98491.15,0,0
232,CASH_OUT,71713.84,0.0,0.0,211711.01,283424.85,0,0
232,PAYMENT,12005.23,0.0,0.0,0.0,0.0,0,0
232,CASH_OUT,140097.66,0.0,0.0,205397.31,345494.97,0,0
232,CASH_OUT,58561.88,0.0,0.0,492000.93,550562.81,0,0
232,CASH_IN,38075.84,1646.0,39721.84,0.0,0.0,0,0
232,PAYMENT,7590.19,0.0,0.0,0.0,0.0,0,0
232,PAYMENT,4225.84,10297.33,6071.49,0.0,0.0,0,0
232,CASH_OUT,208517.2,21944.0,0.0,814861.14,1023378.34,0,0
232,CASH_OUT,245804.57,32110.0,0.0,499211.43,745015.99,0,0
232,CASH_IN,39121.79,20878.0,59999.79,1218432.91,1179311.13,0,0
232,CASH_OUT,89843.53,5532.0,0.0,76701.15,166544.68,0,0
232,CASH_OUT,454762.47,7228.0,0.0,71570.79,526333.26,0,0
232,PAYMENT,36120.26,1033.0,0.0,0.0,0.0,0,0
232,CASH_OUT,172924.86,200.0,0.0,335712.25,508637.11,0,0
232,PAYMENT,407.08,0.0,0.0,0.0,0.0,0,0
232,PAYMENT,30894.29,0.0,0.0,0.0,0.0,0,0
232,PAYMENT,2729.41,14971.53,12242.12,0.0,0.0,0,0
232,PAYMENT,29225.48,0.0,0.0,0.0,0.0,0,0
232,PAYMENT,30904.9,0.0,0.0,0.0,0.0,0,0
232,PAYMENT,1982.23,0.0,0.0,0.0,0.0,0,0
232,PAYMENT,39260.86,0.0,0.0,0.0,0.0,0,0
232,PAYMENT,26797.38,30593.0,3795.62,0.0,0.0,0,0
232,PAYMENT,95.46,0.0,0.0,0.0,0.0,0,0
232,PAYMENT,9726.0,0.0,0.0,0.0,0.0,0,0
232,PAYMENT,18520.92,29788.0,11267.08,0.0,0.0,0,0
232,PAYMENT,11731.86,0.0,0.0,0.0,0.0,0,0
232,CASH_OUT,415920.09,11894.0,0.0,115798.74,531718.83,0,0
232,CASH_OUT,159314.24,0.0,0.0,235503.54,394817.79,0,0
232,CASH_OUT,371020.35,121994.0,0.0,191338.8,562359.15,0,0
232,PAYMENT,15177.62,0.0,0.0,0.0,0.0,0,0
232,CASH_OUT,80975.07,51400.0,0.0,471224.53,552199.6,0,0
232,PAYMENT,5576.2,0.0,0.0,0.0,0.0,0,0
232,PAYMENT,5627.17,0.0,0.0,0.0,0.0,0,0
232,CASH_OUT,327467.37,22680.0,0.0,81237.14,408704.51,0,0
232,PAYMENT,18532.42,10959.0,0.0,0.0,0.0,0,0
232,PAYMENT,35945.82,0.0,0.0,0.0,0.0,0,0
232,CASH_OUT,332549.91,2501.0,0.0,5362.19,337912.1,0,0
232,CASH_OUT,45281.39,0.0,0.0,287065.68,332347.07,0,0
232,CASH_OUT,264325.76,76737.0,0.0,0.0,264325.76,0,0
232,CASH_OUT,147792.46,0.0,0.0,514926.13,662718.59,0,0
232,CASH_OUT,59409.72,0.0,0.0,166707.52,226117.23,0,0
232,CASH_OUT,501003.31,10984.0,0.0,0.0,501003.31,0,0
232,CASH_OUT,84068.98,0.0,0.0,453286.9,537355.89,0,0
232,PAYMENT,6561.43,0.0,0.0,0.0,0.0,0,0
232,PAYMENT,21981.28,0.0,0.0,0.0,0.0,0,0
232,PAYMENT,19840.83,10444.0,0.0,0.0,0.0,0,0
232,PAYMENT,12375.59,0.0,0.0,0.0,0.0,0,0
232,PAYMENT,11604.69,19873.0,8268.31,0.0,0.0,0,0
232,PAYMENT,3797.31,14771.0,10973.69,0.0,0.0,0,0
232,PAYMENT,8469.54,0.0,0.0,0.0,0.0,0,0
232,PAYMENT,727.95,42397.0,41669.05,0.0,0.0,0,0
232,CASH_OUT,246298.8,0.0,0.0,259122.26,505421.06,0,0
232,CASH_OUT,656.49,0.0,0.0,762100.73,762757.22,0,0
232,CASH_OUT,336787.21,34692.0,0.0,485031.63,821818.84,0,0
232,CASH_OUT,12174.8,0.0,0.0,317240.52,329415.31,0,0
232,CASH_OUT,198186.89,0.0,0.0,987917.33,1186104.22,0,0
232,TRANSFER,33302.96,33302.96,0.0,0.0,0.0,1,0
232,CASH_OUT,33302.96,33302.96,0.0,0.0,33302.96,1,0
232,TRANSFER,2898.09,2898.09,0.0,0.0,0.0,1,0
232,CASH_OUT,2898.09,2898.09,0.0,741450.85,744348.94,1,0
233,PAYMENT,5829.15,0.0,0.0,0.0,0.0,0,0
233,PAYMENT,6245.53,0.0,0.0,0.0,0.0,0,0
233,CASH_OUT,106153.05,0.0,0.0,367510.91,473663.96,0,0
233,CASH_OUT,300402.18,0.0,0.0,314623.02,615025.2,0,0
233,PAYMENT,9033.65,0.0,0.0,0.0,0.0,0,0
233,PAYMENT,3287.27,0.0,0.0,0.0,0.0,0,0
233,CASH_OUT,445403.45,419.0,0.0,111354.76,972994.31,0,0
233,PAYMENT,2443.46,0.0,0.0,0.0,0.0,0,0
233,CASH_OUT,160993.66,0.0,0.0,506812.4,667806.06,0,0
233,PAYMENT,13142.35,123.0,0.0,0.0,0.0,0,0
233,CASH_OUT,211951.97,384.0,0.0,140501.79,352453.76,0,0
233,PAYMENT,65099.62,0.0,0.0,0.0,0.0,0,0
233,CASH_IN,1160.1,49908.0,51068.1,0.0,0.0,0,0
233,PAYMENT,20232.12,0.0,0.0,0.0,0.0,0,0
233,PAYMENT,18184.89,52691.0,34506.11,0.0,0.0,0,0
233,PAYMENT,20395.21,32394.0,11998.79,0.0,0.0,0,0
233,CASH_OUT,376151.74,64111.27,0.0,421321.7,797473.44,0,0
233,CASH_OUT,191301.25,0.0,0.0,660534.18,851835.43,0,0
233,CASH_OUT,76252.08,30285.0,0.0,0.0,76252.08,0,0
233,CASH_OUT,87887.34,83840.0,0.0,699486.0,787373.34,0,0
233,PAYMENT,17605.29,0.0,0.0,0.0,0.0,0,0
233,CASH_OUT,100320.6,14561.0,0.0,628122.26,728442.86,0,0
233,CASH_OUT,149194.89,0.0,0.0,491903.04,641097.92,0,0
233,PAYMENT,8677.72,0.0,0.0,0.0,0.0,0,0
233,PAYMENT,21111.85,83.0,0.0,0.0,0.0,0,0
233,PAYMENT,2816.92,0.0,0.0,0.0,0.0,0,0
233,PAYMENT,16455.05,47303.0,30847.95,0.0,0.0,0,0
233,CASH_OUT,97797.31,7174.0,0.0,84515.92,182313.23,0,0
233,CASH_OUT,236295.75,0.0,0.0,953202.22,1189497.97,0,0
233,CASH_OUT,200866.21,0.0,0.0,783471.89,984338.1,0,0
233,CASH_OUT,18314.49,0.0,0.0,277814.07,296128.56,0,0
233,TRANSFER,297508.98,0.0,0.0,790415.62,1087924.6,0,0
233,PAYMENT,278.53,3126.0,2847.47,0.0,0.0,0,0
233,CASH_OUT,160251.95,1145.0,0.0,294550.04,454801.99,0,0
233,PAYMENT,3777.92,0.0,0.0,0.0,0.0,0,0
233,CASH_OUT,64935.6,61962.0,0.0,254726.64,319662.24,0,0
233,PAYMENT,15270.99,18927.91,3656.92,0.0,0.0,0,0
233,PAYMENT,30880.69,3347.96,0.0,0.0,0.0,0,0
233,CASH_OUT,85998.46,51377.0,0.0,100289.84,186288.31,0,0
233,CASH_OUT,53279.86,154.0,0.0,216959.48,270239.34,0,0
233,TRANSFER,157353.39,157353.39,0.0,0.0,0.0,1,0
233,TRANSFER,37357.32,37357.32,0.0,0.0,0.0,1,0
233,CASH_OUT,37357.32,37357.32,0.0,0.0,37357.32,1,0
233,TRANSFER,48156.69,48156.69,0.0,0.0,0.0,1,0
233,CASH_OUT,48156.69,48156.69,0.0,132064.21,180220.9,1,0
233,TRANSFER,122090.79,122090.79,0.0,0.0,0.0,1,0
233,CASH_OUT,122090.79,122090.79,0.0,0.0,122090.79,1,0
234,CASH_OUT,102408.66,0.0,0.0,130198.68,232607.33,0,0
234,PAYMENT,23430.02,10888.0,0.0,0.0,0.0,0,0
234,PAYMENT,16119.17,0.0,0.0,0.0,0.0,0,0
234,CASH_OUT,95033.17,0.0,0.0,277414.52,372447.69,0,0
234,CASH_OUT,211373.72,41504.0,0.0,338928.81,550302.53,0,0
234,PAYMENT,15084.28,20616.0,5531.72,0.0,0.0,0,0
234,PAYMENT,774.72,26722.2,25947.48,0.0,0.0,0,0
234,PAYMENT,6720.22,0.0,0.0,0.0,0.0,0,0
234,CASH_OUT,128719.08,40740.0,0.0,0.0,128719.08,0,0
234,CASH_OUT,32426.1,1395.0,0.0,0.0,32426.1,0,0
234,DEBIT,2709.16,13595.0,10885.84,774281.25,776990.41,0,0
234,PAYMENT,35919.67,30007.0,0.0,0.0,0.0,0,0
234,PAYMENT,40262.77,28114.0,0.0,0.0,0.0,0,0
234,CASH_OUT,28256.68,0.0,0.0,63693.81,91950.49,0,0
234,PAYMENT,11398.29,0.0,0.0,0.0,0.0,0,0
234,PAYMENT,4369.76,0.0,0.0,0.0,0.0,0,0
234,CASH_OUT,7963.51,68206.0,60242.49,0.0,7963.51,0,0
234,PAYMENT,21530.59,0.0,0.0,0.0,0.0,0,0
234,CASH_OUT,115503.59,0.0,0.0,286005.64,401509.23,0,0
234,CASH_OUT,65723.61,10820.0,0.0,26089.89,91813.5,0,0
234,PAYMENT,7075.43,0.0,0.0,0.0,0.0,0,0
234,PAYMENT,9585.48,0.0,0.0,0.0,0.0,0,0
234,CASH_OUT,285102.86,5544.0,0.0,0.0,285102.86,0,0
234,CASH_OUT,163001.48,0.0,0.0,312969.77,475971.26,0,0
234,PAYMENT,8925.23,0.0,0.0,0.0,0.0,0,0
234,PAYMENT,258.0,0.0,0.0,0.0,0.0,0,0
234,PAYMENT,2496.76,0.0,0.0,0.0,0.0,0,0
234,CASH_OUT,138415.75,0.0,0.0,822123.9,960539.65,0,0
234,CASH_OUT,3280.17,0.0,0.0,486017.44,489297.62,0,0
234,PAYMENT,13899.38,968.0,0.0,0.0,0.0,0,0
234,PAYMENT,16395.99,7897.58,0.0,0.0,0.0,0,0
234,PAYMENT,20731.46,31725.0,10993.54,0.0,0.0,0,0
234,CASH_OUT,105883.4,94749.0,0.0,116506.39,222389.79,0,0
234,PAYMENT,2056.71,0.0,0.0,0.0,0.0,0,0
234,CASH_OUT,104873.84,32285.0,0.0,174560.04,279433.88,0,0
234,PAYMENT,189.73,0.0,0.0,0.0,0.0,0,0
234,CASH_OUT,133009.25,0.0,0.0,155125.83,288135.08,0,0
234,CASH_OUT,73899.28,0.0,0.0,150138.06,224037.33,0,0
234,PAYMENT,12573.11,792.0,0.0,0.0,0.0,0,0
234,PAYMENT,17325.35,36447.0,19121.65,0.0,0.0,0,0
234,PAYMENT,4106.19,0.0,0.0,0.0,0.0,0,0
234,CASH_OUT,238442.52,136.0,0.0,88485.54,326928.06,0,0
234,PAYMENT,14423.81,10959.79,0.0,0.0,0.0,0,0
234,PAYMENT,154.11,18412.0,18257.89,0.0,0.0,0,0
234,CASH_OUT,138898.46,0.0,0.0,656393.48,795291.94,0,0
234,CASH_OUT,68829.2,0.0,0.0,275296.85,344126.05,0,0
234,CASH_OUT,42287.95,0.0,0.0,964362.97,1006650.92,0,0
234,CASH_OUT,84055.07,0.0,0.0,1006779.61,1090834.68,0,0
234,PAYMENT,21432.73,0.0,0.0,0.0,0.0,0,0
234,CASH_OUT,120958.87,50836.0,0.0,433982.18,554941.05,0,0
234,PAYMENT,7423.98,0.0,0.0,0.0,0.0,0,0
234,CASH_OUT,423105.15,0.0,0.0,465424.25,888529.4,0,0
234,CASH_OUT,117662.74,55938.0,0.0,220370.63,338033.36,0,0
234,CASH_OUT,93520.65,0.0,0.0,1001791.74,932744.87,0,0
234,CASH_OUT,167818.5,112872.0,0.0,367714.83,535533.33,0,0
234,CASH_OUT,78774.63,0.0,0.0,235873.64,314648.27,0,0
234,CASH_OUT,213837.25,0.0,0.0,424440.4,638277.65,0,0
234,PAYMENT,3452.47,0.0,0.0,0.0,0.0,0,0
234,PAYMENT,5946.59,0.0,0.0,0.0,0.0,0,0
234,PAYMENT,99.43,0.0,0.0,0.0,0.0,0,0
234,CASH_OUT,16709.22,0.0,0.0,870772.62,887481.85,0,0
234,CASH_OUT,66645.54,16729.0,0.0,247209.54,313855.08,0,0
234,PAYMENT,32998.33,80616.0,47617.67,0.0,0.0,0,0
234,TRANSFER,262845.04,0.0,0.0,482029.89,744874.93,0,0
234,CASH_OUT,367833.49,231505.39,0.0,135769.71,503603.21,0,0
234,PAYMENT,8540.08,0.0,0.0,0.0,0.0,0,0
234,PAYMENT,93143.62,20175.0,0.0,0.0,0.0,0,0
234,PAYMENT,3785.61,0.0,0.0,0.0,0.0,0,0
234,CASH_OUT,92840.36,25185.0,0.0,0.0,92840.36,0,0
234,CASH_OUT,165023.6,20175.0,0.0,333981.04,499004.63,0,0
234,PAYMENT,4303.71,0.0,0.0,0.0,0.0,0,0
234,CASH_OUT,426719.22,0.0,0.0,433046.88,859766.1,0,0
234,CASH_OUT,113735.72,49828.0,0.0,0.0,113735.72,0,0
234,CASH_OUT,112773.35,0.0,0.0,200116.31,312889.65,0,0
234,CASH_OUT,108322.82,0.0,0.0,110118.19,218441.01,0,0
234,CASH_OUT,76680.14,32887.0,0.0,0.0,76680.14,0,0
234,PAYMENT,10564.0,145.0,0.0,0.0,0.0,0,0
234,CASH_OUT,286522.34,12078.0,0.0,92370.89,378893.23,0,0
234,PAYMENT,4775.33,0.0,0.0,0.0,0.0,0,0
234,PAYMENT,17175.93,391.0,0.0,0.0,0.0,0,0
234,CASH_OUT,213363.04,82621.0,0.0,0.0,213363.04,0,0
234,CASH_OUT,33949.2,0.0,0.0,722270.71,756219.91,0,0
234,CASH_OUT,50232.26,13401.0,0.0,227717.52,277949.78,0,0
234,TRANSFER,154324.63,0.0,0.0,785325.46,939650.09,0,0
234,PAYMENT,3557.14,21992.0,18434.86,0.0,0.0,0,0
234,PAYMENT,19566.48,14272.0,0.0,0.0,0.0,0,0
234,PAYMENT,737.43,51428.0,50690.57,0.0,0.0,0,0
234,PAYMENT,20832.97,31821.0,10988.03,0.0,0.0,0,0
234,CASH_OUT,41640.38,0.0,0.0,44336.6,85976.98,0,0
234,CASH_OUT,269045.86,78516.0,0.0,111712.75,380758.6,0,0
234,CASH_OUT,302459.16,207.0,0.0,3839.27,306298.44,0,0
234,CASH_OUT,462821.11,261827.0,0.0,23738.0,404724.13,0,0
234,CASH_OUT,208304.55,0.0,0.0,316159.82,524464.38,0,0
234,PAYMENT,8705.72,0.0,0.0,0.0,0.0,0,0
234,CASH_OUT,188257.82,0.0,0.0,586104.54,774362.36,0,0
234,CASH_OUT,186148.02,604.0,0.0,102569.03,288717.04,0,0
234,PAYMENT,10437.33,1689.44,0.0,0.0,0.0,0,0
234,PAYMENT,16520.56,0.0,0.0,0.0,0.0,0,0
234,PAYMENT,88581.74,20718.0,0.0,0.0,0.0,0,0
234,PAYMENT,570.01,0.0,0.0,0.0,0.0,0,0
234,TRANSFER,80336.26,80336.26,0.0,0.0,0.0,1,0
234,TRANSFER,225923.37,225923.37,0.0,0.0,0.0,1,0
234,TRANSFER,120385.1,120385.1,0.0,0.0,0.0,1,0
234,CASH_OUT,120385.1,120385.1,0.0,0.0,120385.1,1,0
234,TRANSFER,210691.92,210691.92,0.0,0.0,0.0,1,0
234,CASH_OUT,210691.92,210691.92,0.0,93393.33,304085.25,1,0
234,TRANSFER,264949.69,264949.69,0.0,0.0,0.0,1,0
234,CASH_OUT,264949.69,264949.69,0.0,0.0,264949.69,1,0
235,PAYMENT,38156.51,73954.87,35798.36,0.0,0.0,0,0
235,CASH_OUT,102040.67,24607.0,0.0,0.0,102040.67,0,0
235,PAYMENT,16849.05,8480.76,0.0,0.0,0.0,0,0
235,CASH_OUT,61662.11,10541.0,0.0,0.0,61662.11,0,0
235,CASH_IN,4919.11,15088.0,20007.11,0.0,0.0,0,0
235,CASH_OUT,55372.8,99690.0,44317.2,482777.83,538150.64,0,0
235,PAYMENT,4748.31,105.0,0.0,0.0,0.0,0,0
235,PAYMENT,1195.3,12.0,0.0,0.0,0.0,0,0
235,PAYMENT,18441.94,1218.0,0.0,0.0,0.0,0,0
235,PAYMENT,4357.55,24741.0,20383.45,0.0,0.0,0,0
235,PAYMENT,6440.27,21563.0,15122.73,0.0,0.0,0,0
235,CASH_OUT,190775.97,915.0,0.0,675096.52,865872.49,0,0
235,CASH_OUT,116035.72,0.0,0.0,385483.83,501519.55,0,0
235,PAYMENT,8572.39,0.0,0.0,0.0,0.0,0,0
235,PAYMENT,5472.92,55164.0,49691.08,0.0,0.0,0,0
235,PAYMENT,34805.77,0.0,0.0,0.0,0.0,0,0
235,PAYMENT,3823.9,35856.0,32032.1,0.0,0.0,0,0
235,PAYMENT,14915.9,8538.0,0.0,0.0,0.0,0,0
235,PAYMENT,2744.52,0.0,0.0,0.0,0.0,0,0
235,PAYMENT,953.13,0.0,0.0,0.0,0.0,0,0
235,CASH_OUT,164659.87,20208.0,0.0,40804.01,205463.88,0,0
235,PAYMENT,6994.48,0.0,0.0,0.0,0.0,0,0
235,PAYMENT,10346.28,22869.69,12523.41,0.0,0.0,0,0
235,CASH_OUT,67830.22,0.0,0.0,396257.33,464087.55,0,0
235,PAYMENT,3845.69,0.0,0.0,0.0,0.0,0,0
235,PAYMENT,1337.09,0.0,0.0,0.0,0.0,0,0
235,CASH_OUT,127719.21,348.0,0.0,0.0,127719.21,0,0
235,CASH_OUT,223967.04,72530.0,0.0,345027.2,568994.24,0,0
235,CASH_OUT,108984.61,11332.0,0.0,0.0,108984.61,0,0
235,PAYMENT,4324.43,3054.0,0.0,0.0,0.0,0,0
235,CASH_OUT,92826.74,1709.0,0.0,0.0,92826.74,0,0
235,CASH_OUT,103123.66,0.0,0.0,390916.07,494039.72,0,0
235,CASH_OUT,137082.06,0.0,0.0,635895.28,772977.35,0,0
235,CASH_OUT,103400.6,21533.0,0.0,104317.5,207718.1,0,0
235,CASH_OUT,12002.31,0.0,0.0,1067713.08,1079715.39,0,0
235,PAYMENT,423.3,55405.36,54982.06,0.0,0.0,0,0
235,PAYMENT,13825.12,31050.0,17224.88,0.0,0.0,0,0
235,CASH_OUT,77376.35,0.0,0.0,143379.33,220755.67,0,0
235,CASH_OUT,135069.41,31027.0,0.0,0.0,0.0,0,0
235,CASH_OUT,159722.95,5740.0,0.0,0.0,159722.95,0,0
235,CASH_OUT,124214.39,21555.0,0.0,0.0,124214.39,0,0
235,TRANSFER,320607.33,0.0,0.0,630141.17,950748.5,0,0
235,CASH_OUT,174834.99,6477.06,0.0,370129.5,544964.49,0,0
235,CASH_OUT,68715.2,0.0,0.0,691123.95,759839.15,0,0
235,PAYMENT,10552.9,3225.0,0.0,0.0,0.0,0,0
235,CASH_OUT,291522.09,29724.0,0.0,668251.55,959773.64,0,0
235,CASH_OUT,334309.75,31582.0,0.0,455073.02,789382.77,0,0
235,CASH_OUT,249066.32,0.0,0.0,623997.14,873063.47,0,0
235,PAYMENT,1165.8,984.89,0.0,0.0,0.0,0,0
235,CASH_OUT,44449.79,11630.0,0.0,0.0,44449.79,0,0
235,CASH_OUT,42205.54,27341.0,0.0,75527.4,117732.94,0,0
235,PAYMENT,18670.19,51872.0,33201.81,0.0,0.0,0,0
235,PAYMENT,12376.93,0.0,0.0,0.0,0.0,0,0
235,PAYMENT,19716.48,39749.0,20032.52,0.0,0.0,0,0
235,PAYMENT,2551.68,4135.93,1584.25,0.0,0.0,0,0
235,DEBIT,250.6,16096.0,15845.4,505236.74,505487.33,0,0
235,PAYMENT,20183.49,0.0,0.0,0.0,0.0,0,0
235,CASH_OUT,54580.72,0.0,0.0,91958.26,0.0,0,0
235,CASH_OUT,108322.79,6147.0,0.0,0.0,108322.79,0,0
235,PAYMENT,12515.23,0.0,0.0,0.0,0.0,0,0
235,CASH_OUT,69933.41,662.0,0.0,0.0,69933.41,0,0
235,TRANSFER,367629.78,0.0,0.0,510565.42,878195.2,0,0
235,PAYMENT,2927.24,0.0,0.0,0.0,0.0,0,0
235,PAYMENT,8916.6,30489.0,21572.4,0.0,0.0,0,0
235,CASH_OUT,136175.32,0.0,0.0,482232.45,391765.47,0,0
235,CASH_OUT,90931.53,66618.0,0.0,87679.44,178610.97,0,0
235,CASH_OUT,88682.56,0.0,0.0,115782.95,204465.51,0,0
235,TRANSFER,79447.48,1480.04,0.0,432298.01,511745.5,0,0
235,CASH_OUT,243540.78,0.0,0.0,339672.58,583213.35,0,0
235,CASH_OUT,119014.55,0.0,0.0,287719.9,406734.45,0,0
235,PAYMENT,23418.74,0.0,0.0,0.0,0.0,0,0
235,CASH_OUT,4678.26,0.0,0.0,206498.84,357655.3,0,0
235,CASH_OUT,106161.78,873.0,0.0,0.0,106161.78,0,0
235,CASH_OUT,46873.94,0.0,0.0,53037.61,99911.55,0,0
235,CASH_OUT,140726.7,43440.0,0.0,0.0,140726.7,0,0
235,CASH_OUT,164383.65,16000.0,0.0,1044456.93,1208840.58,0,0
235,CASH_OUT,89654.58,31700.0,0.0,532259.95,621914.52,0,0
235,CASH_OUT,166955.9,10411.0,0.0,52916.46,219872.36,0,0
235,CASH_OUT,107598.27,63082.0,0.0,0.0,107598.27,0,0
235,CASH_OUT,174219.45,2869.0,0.0,35297.99,355793.59,0,0
235,CASH_OUT,255489.21,106.0,0.0,73486.07,328975.28,0,0
235,PAYMENT,12489.95,8125.0,0.0,0.0,0.0,0,0
235,CASH_OUT,173753.59,0.0,0.0,960322.91,1134076.5,0,0
235,PAYMENT,16419.3,25526.0,9106.7,0.0,0.0,0,0
235,CASH_OUT,140067.38,0.0,0.0,161092.13,301159.51,0,0
235,CASH_OUT,97349.35,0.0,0.0,158710.35,256059.7,0,0
235,PAYMENT,9028.6,0.0,0.0,0.0,0.0,0,0
235,PAYMENT,14943.87,6567.98,0.0,0.0,0.0,0,0
235,CASH_OUT,257624.37,0.0,0.0,341933.03,599557.4,0,0
235,PAYMENT,21808.08,0.0,0.0,0.0,0.0,0,0
235,CASH_OUT,73802.21,54794.0,0.0,0.0,73802.21,0,0
235,PAYMENT,4555.24,0.0,0.0,0.0,0.0,0,0
235,CASH_OUT,101220.92,106662.0,5441.08,209487.98,310708.91,0,0
235,CASH_OUT,194818.45,0.0,0.0,548816.94,743635.39,0,0
235,CASH_OUT,19895.8,10205.0,0.0,0.0,19895.8,0,0
235,CASH_OUT,368263.23,0.0,0.0,490584.41,858847.64,0,0
235,PAYMENT,7178.7,10995.0,3816.3,0.0,0.0,0,0
235,PAYMENT,30895.27,0.0,0.0,0.0,0.0,0,0
235,PAYMENT,11190.27,101.0,0.0,0.0,0.0,0,0
235,CASH_OUT,167596.9,0.0,0.0,324181.28,491778.17,0,0
235,PAYMENT,436.98,0.0,0.0,0.0,0.0,0,0
235,PAYMENT,7459.83,3759.0,0.0,0.0,0.0,0,0
235,CASH_OUT,61520.09,19344.0,0.0,426554.32,488074.41,0,0
235,CASH_OUT,204669.22,10259.0,0.0,0.0,204669.22,0,0
235,CASH_OUT,149488.92,11683.0,0.0,0.0,149488.92,0,0
235,CASH_OUT,216358.89,29113.0,0.0,0.0,216358.89,0,0
235,CASH_OUT,51611.89,50890.0,0.0,0.0,51611.89,0,0
235,CASH_OUT,44710.84,3518.0,0.0,183679.45,228390.29,0,0
235,CASH_IN,52863.06,6683.0,59546.06,806712.19,753849.13,0,0
235,PAYMENT,14974.43,12325.0,0.0,0.0,0.0,0,0
235,PAYMENT,1289.54,222.0,0.0,0.0,0.0,0,0
235,PAYMENT,13887.06,16380.73,2493.67,0.0,0.0,0,0
235,PAYMENT,8729.16,0.0,0.0,0.0,0.0,0,0
235,CASH_OUT,72727.31,0.0,0.0,442723.71,515451.02,0,0
235,PAYMENT,6272.52,10385.0,4112.48,0.0,0.0,0,0
235,TRANSFER,314304.5,0.0,0.0,577507.02,891811.52,0,0
235,CASH_OUT,237484.87,150873.0,0.0,0.0,237484.87,0,0
235,CASH_OUT,299948.54,157466.0,0.0,96342.11,396290.65,0,0
235,CASH_OUT,68048.14,2627.0,0.0,590097.01,658145.16,0,0
235,CASH_OUT,204542.36,21387.0,0.0,0.0,204542.36,0,0
235,CASH_OUT,79156.12,0.0,0.0,147298.41,226454.53,0,0
235,TRANSFER,4814.69,4814.69,0.0,0.0,0.0,1,0
235,CASH_OUT,4814.69,4814.69,0.0,0.0,4814.69,1,0
236,CASH_OUT,95954.07,49465.0,0.0,0.0,95954.07,0,0
236,PAYMENT,6017.44,46724.0,40706.56,0.0,0.0,0,0
236,TRANSFER,408225.08,0.0,0.0,735791.64,1144016.72,0,0
236,PAYMENT,1761.32,31688.0,29926.68,0.0,0.0,0,0
236,PAYMENT,3126.08,0.0,0.0,0.0,0.0,0,0
236,PAYMENT,7262.5,10756.0,3493.5,0.0,0.0,0,0
236,CASH_OUT,119496.6,16145.0,0.0,83821.72,203318.32,0,0
236,PAYMENT,15501.97,49249.62,33747.65,0.0,0.0,0,0
236,CASH_OUT,116795.68,0.0,0.0,139799.32,256595.0,0,0
236,PAYMENT,14314.38,47387.0,33072.62,0.0,0.0,0,0
236,CASH_OUT,98221.3,111196.0,12974.7,331834.6,430055.9,0,0
236,PAYMENT,11482.17,17.0,0.0,0.0,0.0,0,0
236,CASH_IN,229.8,28669.0,28898.8,572035.18,571805.37,0,0
236,PAYMENT,317.29,5473.29,5156.0,0.0,0.0,0,0
236,PAYMENT,4702.4,0.0,0.0,0.0,0.0,0,0
236,CASH_OUT,157761.79,0.0,0.0,333587.3,491349.09,0,0
236,PAYMENT,8977.34,13230.27,4252.93,0.0,0.0,0,0
236,PAYMENT,2016.23,25752.0,23735.77,0.0,0.0,0,0
236,CASH_OUT,282009.83,2565.0,0.0,616724.04,898733.88,0,0
236,CASH_OUT,49081.3,16657.0,0.0,3984.45,53065.74,0,0
236,CASH_OUT,4164.38,0.0,0.0,168985.11,173149.49,0,0
236,PAYMENT,9853.57,11083.0,1229.43,0.0,0.0,0,0
236,TRANSFER,442976.17,0.0,0.0,466359.63,909335.8,0,0
236,CASH_OUT,153802.92,0.0,0.0,353831.69,507634.6,0,0
236,PAYMENT,5753.8,16057.0,10303.2,0.0,0.0,0,0
236,CASH_OUT,292359.82,0.0,0.0,354492.07,646851.89,0,0
236,PAYMENT,2867.43,6645.0,3777.57,0.0,0.0,0,0
236,PAYMENT,22660.59,45601.0,22940.41,0.0,0.0,0,0
236,CASH_OUT,102818.51,0.0,0.0,270654.28,373472.79,0,0
236,PAYMENT,18826.85,11642.0,0.0,0.0,0.0,0,0
236,PAYMENT,3758.73,36276.0,32517.27,0.0,0.0,0,0
236,PAYMENT,10094.59,0.0,0.0,0.0,0.0,0,0
236,CASH_OUT,31015.09,0.0,0.0,438338.72,469353.81,0,0
236,CASH_OUT,334317.32,79161.0,0.0,50508.2,384825.52,0,0
236,PAYMENT,1024.61,5241.0,4216.39,0.0,0.0,0,0
236,CASH_OUT,314215.11,219.0,0.0,0.0,314215.11,0,0
236,CASH_OUT,44879.83,10333.0,0.0,10967.0,322063.34,0,0
236,PAYMENT,5904.68,0.0,0.0,0.0,0.0,0,0
236,PAYMENT,89.0,0.0,0.0,0.0,0.0,0,0
236,PAYMENT,14526.68,247.0,0.0,0.0,0.0,0,0
236,CASH_IN,11304.32,30697.0,42001.32,15161.05,3856.73,0,0
236,CASH_OUT,39034.42,0.0,0.0,464876.04,503910.45,0,0
236,CASH_OUT,246973.93,5175.0,0.0,438273.84,685247.77,0,0
236,PAYMENT,7062.9,530.0,0.0,0.0,0.0,0,0
236,PAYMENT,17702.59,13368.0,0.0,0.0,0.0,0,0
236,CASH_OUT,11922.65,0.0,0.0,68329.6,80252.25,0,0
236,PAYMENT,3633.13,35568.7,31935.57,0.0,0.0,0,0
236,PAYMENT,15081.9,10215.0,0.0,0.0,0.0,0,0
236,PAYMENT,9072.42,10412.0,1339.58,0.0,0.0,0,0
236,CASH_OUT,43772.16,2386.17,0.0,107157.94,150930.09,0,0
236,PAYMENT,1230.76,13991.49,12760.73,0.0,0.0,0,0
236,PAYMENT,23065.05,43159.0,20093.95,0.0,0.0,0,0
236,CASH_OUT,23080.76,0.0,0.0,39644.75,62725.51,0,0
236,CASH_OUT,64337.83,0.0,0.0,76949.57,141287.4,0,0
236,CASH_OUT,76707.47,279.0,0.0,449570.48,526277.95,0,0
236,PAYMENT,14614.86,31030.0,16415.14,0.0,0.0,0,0
236,PAYMENT,4334.76,0.0,0.0,0.0,0.0,0,0
236,CASH_OUT,66681.35,0.0,0.0,74322.15,141003.51,0,0
236,PAYMENT,12736.52,39731.0,26994.48,0.0,0.0,0,0
236,PAYMENT,2149.34,10313.0,8163.66,0.0,0.0,0,0
236,CASH_OUT,411595.83,0.0,0.0,693029.78,1104625.61,0,0
236,PAYMENT,8527.58,195.0,0.0,0.0,0.0,0,0
236,CASH_OUT,122375.76,69964.0,0.0,28679.62,151055.38,0,0
236,CASH_OUT,186409.88,0.0,0.0,426189.11,612598.98,0,0
236,PAYMENT,13604.57,65633.0,52028.43,0.0,0.0,0,0
236,PAYMENT,10475.81,5015.44,0.0,0.0,0.0,0,0
236,PAYMENT,7379.06,35949.1,28570.05,0.0,0.0,0,0
236,CASH_OUT,381020.83,283.0,0.0,38212.58,419233.41,0,0
236,CASH_OUT,52498.04,0.0,0.0,62597.0,115095.04,0,0
236,PAYMENT,26484.18,59588.0,33103.82,0.0,0.0,0,0
236,PAYMENT,8203.54,13158.0,4954.46,0.0,0.0,0,0
236,CASH_OUT,201027.27,0.0,0.0,279459.49,480486.77,0,0
236,PAYMENT,20782.37,0.0,0.0,0.0,0.0,0,0
236,CASH_OUT,125740.92,0.0,0.0,490506.83,616247.75,0,0
236,CASH_OUT,195454.82,185.0,0.0,0.0,195454.82,0,0
236,PAYMENT,4058.39,0.0,0.0,0.0,0.0,0,0
236,CASH_OUT,33029.47,2507.0,0.0,0.0,33029.47,0,0
236,TRANSFER,42695.15,46306.0,3610.85,514655.45,557350.61,0,0
236,PAYMENT,26582.58,0.0,0.0,0.0,0.0,0,0
236,CASH_OUT,47607.23,0.0,0.0,221533.22,269140.45,0,0
236,CASH_OUT,112481.12,0.0,0.0,120100.99,232582.12,0,0
236,PAYMENT,12292.25,19152.82,6860.57,0.0,0.0,0,0
236,CASH_OUT,60648.83,5235.0,0.0,0.0,60648.83,0,0
236,PAYMENT,18378.63,0.0,0.0,0.0,0.0,0,0
236,CASH_OUT,13703.95,0.0,0.0,315277.04,328980.98,0,0
236,PAYMENT,9546.31,0.0,0.0,0.0,0.0,0,0
236,PAYMENT,17310.85,0.0,0.0,0.0,0.0,0,0
236,CASH_OUT,156490.54,21605.0,0.0,0.0,156490.54,0,0
236,CASH_OUT,78978.62,0.0,0.0,308779.53,387758.15,0,0
236,CASH_OUT,11454.46,11560.0,105.54,54463.41,65917.87,0,0
236,PAYMENT,7252.18,0.0,0.0,0.0,0.0,0,0
236,CASH_OUT,176601.83,954.0,0.0,0.0,176601.83,0,0
236,CASH_IN,20630.76,32974.0,53604.76,17218.93,0.0,0,0
236,CASH_OUT,147268.46,0.0,0.0,418046.09,565314.55,0,0
236,CASH_OUT,28224.81,36185.0,7960.19,740013.46,768238.27,0,0
236,CASH_OUT,69906.7,0.0,0.0,113750.53,183657.23,0,0
236,CASH_OUT,139974.01,6846.0,0.0,0.0,139974.01,0,0
236,PAYMENT,31375.61,955.0,0.0,0.0,0.0,0,0
236,PAYMENT,3152.3,5778.0,2625.7,0.0,0.0,0,0
236,CASH_OUT,112632.59,0.0,0.0,223811.2,336443.79,0,0
236,CASH_OUT,94966.62,40865.0,0.0,0.0,94966.62,0,0
236,CASH_OUT,68461.88,0.0,0.0,83630.91,152092.79,0,0
236,PAYMENT,10205.33,0.0,0.0,0.0,0.0,0,0
236,PAYMENT,5890.01,20669.0,14778.99,0.0,0.0,0,0
236,PAYMENT,3473.76,50392.0,46918.24,0.0,0.0,0,0
236,CASH_OUT,275425.09,0.0,0.0,284643.51,560068.6,0,0
236,PAYMENT,24522.57,80823.0,56300.43,0.0,0.0,0,0
236,CASH_OUT,22789.45,10928.0,0.0,271453.33,294242.78,0,0
236,CASH_OUT,127316.48,0.0,0.0,760811.47,888127.95,0,0
236,PAYMENT,6287.42,0.0,0.0,0.0,0.0,0,0
236,CASH_OUT,201770.03,2461.0,0.0,0.0,201770.03,0,0
236,CASH_OUT,111053.23,0.0,0.0,122363.71,233416.94,0,0
236,PAYMENT,15908.71,21480.0,5571.29,0.0,0.0,0,0
236,TRANSFER,67050.5,67050.5,0.0,0.0,0.0,1,0
236,CASH_OUT,67050.5,67050.5,0.0,0.0,67050.5,1,0
236,TRANSFER,75708.87,75708.87,0.0,0.0,0.0,1,0
236,CASH_OUT,75708.87,75708.87,0.0,4816.38,80525.25,1,0
237,PAYMENT,10951.28,53680.0,42728.72,0.0,0.0,0,0
237,PAYMENT,6372.66,1086.0,0.0,0.0,0.0,0,0
237,PAYMENT,5723.91,12427.13,6703.23,0.0,0.0,0,0
237,PAYMENT,7440.95,4571.0,0.0,0.0,0.0,0,0
237,PAYMENT,10571.28,20091.0,9519.72,0.0,0.0,0,0
237,CASH_OUT,50552.4,89483.0,38930.6,9171.16,59723.55,0,0
237,PAYMENT,11405.58,7069.0,0.0,0.0,0.0,0,0
237,PAYMENT,4221.83,0.0,0.0,0.0,0.0,0,0
237,CASH_OUT,384647.01,0.0,0.0,836059.28,1220706.29,0,0
237,PAYMENT,1472.68,39650.0,38177.32,0.0,0.0,0,0
237,PAYMENT,529.76,8835.32,8305.56,0.0,0.0,0,0
237,PAYMENT,4330.17,20052.0,15721.83,0.0,0.0,0,0
237,PAYMENT,9832.92,413.0,0.0,0.0,0.0,0,0
237,PAYMENT,15982.35,0.0,0.0,0.0,0.0,0,0
237,TRANSFER,451436.72,656.0,0.0,0.0,451436.72,0,0
237,TRANSFER,106681.18,106681.18,0.0,0.0,0.0,1,0
237,CASH_OUT,106681.18,106681.18,0.0,0.0,106681.18,1,0
