scenario_id,incident_id,as_of,reported_amount_bdt,total_potentially_exposed_value_bdt,remaining_potentially_tainted_value_bdt,already_cashed_out_potentially_tainted_value_bdt,direct_recipient_exposure_bdt,multi_hop_exposure_bdt,missed_exposure_bdt,wallets_found_direct,wallets_found_traced,downstream_wallets_found,downstream_hops_found,cashouts_found_direct,cashouts_found_traced,direct_transaction_value_examined_bdt,traced_transaction_value_examined_bdt,potentially_legitimate_value_at_risk_direct_bdt,potentially_legitimate_value_at_risk_traced_bdt,exposure_recovery_rate,delay_0m_estimated_exposure_remaining_bdt,delay_0m_estimated_exposure_already_cashed_out_bdt,delay_0m_estimated_total_potentially_exposed_bdt,delay_0m_downstream_wallets_identified,delay_0m_maximum_downstream_hops_identified,delay_0m_cashout_events_before_intervention,delay_5m_estimated_exposure_remaining_bdt,delay_5m_estimated_exposure_already_cashed_out_bdt,delay_5m_estimated_total_potentially_exposed_bdt,delay_5m_downstream_wallets_identified,delay_5m_maximum_downstream_hops_identified,delay_5m_cashout_events_before_intervention,delay_10m_estimated_exposure_remaining_bdt,delay_10m_estimated_exposure_already_cashed_out_bdt,delay_10m_estimated_total_potentially_exposed_bdt,delay_10m_downstream_wallets_identified,delay_10m_maximum_downstream_hops_identified,delay_10m_cashout_events_before_intervention,delay_15m_estimated_exposure_remaining_bdt,delay_15m_estimated_exposure_already_cashed_out_bdt,delay_15m_estimated_total_potentially_exposed_bdt,delay_15m_downstream_wallets_identified,delay_15m_maximum_downstream_hops_identified,delay_15m_cashout_events_before_intervention,delay_30m_estimated_exposure_remaining_bdt,delay_30m_estimated_exposure_already_cashed_out_bdt,delay_30m_estimated_total_potentially_exposed_bdt,delay_30m_downstream_wallets_identified,delay_30m_maximum_downstream_hops_identified,delay_30m_cashout_events_before_intervention,delay_60m_estimated_exposure_remaining_bdt,delay_60m_estimated_exposure_already_cashed_out_bdt,delay_60m_estimated_total_potentially_exposed_bdt,delay_60m_downstream_wallets_identified,delay_60m_maximum_downstream_hops_identified,delay_60m_cashout_events_before_intervention
SCN-01-DIRECT-0001,INC-SCN-01-DIRECT-0001,2026-09-01T09:04:00+00:00,54880.00,54880.00,54880.00,0.00,54880.00,54880.00,0.00,1,1,0,0,0,0,54880.00,54880.00,0.00,0.00,1.0,54880.00,0.00,54880.00,0,0,0,54880.00,0.00,54880.00,0,0,0,54880.00,0.00,54880.00,0,0,0,54880.00,0.00,54880.00,0,0,0,54880.00,0.00,54880.00,0,0,0,54880.00,0.00,54880.00,0,0,0
SCN-01-DIRECT-0002,INC-SCN-01-DIRECT-0002,2026-09-01T09:19:00+00:00,58276.00,58276.00,58276.00,0.00,58276.00,58276.00,0.00,1,1,0,0,0,0,58276.00,58276.00,0.00,0.00,1.0,58276.00,0.00,58276.00,0,0,0,58276.00,0.00,58276.00,0,0,0,58276.00,0.00,58276.00,0,0,0,58276.00,0.00,58276.00,0,0,0,58276.00,0.00,58276.00,0,0,0,58276.00,0.00,58276.00,0,0,0
SCN-01-DIRECT-0003,INC-SCN-01-DIRECT-0003,2026-09-01T09:34:00+00:00,47267.00,47267.00,47267.00,0.00,47267.00,47267.00,0.00,1,1,0,0,0,0,47267.00,47267.00,0.00,0.00,1.0,47267.00,0.00,47267.00,0,0,0,47267.00,0.00,47267.00,0,0,0,47267.00,0.00,47267.00,0,0,0,47267.00,0.00,47267.00,0,0,0,47267.00,0.00,47267.00,0,0,0,47267.00,0.00,47267.00,0,0,0
SCN-01-DIRECT-0004,INC-SCN-01-DIRECT-0004,2026-09-01T09:49:00+00:00,33429.00,33429.00,33429.00,0.00,33429.00,33429.00,0.00,1,1,0,0,0,0,33429.00,33429.00,0.00,0.00,1.0,33429.00,0.00,33429.00,0,0,0,33429.00,0.00,33429.00,0,0,0,33429.00,0.00,33429.00,0,0,0,33429.00,0.00,33429.00,0,0,0,33429.00,0.00,33429.00,0,0,0,33429.00,0.00,33429.00,0,0,0
SCN-01-DIRECT-0005,INC-SCN-01-DIRECT-0005,2026-09-01T10:04:00+00:00,40215.00,40215.00,40215.00,0.00,40215.00,40215.00,0.00,1,1,0,0,0,0,40215.00,40215.00,0.00,0.00,1.0,40215.00,0.00,40215.00,0,0,0,40215.00,0.00,40215.00,0,0,0,40215.00,0.00,40215.00,0,0,0,40215.00,0.00,40215.00,0,0,0,40215.00,0.00,40215.00,0,0,0,40215.00,0.00,40215.00,0,0,0
SCN-01-DIRECT-0006,INC-SCN-01-DIRECT-0006,2026-09-01T10:19:00+00:00,60704.00,60704.00,60704.00,0.00,60704.00,60704.00,0.00,1,1,0,0,0,0,60704.00,60704.00,0.00,0.00,1.0,60704.00,0.00,60704.00,0,0,0,60704.00,0.00,60704.00,0,0,0,60704.00,0.00,60704.00,0,0,0,60704.00,0.00,60704.00,0,0,0,60704.00,0.00,60704.00,0,0,0,60704.00,0.00,60704.00,0,0,0
SCN-01-DIRECT-0007,INC-SCN-01-DIRECT-0007,2026-09-01T10:34:00+00:00,66002.00,66002.00,66002.00,0.00,66002.00,66002.00,0.00,1,1,0,0,0,0,66002.00,66002.00,0.00,0.00,1.0,66002.00,0.00,66002.00,0,0,0,66002.00,0.00,66002.00,0,0,0,66002.00,0.00,66002.00,0,0,0,66002.00,0.00,66002.00,0,0,0,66002.00,0.00,66002.00,0,0,0,66002.00,0.00,66002.00,0,0,0
SCN-01-DIRECT-0008,INC-SCN-01-DIRECT-0008,2026-09-01T10:49:00+00:00,62162.00,62162.00,62162.00,0.00,62162.00,62162.00,0.00,1,1,0,0,0,0,62162.00,62162.00,0.00,0.00,1.0,62162.00,0.00,62162.00,0,0,0,62162.00,0.00,62162.00,0,0,0,62162.00,0.00,62162.00,0,0,0,62162.00,0.00,62162.00,0,0,0,62162.00,0.00,62162.00,0,0,0,62162.00,0.00,62162.00,0,0,0
SCN-01-DIRECT-0009,INC-SCN-01-DIRECT-0009,2026-09-01T11:04:00+00:00,51268.00,51268.00,51268.00,0.00,51268.00,51268.00,0.00,1,1,0,0,0,0,51268.00,51268.00,0.00,0.00,1.0,51268.00,0.00,51268.00,0,0,0,51268.00,0.00,51268.00,0,0,0,51268.00,0.00,51268.00,0,0,0,51268.00,0.00,51268.00,0,0,0,51268.00,0.00,51268.00,0,0,0,51268.00,0.00,51268.00,0,0,0
SCN-01-DIRECT-0010,INC-SCN-01-DIRECT-0010,2026-09-01T11:19:00+00:00,61529.00,61529.00,61529.00,0.00,61529.00,61529.00,0.00,1,1,0,0,0,0,61529.00,61529.00,0.00,0.00,1.0,61529.00,0.00,61529.00,0,0,0,61529.00,0.00,61529.00,0,0,0,61529.00,0.00,61529.00,0,0,0,61529.00,0.00,61529.00,0,0,0,61529.00,0.00,61529.00,0,0,0,61529.00,0.00,61529.00,0,0,0
SCN-01-DIRECT-0011,INC-SCN-01-DIRECT-0011,2026-09-01T11:34:00+00:00,57160.00,57160.00,57160.00,0.00,57160.00,57160.00,0.00,1,1,0,0,0,0,57160.00,57160.00,0.00,0.00,1.0,57160.00,0.00,57160.00,0,0,0,57160.00,0.00,57160.00,0,0,0,57160.00,0.00,57160.00,0,0,0,57160.00,0.00,57160.00,0,0,0,57160.00,0.00,57160.00,0,0,0,57160.00,0.00,57160.00,0,0,0
SCN-01-DIRECT-0012,INC-SCN-01-DIRECT-0012,2026-09-01T11:49:00+00:00,35293.00,35293.00,35293.00,0.00,35293.00,35293.00,0.00,1,1,0,0,0,0,35293.00,35293.00,0.00,0.00,1.0,35293.00,0.00,35293.00,0,0,0,35293.00,0.00,35293.00,0,0,0,35293.00,0.00,35293.00,0,0,0,35293.00,0.00,35293.00,0,0,0,35293.00,0.00,35293.00,0,0,0,35293.00,0.00,35293.00,0,0,0
SCN-01-DIRECT-0013,INC-SCN-01-DIRECT-0013,2026-09-01T12:04:00+00:00,54749.00,54749.00,54749.00,0.00,54749.00,54749.00,0.00,1,1,0,0,0,0,54749.00,54749.00,0.00,0.00,1.0,54749.00,0.00,54749.00,0,0,0,54749.00,0.00,54749.00,0,0,0,54749.00,0.00,54749.00,0,0,0,54749.00,0.00,54749.00,0,0,0,54749.00,0.00,54749.00,0,0,0,54749.00,0.00,54749.00,0,0,0
SCN-01-DIRECT-0014,INC-SCN-01-DIRECT-0014,2026-09-01T12:19:00+00:00,41844.00,41844.00,41844.00,0.00,41844.00,41844.00,0.00,1,1,0,0,0,0,41844.00,41844.00,0.00,0.00,1.0,41844.00,0.00,41844.00,0,0,0,41844.00,0.00,41844.00,0,0,0,41844.00,0.00,41844.00,0,0,0,41844.00,0.00,41844.00,0,0,0,41844.00,0.00,41844.00,0,0,0,41844.00,0.00,41844.00,0,0,0
SCN-01-DIRECT-0015,INC-SCN-01-DIRECT-0015,2026-09-01T12:34:00+00:00,38490.00,38490.00,38490.00,0.00,38490.00,38490.00,0.00,1,1,0,0,0,0,38490.00,38490.00,0.00,0.00,1.0,38490.00,0.00,38490.00,0,0,0,38490.00,0.00,38490.00,0,0,0,38490.00,0.00,38490.00,0,0,0,38490.00,0.00,38490.00,0,0,0,38490.00,0.00,38490.00,0,0,0,38490.00,0.00,38490.00,0,0,0
SCN-01-DIRECT-0016,INC-SCN-01-DIRECT-0016,2026-09-01T12:49:00+00:00,67133.00,67133.00,67133.00,0.00,67133.00,67133.00,0.00,1,1,0,0,0,0,67133.00,67133.00,0.00,0.00,1.0,67133.00,0.00,67133.00,0,0,0,67133.00,0.00,67133.00,0,0,0,67133.00,0.00,67133.00,0,0,0,67133.00,0.00,67133.00,0,0,0,67133.00,0.00,67133.00,0,0,0,67133.00,0.00,67133.00,0,0,0
SCN-01-DIRECT-0017,INC-SCN-01-DIRECT-0017,2026-09-01T13:04:00+00:00,62000.00,62000.00,62000.00,0.00,62000.00,62000.00,0.00,1,1,0,0,0,0,62000.00,62000.00,0.00,0.00,1.0,62000.00,0.00,62000.00,0,0,0,62000.00,0.00,62000.00,0,0,0,62000.00,0.00,62000.00,0,0,0,62000.00,0.00,62000.00,0,0,0,62000.00,0.00,62000.00,0,0,0,62000.00,0.00,62000.00,0,0,0
SCN-01-DIRECT-0018,INC-SCN-01-DIRECT-0018,2026-09-01T13:19:00+00:00,43541.00,43541.00,43541.00,0.00,43541.00,43541.00,0.00,1,1,0,0,0,0,43541.00,43541.00,0.00,0.00,1.0,43541.00,0.00,43541.00,0,0,0,43541.00,0.00,43541.00,0,0,0,43541.00,0.00,43541.00,0,0,0,43541.00,0.00,43541.00,0,0,0,43541.00,0.00,43541.00,0,0,0,43541.00,0.00,43541.00,0,0,0
SCN-01-DIRECT-0019,INC-SCN-01-DIRECT-0019,2026-09-01T13:34:00+00:00,63173.00,63173.00,63173.00,0.00,63173.00,63173.00,0.00,1,1,0,0,0,0,63173.00,63173.00,0.00,0.00,1.0,63173.00,0.00,63173.00,0,0,0,63173.00,0.00,63173.00,0,0,0,63173.00,0.00,63173.00,0,0,0,63173.00,0.00,63173.00,0,0,0,63173.00,0.00,63173.00,0,0,0,63173.00,0.00,63173.00,0,0,0
SCN-01-DIRECT-0020,INC-SCN-01-DIRECT-0020,2026-09-01T13:49:00+00:00,64509.00,64509.00,64509.00,0.00,64509.00,64509.00,0.00,1,1,0,0,0,0,64509.00,64509.00,0.00,0.00,1.0,64509.00,0.00,64509.00,0,0,0,64509.00,0.00,64509.00,0,0,0,64509.00,0.00,64509.00,0,0,0,64509.00,0.00,64509.00,0,0,0,64509.00,0.00,64509.00,0,0,0,64509.00,0.00,64509.00,0,0,0
SCN-01-DIRECT-0021,INC-SCN-01-DIRECT-0021,2026-09-01T14:04:00+00:00,52148.00,52148.00,52148.00,0.00,52148.00,52148.00,0.00,1,1,0,0,0,0,52148.00,52148.00,0.00,0.00,1.0,52148.00,0.00,52148.00,0,0,0,52148.00,0.00,52148.00,0,0,0,52148.00,0.00,52148.00,0,0,0,52148.00,0.00,52148.00,0,0,0,52148.00,0.00,52148.00,0,0,0,52148.00,0.00,52148.00,0,0,0
SCN-01-DIRECT-0022,INC-SCN-01-DIRECT-0022,2026-09-01T14:19:00+00:00,46479.00,46479.00,46479.00,0.00,46479.00,46479.00,0.00,1,1,0,0,0,0,46479.00,46479.00,0.00,0.00,1.0,46479.00,0.00,46479.00,0,0,0,46479.00,0.00,46479.00,0,0,0,46479.00,0.00,46479.00,0,0,0,46479.00,0.00,46479.00,0,0,0,46479.00,0.00,46479.00,0,0,0,46479.00,0.00,46479.00,0,0,0
SCN-01-DIRECT-0023,INC-SCN-01-DIRECT-0023,2026-09-01T14:34:00+00:00,35682.00,35682.00,35682.00,0.00,35682.00,35682.00,0.00,1,1,0,0,0,0,35682.00,35682.00,0.00,0.00,1.0,35682.00,0.00,35682.00,0,0,0,35682.00,0.00,35682.00,0,0,0,35682.00,0.00,35682.00,0,0,0,35682.00,0.00,35682.00,0,0,0,35682.00,0.00,35682.00,0,0,0,35682.00,0.00,35682.00,0,0,0
SCN-01-DIRECT-0024,INC-SCN-01-DIRECT-0024,2026-09-01T14:49:00+00:00,60223.00,60223.00,60223.00,0.00,60223.00,60223.00,0.00,1,1,0,0,0,0,60223.00,60223.00,0.00,0.00,1.0,60223.00,0.00,60223.00,0,0,0,60223.00,0.00,60223.00,0,0,0,60223.00,0.00,60223.00,0,0,0,60223.00,0.00,60223.00,0,0,0,60223.00,0.00,60223.00,0,0,0,60223.00,0.00,60223.00,0,0,0
SCN-01-DIRECT-0025,INC-SCN-01-DIRECT-0025,2026-09-01T15:04:00+00:00,67364.00,67364.00,67364.00,0.00,67364.00,67364.00,0.00,1,1,0,0,0,0,67364.00,67364.00,0.00,0.00,1.0,67364.00,0.00,67364.00,0,0,0,67364.00,0.00,67364.00,0,0,0,67364.00,0.00,67364.00,0,0,0,67364.00,0.00,67364.00,0,0,0,67364.00,0.00,67364.00,0,0,0,67364.00,0.00,67364.00,0,0,0
SCN-01-DIRECT-0026,INC-SCN-01-DIRECT-0026,2026-09-01T15:19:00+00:00,32902.00,32902.00,32902.00,0.00,32902.00,32902.00,0.00,1,1,0,0,0,0,32902.00,32902.00,0.00,0.00,1.0,32902.00,0.00,32902.00,0,0,0,32902.00,0.00,32902.00,0,0,0,32902.00,0.00,32902.00,0,0,0,32902.00,0.00,32902.00,0,0,0,32902.00,0.00,32902.00,0,0,0,32902.00,0.00,32902.00,0,0,0
SCN-01-DIRECT-0027,INC-SCN-01-DIRECT-0027,2026-09-01T15:34:00+00:00,41839.00,41839.00,41839.00,0.00,41839.00,41839.00,0.00,1,1,0,0,0,0,41839.00,41839.00,0.00,0.00,1.0,41839.00,0.00,41839.00,0,0,0,41839.00,0.00,41839.00,0,0,0,41839.00,0.00,41839.00,0,0,0,41839.00,0.00,41839.00,0,0,0,41839.00,0.00,41839.00,0,0,0,41839.00,0.00,41839.00,0,0,0
SCN-01-DIRECT-0028,INC-SCN-01-DIRECT-0028,2026-09-01T15:49:00+00:00,48380.00,48380.00,48380.00,0.00,48380.00,48380.00,0.00,1,1,0,0,0,0,48380.00,48380.00,0.00,0.00,1.0,48380.00,0.00,48380.00,0,0,0,48380.00,0.00,48380.00,0,0,0,48380.00,0.00,48380.00,0,0,0,48380.00,0.00,48380.00,0,0,0,48380.00,0.00,48380.00,0,0,0,48380.00,0.00,48380.00,0,0,0
SCN-01-DIRECT-0029,INC-SCN-01-DIRECT-0029,2026-09-01T16:04:00+00:00,50021.00,50021.00,50021.00,0.00,50021.00,50021.00,0.00,1,1,0,0,0,0,50021.00,50021.00,0.00,0.00,1.0,50021.00,0.00,50021.00,0,0,0,50021.00,0.00,50021.00,0,0,0,50021.00,0.00,50021.00,0,0,0,50021.00,0.00,50021.00,0,0,0,50021.00,0.00,50021.00,0,0,0,50021.00,0.00,50021.00,0,0,0
SCN-01-DIRECT-0030,INC-SCN-01-DIRECT-0030,2026-09-01T16:19:00+00:00,42946.00,42946.00,42946.00,0.00,42946.00,42946.00,0.00,1,1,0,0,0,0,42946.00,42946.00,0.00,0.00,1.0,42946.00,0.00,42946.00,0,0,0,42946.00,0.00,42946.00,0,0,0,42946.00,0.00,42946.00,0,0,0,42946.00,0.00,42946.00,0,0,0,42946.00,0.00,42946.00,0,0,0,42946.00,0.00,42946.00,0,0,0
SCN-01-DIRECT-0031,INC-SCN-01-DIRECT-0031,2026-09-01T16:34:00+00:00,59188.00,59188.00,59188.00,0.00,59188.00,59188.00,0.00,1,1,0,0,0,0,59188.00,59188.00,0.00,0.00,1.0,59188.00,0.00,59188.00,0,0,0,59188.00,0.00,59188.00,0,0,0,59188.00,0.00,59188.00,0,0,0,59188.00,0.00,59188.00,0,0,0,59188.00,0.00,59188.00,0,0,0,59188.00,0.00,59188.00,0,0,0
SCN-01-DIRECT-0032,INC-SCN-01-DIRECT-0032,2026-09-01T16:49:00+00:00,32520.00,32520.00,32520.00,0.00,32520.00,32520.00,0.00,1,1,0,0,0,0,32520.00,32520.00,0.00,0.00,1.0,32520.00,0.00,32520.00,0,0,0,32520.00,0.00,32520.00,0,0,0,32520.00,0.00,32520.00,0,0,0,32520.00,0.00,32520.00,0,0,0,32520.00,0.00,32520.00,0,0,0,32520.00,0.00,32520.00,0,0,0
SCN-01-DIRECT-0033,INC-SCN-01-DIRECT-0033,2026-09-01T17:04:00+00:00,63255.00,63255.00,63255.00,0.00,63255.00,63255.00,0.00,1,1,0,0,0,0,63255.00,63255.00,0.00,0.00,1.0,63255.00,0.00,63255.00,0,0,0,63255.00,0.00,63255.00,0,0,0,63255.00,0.00,63255.00,0,0,0,63255.00,0.00,63255.00,0,0,0,63255.00,0.00,63255.00,0,0,0,63255.00,0.00,63255.00,0,0,0
SCN-01-DIRECT-0034,INC-SCN-01-DIRECT-0034,2026-09-01T17:19:00+00:00,63230.00,63230.00,63230.00,0.00,63230.00,63230.00,0.00,1,1,0,0,0,0,63230.00,63230.00,0.00,0.00,1.0,63230.00,0.00,63230.00,0,0,0,63230.00,0.00,63230.00,0,0,0,63230.00,0.00,63230.00,0,0,0,63230.00,0.00,63230.00,0,0,0,63230.00,0.00,63230.00,0,0,0,63230.00,0.00,63230.00,0,0,0
SCN-01-DIRECT-0035,INC-SCN-01-DIRECT-0035,2026-09-01T17:34:00+00:00,34922.00,34922.00,34922.00,0.00,34922.00,34922.00,0.00,1,1,0,0,0,0,34922.00,34922.00,0.00,0.00,1.0,34922.00,0.00,34922.00,0,0,0,34922.00,0.00,34922.00,0,0,0,34922.00,0.00,34922.00,0,0,0,34922.00,0.00,34922.00,0,0,0,34922.00,0.00,34922.00,0,0,0,34922.00,0.00,34922.00,0,0,0
SCN-01-DIRECT-0036,INC-SCN-01-DIRECT-0036,2026-09-01T17:49:00+00:00,49135.00,49135.00,49135.00,0.00,49135.00,49135.00,0.00,1,1,0,0,0,0,49135.00,49135.00,0.00,0.00,1.0,49135.00,0.00,49135.00,0,0,0,49135.00,0.00,49135.00,0,0,0,49135.00,0.00,49135.00,0,0,0,49135.00,0.00,49135.00,0,0,0,49135.00,0.00,49135.00,0,0,0,49135.00,0.00,49135.00,0,0,0
SCN-01-DIRECT-0037,INC-SCN-01-DIRECT-0037,2026-09-01T18:04:00+00:00,47310.00,47310.00,47310.00,0.00,47310.00,47310.00,0.00,1,1,0,0,0,0,47310.00,47310.00,0.00,0.00,1.0,47310.00,0.00,47310.00,0,0,0,47310.00,0.00,47310.00,0,0,0,47310.00,0.00,47310.00,0,0,0,47310.00,0.00,47310.00,0,0,0,47310.00,0.00,47310.00,0,0,0,47310.00,0.00,47310.00,0,0,0
SCN-01-DIRECT-0038,INC-SCN-01-DIRECT-0038,2026-09-01T18:19:00+00:00,39540.00,39540.00,39540.00,0.00,39540.00,39540.00,0.00,1,1,0,0,0,0,39540.00,39540.00,0.00,0.00,1.0,39540.00,0.00,39540.00,0,0,0,39540.00,0.00,39540.00,0,0,0,39540.00,0.00,39540.00,0,0,0,39540.00,0.00,39540.00,0,0,0,39540.00,0.00,39540.00,0,0,0,39540.00,0.00,39540.00,0,0,0
SCN-01-DIRECT-0039,INC-SCN-01-DIRECT-0039,2026-09-01T18:34:00+00:00,47834.00,47834.00,47834.00,0.00,47834.00,47834.00,0.00,1,1,0,0,0,0,47834.00,47834.00,0.00,0.00,1.0,47834.00,0.00,47834.00,0,0,0,47834.00,0.00,47834.00,0,0,0,47834.00,0.00,47834.00,0,0,0,47834.00,0.00,47834.00,0,0,0,47834.00,0.00,47834.00,0,0,0,47834.00,0.00,47834.00,0,0,0
SCN-01-DIRECT-0040,INC-SCN-01-DIRECT-0040,2026-09-01T18:49:00+00:00,44333.00,44333.00,44333.00,0.00,44333.00,44333.00,0.00,1,1,0,0,0,0,44333.00,44333.00,0.00,0.00,1.0,44333.00,0.00,44333.00,0,0,0,44333.00,0.00,44333.00,0,0,0,44333.00,0.00,44333.00,0,0,0,44333.00,0.00,44333.00,0,0,0,44333.00,0.00,44333.00,0,0,0,44333.00,0.00,44333.00,0,0,0
SCN-01-DIRECT-0041,INC-SCN-01-DIRECT-0041,2026-09-01T19:04:00+00:00,34985.00,34985.00,34985.00,0.00,34985.00,34985.00,0.00,1,1,0,0,0,0,34985.00,34985.00,0.00,0.00,1.0,34985.00,0.00,34985.00,0,0,0,34985.00,0.00,34985.00,0,0,0,34985.00,0.00,34985.00,0,0,0,34985.00,0.00,34985.00,0,0,0,34985.00,0.00,34985.00,0,0,0,34985.00,0.00,34985.00,0,0,0
SCN-01-DIRECT-0042,INC-SCN-01-DIRECT-0042,2026-09-01T19:19:00+00:00,62587.00,62587.00,62587.00,0.00,62587.00,62587.00,0.00,1,1,0,0,0,0,62587.00,62587.00,0.00,0.00,1.0,62587.00,0.00,62587.00,0,0,0,62587.00,0.00,62587.00,0,0,0,62587.00,0.00,62587.00,0,0,0,62587.00,0.00,62587.00,0,0,0,62587.00,0.00,62587.00,0,0,0,62587.00,0.00,62587.00,0,0,0
SCN-01-DIRECT-0043,INC-SCN-01-DIRECT-0043,2026-09-01T19:34:00+00:00,39998.00,39998.00,39998.00,0.00,39998.00,39998.00,0.00,1,1,0,0,0,0,39998.00,39998.00,0.00,0.00,1.0,39998.00,0.00,39998.00,0,0,0,39998.00,0.00,39998.00,0,0,0,39998.00,0.00,39998.00,0,0,0,39998.00,0.00,39998.00,0,0,0,39998.00,0.00,39998.00,0,0,0,39998.00,0.00,39998.00,0,0,0
SCN-01-DIRECT-0044,INC-SCN-01-DIRECT-0044,2026-09-01T19:49:00+00:00,49043.00,49043.00,49043.00,0.00,49043.00,49043.00,0.00,1,1,0,0,0,0,49043.00,49043.00,0.00,0.00,1.0,49043.00,0.00,49043.00,0,0,0,49043.00,0.00,49043.00,0,0,0,49043.00,0.00,49043.00,0,0,0,49043.00,0.00,49043.00,0,0,0,49043.00,0.00,49043.00,0,0,0,49043.00,0.00,49043.00,0,0,0
SCN-01-DIRECT-0045,INC-SCN-01-DIRECT-0045,2026-09-01T20:04:00+00:00,35893.00,35893.00,35893.00,0.00,35893.00,35893.00,0.00,1,1,0,0,0,0,35893.00,35893.00,0.00,0.00,1.0,35893.00,0.00,35893.00,0,0,0,35893.00,0.00,35893.00,0,0,0,35893.00,0.00,35893.00,0,0,0,35893.00,0.00,35893.00,0,0,0,35893.00,0.00,35893.00,0,0,0,35893.00,0.00,35893.00,0,0,0
SCN-01-DIRECT-0046,INC-SCN-01-DIRECT-0046,2026-09-01T20:19:00+00:00,58018.00,58018.00,58018.00,0.00,58018.00,58018.00,0.00,1,1,0,0,0,0,58018.00,58018.00,0.00,0.00,1.0,58018.00,0.00,58018.00,0,0,0,58018.00,0.00,58018.00,0,0,0,58018.00,0.00,58018.00,0,0,0,58018.00,0.00,58018.00,0,0,0,58018.00,0.00,58018.00,0,0,0,58018.00,0.00,58018.00,0,0,0
SCN-01-DIRECT-0047,INC-SCN-01-DIRECT-0047,2026-09-01T20:34:00+00:00,46592.00,46592.00,46592.00,0.00,46592.00,46592.00,0.00,1,1,0,0,0,0,46592.00,46592.00,0.00,0.00,1.0,46592.00,0.00,46592.00,0,0,0,46592.00,0.00,46592.00,0,0,0,46592.00,0.00,46592.00,0,0,0,46592.00,0.00,46592.00,0,0,0,46592.00,0.00,46592.00,0,0,0,46592.00,0.00,46592.00,0,0,0
SCN-01-DIRECT-0048,INC-SCN-01-DIRECT-0048,2026-09-01T20:49:00+00:00,39157.00,39157.00,39157.00,0.00,39157.00,39157.00,0.00,1,1,0,0,0,0,39157.00,39157.00,0.00,0.00,1.0,39157.00,0.00,39157.00,0,0,0,39157.00,0.00,39157.00,0,0,0,39157.00,0.00,39157.00,0,0,0,39157.00,0.00,39157.00,0,0,0,39157.00,0.00,39157.00,0,0,0,39157.00,0.00,39157.00,0,0,0
SCN-01-DIRECT-0049,INC-SCN-01-DIRECT-0049,2026-09-01T21:04:00+00:00,41243.00,41243.00,41243.00,0.00,41243.00,41243.00,0.00,1,1,0,0,0,0,41243.00,41243.00,0.00,0.00,1.0,41243.00,0.00,41243.00,0,0,0,41243.00,0.00,41243.00,0,0,0,41243.00,0.00,41243.00,0,0,0,41243.00,0.00,41243.00,0,0,0,41243.00,0.00,41243.00,0,0,0,41243.00,0.00,41243.00,0,0,0
SCN-01-DIRECT-0050,INC-SCN-01-DIRECT-0050,2026-09-01T21:19:00+00:00,51761.00,51761.00,51761.00,0.00,51761.00,51761.00,0.00,1,1,0,0,0,0,51761.00,51761.00,0.00,0.00,1.0,51761.00,0.00,51761.00,0,0,0,51761.00,0.00,51761.00,0,0,0,51761.00,0.00,51761.00,0,0,0,51761.00,0.00,51761.00,0,0,0,51761.00,0.00,51761.00,0,0,0,51761.00,0.00,51761.00,0,0,0
SCN-01-DIRECT-0051,INC-SCN-01-DIRECT-0051,2026-09-01T21:34:00+00:00,66415.00,66415.00,66415.00,0.00,66415.00,66415.00,0.00,1,1,0,0,0,0,66415.00,66415.00,0.00,0.00,1.0,66415.00,0.00,66415.00,0,0,0,66415.00,0.00,66415.00,0,0,0,66415.00,0.00,66415.00,0,0,0,66415.00,0.00,66415.00,0,0,0,66415.00,0.00,66415.00,0,0,0,66415.00,0.00,66415.00,0,0,0
SCN-01-DIRECT-0052,INC-SCN-01-DIRECT-0052,2026-09-01T21:49:00+00:00,49497.00,49497.00,49497.00,0.00,49497.00,49497.00,0.00,1,1,0,0,0,0,49497.00,49497.00,0.00,0.00,1.0,49497.00,0.00,49497.00,0,0,0,49497.00,0.00,49497.00,0,0,0,49497.00,0.00,49497.00,0,0,0,49497.00,0.00,49497.00,0,0,0,49497.00,0.00,49497.00,0,0,0,49497.00,0.00,49497.00,0,0,0
SCN-01-DIRECT-0053,INC-SCN-01-DIRECT-0053,2026-09-01T22:04:00+00:00,45764.00,45764.00,45764.00,0.00,45764.00,45764.00,0.00,1,1,0,0,0,0,45764.00,45764.00,0.00,0.00,1.0,45764.00,0.00,45764.00,0,0,0,45764.00,0.00,45764.00,0,0,0,45764.00,0.00,45764.00,0,0,0,45764.00,0.00,45764.00,0,0,0,45764.00,0.00,45764.00,0,0,0,45764.00,0.00,45764.00,0,0,0
SCN-01-DIRECT-0054,INC-SCN-01-DIRECT-0054,2026-09-01T22:19:00+00:00,48425.00,48425.00,48425.00,0.00,48425.00,48425.00,0.00,1,1,0,0,0,0,48425.00,48425.00,0.00,0.00,1.0,48425.00,0.00,48425.00,0,0,0,48425.00,0.00,48425.00,0,0,0,48425.00,0.00,48425.00,0,0,0,48425.00,0.00,48425.00,0,0,0,48425.00,0.00,48425.00,0,0,0,48425.00,0.00,48425.00,0,0,0
SCN-01-DIRECT-0055,INC-SCN-01-DIRECT-0055,2026-09-01T22:34:00+00:00,51952.00,51952.00,51952.00,0.00,51952.00,51952.00,0.00,1,1,0,0,0,0,51952.00,51952.00,0.00,0.00,1.0,51952.00,0.00,51952.00,0,0,0,51952.00,0.00,51952.00,0,0,0,51952.00,0.00,51952.00,0,0,0,51952.00,0.00,51952.00,0,0,0,51952.00,0.00,51952.00,0,0,0,51952.00,0.00,51952.00,0,0,0
SCN-01-DIRECT-0056,INC-SCN-01-DIRECT-0056,2026-09-01T22:49:00+00:00,66405.00,66405.00,66405.00,0.00,66405.00,66405.00,0.00,1,1,0,0,0,0,66405.00,66405.00,0.00,0.00,1.0,66405.00,0.00,66405.00,0,0,0,66405.00,0.00,66405.00,0,0,0,66405.00,0.00,66405.00,0,0,0,66405.00,0.00,66405.00,0,0,0,66405.00,0.00,66405.00,0,0,0,66405.00,0.00,66405.00,0,0,0
SCN-01-DIRECT-0057,INC-SCN-01-DIRECT-0057,2026-09-01T23:04:00+00:00,34501.00,34501.00,34501.00,0.00,34501.00,34501.00,0.00,1,1,0,0,0,0,34501.00,34501.00,0.00,0.00,1.0,34501.00,0.00,34501.00,0,0,0,34501.00,0.00,34501.00,0,0,0,34501.00,0.00,34501.00,0,0,0,34501.00,0.00,34501.00,0,0,0,34501.00,0.00,34501.00,0,0,0,34501.00,0.00,34501.00,0,0,0
SCN-01-DIRECT-0058,INC-SCN-01-DIRECT-0058,2026-09-01T23:19:00+00:00,38010.00,38010.00,38010.00,0.00,38010.00,38010.00,0.00,1,1,0,0,0,0,38010.00,38010.00,0.00,0.00,1.0,38010.00,0.00,38010.00,0,0,0,38010.00,0.00,38010.00,0,0,0,38010.00,0.00,38010.00,0,0,0,38010.00,0.00,38010.00,0,0,0,38010.00,0.00,38010.00,0,0,0,38010.00,0.00,38010.00,0,0,0
SCN-01-DIRECT-0059,INC-SCN-01-DIRECT-0059,2026-09-01T23:34:00+00:00,53326.00,53326.00,53326.00,0.00,53326.00,53326.00,0.00,1,1,0,0,0,0,53326.00,53326.00,0.00,0.00,1.0,53326.00,0.00,53326.00,0,0,0,53326.00,0.00,53326.00,0,0,0,53326.00,0.00,53326.00,0,0,0,53326.00,0.00,53326.00,0,0,0,53326.00,0.00,53326.00,0,0,0,53326.00,0.00,53326.00,0,0,0
SCN-01-DIRECT-0060,INC-SCN-01-DIRECT-0060,2026-09-01T23:49:00+00:00,63660.00,63660.00,63660.00,0.00,63660.00,63660.00,0.00,1,1,0,0,0,0,63660.00,63660.00,0.00,0.00,1.0,63660.00,0.00,63660.00,0,0,0,63660.00,0.00,63660.00,0,0,0,63660.00,0.00,63660.00,0,0,0,63660.00,0.00,63660.00,0,0,0,63660.00,0.00,63660.00,0,0,0,63660.00,0.00,63660.00,0,0,0
SCN-01-DIRECT-0061,INC-SCN-01-DIRECT-0061,2026-09-02T00:04:00+00:00,47173.00,47173.00,47173.00,0.00,47173.00,47173.00,0.00,1,1,0,0,0,0,47173.00,47173.00,0.00,0.00,1.0,47173.00,0.00,47173.00,0,0,0,47173.00,0.00,47173.00,0,0,0,47173.00,0.00,47173.00,0,0,0,47173.00,0.00,47173.00,0,0,0,47173.00,0.00,47173.00,0,0,0,47173.00,0.00,47173.00,0,0,0
SCN-01-DIRECT-0062,INC-SCN-01-DIRECT-0062,2026-09-02T00:19:00+00:00,39649.00,39649.00,39649.00,0.00,39649.00,39649.00,0.00,1,1,0,0,0,0,39649.00,39649.00,0.00,0.00,1.0,39649.00,0.00,39649.00,0,0,0,39649.00,0.00,39649.00,0,0,0,39649.00,0.00,39649.00,0,0,0,39649.00,0.00,39649.00,0,0,0,39649.00,0.00,39649.00,0,0,0,39649.00,0.00,39649.00,0,0,0
SCN-01-DIRECT-0063,INC-SCN-01-DIRECT-0063,2026-09-02T00:34:00+00:00,56009.00,56009.00,56009.00,0.00,56009.00,56009.00,0.00,1,1,0,0,0,0,56009.00,56009.00,0.00,0.00,1.0,56009.00,0.00,56009.00,0,0,0,56009.00,0.00,56009.00,0,0,0,56009.00,0.00,56009.00,0,0,0,56009.00,0.00,56009.00,0,0,0,56009.00,0.00,56009.00,0,0,0,56009.00,0.00,56009.00,0,0,0
SCN-01-DIRECT-0064,INC-SCN-01-DIRECT-0064,2026-09-02T00:49:00+00:00,35039.00,35039.00,35039.00,0.00,35039.00,35039.00,0.00,1,1,0,0,0,0,35039.00,35039.00,0.00,0.00,1.0,35039.00,0.00,35039.00,0,0,0,35039.00,0.00,35039.00,0,0,0,35039.00,0.00,35039.00,0,0,0,35039.00,0.00,35039.00,0,0,0,35039.00,0.00,35039.00,0,0,0,35039.00,0.00,35039.00,0,0,0
SCN-01-DIRECT-0065,INC-SCN-01-DIRECT-0065,2026-09-02T01:04:00+00:00,35064.00,35064.00,35064.00,0.00,35064.00,35064.00,0.00,1,1,0,0,0,0,35064.00,35064.00,0.00,0.00,1.0,35064.00,0.00,35064.00,0,0,0,35064.00,0.00,35064.00,0,0,0,35064.00,0.00,35064.00,0,0,0,35064.00,0.00,35064.00,0,0,0,35064.00,0.00,35064.00,0,0,0,35064.00,0.00,35064.00,0,0,0
SCN-01-DIRECT-0066,INC-SCN-01-DIRECT-0066,2026-09-02T01:19:00+00:00,63330.00,63330.00,63330.00,0.00,63330.00,63330.00,0.00,1,1,0,0,0,0,63330.00,63330.00,0.00,0.00,1.0,63330.00,0.00,63330.00,0,0,0,63330.00,0.00,63330.00,0,0,0,63330.00,0.00,63330.00,0,0,0,63330.00,0.00,63330.00,0,0,0,63330.00,0.00,63330.00,0,0,0,63330.00,0.00,63330.00,0,0,0
SCN-01-DIRECT-0067,INC-SCN-01-DIRECT-0067,2026-09-02T01:34:00+00:00,61681.00,61681.00,61681.00,0.00,61681.00,61681.00,0.00,1,1,0,0,0,0,61681.00,61681.00,0.00,0.00,1.0,61681.00,0.00,61681.00,0,0,0,61681.00,0.00,61681.00,0,0,0,61681.00,0.00,61681.00,0,0,0,61681.00,0.00,61681.00,0,0,0,61681.00,0.00,61681.00,0,0,0,61681.00,0.00,61681.00,0,0,0
SCN-01-DIRECT-0068,INC-SCN-01-DIRECT-0068,2026-09-02T01:49:00+00:00,55389.00,55389.00,55389.00,0.00,55389.00,55389.00,0.00,1,1,0,0,0,0,55389.00,55389.00,0.00,0.00,1.0,55389.00,0.00,55389.00,0,0,0,55389.00,0.00,55389.00,0,0,0,55389.00,0.00,55389.00,0,0,0,55389.00,0.00,55389.00,0,0,0,55389.00,0.00,55389.00,0,0,0,55389.00,0.00,55389.00,0,0,0
SCN-01-DIRECT-0069,INC-SCN-01-DIRECT-0069,2026-09-02T02:04:00+00:00,55719.00,55719.00,55719.00,0.00,55719.00,55719.00,0.00,1,1,0,0,0,0,55719.00,55719.00,0.00,0.00,1.0,55719.00,0.00,55719.00,0,0,0,55719.00,0.00,55719.00,0,0,0,55719.00,0.00,55719.00,0,0,0,55719.00,0.00,55719.00,0,0,0,55719.00,0.00,55719.00,0,0,0,55719.00,0.00,55719.00,0,0,0
SCN-01-DIRECT-0070,INC-SCN-01-DIRECT-0070,2026-09-02T02:19:00+00:00,36246.00,36246.00,36246.00,0.00,36246.00,36246.00,0.00,1,1,0,0,0,0,36246.00,36246.00,0.00,0.00,1.0,36246.00,0.00,36246.00,0,0,0,36246.00,0.00,36246.00,0,0,0,36246.00,0.00,36246.00,0,0,0,36246.00,0.00,36246.00,0,0,0,36246.00,0.00,36246.00,0,0,0,36246.00,0.00,36246.00,0,0,0
SCN-01-DIRECT-0071,INC-SCN-01-DIRECT-0071,2026-09-02T02:34:00+00:00,57616.00,57616.00,57616.00,0.00,57616.00,57616.00,0.00,1,1,0,0,0,0,57616.00,57616.00,0.00,0.00,1.0,57616.00,0.00,57616.00,0,0,0,57616.00,0.00,57616.00,0,0,0,57616.00,0.00,57616.00,0,0,0,57616.00,0.00,57616.00,0,0,0,57616.00,0.00,57616.00,0,0,0,57616.00,0.00,57616.00,0,0,0
SCN-01-DIRECT-0072,INC-SCN-01-DIRECT-0072,2026-09-02T02:49:00+00:00,49599.00,49599.00,49599.00,0.00,49599.00,49599.00,0.00,1,1,0,0,0,0,49599.00,49599.00,0.00,0.00,1.0,49599.00,0.00,49599.00,0,0,0,49599.00,0.00,49599.00,0,0,0,49599.00,0.00,49599.00,0,0,0,49599.00,0.00,49599.00,0,0,0,49599.00,0.00,49599.00,0,0,0,49599.00,0.00,49599.00,0,0,0
SCN-01-DIRECT-0073,INC-SCN-01-DIRECT-0073,2026-09-02T03:04:00+00:00,47325.00,47325.00,47325.00,0.00,47325.00,47325.00,0.00,1,1,0,0,0,0,47325.00,47325.00,0.00,0.00,1.0,47325.00,0.00,47325.00,0,0,0,47325.00,0.00,47325.00,0,0,0,47325.00,0.00,47325.00,0,0,0,47325.00,0.00,47325.00,0,0,0,47325.00,0.00,47325.00,0,0,0,47325.00,0.00,47325.00,0,0,0
SCN-01-DIRECT-0074,INC-SCN-01-DIRECT-0074,2026-09-02T03:19:00+00:00,54799.00,54799.00,54799.00,0.00,54799.00,54799.00,0.00,1,1,0,0,0,0,54799.00,54799.00,0.00,0.00,1.0,54799.00,0.00,54799.00,0,0,0,54799.00,0.00,54799.00,0,0,0,54799.00,0.00,54799.00,0,0,0,54799.00,0.00,54799.00,0,0,0,54799.00,0.00,54799.00,0,0,0,54799.00,0.00,54799.00,0,0,0
SCN-01-DIRECT-0075,INC-SCN-01-DIRECT-0075,2026-09-02T03:34:00+00:00,47469.00,47469.00,47469.00,0.00,47469.00,47469.00,0.00,1,1,0,0,0,0,47469.00,47469.00,0.00,0.00,1.0,47469.00,0.00,47469.00,0,0,0,47469.00,0.00,47469.00,0,0,0,47469.00,0.00,47469.00,0,0,0,47469.00,0.00,47469.00,0,0,0,47469.00,0.00,47469.00,0,0,0,47469.00,0.00,47469.00,0,0,0
SCN-01-DIRECT-0076,INC-SCN-01-DIRECT-0076,2026-09-02T03:49:00+00:00,64138.00,64138.00,64138.00,0.00,64138.00,64138.00,0.00,1,1,0,0,0,0,64138.00,64138.00,0.00,0.00,1.0,64138.00,0.00,64138.00,0,0,0,64138.00,0.00,64138.00,0,0,0,64138.00,0.00,64138.00,0,0,0,64138.00,0.00,64138.00,0,0,0,64138.00,0.00,64138.00,0,0,0,64138.00,0.00,64138.00,0,0,0
SCN-01-DIRECT-0077,INC-SCN-01-DIRECT-0077,2026-09-02T04:04:00+00:00,37683.00,37683.00,37683.00,0.00,37683.00,37683.00,0.00,1,1,0,0,0,0,37683.00,37683.00,0.00,0.00,1.0,37683.00,0.00,37683.00,0,0,0,37683.00,0.00,37683.00,0,0,0,37683.00,0.00,37683.00,0,0,0,37683.00,0.00,37683.00,0,0,0,37683.00,0.00,37683.00,0,0,0,37683.00,0.00,37683.00,0,0,0
SCN-01-DIRECT-0078,INC-SCN-01-DIRECT-0078,2026-09-02T04:19:00+00:00,60364.00,60364.00,60364.00,0.00,60364.00,60364.00,0.00,1,1,0,0,0,0,60364.00,60364.00,0.00,0.00,1.0,60364.00,0.00,60364.00,0,0,0,60364.00,0.00,60364.00,0,0,0,60364.00,0.00,60364.00,0,0,0,60364.00,0.00,60364.00,0,0,0,60364.00,0.00,60364.00,0,0,0,60364.00,0.00,60364.00,0,0,0
SCN-01-DIRECT-0079,INC-SCN-01-DIRECT-0079,2026-09-02T04:34:00+00:00,41234.00,41234.00,41234.00,0.00,41234.00,41234.00,0.00,1,1,0,0,0,0,41234.00,41234.00,0.00,0.00,1.0,41234.00,0.00,41234.00,0,0,0,41234.00,0.00,41234.00,0,0,0,41234.00,0.00,41234.00,0,0,0,41234.00,0.00,41234.00,0,0,0,41234.00,0.00,41234.00,0,0,0,41234.00,0.00,41234.00,0,0,0
SCN-01-DIRECT-0080,INC-SCN-01-DIRECT-0080,2026-09-02T04:49:00+00:00,46723.00,46723.00,46723.00,0.00,46723.00,46723.00,0.00,1,1,0,0,0,0,46723.00,46723.00,0.00,0.00,1.0,46723.00,0.00,46723.00,0,0,0,46723.00,0.00,46723.00,0,0,0,46723.00,0.00,46723.00,0,0,0,46723.00,0.00,46723.00,0,0,0,46723.00,0.00,46723.00,0,0,0,46723.00,0.00,46723.00,0,0,0
SCN-01-DIRECT-0081,INC-SCN-01-DIRECT-0081,2026-09-02T05:04:00+00:00,62761.00,62761.00,62761.00,0.00,62761.00,62761.00,0.00,1,1,0,0,0,0,62761.00,62761.00,0.00,0.00,1.0,62761.00,0.00,62761.00,0,0,0,62761.00,0.00,62761.00,0,0,0,62761.00,0.00,62761.00,0,0,0,62761.00,0.00,62761.00,0,0,0,62761.00,0.00,62761.00,0,0,0,62761.00,0.00,62761.00,0,0,0
SCN-01-DIRECT-0082,INC-SCN-01-DIRECT-0082,2026-09-02T05:19:00+00:00,33368.00,33368.00,33368.00,0.00,33368.00,33368.00,0.00,1,1,0,0,0,0,33368.00,33368.00,0.00,0.00,1.0,33368.00,0.00,33368.00,0,0,0,33368.00,0.00,33368.00,0,0,0,33368.00,0.00,33368.00,0,0,0,33368.00,0.00,33368.00,0,0,0,33368.00,0.00,33368.00,0,0,0,33368.00,0.00,33368.00,0,0,0
SCN-01-DIRECT-0083,INC-SCN-01-DIRECT-0083,2026-09-02T05:34:00+00:00,60578.00,60578.00,60578.00,0.00,60578.00,60578.00,0.00,1,1,0,0,0,0,60578.00,60578.00,0.00,0.00,1.0,60578.00,0.00,60578.00,0,0,0,60578.00,0.00,60578.00,0,0,0,60578.00,0.00,60578.00,0,0,0,60578.00,0.00,60578.00,0,0,0,60578.00,0.00,60578.00,0,0,0,60578.00,0.00,60578.00,0,0,0
SCN-01-DIRECT-0084,INC-SCN-01-DIRECT-0084,2026-09-02T05:49:00+00:00,60058.00,60058.00,60058.00,0.00,60058.00,60058.00,0.00,1,1,0,0,0,0,60058.00,60058.00,0.00,0.00,1.0,60058.00,0.00,60058.00,0,0,0,60058.00,0.00,60058.00,0,0,0,60058.00,0.00,60058.00,0,0,0,60058.00,0.00,60058.00,0,0,0,60058.00,0.00,60058.00,0,0,0,60058.00,0.00,60058.00,0,0,0
SCN-01-DIRECT-0085,INC-SCN-01-DIRECT-0085,2026-09-02T06:04:00+00:00,40285.00,40285.00,40285.00,0.00,40285.00,40285.00,0.00,1,1,0,0,0,0,40285.00,40285.00,0.00,0.00,1.0,40285.00,0.00,40285.00,0,0,0,40285.00,0.00,40285.00,0,0,0,40285.00,0.00,40285.00,0,0,0,40285.00,0.00,40285.00,0,0,0,40285.00,0.00,40285.00,0,0,0,40285.00,0.00,40285.00,0,0,0
SCN-01-DIRECT-0086,INC-SCN-01-DIRECT-0086,2026-09-02T06:19:00+00:00,60337.00,60337.00,60337.00,0.00,60337.00,60337.00,0.00,1,1,0,0,0,0,60337.00,60337.00,0.00,0.00,1.0,60337.00,0.00,60337.00,0,0,0,60337.00,0.00,60337.00,0,0,0,60337.00,0.00,60337.00,0,0,0,60337.00,0.00,60337.00,0,0,0,60337.00,0.00,60337.00,0,0,0,60337.00,0.00,60337.00,0,0,0
SCN-01-DIRECT-0087,INC-SCN-01-DIRECT-0087,2026-09-02T06:34:00+00:00,43989.00,43989.00,43989.00,0.00,43989.00,43989.00,0.00,1,1,0,0,0,0,43989.00,43989.00,0.00,0.00,1.0,43989.00,0.00,43989.00,0,0,0,43989.00,0.00,43989.00,0,0,0,43989.00,0.00,43989.00,0,0,0,43989.00,0.00,43989.00,0,0,0,43989.00,0.00,43989.00,0,0,0,43989.00,0.00,43989.00,0,0,0
SCN-01-DIRECT-0088,INC-SCN-01-DIRECT-0088,2026-09-02T06:49:00+00:00,54952.00,54952.00,54952.00,0.00,54952.00,54952.00,0.00,1,1,0,0,0,0,54952.00,54952.00,0.00,0.00,1.0,54952.00,0.00,54952.00,0,0,0,54952.00,0.00,54952.00,0,0,0,54952.00,0.00,54952.00,0,0,0,54952.00,0.00,54952.00,0,0,0,54952.00,0.00,54952.00,0,0,0,54952.00,0.00,54952.00,0,0,0
SCN-01-DIRECT-0089,INC-SCN-01-DIRECT-0089,2026-09-02T07:04:00+00:00,65373.00,65373.00,65373.00,0.00,65373.00,65373.00,0.00,1,1,0,0,0,0,65373.00,65373.00,0.00,0.00,1.0,65373.00,0.00,65373.00,0,0,0,65373.00,0.00,65373.00,0,0,0,65373.00,0.00,65373.00,0,0,0,65373.00,0.00,65373.00,0,0,0,65373.00,0.00,65373.00,0,0,0,65373.00,0.00,65373.00,0,0,0
SCN-01-DIRECT-0090,INC-SCN-01-DIRECT-0090,2026-09-02T07:19:00+00:00,66189.00,66189.00,66189.00,0.00,66189.00,66189.00,0.00,1,1,0,0,0,0,66189.00,66189.00,0.00,0.00,1.0,66189.00,0.00,66189.00,0,0,0,66189.00,0.00,66189.00,0,0,0,66189.00,0.00,66189.00,0,0,0,66189.00,0.00,66189.00,0,0,0,66189.00,0.00,66189.00,0,0,0,66189.00,0.00,66189.00,0,0,0
SCN-01-DIRECT-0091,INC-SCN-01-DIRECT-0091,2026-09-02T07:34:00+00:00,57999.00,57999.00,57999.00,0.00,57999.00,57999.00,0.00,1,1,0,0,0,0,57999.00,57999.00,0.00,0.00,1.0,57999.00,0.00,57999.00,0,0,0,57999.00,0.00,57999.00,0,0,0,57999.00,0.00,57999.00,0,0,0,57999.00,0.00,57999.00,0,0,0,57999.00,0.00,57999.00,0,0,0,57999.00,0.00,57999.00,0,0,0
SCN-01-DIRECT-0092,INC-SCN-01-DIRECT-0092,2026-09-02T07:49:00+00:00,45982.00,45982.00,45982.00,0.00,45982.00,45982.00,0.00,1,1,0,0,0,0,45982.00,45982.00,0.00,0.00,1.0,45982.00,0.00,45982.00,0,0,0,45982.00,0.00,45982.00,0,0,0,45982.00,0.00,45982.00,0,0,0,45982.00,0.00,45982.00,0,0,0,45982.00,0.00,45982.00,0,0,0,45982.00,0.00,45982.00,0,0,0
SCN-01-DIRECT-0093,INC-SCN-01-DIRECT-0093,2026-09-02T08:04:00+00:00,32559.00,32559.00,32559.00,0.00,32559.00,32559.00,0.00,1,1,0,0,0,0,32559.00,32559.00,0.00,0.00,1.0,32559.00,0.00,32559.00,0,0,0,32559.00,0.00,32559.00,0,0,0,32559.00,0.00,32559.00,0,0,0,32559.00,0.00,32559.00,0,0,0,32559.00,0.00,32559.00,0,0,0,32559.00,0.00,32559.00,0,0,0
SCN-01-DIRECT-0094,INC-SCN-01-DIRECT-0094,2026-09-02T08:19:00+00:00,58468.00,58468.00,58468.00,0.00,58468.00,58468.00,0.00,1,1,0,0,0,0,58468.00,58468.00,0.00,0.00,1.0,58468.00,0.00,58468.00,0,0,0,58468.00,0.00,58468.00,0,0,0,58468.00,0.00,58468.00,0,0,0,58468.00,0.00,58468.00,0,0,0,58468.00,0.00,58468.00,0,0,0,58468.00,0.00,58468.00,0,0,0
SCN-01-DIRECT-0095,INC-SCN-01-DIRECT-0095,2026-09-02T08:34:00+00:00,55748.00,55748.00,55748.00,0.00,55748.00,55748.00,0.00,1,1,0,0,0,0,55748.00,55748.00,0.00,0.00,1.0,55748.00,0.00,55748.00,0,0,0,55748.00,0.00,55748.00,0,0,0,55748.00,0.00,55748.00,0,0,0,55748.00,0.00,55748.00,0,0,0,55748.00,0.00,55748.00,0,0,0,55748.00,0.00,55748.00,0,0,0
SCN-01-DIRECT-0096,INC-SCN-01-DIRECT-0096,2026-09-02T08:49:00+00:00,57691.00,57691.00,57691.00,0.00,57691.00,57691.00,0.00,1,1,0,0,0,0,57691.00,57691.00,0.00,0.00,1.0,57691.00,0.00,57691.00,0,0,0,57691.00,0.00,57691.00,0,0,0,57691.00,0.00,57691.00,0,0,0,57691.00,0.00,57691.00,0,0,0,57691.00,0.00,57691.00,0,0,0,57691.00,0.00,57691.00,0,0,0
SCN-01-DIRECT-0097,INC-SCN-01-DIRECT-0097,2026-09-02T09:04:00+00:00,46584.00,46584.00,46584.00,0.00,46584.00,46584.00,0.00,1,1,0,0,0,0,46584.00,46584.00,0.00,0.00,1.0,46584.00,0.00,46584.00,0,0,0,46584.00,0.00,46584.00,0,0,0,46584.00,0.00,46584.00,0,0,0,46584.00,0.00,46584.00,0,0,0,46584.00,0.00,46584.00,0,0,0,46584.00,0.00,46584.00,0,0,0
SCN-01-DIRECT-0098,INC-SCN-01-DIRECT-0098,2026-09-02T09:19:00+00:00,65413.00,65413.00,65413.00,0.00,65413.00,65413.00,0.00,1,1,0,0,0,0,65413.00,65413.00,0.00,0.00,1.0,65413.00,0.00,65413.00,0,0,0,65413.00,0.00,65413.00,0,0,0,65413.00,0.00,65413.00,0,0,0,65413.00,0.00,65413.00,0,0,0,65413.00,0.00,65413.00,0,0,0,65413.00,0.00,65413.00,0,0,0
SCN-01-DIRECT-0099,INC-SCN-01-DIRECT-0099,2026-09-02T09:34:00+00:00,43033.00,43033.00,43033.00,0.00,43033.00,43033.00,0.00,1,1,0,0,0,0,43033.00,43033.00,0.00,0.00,1.0,43033.00,0.00,43033.00,0,0,0,43033.00,0.00,43033.00,0,0,0,43033.00,0.00,43033.00,0,0,0,43033.00,0.00,43033.00,0,0,0,43033.00,0.00,43033.00,0,0,0,43033.00,0.00,43033.00,0,0,0
SCN-01-DIRECT-0100,INC-SCN-01-DIRECT-0100,2026-09-02T09:49:00+00:00,47546.00,47546.00,47546.00,0.00,47546.00,47546.00,0.00,1,1,0,0,0,0,47546.00,47546.00,0.00,0.00,1.0,47546.00,0.00,47546.00,0,0,0,47546.00,0.00,47546.00,0,0,0,47546.00,0.00,47546.00,0,0,0,47546.00,0.00,47546.00,0,0,0,47546.00,0.00,47546.00,0,0,0,47546.00,0.00,47546.00,0,0,0
SCN-02-FANOUT-0001,INC-SCN-02-FANOUT-0001,2026-09-02T10:04:00+00:00,47976.00,47976.00,47976.00,0.00,11980.90,47976.00,35995.10,1,3,2,2,0,0,84356.00,84356.00,0.00,0.00,1.0,47976.00,0.00,47976.00,0,0,0,47976.00,0.00,47976.00,3,2,0,47976.00,0.00,47976.00,3,2,0,47976.00,0.00,47976.00,3,2,0,47976.00,0.00,47976.00,3,2,0,47976.00,0.00,47976.00,3,2,0
SCN-02-FANOUT-0002,INC-SCN-02-FANOUT-0002,2026-09-02T10:19:00+00:00,41069.00,41069.00,41069.00,0.00,11704.19,24995.90,13291.71,1,2,1,1,0,0,54507.00,54507.00,0.00,0.00,0.608632,41069.00,0.00,41069.00,0,0,0,41069.00,0.00,41069.00,1,1,0,41069.00,0.00,41069.00,1,1,0,41069.00,0.00,41069.00,1,1,0,41069.00,0.00,41069.00,1,1,0,41069.00,0.00,41069.00,1,1,0
SCN-02-FANOUT-0003,INC-SCN-02-FANOUT-0003,2026-09-02T10:34:00+00:00,38656.00,38656.00,38656.00,0.00,11506.95,38656.00,27149.05,1,3,2,2,0,0,66119.00,66119.00,0.00,0.00,1.0,38656.00,0.00,38656.00,0,0,0,38656.00,0.00,38656.00,2,1,0,38656.00,0.00,38656.00,3,2,0,38656.00,0.00,38656.00,3,2,0,38656.00,0.00,38656.00,3,2,0,38656.00,0.00,38656.00,3,2,0
SCN-02-FANOUT-0004,INC-SCN-02-FANOUT-0004,2026-09-02T10:49:00+00:00,61570.00,61570.00,61570.00,0.00,17286.26,61570.00,44283.74,1,3,2,2,0,0,106222.00,106222.00,0.00,0.00,1.0,61570.00,0.00,61570.00,0,0,0,61570.00,0.00,61570.00,2,1,0,61570.00,0.00,61570.00,3,2,0,61570.00,0.00,61570.00,3,2,0,61570.00,0.00,61570.00,3,2,0,61570.00,0.00,61570.00,3,2,0
SCN-02-FANOUT-0005,INC-SCN-02-FANOUT-0005,2026-09-02T11:04:00+00:00,51405.00,51405.00,51405.00,0.00,29119.90,51405.00,22285.10,1,2,1,1,0,0,73906.00,73906.00,0.00,0.00,1.0,51405.00,0.00,51405.00,0,0,0,51405.00,0.00,51405.00,2,2,0,51405.00,0.00,51405.00,2,2,0,51405.00,0.00,51405.00,2,2,0,51405.00,0.00,51405.00,2,2,0,51405.00,0.00,51405.00,2,2,0
SCN-02-FANOUT-0006,INC-SCN-02-FANOUT-0006,2026-09-02T11:19:00+00:00,62486.00,62486.00,62486.00,0.00,38538.70,38538.70,0.00,1,1,0,0,0,0,62486.00,62486.00,0.00,0.00,0.616757,62486.00,0.00,62486.00,0,0,0,62486.00,0.00,62486.00,1,1,0,62486.00,0.00,62486.00,1,1,0,62486.00,0.00,62486.00,1,1,0,62486.00,0.00,62486.00,1,1,0,62486.00,0.00,62486.00,1,1,0
SCN-02-FANOUT-0007,INC-SCN-02-FANOUT-0007,2026-09-02T11:34:00+00:00,44265.00,44265.00,44265.00,0.00,15375.71,44265.00,28889.29,1,3,2,2,0,0,73401.00,73401.00,0.00,0.00,1.0,44265.00,0.00,44265.00,0,0,0,44265.00,0.00,44265.00,2,1,0,44265.00,0.00,44265.00,3,2,0,44265.00,0.00,44265.00,3,2,0,44265.00,0.00,44265.00,3,2,0,44265.00,0.00,44265.00,3,2,0
SCN-02-FANOUT-0008,INC-SCN-02-FANOUT-0008,2026-09-02T11:49:00+00:00,39908.00,39908.00,39908.00,0.00,12100.77,39908.00,27807.23,1,3,2,2,0,0,68049.00,68049.00,0.00,0.00,1.0,39908.00,0.00,39908.00,0,0,0,39908.00,0.00,39908.00,2,1,0,39908.00,0.00,39908.00,2,1,0,39908.00,0.00,39908.00,2,1,0,39908.00,0.00,39908.00,2,1,0,39908.00,0.00,39908.00,2,1,0
SCN-02-FANOUT-0009,INC-SCN-02-FANOUT-0009,2026-09-02T12:04:00+00:00,55311.00,55311.00,55311.00,0.00,18941.63,55311.00,36369.37,1,3,2,2,0,0,91996.00,91996.00,0.00,0.00,1.0,55311.00,0.00,55311.00,0,0,0,55311.00,0.00,55311.00,2,1,0,55311.00,0.00,55311.00,3,2,0,55311.00,0.00,55311.00,3,2,0,55311.00,0.00,55311.00,3,2,0,55311.00,0.00,55311.00,3,2,0
SCN-02-FANOUT-0010,INC-SCN-02-FANOUT-0010,2026-09-02T12:19:00+00:00,61176.00,61176.00,61176.00,0.00,38067.17,61176.00,23108.83,1,2,1,1,0,0,84479.00,84479.00,0.00,0.00,1.0,61176.00,0.00,61176.00,0,0,0,61176.00,0.00,61176.00,2,1,0,61176.00,0.00,61176.00,3,2,0,61176.00,0.00,61176.00,3,2,0,61176.00,0.00,61176.00,3,2,0,61176.00,0.00,61176.00,3,2,0
SCN-02-FANOUT-0011,INC-SCN-02-FANOUT-0011,2026-09-02T12:34:00+00:00,36737.00,36737.00,36737.00,0.00,11777.94,36737.00,24959.06,1,3,2,2,0,0,61959.00,61959.00,0.00,0.00,1.0,36737.00,0.00,36737.00,0,0,0,36737.00,0.00,36737.00,2,1,0,36737.00,0.00,36737.00,3,2,0,36737.00,0.00,36737.00,3,2,0,36737.00,0.00,36737.00,3,2,0,36737.00,0.00,36737.00,3,2,0
SCN-02-FANOUT-0012,INC-SCN-02-FANOUT-0012,2026-09-02T12:49:00+00:00,58183.00,58183.00,58183.00,0.00,15362.83,58183.00,42820.17,1,3,2,2,0,0,101497.00,101497.00,0.00,0.00,1.0,58183.00,0.00,58183.00,0,0,0,58183.00,0.00,58183.00,2,1,0,58183.00,0.00,58183.00,3,2,0,58183.00,0.00,58183.00,3,2,0,58183.00,0.00,58183.00,3,2,0,58183.00,0.00,58183.00,3,2,0
SCN-02-FANOUT-0013,INC-SCN-02-FANOUT-0013,2026-09-02T13:04:00+00:00,45765.00,45765.00,45765.00,0.00,13376.36,29128.87,15752.51,1,2,1,1,0,0,61649.00,61649.00,0.00,0.00,0.636488,45765.00,0.00,45765.00,0,0,0,45765.00,0.00,45765.00,1,1,0,45765.00,0.00,45765.00,1,1,0,45765.00,0.00,45765.00,1,1,0,45765.00,0.00,45765.00,1,1,0,45765.00,0.00,45765.00,1,1,0
SCN-02-FANOUT-0014,INC-SCN-02-FANOUT-0014,2026-09-02T13:19:00+00:00,56671.00,56671.00,56671.00,0.00,21105.36,56671.00,35565.64,1,3,2,2,0,0,92627.00,92627.00,0.00,0.00,1.0,56671.00,0.00,56671.00,0,0,0,56671.00,0.00,56671.00,2,1,0,56671.00,0.00,56671.00,3,2,0,56671.00,0.00,56671.00,3,2,0,56671.00,0.00,56671.00,3,2,0,56671.00,0.00,56671.00,3,2,0
SCN-02-FANOUT-0015,INC-SCN-02-FANOUT-0015,2026-09-02T13:34:00+00:00,41299.00,41299.00,41299.00,0.00,13120.24,24390.36,11270.12,1,2,1,1,0,0,52672.00,52672.00,0.00,0.00,0.59058,41299.00,0.00,41299.00,0,0,0,41299.00,0.00,41299.00,1,1,0,41299.00,0.00,41299.00,1,1,0,41299.00,0.00,41299.00,1,1,0,41299.00,0.00,41299.00,1,1,0,41299.00,0.00,41299.00,1,1,0
SCN-02-FANOUT-0016,INC-SCN-02-FANOUT-0016,2026-09-02T13:49:00+00:00,38780.00,38780.00,38780.00,0.00,10288.39,20489.64,10201.25,1,2,1,1,0,0,49082.00,49082.00,0.00,0.00,0.528356,38780.00,0.00,38780.00,0,0,0,38780.00,0.00,38780.00,1,1,0,38780.00,0.00,38780.00,1,1,0,38780.00,0.00,38780.00,1,1,0,38780.00,0.00,38780.00,1,1,0,38780.00,0.00,38780.00,1,1,0
SCN-02-FANOUT-0017,INC-SCN-02-FANOUT-0017,2026-09-02T14:04:00+00:00,65437.00,65437.00,65437.00,0.00,25647.24,65437.00,39789.76,1,3,2,2,0,0,105667.00,105667.00,0.00,0.00,1.0,65437.00,0.00,65437.00,0,0,0,65437.00,0.00,65437.00,3,2,0,65437.00,0.00,65437.00,3,2,0,65437.00,0.00,65437.00,3,2,0,65437.00,0.00,65437.00,3,2,0,65437.00,0.00,65437.00,3,2,0
SCN-02-FANOUT-0018,INC-SCN-02-FANOUT-0018,2026-09-02T14:19:00+00:00,50790.00,50790.00,50790.00,0.00,10766.54,50790.00,40023.46,1,3,2,2,0,0,91239.00,91239.00,0.00,0.00,1.0,50790.00,0.00,50790.00,0,0,0,50790.00,0.00,50790.00,2,1,0,50790.00,0.00,50790.00,3,2,0,50790.00,0.00,50790.00,3,2,0,50790.00,0.00,50790.00,3,2,0,50790.00,0.00,50790.00,3,2,0
SCN-02-FANOUT-0019,INC-SCN-02-FANOUT-0019,2026-09-02T14:34:00+00:00,32594.00,32594.00,32594.00,0.00,10974.17,32594.00,21619.83,1,3,2,2,0,0,54444.00,54444.00,0.00,291.36,1.0,32594.00,0.00,32594.00,0,0,0,32594.00,0.00,32594.00,2,1,0,32594.00,0.00,32594.00,3,2,0,32594.00,0.00,32594.00,3,2,0,32594.00,0.00,32594.00,3,2,0,32594.00,0.00,32594.00,3,2,0
SCN-02-FANOUT-0020,INC-SCN-02-FANOUT-0020,2026-09-02T14:49:00+00:00,55167.00,55167.00,55167.00,0.00,35543.86,55167.00,19623.14,1,2,1,1,0,0,75021.00,75021.00,0.00,0.00,1.0,55167.00,0.00,55167.00,0,0,0,55167.00,0.00,55167.00,2,1,0,55167.00,0.00,55167.00,3,2,0,55167.00,0.00,55167.00,3,2,0,55167.00,0.00,55167.00,3,2,0,55167.00,0.00,55167.00,3,2,0
SCN-02-FANOUT-0021,INC-SCN-02-FANOUT-0021,2026-09-02T15:04:00+00:00,33895.00,33895.00,33895.00,0.00,11595.25,33895.00,22299.75,1,3,2,2,0,0,56377.00,56377.00,0.00,0.00,1.0,33895.00,0.00,33895.00,0,0,0,33895.00,0.00,33895.00,2,1,0,33895.00,0.00,33895.00,3,2,0,33895.00,0.00,33895.00,3,2,0,33895.00,0.00,33895.00,3,2,0,33895.00,0.00,33895.00,3,2,0
SCN-02-FANOUT-0022,INC-SCN-02-FANOUT-0022,2026-09-02T15:19:00+00:00,64563.00,64563.00,64563.00,0.00,20110.92,64563.00,44452.08,1,3,2,2,0,0,109422.00,109422.00,0.00,0.00,1.0,64563.00,0.00,64563.00,0,0,0,64563.00,0.00,64563.00,2,1,0,64563.00,0.00,64563.00,3,2,0,64563.00,0.00,64563.00,3,2,0,64563.00,0.00,64563.00,3,2,0,64563.00,0.00,64563.00,3,2,0
SCN-02-FANOUT-0023,INC-SCN-02-FANOUT-0023,2026-09-02T15:34:00+00:00,48419.00,48419.00,48419.00,0.00,29540.21,48419.00,18878.79,1,2,1,1,0,0,67506.00,67506.00,0.00,0.00,1.0,48419.00,0.00,48419.00,0,0,0,48419.00,0.00,48419.00,3,2,0,48419.00,0.00,48419.00,3,2,0,48419.00,0.00,48419.00,3,2,0,48419.00,0.00,48419.00,3,2,0,48419.00,0.00,48419.00,3,2,0
SCN-02-FANOUT-0024,INC-SCN-02-FANOUT-0024,2026-09-02T15:49:00+00:00,51723.00,51723.00,51723.00,0.00,33656.22,51723.00,18066.78,1,2,1,1,0,0,70006.00,70006.00,0.00,0.00,1.0,51723.00,0.00,51723.00,0,0,0,51723.00,0.00,51723.00,2,1,0,51723.00,0.00,51723.00,3,2,0,51723.00,0.00,51723.00,3,2,0,51723.00,0.00,51723.00,3,2,0,51723.00,0.00,51723.00,3,2,0
SCN-02-FANOUT-0025,INC-SCN-02-FANOUT-0025,2026-09-02T16:04:00+00:00,61625.00,61625.00,61625.00,0.00,38756.48,61625.00,22868.52,1,2,1,1,0,0,84757.00,84757.00,0.00,0.00,1.0,61625.00,0.00,61625.00,0,0,0,61625.00,0.00,61625.00,3,2,0,61625.00,0.00,61625.00,3,2,0,61625.00,0.00,61625.00,3,2,0,61625.00,0.00,61625.00,3,2,0,61625.00,0.00,61625.00,3,2,0
SCN-02-FANOUT-0026,INC-SCN-02-FANOUT-0026,2026-09-02T16:19:00+00:00,47023.00,47023.00,47023.00,0.00,29487.01,47023.00,17535.99,1,2,1,1,0,0,64738.00,64738.00,0.00,0.00,1.0,47023.00,0.00,47023.00,0,0,0,47023.00,0.00,47023.00,2,1,0,47023.00,0.00,47023.00,3,2,0,47023.00,0.00,47023.00,3,2,0,47023.00,0.00,47023.00,3,2,0,47023.00,0.00,47023.00,3,2,0
SCN-02-FANOUT-0027,INC-SCN-02-FANOUT-0027,2026-09-02T16:34:00+00:00,39103.00,39103.00,39103.00,0.00,21782.71,39103.00,17320.29,1,2,1,1,0,0,56608.00,56608.00,0.00,0.00,1.0,39103.00,0.00,39103.00,0,0,0,39103.00,0.00,39103.00,1,1,0,39103.00,0.00,39103.00,2,2,0,39103.00,0.00,39103.00,2,2,0,39103.00,0.00,39103.00,2,2,0,39103.00,0.00,39103.00,2,2,0
SCN-02-FANOUT-0028,INC-SCN-02-FANOUT-0028,2026-09-02T16:49:00+00:00,33796.00,33796.00,33796.00,0.00,8254.43,33796.00,25541.57,1,3,2,2,0,0,59590.00,59590.00,81.57,81.57,1.0,33796.00,0.00,33796.00,0,0,0,33796.00,0.00,33796.00,3,2,0,33796.00,0.00,33796.00,3,2,0,33796.00,0.00,33796.00,3,2,0,33796.00,0.00,33796.00,3,2,0,33796.00,0.00,33796.00,3,2,0
SCN-02-FANOUT-0029,INC-SCN-02-FANOUT-0029,2026-09-02T17:04:00+00:00,55244.00,55244.00,55244.00,0.00,33908.11,55244.00,21335.89,1,2,1,1,0,0,76829.00,76829.00,0.00,0.00,1.0,55244.00,0.00,55244.00,0,0,0,55244.00,0.00,55244.00,3,2,0,55244.00,0.00,55244.00,3,2,0,55244.00,0.00,55244.00,3,2,0,55244.00,0.00,55244.00,3,2,0,55244.00,0.00,55244.00,3,2,0
SCN-02-FANOUT-0030,INC-SCN-02-FANOUT-0030,2026-09-02T17:19:00+00:00,35946.00,35946.00,35946.00,0.00,8409.68,35946.00,27536.32,1,3,2,2,0,0,63765.00,63765.00,86.32,86.32,1.0,35946.00,0.00,35946.00,0,0,0,35946.00,0.00,35946.00,2,1,0,35946.00,0.00,35946.00,3,2,0,35946.00,0.00,35946.00,3,2,0,35946.00,0.00,35946.00,3,2,0,35946.00,0.00,35946.00,3,2,0
SCN-02-FANOUT-0031,INC-SCN-02-FANOUT-0031,2026-09-02T17:34:00+00:00,62979.00,62979.00,62979.00,0.00,23372.72,62979.00,39606.28,1,3,2,2,0,0,103045.00,103045.00,0.00,0.00,1.0,62979.00,0.00,62979.00,0,0,0,62979.00,0.00,62979.00,2,1,0,62979.00,0.00,62979.00,2,1,0,62979.00,0.00,62979.00,2,1,0,62979.00,0.00,62979.00,2,1,0,62979.00,0.00,62979.00,2,1,0
SCN-02-FANOUT-0032,INC-SCN-02-FANOUT-0032,2026-09-02T17:49:00+00:00,44595.00,44595.00,44595.00,0.00,15265.22,44595.00,29329.78,1,3,2,2,0,0,74276.00,74276.00,0.00,0.00,1.0,44595.00,0.00,44595.00,0,0,0,44595.00,0.00,44595.00,3,2,0,44595.00,0.00,44595.00,3,2,0,44595.00,0.00,44595.00,3,2,0,44595.00,0.00,44595.00,3,2,0,44595.00,0.00,44595.00,3,2,0
SCN-02-FANOUT-0033,INC-SCN-02-FANOUT-0033,2026-09-02T18:04:00+00:00,42107.00,42107.00,42107.00,0.00,13243.36,42107.00,28863.64,1,3,2,2,0,0,71275.00,71275.00,0.00,0.00,1.0,42107.00,0.00,42107.00,0,0,0,42107.00,0.00,42107.00,2,1,0,42107.00,0.00,42107.00,3,2,0,42107.00,0.00,42107.00,3,2,0,42107.00,0.00,42107.00,3,2,0,42107.00,0.00,42107.00,3,2,0
SCN-02-FANOUT-0034,INC-SCN-02-FANOUT-0034,2026-09-02T18:19:00+00:00,55571.00,55571.00,55571.00,0.00,14601.83,55571.00,40969.17,1,3,2,2,0,0,96897.00,96897.00,0.00,0.00,1.0,55571.00,0.00,55571.00,0,0,0,55571.00,0.00,55571.00,2,1,0,55571.00,0.00,55571.00,3,2,0,55571.00,0.00,55571.00,3,2,0,55571.00,0.00,55571.00,3,2,0,55571.00,0.00,55571.00,3,2,0
SCN-02-FANOUT-0035,INC-SCN-02-FANOUT-0035,2026-09-02T18:34:00+00:00,51080.00,51080.00,51080.00,0.00,28123.36,51080.00,22956.64,1,2,1,1,0,0,74309.00,74309.00,0.00,0.00,1.0,51080.00,0.00,51080.00,0,0,0,51080.00,0.00,51080.00,2,1,0,51080.00,0.00,51080.00,3,2,0,51080.00,0.00,51080.00,3,2,0,51080.00,0.00,51080.00,3,2,0,51080.00,0.00,51080.00,3,2,0
SCN-02-FANOUT-0036,INC-SCN-02-FANOUT-0036,2026-09-02T18:49:00+00:00,66354.00,66354.00,66354.00,0.00,22751.00,66354.00,43603.00,1,3,2,2,0,0,110325.00,110325.00,0.00,0.00,1.0,66354.00,0.00,66354.00,0,0,0,66354.00,0.00,66354.00,2,1,0,66354.00,0.00,66354.00,3,2,0,66354.00,0.00,66354.00,3,2,0,66354.00,0.00,66354.00,3,2,0,66354.00,0.00,66354.00,3,2,0
SCN-02-FANOUT-0037,INC-SCN-02-FANOUT-0037,2026-09-02T19:04:00+00:00,52149.00,52149.00,52149.00,0.00,13324.35,52149.00,38824.65,1,3,2,2,0,0,91299.00,91299.00,0.00,0.00,1.0,52149.00,0.00,52149.00,0,0,0,52149.00,0.00,52149.00,2,1,0,52149.00,0.00,52149.00,3,2,0,52149.00,0.00,52149.00,3,2,0,52149.00,0.00,52149.00,3,2,0,52149.00,0.00,52149.00,3,2,0
SCN-02-FANOUT-0038,INC-SCN-02-FANOUT-0038,2026-09-02T19:19:00+00:00,55967.00,55967.00,55967.00,0.00,16849.15,55967.00,39117.85,1,3,2,2,0,0,95456.00,95456.00,0.00,0.00,1.0,55967.00,0.00,55967.00,0,0,0,55967.00,0.00,55967.00,2,1,0,55967.00,0.00,55967.00,3,2,0,55967.00,0.00,55967.00,3,2,0,55967.00,0.00,55967.00,3,2,0,55967.00,0.00,55967.00,3,2,0
SCN-02-FANOUT-0039,INC-SCN-02-FANOUT-0039,2026-09-02T19:34:00+00:00,35977.00,35977.00,35977.00,0.00,12730.67,35977.00,23246.33,1,3,2,2,0,0,59465.00,59465.00,0.00,557.17,1.0,35977.00,0.00,35977.00,0,0,0,35977.00,0.00,35977.00,2,1,0,35977.00,0.00,35977.00,3,2,0,35977.00,0.00,35977.00,3,2,0,35977.00,0.00,35977.00,3,2,0,35977.00,0.00,35977.00,3,2,0
SCN-02-FANOUT-0040,INC-SCN-02-FANOUT-0040,2026-09-02T19:49:00+00:00,36907.00,36907.00,36907.00,0.00,26826.85,36907.00,10080.15,1,2,1,1,0,0,47068.00,47068.00,0.00,0.00,1.0,36907.00,0.00,36907.00,0,0,0,36907.00,0.00,36907.00,1,1,0,36907.00,0.00,36907.00,1,1,0,36907.00,0.00,36907.00,1,1,0,36907.00,0.00,36907.00,1,1,0,36907.00,0.00,36907.00,1,1,0
SCN-02-FANOUT-0041,INC-SCN-02-FANOUT-0041,2026-09-02T20:04:00+00:00,41273.00,41273.00,41273.00,0.00,15753.11,27468.52,11715.41,1,2,1,1,0,0,53117.00,53117.00,0.00,0.00,0.665532,41273.00,0.00,41273.00,0,0,0,41273.00,0.00,41273.00,1,1,0,41273.00,0.00,41273.00,1,1,0,41273.00,0.00,41273.00,1,1,0,41273.00,0.00,41273.00,1,1,0,41273.00,0.00,41273.00,1,1,0
SCN-02-FANOUT-0042,INC-SCN-02-FANOUT-0042,2026-09-02T20:19:00+00:00,36317.00,36317.00,36317.00,0.00,9360.49,20192.17,10831.68,1,2,1,1,0,0,47265.00,47265.00,100.51,100.51,0.555998,36317.00,0.00,36317.00,0,0,0,36317.00,0.00,36317.00,1,1,0,36317.00,0.00,36317.00,1,1,0,36317.00,0.00,36317.00,1,1,0,36317.00,0.00,36317.00,1,1,0,36317.00,0.00,36317.00,1,1,0
SCN-02-FANOUT-0043,INC-SCN-02-FANOUT-0043,2026-09-02T20:34:00+00:00,35328.00,35328.00,35328.00,0.00,24446.36,35328.00,10881.64,1,2,1,1,0,0,46323.00,46323.00,0.00,0.00,1.0,35328.00,0.00,35328.00,0,0,0,35328.00,0.00,35328.00,1,1,0,35328.00,0.00,35328.00,1,1,0,35328.00,0.00,35328.00,1,1,0,35328.00,0.00,35328.00,1,1,0,35328.00,0.00,35328.00,1,1,0
SCN-02-FANOUT-0044,INC-SCN-02-FANOUT-0044,2026-09-02T20:49:00+00:00,55282.00,55282.00,55282.00,0.00,16839.09,55282.00,38442.91,1,3,2,2,0,0,94090.00,94090.00,0.00,0.00,1.0,55282.00,0.00,55282.00,0,0,0,55282.00,0.00,55282.00,3,2,0,55282.00,0.00,55282.00,3,2,0,55282.00,0.00,55282.00,3,2,0,55282.00,0.00,55282.00,3,2,0,55282.00,0.00,55282.00,3,2,0
SCN-02-FANOUT-0045,INC-SCN-02-FANOUT-0045,2026-09-02T21:04:00+00:00,61612.00,61612.00,61612.00,0.00,14958.40,61612.00,46653.60,1,4,3,3,0,0,108779.00,120698.00,0.00,0.00,1.0,61612.00,0.00,61612.00,0,0,0,61612.00,0.00,61612.00,3,2,0,61612.00,0.00,61612.00,3,2,0,61612.00,0.00,61612.00,3,2,0,61612.00,0.00,61612.00,3,2,0,61612.00,0.00,61612.00,3,2,0
SCN-02-FANOUT-0046,INC-SCN-02-FANOUT-0046,2026-09-02T21:19:00+00:00,53514.00,53514.00,53514.00,0.00,12566.99,53514.00,40947.01,1,3,2,2,0,0,94927.00,94927.00,0.00,0.00,1.0,53514.00,0.00,53514.00,0,0,0,53514.00,0.00,53514.00,2,1,0,53514.00,0.00,53514.00,3,2,0,53514.00,0.00,53514.00,3,2,0,53514.00,0.00,53514.00,3,2,0,53514.00,0.00,53514.00,3,2,0
SCN-02-FANOUT-0047,INC-SCN-02-FANOUT-0047,2026-09-02T21:34:00+00:00,54994.00,54994.00,54994.00,0.00,19049.12,54994.00,35944.88,1,4,3,3,0,0,91284.00,103967.00,0.00,149.62,1.0,54994.00,0.00,54994.00,0,0,0,54994.00,0.00,54994.00,3,2,0,54994.00,0.00,54994.00,3,2,0,54994.00,0.00,54994.00,3,2,0,54994.00,0.00,54994.00,3,2,0,54994.00,0.00,54994.00,3,2,0
SCN-02-FANOUT-0048,INC-SCN-02-FANOUT-0048,2026-09-02T21:49:00+00:00,58614.00,58614.00,58614.00,0.00,17867.87,58614.00,40746.13,1,4,3,3,0,0,99796.00,110307.00,0.00,0.00,1.0,58614.00,0.00,58614.00,0,0,0,58614.00,0.00,58614.00,3,2,0,58614.00,0.00,58614.00,3,2,0,58614.00,0.00,58614.00,3,2,0,58614.00,0.00,58614.00,3,2,0,58614.00,0.00,58614.00,3,2,0
SCN-02-FANOUT-0049,INC-SCN-02-FANOUT-0049,2026-09-02T22:04:00+00:00,47972.00,47972.00,47972.00,0.00,14542.30,29035.98,14493.68,1,2,1,1,0,0,62582.00,62582.00,0.00,0.00,0.605269,47972.00,0.00,47972.00,0,0,0,47972.00,0.00,47972.00,1,1,0,47972.00,0.00,47972.00,1,1,0,47972.00,0.00,47972.00,1,1,0,47972.00,0.00,47972.00,1,1,0,47972.00,0.00,47972.00,1,1,0
SCN-02-FANOUT-0050,INC-SCN-02-FANOUT-0050,2026-09-02T22:19:00+00:00,41443.00,41443.00,41443.00,0.00,29397.70,41443.00,12045.30,1,2,1,1,0,0,53588.00,53588.00,0.00,0.00,1.0,41443.00,0.00,41443.00,0,0,0,41443.00,0.00,41443.00,1,1,0,41443.00,0.00,41443.00,1,1,0,41443.00,0.00,41443.00,1,1,0,41443.00,0.00,41443.00,1,1,0,41443.00,0.00,41443.00,1,1,0
SCN-02-FANOUT-0051,INC-SCN-02-FANOUT-0051,2026-09-02T22:34:00+00:00,64741.00,64741.00,64741.00,0.00,20431.42,64741.00,44309.58,1,3,2,2,0,0,109568.00,109568.00,0.00,0.00,1.0,64741.00,0.00,64741.00,0,0,0,64741.00,0.00,64741.00,2,1,0,64741.00,0.00,64741.00,3,2,0,64741.00,0.00,64741.00,3,2,0,64741.00,0.00,64741.00,3,2,0,64741.00,0.00,64741.00,3,2,0
SCN-02-FANOUT-0052,INC-SCN-02-FANOUT-0052,2026-09-02T22:49:00+00:00,53110.00,53110.00,53110.00,0.00,16752.38,53110.00,36357.62,1,3,2,2,0,0,89864.00,89864.00,0.00,0.00,1.0,53110.00,0.00,53110.00,0,0,0,53110.00,0.00,53110.00,2,1,0,53110.00,0.00,53110.00,3,2,0,53110.00,0.00,53110.00,3,2,0,53110.00,0.00,53110.00,3,2,0,53110.00,0.00,53110.00,3,2,0
SCN-02-FANOUT-0053,INC-SCN-02-FANOUT-0053,2026-09-02T23:04:00+00:00,37626.00,37626.00,37626.00,0.00,10223.13,37626.00,27402.87,1,3,2,2,0,0,65310.00,65310.00,0.00,0.00,1.0,37626.00,0.00,37626.00,0,0,0,37626.00,0.00,37626.00,3,2,0,37626.00,0.00,37626.00,3,2,0,37626.00,0.00,37626.00,3,2,0,37626.00,0.00,37626.00,3,2,0,37626.00,0.00,37626.00,3,2,0
SCN-02-FANOUT-0054,INC-SCN-02-FANOUT-0054,2026-09-02T23:19:00+00:00,54453.00,54453.00,54453.00,0.00,39256.38,54453.00,15196.62,1,2,1,1,0,0,69790.00,69790.00,0.00,0.00,1.0,54453.00,0.00,54453.00,0,0,0,54453.00,0.00,54453.00,1,1,0,54453.00,0.00,54453.00,1,1,0,54453.00,0.00,54453.00,1,1,0,54453.00,0.00,54453.00,1,1,0,54453.00,0.00,54453.00,1,1,0
SCN-02-FANOUT-0055,INC-SCN-02-FANOUT-0055,2026-09-02T23:34:00+00:00,35186.00,35186.00,35186.00,0.00,9159.88,35186.00,26026.12,1,3,2,2,0,0,61454.00,61454.00,85.12,85.12,1.0,35186.00,0.00,35186.00,0,0,0,35186.00,0.00,35186.00,2,1,0,35186.00,0.00,35186.00,3,2,0,35186.00,0.00,35186.00,3,2,0,35186.00,0.00,35186.00,3,2,0,35186.00,0.00,35186.00,3,2,0
SCN-02-FANOUT-0056,INC-SCN-02-FANOUT-0056,2026-09-02T23:49:00+00:00,36123.00,36123.00,36123.00,0.00,10781.51,36123.00,25341.49,1,3,2,2,0,0,61696.00,61696.00,0.00,0.00,1.0,36123.00,0.00,36123.00,0,0,0,36123.00,0.00,36123.00,2,1,0,36123.00,0.00,36123.00,3,2,0,36123.00,0.00,36123.00,3,2,0,36123.00,0.00,36123.00,3,2,0,36123.00,0.00,36123.00,3,2,0
SCN-02-FANOUT-0057,INC-SCN-02-FANOUT-0057,2026-09-03T00:04:00+00:00,60123.00,60123.00,60123.00,0.00,43284.13,60123.00,16838.87,1,2,1,1,0,0,77119.00,77119.00,0.00,0.00,1.0,60123.00,0.00,60123.00,0,0,0,60123.00,0.00,60123.00,1,1,0,60123.00,0.00,60123.00,1,1,0,60123.00,0.00,60123.00,1,1,0,60123.00,0.00,60123.00,1,1,0,60123.00,0.00,60123.00,1,1,0
SCN-02-FANOUT-0058,INC-SCN-02-FANOUT-0058,2026-09-03T00:19:00+00:00,66369.00,66369.00,66369.00,0.00,13274.40,66369.00,53094.60,1,3,2,2,0,0,120034.00,120034.00,0.00,0.00,1.0,66369.00,0.00,66369.00,0,0,0,66369.00,0.00,66369.00,2,1,0,66369.00,0.00,66369.00,3,2,0,66369.00,0.00,66369.00,3,2,0,66369.00,0.00,66369.00,3,2,0,66369.00,0.00,66369.00,3,2,0
SCN-02-FANOUT-0059,INC-SCN-02-FANOUT-0059,2026-09-03T00:34:00+00:00,45164.00,45164.00,45164.00,0.00,12052.60,45164.00,33111.40,1,3,2,2,0,0,78554.00,78554.00,0.00,0.00,1.0,45164.00,0.00,45164.00,0,0,0,45164.00,0.00,45164.00,2,1,0,45164.00,0.00,45164.00,2,1,0,45164.00,0.00,45164.00,2,1,0,45164.00,0.00,45164.00,2,1,0,45164.00,0.00,45164.00,2,1,0
SCN-02-FANOUT-0060,INC-SCN-02-FANOUT-0060,2026-09-03T00:49:00+00:00,33821.00,33821.00,33821.00,0.00,9541.88,20761.78,11219.90,1,2,1,1,0,0,45161.00,45161.00,102.12,102.12,0.613872,33821.00,0.00,33821.00,0,0,0,33821.00,0.00,33821.00,1,1,0,33821.00,0.00,33821.00,1,1,0,33821.00,0.00,33821.00,1,1,0,33821.00,0.00,33821.00,1,1,0,33821.00,0.00,33821.00,1,1,0
SCN-02-FANOUT-0061,INC-SCN-02-FANOUT-0061,2026-09-03T01:04:00+00:00,58699.00,58699.00,58699.00,0.00,15429.08,58699.00,43269.92,1,3,2,2,0,0,102381.00,102381.00,0.00,0.00,1.0,58699.00,0.00,58699.00,0,0,0,58699.00,0.00,58699.00,2,1,0,58699.00,0.00,58699.00,3,2,0,58699.00,0.00,58699.00,3,2,0,58699.00,0.00,58699.00,3,2,0,58699.00,0.00,58699.00,3,2,0
SCN-02-FANOUT-0062,INC-SCN-02-FANOUT-0062,2026-09-03T01:19:00+00:00,60544.00,60544.00,60544.00,0.00,12352.38,60544.00,48191.62,1,3,2,2,0,0,109296.00,109296.00,0.00,0.00,1.0,60544.00,0.00,60544.00,0,0,0,60544.00,0.00,60544.00,3,2,0,60544.00,0.00,60544.00,3,2,0,60544.00,0.00,60544.00,3,2,0,60544.00,0.00,60544.00,3,2,0,60544.00,0.00,60544.00,3,2,0
SCN-02-FANOUT-0063,INC-SCN-02-FANOUT-0063,2026-09-03T01:34:00+00:00,40271.00,40271.00,40271.00,0.00,12254.07,26576.21,14322.14,1,2,1,1,0,0,54745.00,54745.00,0.00,0.00,0.659934,40271.00,0.00,40271.00,0,0,0,40271.00,0.00,40271.00,1,1,0,40271.00,0.00,40271.00,1,1,0,40271.00,0.00,40271.00,1,1,0,40271.00,0.00,40271.00,1,1,0,40271.00,0.00,40271.00,1,1,0
SCN-02-FANOUT-0064,INC-SCN-02-FANOUT-0064,2026-09-03T01:49:00+00:00,61542.00,61542.00,61542.00,0.00,37164.49,61542.00,24377.51,1,2,1,1,0,0,86196.00,86196.00,0.00,0.00,1.0,61542.00,0.00,61542.00,0,0,0,61542.00,0.00,61542.00,1,1,0,61542.00,0.00,61542.00,1,1,0,61542.00,0.00,61542.00,1,1,0,61542.00,0.00,61542.00,1,1,0,61542.00,0.00,61542.00,1,1,0
SCN-02-FANOUT-0065,INC-SCN-02-FANOUT-0065,2026-09-03T02:04:00+00:00,36392.00,36392.00,36392.00,0.00,12571.39,22092.10,9520.71,1,2,1,1,0,0,45998.00,45998.00,0.00,479.29,0.607059,36392.00,0.00,36392.00,0,0,0,36392.00,0.00,36392.00,1,1,0,36392.00,0.00,36392.00,1,1,0,36392.00,0.00,36392.00,1,1,0,36392.00,0.00,36392.00,1,1,0,36392.00,0.00,36392.00,1,1,0
SCN-02-FANOUT-0066,INC-SCN-02-FANOUT-0066,2026-09-03T02:19:00+00:00,40920.00,40920.00,40920.00,0.00,21612.49,21612.49,0.00,1,1,0,0,0,0,40920.00,40920.00,0.00,0.00,0.528164,40920.00,0.00,40920.00,0,0,0,40920.00,0.00,40920.00,0,0,0,40920.00,0.00,40920.00,0,0,0,40920.00,0.00,40920.00,0,0,0,40920.00,0.00,40920.00,0,0,0,40920.00,0.00,40920.00,0,0,0
SCN-02-FANOUT-0067,INC-SCN-02-FANOUT-0067,2026-09-03T02:34:00+00:00,41378.00,41378.00,41378.00,0.00,9670.87,41378.00,31707.13,1,4,3,3,0,0,73361.00,81939.00,84.13,514.72,1.0,41378.00,0.00,41378.00,0,0,0,41378.00,0.00,41378.00,3,2,0,41378.00,0.00,41378.00,3,2,0,41378.00,0.00,41378.00,3,2,0,41378.00,0.00,41378.00,3,2,0,41378.00,0.00,41378.00,3,2,0
SCN-02-FANOUT-0068,INC-SCN-02-FANOUT-0068,2026-09-03T02:49:00+00:00,54611.00,54611.00,54611.00,0.00,39243.51,54611.00,15367.49,1,2,1,1,0,0,70104.00,70104.00,0.00,0.00,1.0,54611.00,0.00,54611.00,0,0,0,54611.00,0.00,54611.00,1,1,0,54611.00,0.00,54611.00,1,1,0,54611.00,0.00,54611.00,1,1,0,54611.00,0.00,54611.00,1,1,0,54611.00,0.00,54611.00,1,1,0
SCN-02-FANOUT-0069,INC-SCN-02-FANOUT-0069,2026-09-03T03:04:00+00:00,51506.00,51506.00,51506.00,0.00,17123.86,31780.26,14656.40,1,2,1,1,0,0,66332.00,66332.00,0.00,0.00,0.617021,51506.00,0.00,51506.00,0,0,0,51506.00,0.00,51506.00,1,1,0,51506.00,0.00,51506.00,1,1,0,51506.00,0.00,51506.00,1,1,0,51506.00,0.00,51506.00,1,1,0,51506.00,0.00,51506.00,1,1,0
SCN-02-FANOUT-0070,INC-SCN-02-FANOUT-0070,2026-09-03T03:19:00+00:00,49913.00,49913.00,49913.00,0.00,28097.39,49913.00,21815.61,1,2,1,1,0,0,71910.00,71910.00,0.00,0.00,1.0,49913.00,0.00,49913.00,0,0,0,49913.00,0.00,49913.00,1,1,0,49913.00,0.00,49913.00,2,2,0,49913.00,0.00,49913.00,2,2,0,49913.00,0.00,49913.00,2,2,0,49913.00,0.00,49913.00,2,2,0
SCN-02-FANOUT-0071,INC-SCN-02-FANOUT-0071,2026-09-03T03:34:00+00:00,47414.00,47414.00,47414.00,0.00,25747.72,25747.72,0.00,1,1,0,0,0,0,47414.00,47414.00,0.00,0.00,0.54304,47414.00,0.00,47414.00,0,0,0,47414.00,0.00,47414.00,1,1,0,47414.00,0.00,47414.00,1,1,0,47414.00,0.00,47414.00,1,1,0,47414.00,0.00,47414.00,1,1,0,47414.00,0.00,47414.00,1,1,0
SCN-02-FANOUT-0072,INC-SCN-02-FANOUT-0072,2026-09-03T03:49:00+00:00,37497.00,37497.00,37497.00,0.00,13760.37,24656.91,10896.54,1,2,1,1,0,0,48497.00,48497.00,0.00,0.00,0.65757,37497.00,0.00,37497.00,0,0,0,37497.00,0.00,37497.00,1,1,0,37497.00,0.00,37497.00,1,1,0,37497.00,0.00,37497.00,1,1,0,37497.00,0.00,37497.00,1,1,0,37497.00,0.00,37497.00,1,1,0
SCN-02-FANOUT-0073,INC-SCN-02-FANOUT-0073,2026-09-03T04:04:00+00:00,46431.00,46431.00,46431.00,0.00,11711.06,46431.00,34719.94,1,3,2,2,0,0,81468.00,81468.00,0.00,0.00,1.0,46431.00,0.00,46431.00,0,0,0,46431.00,0.00,46431.00,3,2,0,46431.00,0.00,46431.00,3,2,0,46431.00,0.00,46431.00,3,2,0,46431.00,0.00,46431.00,3,2,0,46431.00,0.00,46431.00,3,2,0
SCN-02-FANOUT-0074,INC-SCN-02-FANOUT-0074,2026-09-03T04:19:00+00:00,62349.00,62349.00,62349.00,0.00,40857.09,62349.00,21491.91,1,2,1,1,0,0,84086.00,84086.00,0.00,0.00,1.0,62349.00,0.00,62349.00,0,0,0,62349.00,0.00,62349.00,3,2,0,62349.00,0.00,62349.00,3,2,0,62349.00,0.00,62349.00,3,2,0,62349.00,0.00,62349.00,3,2,0,62349.00,0.00,62349.00,3,2,0
SCN-02-FANOUT-0075,INC-SCN-02-FANOUT-0075,2026-09-03T04:34:00+00:00,60279.00,60279.00,60279.00,0.00,20356.15,60279.00,39922.85,1,3,2,2,0,0,100535.00,100535.00,0.00,0.00,1.0,60279.00,0.00,60279.00,0,0,0,60279.00,0.00,60279.00,2,1,0,60279.00,0.00,60279.00,3,2,0,60279.00,0.00,60279.00,3,2,0,60279.00,0.00,60279.00,3,2,0,60279.00,0.00,60279.00,3,2,0
SCN-02-FANOUT-0076,INC-SCN-02-FANOUT-0076,2026-09-03T04:49:00+00:00,50899.00,50899.00,50899.00,0.00,10457.78,50899.00,40441.22,1,3,2,2,0,0,91693.00,91693.00,0.00,0.00,1.0,50899.00,0.00,50899.00,0,0,0,50899.00,0.00,50899.00,2,1,0,50899.00,0.00,50899.00,3,2,0,50899.00,0.00,50899.00,3,2,0,50899.00,0.00,50899.00,3,2,0,50899.00,0.00,50899.00,3,2,0
SCN-02-FANOUT-0077,INC-SCN-02-FANOUT-0077,2026-09-03T05:04:00+00:00,34439.00,34439.00,34439.00,0.00,9344.77,21399.90,12055.13,1,2,1,1,0,0,46617.00,46617.00,95.23,95.23,0.621386,34439.00,0.00,34439.00,0,0,0,34439.00,0.00,34439.00,1,1,0,34439.00,0.00,34439.00,1,1,0,34439.00,0.00,34439.00,1,1,0,34439.00,0.00,34439.00,1,1,0,34439.00,0.00,34439.00,1,1,0
SCN-02-FANOUT-0078,INC-SCN-02-FANOUT-0078,2026-09-03T05:19:00+00:00,50090.00,50090.00,50090.00,0.00,11732.10,28733.55,17001.45,1,2,1,1,0,0,67271.00,67271.00,0.00,0.00,0.573638,50090.00,0.00,50090.00,0,0,0,50090.00,0.00,50090.00,1,1,0,50090.00,0.00,50090.00,1,1,0,50090.00,0.00,50090.00,1,1,0,50090.00,0.00,50090.00,1,1,0,50090.00,0.00,50090.00,1,1,0
SCN-02-FANOUT-0079,INC-SCN-02-FANOUT-0079,2026-09-03T05:34:00+00:00,47081.00,47081.00,47081.00,0.00,13667.76,47081.00,33413.24,1,3,2,2,0,0,80820.00,80820.00,0.00,0.00,1.0,47081.00,0.00,47081.00,0,0,0,47081.00,0.00,47081.00,2,1,0,47081.00,0.00,47081.00,3,2,0,47081.00,0.00,47081.00,3,2,0,47081.00,0.00,47081.00,3,2,0,47081.00,0.00,47081.00,3,2,0
SCN-02-FANOUT-0080,INC-SCN-02-FANOUT-0080,2026-09-03T05:49:00+00:00,43440.00,43440.00,43440.00,0.00,9445.86,43440.00,33994.14,1,3,2,2,0,0,77719.00,77719.00,79.14,79.14,1.0,43440.00,0.00,43440.00,0,0,0,43440.00,0.00,43440.00,2,1,0,43440.00,0.00,43440.00,3,2,0,43440.00,0.00,43440.00,3,2,0,43440.00,0.00,43440.00,3,2,0,43440.00,0.00,43440.00,3,2,0
SCN-02-FANOUT-0081,INC-SCN-02-FANOUT-0081,2026-09-03T06:04:00+00:00,41189.00,41189.00,41189.00,0.00,24123.95,41189.00,17065.05,1,2,1,1,0,0,58455.00,58455.00,0.00,0.00,1.0,41189.00,0.00,41189.00,0,0,0,41189.00,0.00,41189.00,2,1,0,41189.00,0.00,41189.00,3,2,0,41189.00,0.00,41189.00,3,2,0,41189.00,0.00,41189.00,3,2,0,41189.00,0.00,41189.00,3,2,0
SCN-02-FANOUT-0082,INC-SCN-02-FANOUT-0082,2026-09-03T06:19:00+00:00,44851.00,44851.00,44851.00,0.00,10473.99,44851.00,34377.01,1,3,2,2,0,0,79553.00,79553.00,0.00,0.00,1.0,44851.00,0.00,44851.00,0,0,0,44851.00,0.00,44851.00,3,2,0,44851.00,0.00,44851.00,3,2,0,44851.00,0.00,44851.00,3,2,0,44851.00,0.00,44851.00,3,2,0,44851.00,0.00,44851.00,3,2,0
SCN-02-FANOUT-0083,INC-SCN-02-FANOUT-0083,2026-09-03T06:34:00+00:00,51863.00,51863.00,51863.00,0.00,18999.54,51863.00,32863.46,1,3,2,2,0,0,85113.00,85113.00,0.00,0.00,1.0,51863.00,0.00,51863.00,0,0,0,51863.00,0.00,51863.00,3,2,0,51863.00,0.00,51863.00,3,2,0,51863.00,0.00,51863.00,3,2,0,51863.00,0.00,51863.00,3,2,0,51863.00,0.00,51863.00,3,2,0
SCN-02-FANOUT-0084,INC-SCN-02-FANOUT-0084,2026-09-03T06:49:00+00:00,50003.00,50003.00,50003.00,0.00,14791.90,50003.00,35211.10,1,3,2,2,0,0,85600.00,85600.00,0.00,0.00,1.0,50003.00,0.00,50003.00,0,0,0,50003.00,0.00,50003.00,3,2,0,50003.00,0.00,50003.00,3,2,0,50003.00,0.00,50003.00,3,2,0,50003.00,0.00,50003.00,3,2,0,50003.00,0.00,50003.00,3,2,0
SCN-02-FANOUT-0085,INC-SCN-02-FANOUT-0085,2026-09-03T07:04:00+00:00,51132.00,51132.00,51132.00,0.00,31433.94,51132.00,19698.06,1,2,1,1,0,0,71025.00,71025.00,0.00,0.00,1.0,51132.00,0.00,51132.00,0,0,0,51132.00,0.00,51132.00,2,1,0,51132.00,0.00,51132.00,3,2,0,51132.00,0.00,51132.00,3,2,0,51132.00,0.00,51132.00,3,2,0,51132.00,0.00,51132.00,3,2,0
SCN-02-FANOUT-0086,INC-SCN-02-FANOUT-0086,2026-09-03T07:19:00+00:00,52717.00,52717.00,52717.00,0.00,30409.27,52717.00,22307.73,1,2,1,1,0,0,75205.00,75205.00,0.00,0.00,1.0,52717.00,0.00,52717.00,0,0,0,52717.00,0.00,52717.00,3,2,0,52717.00,0.00,52717.00,3,2,0,52717.00,0.00,52717.00,3,2,0,52717.00,0.00,52717.00,3,2,0,52717.00,0.00,52717.00,3,2,0
SCN-02-FANOUT-0087,INC-SCN-02-FANOUT-0087,2026-09-03T07:34:00+00:00,46863.00,46863.00,46863.00,0.00,26357.97,46863.00,20505.03,1,2,1,1,0,0,67575.00,67575.00,0.00,0.00,1.0,46863.00,0.00,46863.00,0,0,0,46863.00,0.00,46863.00,1,1,0,46863.00,0.00,46863.00,2,2,0,46863.00,0.00,46863.00,2,2,0,46863.00,0.00,46863.00,2,2,0,46863.00,0.00,46863.00,2,2,0
SCN-02-FANOUT-0088,INC-SCN-02-FANOUT-0088,2026-09-03T07:49:00+00:00,44481.00,44481.00,44481.00,0.00,13566.27,44481.00,30914.73,1,3,2,2,0,0,75680.00,75680.00,0.00,0.00,1.0,44481.00,0.00,44481.00,0,0,0,44481.00,0.00,44481.00,3,2,0,44481.00,0.00,44481.00,3,2,0,44481.00,0.00,44481.00,3,2,0,44481.00,0.00,44481.00,3,2,0,44481.00,0.00,44481.00,3,2,0
SCN-02-FANOUT-0089,INC-SCN-02-FANOUT-0089,2026-09-03T08:04:00+00:00,43596.00,43596.00,43596.00,0.00,14721.27,43596.00,28874.73,1,3,2,2,0,0,72735.00,72735.00,0.00,0.00,1.0,43596.00,0.00,43596.00,0,0,0,43596.00,0.00,43596.00,2,1,0,43596.00,0.00,43596.00,3,2,0,43596.00,0.00,43596.00,3,2,0,43596.00,0.00,43596.00,3,2,0,43596.00,0.00,43596.00,3,2,0
SCN-02-FANOUT-0090,INC-SCN-02-FANOUT-0090,2026-09-03T08:19:00+00:00,47983.00,47983.00,47983.00,0.00,15663.36,28337.98,12674.62,1,2,1,1,0,0,60786.00,60786.00,0.00,0.00,0.590584,47983.00,0.00,47983.00,0,0,0,47983.00,0.00,47983.00,1,1,0,47983.00,0.00,47983.00,1,1,0,47983.00,0.00,47983.00,1,1,0,47983.00,0.00,47983.00,1,1,0,47983.00,0.00,47983.00,1,1,0
SCN-02-FANOUT-0091,INC-SCN-02-FANOUT-0091,2026-09-03T08:34:00+00:00,57608.00,57608.00,57608.00,0.00,13758.23,33906.12,20147.89,1,2,1,1,0,0,77943.00,77943.00,0.00,0.00,0.588566,57608.00,0.00,57608.00,0,0,0,57608.00,0.00,57608.00,1,1,0,57608.00,0.00,57608.00,1,1,0,57608.00,0.00,57608.00,1,1,0,57608.00,0.00,57608.00,1,1,0,57608.00,0.00,57608.00,1,1,0
SCN-02-FANOUT-0092,INC-SCN-02-FANOUT-0092,2026-09-03T08:49:00+00:00,52595.00,52595.00,52595.00,0.00,28292.56,52595.00,24302.44,1,2,1,1,0,0,77183.00,77183.00,0.00,0.00,1.0,52595.00,0.00,52595.00,0,0,0,52595.00,0.00,52595.00,2,1,0,52595.00,0.00,52595.00,3,2,0,52595.00,0.00,52595.00,3,2,0,52595.00,0.00,52595.00,3,2,0,52595.00,0.00,52595.00,3,2,0
SCN-02-FANOUT-0093,INC-SCN-02-FANOUT-0093,2026-09-03T09:04:00+00:00,32824.00,32824.00,32824.00,0.00,10614.43,32824.00,22209.57,1,3,2,2,0,0,55221.00,55221.00,0.00,60.88,1.0,32824.00,0.00,32824.00,0,0,0,32824.00,0.00,32824.00,2,1,0,32824.00,0.00,32824.00,3,2,0,32824.00,0.00,32824.00,3,2,0,32824.00,0.00,32824.00,3,2,0,32824.00,0.00,32824.00,3,2,0
SCN-02-FANOUT-0094,INC-SCN-02-FANOUT-0094,2026-09-03T09:19:00+00:00,39017.00,39017.00,39017.00,0.00,21803.45,39017.00,17213.55,1,2,1,1,0,0,56381.00,56381.00,0.00,0.00,1.0,39017.00,0.00,39017.00,0,0,0,39017.00,0.00,39017.00,2,1,0,39017.00,0.00,39017.00,3,2,0,39017.00,0.00,39017.00,3,2,0,39017.00,0.00,39017.00,3,2,0,39017.00,0.00,39017.00,3,2,0
SCN-02-FANOUT-0095,INC-SCN-02-FANOUT-0095,2026-09-03T09:34:00+00:00,41627.00,41627.00,41627.00,0.00,12679.86,41627.00,28947.14,1,4,3,3,0,0,70853.00,78201.00,0.00,407.73,1.0,41627.00,0.00,41627.00,0,0,0,41627.00,0.00,41627.00,3,2,0,41627.00,0.00,41627.00,3,2,0,41627.00,0.00,41627.00,3,2,0,41627.00,0.00,41627.00,3,2,0,41627.00,0.00,41627.00,3,2,0
SCN-02-FANOUT-0096,INC-SCN-02-FANOUT-0096,2026-09-03T09:49:00+00:00,43384.00,43384.00,43384.00,0.00,13610.42,43384.00,29773.58,1,3,2,2,0,0,73452.00,73452.00,0.00,0.00,1.0,43384.00,0.00,43384.00,0,0,0,43384.00,0.00,43384.00,3,2,0,43384.00,0.00,43384.00,3,2,0,43384.00,0.00,43384.00,3,2,0,43384.00,0.00,43384.00,3,2,0,43384.00,0.00,43384.00,3,2,0
SCN-02-FANOUT-0097,INC-SCN-02-FANOUT-0097,2026-09-03T10:04:00+00:00,41161.00,41161.00,41161.00,0.00,12093.66,41161.00,29067.34,1,3,2,2,0,0,70520.00,70520.00,0.00,0.00,1.0,41161.00,0.00,41161.00,0,0,0,41161.00,0.00,41161.00,2,1,0,41161.00,0.00,41161.00,2,1,0,41161.00,0.00,41161.00,2,1,0,41161.00,0.00,41161.00,2,1,0,41161.00,0.00,41161.00,2,1,0
SCN-02-FANOUT-0098,INC-SCN-02-FANOUT-0098,2026-09-03T10:19:00+00:00,50712.00,50712.00,50712.00,0.00,18111.79,50712.00,32600.21,1,3,2,2,0,0,83678.00,83678.00,0.00,0.00,1.0,50712.00,0.00,50712.00,0,0,0,50712.00,0.00,50712.00,3,2,0,50712.00,0.00,50712.00,3,2,0,50712.00,0.00,50712.00,3,2,0,50712.00,0.00,50712.00,3,2,0,50712.00,0.00,50712.00,3,2,0
SCN-02-FANOUT-0099,INC-SCN-02-FANOUT-0099,2026-09-03T10:34:00+00:00,58603.00,58603.00,58603.00,0.00,37744.11,58603.00,20858.89,1,2,1,1,0,0,79663.00,79663.00,0.00,0.00,1.0,58603.00,0.00,58603.00,0,0,0,58603.00,0.00,58603.00,1,1,0,58603.00,0.00,58603.00,1,1,0,58603.00,0.00,58603.00,1,1,0,58603.00,0.00,58603.00,1,1,0,58603.00,0.00,58603.00,1,1,0
SCN-02-FANOUT-0100,INC-SCN-02-FANOUT-0100,2026-09-03T10:49:00+00:00,55106.00,55106.00,55106.00,0.00,12114.48,55106.00,42991.52,1,3,2,2,0,0,98472.00,98472.00,0.00,0.00,1.0,55106.00,0.00,55106.00,0,0,0,55106.00,0.00,55106.00,2,1,0,55106.00,0.00,55106.00,3,2,0,55106.00,0.00,55106.00,3,2,0,55106.00,0.00,55106.00,3,2,0,55106.00,0.00,55106.00,3,2,0
SCN-03-MULTIHOP-0001,INC-SCN-03-MULTIHOP-0001,2026-09-03T11:04:00+00:00,33847.00,33847.00,33847.00,0.00,33847.00,33847.00,0.00,1,1,0,0,0,0,33847.00,33847.00,0.00,0.00,1.0,33847.00,0.00,33847.00,0,0,0,33847.00,0.00,33847.00,0,0,0,33847.00,0.00,33847.00,0,0,0,33847.00,0.00,33847.00,0,0,0,33847.00,0.00,33847.00,0,0,0,33847.00,0.00,33847.00,0,0,0
SCN-03-MULTIHOP-0002,INC-SCN-03-MULTIHOP-0002,2026-09-03T11:19:00+00:00,51099.00,51099.00,51099.00,0.00,17851.99,51099.00,33247.01,1,2,1,1,0,0,84536.00,84536.00,0.00,0.00,1.0,51099.00,0.00,51099.00,0,0,0,51099.00,0.00,51099.00,1,1,0,51099.00,0.00,51099.00,1,1,0,51099.00,0.00,51099.00,1,1,0,51099.00,0.00,51099.00,1,1,0,51099.00,0.00,51099.00,1,1,0
SCN-03-MULTIHOP-0003,INC-SCN-03-MULTIHOP-0003,2026-09-03T11:34:00+00:00,28959.00,28959.00,28959.00,0.00,4363.95,28959.00,24595.05,1,3,2,2,0,0,53684.00,76068.00,23.05,70.49,1.0,28959.00,0.00,28959.00,0,0,0,28959.00,0.00,28959.00,3,3,0,28959.00,0.00,28959.00,3,3,0,28959.00,0.00,28959.00,3,3,0,28959.00,0.00,28959.00,3,3,0,28959.00,0.00,28959.00,3,3,0
SCN-03-MULTIHOP-0004,INC-SCN-03-MULTIHOP-0004,2026-09-03T11:49:00+00:00,53164.00,53164.00,53164.00,0.00,11503.87,53164.00,41660.13,1,2,1,1,0,0,95060.00,95060.00,0.00,0.00,1.0,53164.00,0.00,53164.00,0,0,0,53164.00,0.00,53164.00,2,2,0,53164.00,0.00,53164.00,3,3,0,53164.00,0.00,53164.00,3,3,0,53164.00,0.00,53164.00,3,3,0,53164.00,0.00,53164.00,3,3,0
SCN-03-MULTIHOP-0005,INC-SCN-03-MULTIHOP-0005,2026-09-03T12:04:00+00:00,36142.00,36142.00,36142.00,0.00,7184.30,36142.00,28957.70,1,3,2,2,0,0,65296.00,88227.00,48.70,172.78,1.0,36142.00,0.00,36142.00,0,0,0,36142.00,0.00,36142.00,3,3,0,36142.00,0.00,36142.00,3,3,0,36142.00,0.00,36142.00,3,3,0,36142.00,0.00,36142.00,3,3,0,36142.00,0.00,36142.00,3,3,0
SCN-03-MULTIHOP-0006,INC-SCN-03-MULTIHOP-0006,2026-09-03T12:19:00+00:00,35193.00,35193.00,35193.00,0.00,10591.15,35193.00,24601.85,1,2,1,1,0,0,59913.00,59913.00,0.00,0.00,1.0,35193.00,0.00,35193.00,0,0,0,35193.00,0.00,35193.00,2,2,0,35193.00,0.00,35193.00,3,3,0,35193.00,0.00,35193.00,3,3,0,35193.00,0.00,35193.00,3,3,0,35193.00,0.00,35193.00,3,3,0
SCN-03-MULTIHOP-0007,INC-SCN-03-MULTIHOP-0007,2026-09-03T12:34:00+00:00,56687.00,56687.00,56687.00,0.00,16849.24,56687.00,39837.76,1,3,2,2,0,0,96763.00,137513.00,0.00,0.00,1.0,56687.00,0.00,56687.00,0,0,0,56687.00,0.00,56687.00,2,2,0,56687.00,0.00,56687.00,3,3,0,56687.00,0.00,56687.00,3,3,0,56687.00,0.00,56687.00,3,3,0,56687.00,0.00,56687.00,3,3,0
SCN-03-MULTIHOP-0008,INC-SCN-03-MULTIHOP-0008,2026-09-03T12:49:00+00:00,41103.00,41103.00,41103.00,0.00,9806.66,41103.00,31296.34,1,3,2,2,0,0,72560.00,98764.00,50.34,160.65,1.0,41103.00,0.00,41103.00,0,0,0,41103.00,0.00,41103.00,2,2,0,41103.00,0.00,41103.00,3,3,0,41103.00,0.00,41103.00,3,3,0,41103.00,0.00,41103.00,3,3,0,41103.00,0.00,41103.00,3,3,0
SCN-03-MULTIHOP-0009,INC-SCN-03-MULTIHOP-0009,2026-09-03T13:04:00+00:00,41979.00,41979.00,41979.00,0.00,5301.56,41979.00,36677.44,1,3,2,2,0,0,78874.00,109358.00,31.44,180.83,1.0,41979.00,0.00,41979.00,0,0,0,41979.00,0.00,41979.00,2,2,0,41979.00,0.00,41979.00,3,3,0,41979.00,0.00,41979.00,3,3,0,41979.00,0.00,41979.00,3,3,0,41979.00,0.00,41979.00,3,3,0
SCN-03-MULTIHOP-0010,INC-SCN-03-MULTIHOP-0010,2026-09-03T13:19:00+00:00,29027.00,29027.00,29027.00,0.00,4892.36,29027.00,24134.64,1,2,1,1,0,0,53298.00,53298.00,27.64,27.64,1.0,29027.00,0.00,29027.00,0,0,0,29027.00,0.00,29027.00,1,1,0,29027.00,0.00,29027.00,1,1,0,29027.00,0.00,29027.00,1,1,0,29027.00,0.00,29027.00,1,1,0,29027.00,0.00,29027.00,1,1,0
SCN-03-MULTIHOP-0011,INC-SCN-03-MULTIHOP-0011,2026-09-03T13:34:00+00:00,41506.00,41506.00,41506.00,0.00,41506.00,41506.00,0.00,1,1,0,0,0,0,41506.00,41506.00,0.00,0.00,1.0,41506.00,0.00,41506.00,0,0,0,41506.00,0.00,41506.00,0,0,0,41506.00,0.00,41506.00,0,0,0,41506.00,0.00,41506.00,0,0,0,41506.00,0.00,41506.00,0,0,0,41506.00,0.00,41506.00,0,0,0
SCN-03-MULTIHOP-0012,INC-SCN-03-MULTIHOP-0012,2026-09-03T13:49:00+00:00,30132.00,30132.00,30132.00,0.00,3872.20,30132.00,26259.80,1,3,2,2,0,0,56560.00,77529.00,24.80,151.00,1.0,30132.00,0.00,30132.00,0,0,0,30132.00,0.00,30132.00,3,3,0,30132.00,0.00,30132.00,3,3,0,30132.00,0.00,30132.00,3,3,0,30132.00,0.00,30132.00,3,3,0,30132.00,0.00,30132.00,3,3,0
SCN-03-MULTIHOP-0013,INC-SCN-03-MULTIHOP-0013,2026-09-03T14:04:00+00:00,49632.00,49632.00,49632.00,0.00,16795.47,49632.00,32836.53,1,2,1,1,0,0,82669.00,82669.00,0.00,0.00,1.0,49632.00,0.00,49632.00,0,0,0,49632.00,0.00,49632.00,1,1,0,49632.00,0.00,49632.00,1,1,0,49632.00,0.00,49632.00,1,1,0,49632.00,0.00,49632.00,1,1,0,49632.00,0.00,49632.00,1,1,0
SCN-03-MULTIHOP-0014,INC-SCN-03-MULTIHOP-0014,2026-09-03T14:19:00+00:00,28551.00,28551.00,28551.00,0.00,6364.09,28551.00,22186.91,1,2,1,1,0,0,50891.00,50891.00,43.91,43.91,1.0,28551.00,0.00,28551.00,0,0,0,28551.00,0.00,28551.00,1,1,0,28551.00,0.00,28551.00,1,1,0,28551.00,0.00,28551.00,1,1,0,28551.00,0.00,28551.00,1,1,0,28551.00,0.00,28551.00,1,1,0
SCN-03-MULTIHOP-0015,INC-SCN-03-MULTIHOP-0015,2026-09-03T14:34:00+00:00,36546.00,36546.00,36546.00,0.00,5706.31,36546.00,30839.69,1,2,1,1,0,0,67557.00,67557.00,31.69,31.69,1.0,36546.00,0.00,36546.00,0,0,0,36546.00,0.00,36546.00,1,1,0,36546.00,0.00,36546.00,1,1,0,36546.00,0.00,36546.00,1,1,0,36546.00,0.00,36546.00,1,1,0,36546.00,0.00,36546.00,1,1,0
SCN-03-MULTIHOP-0016,INC-SCN-03-MULTIHOP-0016,2026-09-03T14:49:00+00:00,48590.00,48590.00,48590.00,0.00,11291.89,11291.89,0.00,1,1,0,0,0,0,48590.00,48590.00,0.00,0.00,0.232391,48590.00,0.00,48590.00,0,0,0,48590.00,0.00,48590.00,0,0,0,48590.00,0.00,48590.00,0,0,0,48590.00,0.00,48590.00,0,0,0,48590.00,0.00,48590.00,0,0,0,48590.00,0.00,48590.00,0,0,0
SCN-03-MULTIHOP-0017,INC-SCN-03-MULTIHOP-0017,2026-09-03T15:04:00+00:00,54970.00,54970.00,54970.00,0.00,18168.35,54970.00,36801.65,1,3,2,2,0,0,92012.00,129660.00,0.00,0.00,1.0,54970.00,0.00,54970.00,0,0,0,54970.00,0.00,54970.00,3,3,0,54970.00,0.00,54970.00,3,3,0,54970.00,0.00,54970.00,3,3,0,54970.00,0.00,54970.00,3,3,0,54970.00,0.00,54970.00,3,3,0
SCN-03-MULTIHOP-0018,INC-SCN-03-MULTIHOP-0018,2026-09-03T15:19:00+00:00,36363.00,36363.00,36363.00,0.00,10955.47,10955.47,0.00,1,1,0,0,0,0,36363.00,36363.00,0.00,0.00,0.301281,36363.00,0.00,36363.00,0,0,0,36363.00,0.00,36363.00,0,0,0,36363.00,0.00,36363.00,0,0,0,36363.00,0.00,36363.00,0,0,0,36363.00,0.00,36363.00,0,0,0,36363.00,0.00,36363.00,0,0,0
SCN-03-MULTIHOP-0019,INC-SCN-03-MULTIHOP-0019,2026-09-03T15:34:00+00:00,35880.00,35880.00,35880.00,0.00,3668.01,35880.00,32211.99,1,2,1,1,0,0,68250.00,68250.00,17.99,17.99,1.0,35880.00,0.00,35880.00,0,0,0,35880.00,0.00,35880.00,1,1,0,35880.00,0.00,35880.00,1,1,0,35880.00,0.00,35880.00,1,1,0,35880.00,0.00,35880.00,1,1,0,35880.00,0.00,35880.00,1,1,0
SCN-03-MULTIHOP-0020,INC-SCN-03-MULTIHOP-0020,2026-09-03T15:49:00+00:00,29561.00,29561.00,29561.00,0.00,5589.00,29561.00,23972.00,1,2,1,1,0,0,53666.00,53666.00,31.00,31.00,1.0,29561.00,0.00,29561.00,0,0,0,29561.00,0.00,29561.00,1,1,0,29561.00,0.00,29561.00,1,1,0,29561.00,0.00,29561.00,1,1,0,29561.00,0.00,29561.00,1,1,0,29561.00,0.00,29561.00,1,1,0
SCN-03-MULTIHOP-0021,INC-SCN-03-MULTIHOP-0021,2026-09-03T16:04:00+00:00,55942.00,55942.00,55942.00,0.00,16659.96,55942.00,39282.04,1,3,2,2,0,0,95434.00,135559.00,0.00,0.00,1.0,55942.00,0.00,55942.00,0,0,0,55942.00,0.00,55942.00,3,3,0,55942.00,0.00,55942.00,3,3,0,55942.00,0.00,55942.00,3,3,0,55942.00,0.00,55942.00,3,3,0,55942.00,0.00,55942.00,3,3,0
SCN-03-MULTIHOP-0022,INC-SCN-03-MULTIHOP-0022,2026-09-03T16:19:00+00:00,30648.00,30648.00,30648.00,0.00,5077.87,30648.00,25570.13,1,2,1,1,0,0,56390.00,56390.00,34.13,34.13,1.0,30648.00,0.00,30648.00,0,0,0,30648.00,0.00,30648.00,2,2,0,30648.00,0.00,30648.00,3,3,0,30648.00,0.00,30648.00,3,3,0,30648.00,0.00,30648.00,3,3,0,30648.00,0.00,30648.00,3,3,0
SCN-03-MULTIHOP-0023,INC-SCN-03-MULTIHOP-0023,2026-09-03T16:34:00+00:00,45920.00,45920.00,45920.00,0.00,6253.56,45920.00,39666.44,1,2,1,1,0,0,85862.00,85862.00,43.44,43.44,1.0,45920.00,0.00,45920.00,0,0,0,45920.00,0.00,45920.00,1,1,0,45920.00,0.00,45920.00,1,1,0,45920.00,0.00,45920.00,1,1,0,45920.00,0.00,45920.00,1,1,0,45920.00,0.00,45920.00,1,1,0
SCN-03-MULTIHOP-0024,INC-SCN-03-MULTIHOP-0024,2026-09-03T16:49:00+00:00,37870.00,37870.00,37870.00,0.00,12502.69,37870.00,25367.31,1,2,1,1,0,0,63382.00,63382.00,0.00,0.00,1.0,37870.00,0.00,37870.00,0,0,0,37870.00,0.00,37870.00,2,2,0,37870.00,0.00,37870.00,3,3,0,37870.00,0.00,37870.00,3,3,0,37870.00,0.00,37870.00,3,3,0,37870.00,0.00,37870.00,3,3,0
SCN-03-MULTIHOP-0025,INC-SCN-03-MULTIHOP-0025,2026-09-03T17:04:00+00:00,27610.00,27610.00,27610.00,0.00,5305.45,27610.00,22304.55,1,3,2,2,0,0,50022.00,69365.00,25.55,82.24,1.0,27610.00,0.00,27610.00,0,0,0,27610.00,0.00,27610.00,3,3,0,27610.00,0.00,27610.00,3,3,0,27610.00,0.00,27610.00,3,3,0,27610.00,0.00,27610.00,3,3,0,27610.00,0.00,27610.00,3,3,0
SCN-03-MULTIHOP-0026,INC-SCN-03-MULTIHOP-0026,2026-09-03T17:19:00+00:00,30712.00,30712.00,30712.00,0.00,7011.21,30712.00,23700.79,1,3,2,2,0,0,54571.00,76759.00,46.79,85.06,1.0,30712.00,0.00,30712.00,0,0,0,30712.00,0.00,30712.00,2,2,0,30712.00,0.00,30712.00,3,3,0,30712.00,0.00,30712.00,3,3,0,30712.00,0.00,30712.00,3,3,0,30712.00,0.00,30712.00,3,3,0
SCN-03-MULTIHOP-0027,INC-SCN-03-MULTIHOP-0027,2026-09-03T17:34:00+00:00,47208.00,47208.00,47208.00,0.00,14418.62,14418.62,0.00,1,1,0,0,0,0,47208.00,47208.00,0.00,0.00,0.305427,47208.00,0.00,47208.00,0,0,0,47208.00,0.00,47208.00,0,0,0,47208.00,0.00,47208.00,0,0,0,47208.00,0.00,47208.00,0,0,0,47208.00,0.00,47208.00,0,0,0,47208.00,0.00,47208.00,0,0,0
SCN-03-MULTIHOP-0028,INC-SCN-03-MULTIHOP-0028,2026-09-03T17:49:00+00:00,44711.00,44711.00,44711.00,0.00,6485.05,44711.00,38225.95,1,3,2,2,0,0,83143.00,111139.00,34.95,34.95,1.0,44711.00,0.00,44711.00,0,0,0,44711.00,0.00,44711.00,3,3,0,44711.00,0.00,44711.00,3,3,0,44711.00,0.00,44711.00,3,3,0,44711.00,0.00,44711.00,3,3,0,44711.00,0.00,44711.00,3,3,0
SCN-03-MULTIHOP-0029,INC-SCN-03-MULTIHOP-0029,2026-09-03T18:04:00+00:00,44851.00,44851.00,44851.00,0.00,5333.13,44851.00,39517.87,1,2,1,1,0,0,84568.00,84568.00,26.87,26.87,1.0,44851.00,0.00,44851.00,0,0,0,44851.00,0.00,44851.00,2,2,0,44851.00,0.00,44851.00,3,3,0,44851.00,0.00,44851.00,3,3,0,44851.00,0.00,44851.00,3,3,0,44851.00,0.00,44851.00,3,3,0
SCN-03-MULTIHOP-0030,INC-SCN-03-MULTIHOP-0030,2026-09-03T18:19:00+00:00,42318.00,42318.00,42318.00,0.00,12783.62,42318.00,29534.38,1,3,2,2,0,0,72015.00,102206.00,0.00,0.00,1.0,42318.00,0.00,42318.00,0,0,0,42318.00,0.00,42318.00,2,2,0,42318.00,0.00,42318.00,3,3,0,42318.00,0.00,42318.00,3,3,0,42318.00,0.00,42318.00,3,3,0,42318.00,0.00,42318.00,3,3,0
SCN-03-MULTIHOP-0031,INC-SCN-03-MULTIHOP-0031,2026-09-03T18:34:00+00:00,27582.00,27582.00,27582.00,0.00,5912.21,27582.00,21669.79,1,2,1,1,0,0,49394.00,49394.00,38.79,38.79,1.0,27582.00,0.00,27582.00,0,0,0,27582.00,0.00,27582.00,1,1,0,27582.00,0.00,27582.00,1,1,0,27582.00,0.00,27582.00,1,1,0,27582.00,0.00,27582.00,1,1,0,27582.00,0.00,27582.00,1,1,0
SCN-03-MULTIHOP-0032,INC-SCN-03-MULTIHOP-0032,2026-09-03T18:49:00+00:00,32245.00,32245.00,32245.00,0.00,6514.78,32245.00,25730.22,1,2,1,1,0,0,58142.00,58142.00,42.22,42.22,1.0,32245.00,0.00,32245.00,0,0,0,32245.00,0.00,32245.00,1,1,0,32245.00,0.00,32245.00,1,1,0,32245.00,0.00,32245.00,1,1,0,32245.00,0.00,32245.00,1,1,0,32245.00,0.00,32245.00,1,1,0
SCN-03-MULTIHOP-0033,INC-SCN-03-MULTIHOP-0033,2026-09-03T19:04:00+00:00,51704.00,51704.00,51704.00,0.00,11864.80,51704.00,39839.20,1,2,1,1,0,0,91789.00,91789.00,0.00,0.00,1.0,51704.00,0.00,51704.00,0,0,0,51704.00,0.00,51704.00,2,2,0,51704.00,0.00,51704.00,3,3,0,51704.00,0.00,51704.00,3,3,0,51704.00,0.00,51704.00,3,3,0,51704.00,0.00,51704.00,3,3,0
SCN-03-MULTIHOP-0034,INC-SCN-03-MULTIHOP-0034,2026-09-03T19:19:00+00:00,32180.00,32180.00,32180.00,0.00,10875.99,10875.99,0.00,1,1,0,0,0,0,32180.00,32180.00,0.00,0.00,0.337974,32180.00,0.00,32180.00,0,0,0,32180.00,0.00,32180.00,0,0,0,32180.00,0.00,32180.00,0,0,0,32180.00,0.00,32180.00,0,0,0,32180.00,0.00,32180.00,0,0,0,32180.00,0.00,32180.00,0,0,0
SCN-03-MULTIHOP-0035,INC-SCN-03-MULTIHOP-0035,2026-09-03T19:34:00+00:00,55605.00,55605.00,55605.00,0.00,6323.48,55605.00,49281.52,1,2,1,1,0,0,105179.00,105179.00,37.52,37.52,1.0,55605.00,0.00,55605.00,0,0,0,55605.00,0.00,55605.00,2,2,0,55605.00,0.00,55605.00,3,3,0,55605.00,0.00,55605.00,3,3,0,55605.00,0.00,55605.00,3,3,0,55605.00,0.00,55605.00,3,3,0
SCN-03-MULTIHOP-0036,INC-SCN-03-MULTIHOP-0036,2026-09-03T19:49:00+00:00,40589.00,40589.00,40589.00,0.00,8584.17,8584.17,0.00,1,1,0,0,0,0,40589.00,40589.00,55.83,55.83,0.21149,40589.00,0.00,40589.00,0,0,0,40589.00,0.00,40589.00,0,0,0,40589.00,0.00,40589.00,0,0,0,40589.00,0.00,40589.00,0,0,0,40589.00,0.00,40589.00,0,0,0,40589.00,0.00,40589.00,0,0,0
SCN-03-MULTIHOP-0037,INC-SCN-03-MULTIHOP-0037,2026-09-03T20:04:00+00:00,37832.00,37832.00,37832.00,0.00,8874.51,8874.51,0.00,1,1,0,0,0,0,37832.00,37832.00,49.49,49.49,0.234577,37832.00,0.00,37832.00,0,0,0,37832.00,0.00,37832.00,0,0,0,37832.00,0.00,37832.00,0,0,0,37832.00,0.00,37832.00,0,0,0,37832.00,0.00,37832.00,0,0,0,37832.00,0.00,37832.00,0,0,0
SCN-03-MULTIHOP-0038,INC-SCN-03-MULTIHOP-0038,2026-09-03T20:19:00+00:00,50346.00,50346.00,50346.00,0.00,11676.25,50346.00,38669.75,1,2,1,1,0,0,89260.00,89260.00,0.00,0.00,1.0,50346.00,0.00,50346.00,0,0,0,50346.00,0.00,50346.00,1,1,0,50346.00,0.00,50346.00,1,1,0,50346.00,0.00,50346.00,1,1,0,50346.00,0.00,50346.00,1,1,0,50346.00,0.00,50346.00,1,1,0
SCN-03-MULTIHOP-0039,INC-SCN-03-MULTIHOP-0039,2026-09-03T20:34:00+00:00,46545.00,46545.00,46545.00,0.00,14334.62,46545.00,32210.38,1,2,1,1,0,0,78945.00,78945.00,0.00,0.00,1.0,46545.00,0.00,46545.00,0,0,0,46545.00,0.00,46545.00,1,1,0,46545.00,0.00,46545.00,1,1,0,46545.00,0.00,46545.00,1,1,0,46545.00,0.00,46545.00,1,1,0,46545.00,0.00,46545.00,1,1,0
SCN-03-MULTIHOP-0040,INC-SCN-03-MULTIHOP-0040,2026-09-03T20:49:00+00:00,27573.00,27573.00,27573.00,0.00,6513.93,27573.00,21059.07,1,2,1,1,0,0,48739.00,48739.00,33.07,33.07,1.0,27573.00,0.00,27573.00,0,0,0,27573.00,0.00,27573.00,1,1,0,27573.00,0.00,27573.00,1,1,0,27573.00,0.00,27573.00,1,1,0,27573.00,0.00,27573.00,1,1,0,27573.00,0.00,27573.00,1,1,0
SCN-03-MULTIHOP-0041,INC-SCN-03-MULTIHOP-0041,2026-09-03T21:04:00+00:00,56492.00,56492.00,56492.00,0.00,9774.39,9774.39,0.00,1,1,0,0,0,0,56492.00,56492.00,48.61,48.61,0.173023,56492.00,0.00,56492.00,0,0,0,56492.00,0.00,56492.00,0,0,0,56492.00,0.00,56492.00,0,0,0,56492.00,0.00,56492.00,0,0,0,56492.00,0.00,56492.00,0,0,0,56492.00,0.00,56492.00,0,0,0
SCN-03-MULTIHOP-0042,INC-SCN-03-MULTIHOP-0042,2026-09-03T21:19:00+00:00,38591.00,38591.00,38591.00,0.00,10706.31,38591.00,27884.69,1,3,2,2,0,0,66652.00,95136.00,0.00,0.00,1.0,38591.00,0.00,38591.00,0,0,0,38591.00,0.00,38591.00,2,2,0,38591.00,0.00,38591.00,3,3,0,38591.00,0.00,38591.00,3,3,0,38591.00,0.00,38591.00,3,3,0,38591.00,0.00,38591.00,3,3,0
SCN-03-MULTIHOP-0043,INC-SCN-03-MULTIHOP-0043,2026-09-03T21:34:00+00:00,49287.00,49287.00,49287.00,0.00,49287.00,49287.00,0.00,1,1,0,0,0,0,49287.00,49287.00,0.00,0.00,1.0,49287.00,0.00,49287.00,0,0,0,49287.00,0.00,49287.00,0,0,0,49287.00,0.00,49287.00,0,0,0,49287.00,0.00,49287.00,0,0,0,49287.00,0.00,49287.00,0,0,0,49287.00,0.00,49287.00,0,0,0
SCN-03-MULTIHOP-0044,INC-SCN-03-MULTIHOP-0044,2026-09-03T21:49:00+00:00,52608.00,52608.00,52608.00,0.00,7454.73,52608.00,45153.27,1,3,2,2,0,0,97981.00,129772.00,36.27,36.27,1.0,52608.00,0.00,52608.00,0,0,0,52608.00,0.00,52608.00,2,2,0,52608.00,0.00,52608.00,2,2,0,52608.00,0.00,52608.00,2,2,0,52608.00,0.00,52608.00,2,2,0,52608.00,0.00,52608.00,2,2,0
SCN-03-MULTIHOP-0045,INC-SCN-03-MULTIHOP-0045,2026-09-03T22:04:00+00:00,45780.00,45780.00,45780.00,0.00,15156.63,45780.00,30623.37,1,3,2,2,0,0,76588.00,107322.00,0.00,13.40,1.0,45780.00,0.00,45780.00,0,0,0,45780.00,0.00,45780.00,2,2,0,45780.00,0.00,45780.00,3,3,0,45780.00,0.00,45780.00,3,3,0,45780.00,0.00,45780.00,3,3,0,45780.00,0.00,45780.00,3,3,0
SCN-03-MULTIHOP-0046,INC-SCN-03-MULTIHOP-0046,2026-09-03T22:19:00+00:00,47323.00,47323.00,47323.00,0.00,5633.06,47323.00,41689.94,1,2,1,1,0,0,89242.00,89242.00,30.94,30.94,1.0,47323.00,0.00,47323.00,0,0,0,47323.00,0.00,47323.00,1,1,0,47323.00,0.00,47323.00,1,1,0,47323.00,0.00,47323.00,1,1,0,47323.00,0.00,47323.00,1,1,0,47323.00,0.00,47323.00,1,1,0
SCN-03-MULTIHOP-0047,INC-SCN-03-MULTIHOP-0047,2026-09-03T22:34:00+00:00,48112.00,48112.00,48112.00,0.00,10079.59,48112.00,38032.41,1,2,1,1,0,0,86395.00,86395.00,0.00,0.00,1.0,48112.00,0.00,48112.00,0,0,0,48112.00,0.00,48112.00,2,2,0,48112.00,0.00,48112.00,3,3,0,48112.00,0.00,48112.00,3,3,0,48112.00,0.00,48112.00,3,3,0,48112.00,0.00,48112.00,3,3,0
SCN-03-MULTIHOP-0048,INC-SCN-03-MULTIHOP-0048,2026-09-03T22:49:00+00:00,29178.00,29178.00,29178.00,0.00,6658.87,29178.00,22519.13,1,3,2,2,0,0,51843.00,73603.00,43.13,67.23,1.0,29178.00,0.00,29178.00,0,0,0,29178.00,0.00,29178.00,2,2,0,29178.00,0.00,29178.00,3,3,0,29178.00,0.00,29178.00,3,3,0,29178.00,0.00,29178.00,3,3,0,29178.00,0.00,29178.00,3,3,0
SCN-03-MULTIHOP-0049,INC-SCN-03-MULTIHOP-0049,2026-09-03T23:04:00+00:00,52670.00,52670.00,52670.00,0.00,16440.43,52670.00,36229.57,1,3,2,2,0,0,89108.00,126228.00,0.00,0.00,1.0,52670.00,0.00,52670.00,0,0,0,52670.00,0.00,52670.00,2,2,0,52670.00,0.00,52670.00,3,3,0,52670.00,0.00,52670.00,3,3,0,52670.00,0.00,52670.00,3,3,0,52670.00,0.00,52670.00,3,3,0
SCN-03-MULTIHOP-0050,INC-SCN-03-MULTIHOP-0050,2026-09-03T23:19:00+00:00,38261.00,38261.00,38261.00,0.00,5021.43,38261.00,33239.57,1,2,1,1,0,0,71703.00,71703.00,30.57,30.57,1.0,38261.00,0.00,38261.00,0,0,0,38261.00,0.00,38261.00,3,3,0,38261.00,0.00,38261.00,3,3,0,38261.00,0.00,38261.00,3,3,0,38261.00,0.00,38261.00,3,3,0,38261.00,0.00,38261.00,3,3,0
SCN-03-MULTIHOP-0051,INC-SCN-03-MULTIHOP-0051,2026-09-03T23:34:00+00:00,36235.00,36235.00,36235.00,0.00,7853.18,36235.00,28381.82,1,2,1,1,0,0,64768.00,64768.00,41.82,41.82,1.0,36235.00,0.00,36235.00,0,0,0,36235.00,0.00,36235.00,1,1,0,36235.00,0.00,36235.00,1,1,0,36235.00,0.00,36235.00,1,1,0,36235.00,0.00,36235.00,1,1,0,36235.00,0.00,36235.00,1,1,0
SCN-03-MULTIHOP-0052,INC-SCN-03-MULTIHOP-0052,2026-09-03T23:49:00+00:00,55259.00,55259.00,55259.00,0.00,8379.30,55259.00,46879.70,1,2,1,1,0,0,102372.00,102372.00,41.70,41.70,1.0,55259.00,0.00,55259.00,0,0,0,55259.00,0.00,55259.00,1,1,0,55259.00,0.00,55259.00,1,1,0,55259.00,0.00,55259.00,1,1,0,55259.00,0.00,55259.00,1,1,0,55259.00,0.00,55259.00,1,1,0
SCN-03-MULTIHOP-0053,INC-SCN-03-MULTIHOP-0053,2026-09-04T00:04:00+00:00,47905.00,47905.00,47905.00,0.00,15664.64,15664.64,0.00,1,1,0,0,0,0,47905.00,47905.00,0.00,0.00,0.326994,47905.00,0.00,47905.00,0,0,0,47905.00,0.00,47905.00,0,0,0,47905.00,0.00,47905.00,0,0,0,47905.00,0.00,47905.00,0,0,0,47905.00,0.00,47905.00,0,0,0,47905.00,0.00,47905.00,0,0,0
SCN-03-MULTIHOP-0054,INC-SCN-03-MULTIHOP-0054,2026-09-04T00:19:00+00:00,48919.00,48919.00,48919.00,0.00,14601.03,14601.03,0.00,1,1,0,0,0,0,48919.00,48919.00,0.00,0.00,0.298474,48919.00,0.00,48919.00,0,0,0,48919.00,0.00,48919.00,0,0,0,48919.00,0.00,48919.00,0,0,0,48919.00,0.00,48919.00,0,0,0,48919.00,0.00,48919.00,0,0,0,48919.00,0.00,48919.00,0,0,0
SCN-03-MULTIHOP-0055,INC-SCN-03-MULTIHOP-0055,2026-09-04T00:34:00+00:00,30825.00,30825.00,30825.00,0.00,4949.23,30825.00,25875.77,1,2,1,1,0,0,56846.00,56846.00,27.77,27.77,1.0,30825.00,0.00,30825.00,0,0,0,30825.00,0.00,30825.00,1,1,0,30825.00,0.00,30825.00,1,1,0,30825.00,0.00,30825.00,1,1,0,30825.00,0.00,30825.00,1,1,0,30825.00,0.00,30825.00,1,1,0
SCN-03-MULTIHOP-0056,INC-SCN-03-MULTIHOP-0056,2026-09-04T00:49:00+00:00,56426.00,56426.00,56426.00,0.00,8234.27,56426.00,48191.73,1,4,3,3,0,0,104862.00,191185.00,41.73,245.20,1.0,56426.00,0.00,56426.00,0,0,0,56426.00,0.00,56426.00,3,3,0,56426.00,0.00,56426.00,3,3,0,56426.00,0.00,56426.00,3,3,0,56426.00,0.00,56426.00,3,3,0,56426.00,0.00,56426.00,3,3,0
SCN-03-MULTIHOP-0057,INC-SCN-03-MULTIHOP-0057,2026-09-04T01:04:00+00:00,46254.00,46254.00,46254.00,0.00,16111.33,46254.00,30142.67,1,2,1,1,0,0,76600.00,76600.00,0.00,0.00,1.0,46254.00,0.00,46254.00,0,0,0,46254.00,0.00,46254.00,1,1,0,46254.00,0.00,46254.00,1,1,0,46254.00,0.00,46254.00,1,1,0,46254.00,0.00,46254.00,1,1,0,46254.00,0.00,46254.00,1,1,0
SCN-03-MULTIHOP-0058,INC-SCN-03-MULTIHOP-0058,2026-09-04T01:19:00+00:00,32239.00,32239.00,32239.00,0.00,11150.49,32239.00,21088.51,1,3,2,2,0,0,53459.00,74582.00,0.00,9.76,1.0,32239.00,0.00,32239.00,0,0,0,32239.00,0.00,32239.00,3,3,0,32239.00,0.00,32239.00,3,3,0,32239.00,0.00,32239.00,3,3,0,32239.00,0.00,32239.00,3,3,0,32239.00,0.00,32239.00,3,3,0
SCN-03-MULTIHOP-0059,INC-SCN-03-MULTIHOP-0059,2026-09-04T01:34:00+00:00,43490.00,43490.00,43490.00,0.00,12976.20,12976.20,0.00,1,1,0,0,0,0,43490.00,43490.00,0.00,0.00,0.298372,43490.00,0.00,43490.00,0,0,0,43490.00,0.00,43490.00,0,0,0,43490.00,0.00,43490.00,0,0,0,43490.00,0.00,43490.00,0,0,0,43490.00,0.00,43490.00,0,0,0,43490.00,0.00,43490.00,0,0,0
SCN-03-MULTIHOP-0060,INC-SCN-03-MULTIHOP-0060,2026-09-04T01:49:00+00:00,42070.00,42070.00,42070.00,0.00,12367.40,42070.00,29702.60,1,3,2,2,0,0,71983.00,97859.00,0.00,92.79,1.0,42070.00,0.00,42070.00,0,0,0,42070.00,0.00,42070.00,3,3,0,42070.00,0.00,42070.00,3,3,0,42070.00,0.00,42070.00,3,3,0,42070.00,0.00,42070.00,3,3,0,42070.00,0.00,42070.00,3,3,0
SCN-03-MULTIHOP-0061,INC-SCN-03-MULTIHOP-0061,2026-09-04T02:04:00+00:00,51299.00,51299.00,51299.00,0.00,51299.00,51299.00,0.00,1,1,0,0,0,0,51299.00,51299.00,0.00,0.00,1.0,51299.00,0.00,51299.00,0,0,0,51299.00,0.00,51299.00,0,0,0,51299.00,0.00,51299.00,0,0,0,51299.00,0.00,51299.00,0,0,0,51299.00,0.00,51299.00,0,0,0,51299.00,0.00,51299.00,0,0,0
SCN-03-MULTIHOP-0062,INC-SCN-03-MULTIHOP-0062,2026-09-04T02:19:00+00:00,54171.00,54171.00,54171.00,0.00,10671.81,54171.00,43499.19,1,2,1,1,0,0,97887.00,97887.00,0.00,0.00,1.0,54171.00,0.00,54171.00,0,0,0,54171.00,0.00,54171.00,1,1,0,54171.00,0.00,54171.00,1,1,0,54171.00,0.00,54171.00,1,1,0,54171.00,0.00,54171.00,1,1,0,54171.00,0.00,54171.00,1,1,0
SCN-03-MULTIHOP-0063,INC-SCN-03-MULTIHOP-0063,2026-09-04T02:34:00+00:00,27320.00,27320.00,27320.00,0.00,4266.33,27320.00,23053.67,1,2,1,1,0,0,50534.00,50534.00,29.67,29.67,1.0,27320.00,0.00,27320.00,0,0,0,27320.00,0.00,27320.00,2,2,0,27320.00,0.00,27320.00,2,2,0,27320.00,0.00,27320.00,2,2,0,27320.00,0.00,27320.00,2,2,0,27320.00,0.00,27320.00,2,2,0
SCN-03-MULTIHOP-0064,INC-SCN-03-MULTIHOP-0064,2026-09-04T02:49:00+00:00,55540.00,55540.00,55540.00,0.00,18070.30,55540.00,37469.70,1,3,2,2,0,0,93204.00,128778.00,0.00,73.22,1.0,55540.00,0.00,55540.00,0,0,0,55540.00,0.00,55540.00,2,2,0,55540.00,0.00,55540.00,3,3,0,55540.00,0.00,55540.00,3,3,0,55540.00,0.00,55540.00,3,3,0,55540.00,0.00,55540.00,3,3,0
SCN-03-MULTIHOP-0065,INC-SCN-03-MULTIHOP-0065,2026-09-04T03:04:00+00:00,50438.00,50438.00,50438.00,0.00,13602.99,13602.99,0.00,1,1,0,0,0,0,50438.00,50438.00,0.00,0.00,0.269697,50438.00,0.00,50438.00,0,0,0,50438.00,0.00,50438.00,0,0,0,50438.00,0.00,50438.00,0,0,0,50438.00,0.00,50438.00,0,0,0,50438.00,0.00,50438.00,0,0,0,50438.00,0.00,50438.00,0,0,0
SCN-03-MULTIHOP-0066,INC-SCN-03-MULTIHOP-0066,2026-09-04T03:19:00+00:00,55745.00,55745.00,55745.00,0.00,17565.72,55745.00,38179.28,1,2,1,1,0,0,94164.00,94164.00,0.00,0.00,1.0,55745.00,0.00,55745.00,0,0,0,55745.00,0.00,55745.00,1,1,0,55745.00,0.00,55745.00,1,1,0,55745.00,0.00,55745.00,1,1,0,55745.00,0.00,55745.00,1,1,0,55745.00,0.00,55745.00,1,1,0
SCN-03-MULTIHOP-0067,INC-SCN-03-MULTIHOP-0067,2026-09-04T03:34:00+00:00,34637.00,34637.00,34637.00,0.00,12222.96,12222.96,0.00,1,1,0,0,0,0,34637.00,34637.00,0.00,0.00,0.352887,34637.00,0.00,34637.00,0,0,0,34637.00,0.00,34637.00,0,0,0,34637.00,0.00,34637.00,0,0,0,34637.00,0.00,34637.00,0,0,0,34637.00,0.00,34637.00,0,0,0,34637.00,0.00,34637.00,0,0,0
SCN-03-MULTIHOP-0068,INC-SCN-03-MULTIHOP-0068,2026-09-04T03:49:00+00:00,47503.00,47503.00,47503.00,0.00,47503.00,47503.00,0.00,1,1,0,0,0,0,47503.00,47503.00,0.00,0.00,1.0,47503.00,0.00,47503.00,0,0,0,47503.00,0.00,47503.00,0,0,0,47503.00,0.00,47503.00,0,0,0,47503.00,0.00,47503.00,0,0,0,47503.00,0.00,47503.00,0,0,0,47503.00,0.00,47503.00,0,0,0
SCN-03-MULTIHOP-0069,INC-SCN-03-MULTIHOP-0069,2026-09-04T04:04:00+00:00,44764.00,44764.00,44764.00,0.00,4177.94,4177.94,0.00,1,1,0,0,0,0,44764.00,44764.00,27.06,27.06,0.093333,44764.00,0.00,44764.00,0,0,0,44764.00,0.00,44764.00,0,0,0,44764.00,0.00,44764.00,0,0,0,44764.00,0.00,44764.00,0,0,0,44764.00,0.00,44764.00,0,0,0,44764.00,0.00,44764.00,0,0,0
SCN-03-MULTIHOP-0070,INC-SCN-03-MULTIHOP-0070,2026-09-04T04:19:00+00:00,34284.00,34284.00,34284.00,0.00,10655.00,34284.00,23629.00,1,2,1,1,0,0,58035.00,58035.00,0.00,0.00,1.0,34284.00,0.00,34284.00,0,0,0,34284.00,0.00,34284.00,1,1,0,34284.00,0.00,34284.00,1,1,0,34284.00,0.00,34284.00,1,1,0,34284.00,0.00,34284.00,1,1,0,34284.00,0.00,34284.00,1,1,0
SCN-03-MULTIHOP-0071,INC-SCN-03-MULTIHOP-0071,2026-09-04T04:34:00+00:00,36366.00,36366.00,36366.00,0.00,11934.67,36366.00,24431.33,1,2,1,1,0,0,60927.00,60927.00,0.00,0.00,1.0,36366.00,0.00,36366.00,0,0,0,36366.00,0.00,36366.00,1,1,0,36366.00,0.00,36366.00,1,1,0,36366.00,0.00,36366.00,1,1,0,36366.00,0.00,36366.00,1,1,0,36366.00,0.00,36366.00,1,1,0
SCN-03-MULTIHOP-0072,INC-SCN-03-MULTIHOP-0072,2026-09-04T04:49:00+00:00,46924.00,46924.00,46924.00,0.00,3987.55,46924.00,42936.45,1,3,2,2,0,0,90113.00,128412.00,23.45,136.64,1.0,46924.00,0.00,46924.00,0,0,0,46924.00,0.00,46924.00,3,3,0,46924.00,0.00,46924.00,3,3,0,46924.00,0.00,46924.00,3,3,0,46924.00,0.00,46924.00,3,3,0,46924.00,0.00,46924.00,3,3,0
SCN-03-MULTIHOP-0073,INC-SCN-03-MULTIHOP-0073,2026-09-04T05:04:00+00:00,53842.00,53842.00,53842.00,0.00,7151.19,53842.00,46690.81,1,3,2,2,0,0,100845.00,134815.00,47.81,47.81,1.0,53842.00,0.00,53842.00,0,0,0,53842.00,0.00,53842.00,3,3,0,53842.00,0.00,53842.00,3,3,0,53842.00,0.00,53842.00,3,3,0,53842.00,0.00,53842.00,3,3,0,53842.00,0.00,53842.00,3,3,0
SCN-03-MULTIHOP-0074,INC-SCN-03-MULTIHOP-0074,2026-09-04T05:19:00+00:00,40101.00,40101.00,40101.00,0.00,11323.65,40101.00,28777.35,1,2,1,1,0,0,69047.00,69047.00,0.00,0.00,1.0,40101.00,0.00,40101.00,0,0,0,40101.00,0.00,40101.00,2,2,0,40101.00,0.00,40101.00,3,3,0,40101.00,0.00,40101.00,3,3,0,40101.00,0.00,40101.00,3,3,0,40101.00,0.00,40101.00,3,3,0
SCN-03-MULTIHOP-0075,INC-SCN-03-MULTIHOP-0075,2026-09-04T05:34:00+00:00,42663.00,42663.00,42663.00,0.00,8136.61,8136.61,0.00,1,1,0,0,0,0,42663.00,42663.00,45.39,45.39,0.190718,42663.00,0.00,42663.00,0,0,0,42663.00,0.00,42663.00,0,0,0,42663.00,0.00,42663.00,0,0,0,42663.00,0.00,42663.00,0,0,0,42663.00,0.00,42663.00,0,0,0,42663.00,0.00,42663.00,0,0,0
SCN-03-MULTIHOP-0076,INC-SCN-03-MULTIHOP-0076,2026-09-04T05:49:00+00:00,45203.00,45203.00,45203.00,0.00,8409.96,8409.96,0.00,1,1,0,0,0,0,45203.00,45203.00,58.04,58.04,0.186049,45203.00,0.00,45203.00,0,0,0,45203.00,0.00,45203.00,0,0,0,45203.00,0.00,45203.00,0,0,0,45203.00,0.00,45203.00,0,0,0,45203.00,0.00,45203.00,0,0,0,45203.00,0.00,45203.00,0,0,0
SCN-03-MULTIHOP-0077,INC-SCN-03-MULTIHOP-0077,2026-09-04T06:04:00+00:00,35542.00,35542.00,35542.00,0.00,4001.18,4001.18,0.00,1,1,0,0,0,0,35542.00,35542.00,20.82,20.82,0.112576,35542.00,0.00,35542.00,0,0,0,35542.00,0.00,35542.00,0,0,0,35542.00,0.00,35542.00,0,0,0,35542.00,0.00,35542.00,0,0,0,35542.00,0.00,35542.00,0,0,0,35542.00,0.00,35542.00,0,0,0
SCN-03-MULTIHOP-0078,INC-SCN-03-MULTIHOP-0078,2026-09-04T06:19:00+00:00,49629.00,49629.00,49629.00,0.00,15403.03,49629.00,34225.97,1,3,2,2,0,0,84086.00,115595.00,0.00,92.80,1.0,49629.00,0.00,49629.00,0,0,0,49629.00,0.00,49629.00,2,2,0,49629.00,0.00,49629.00,3,3,0,49629.00,0.00,49629.00,3,3,0,49629.00,0.00,49629.00,3,3,0,49629.00,0.00,49629.00,3,3,0
SCN-03-MULTIHOP-0079,INC-SCN-03-MULTIHOP-0079,2026-09-04T06:34:00+00:00,54290.00,54290.00,54290.00,0.00,11624.49,54290.00,42665.51,1,2,1,1,0,0,97218.00,97218.00,0.00,0.00,1.0,54290.00,0.00,54290.00,0,0,0,54290.00,0.00,54290.00,1,1,0,54290.00,0.00,54290.00,1,1,0,54290.00,0.00,54290.00,1,1,0,54290.00,0.00,54290.00,1,1,0,54290.00,0.00,54290.00,1,1,0
SCN-03-MULTIHOP-0080,INC-SCN-03-MULTIHOP-0080,2026-09-04T06:49:00+00:00,49319.00,49319.00,49319.00,0.00,15187.02,49319.00,34131.98,1,2,1,1,0,0,83615.00,83615.00,0.00,0.00,1.0,49319.00,0.00,49319.00,0,0,0,49319.00,0.00,49319.00,2,2,0,49319.00,0.00,49319.00,3,3,0,49319.00,0.00,49319.00,3,3,0,49319.00,0.00,49319.00,3,3,0,49319.00,0.00,49319.00,3,3,0
SCN-03-MULTIHOP-0081,INC-SCN-03-MULTIHOP-0081,2026-09-04T07:04:00+00:00,54099.00,54099.00,54099.00,0.00,15338.78,15338.78,0.00,1,1,0,0,0,0,54099.00,54099.00,0.00,0.00,0.283532,54099.00,0.00,54099.00,0,0,0,54099.00,0.00,54099.00,0,0,0,54099.00,0.00,54099.00,0,0,0,54099.00,0.00,54099.00,0,0,0,54099.00,0.00,54099.00,0,0,0,54099.00,0.00,54099.00,0,0,0
SCN-03-MULTIHOP-0082,INC-SCN-03-MULTIHOP-0082,2026-09-04T07:19:00+00:00,38976.00,38976.00,38976.00,0.00,4700.46,38976.00,34275.54,1,4,3,3,0,0,73467.00,124313.00,29.54,370.41,1.0,38976.00,0.00,38976.00,0,0,0,38976.00,0.00,38976.00,3,3,0,38976.00,0.00,38976.00,3,3,0,38976.00,0.00,38976.00,3,3,0,38976.00,0.00,38976.00,3,3,0,38976.00,0.00,38976.00,3,3,0
SCN-03-MULTIHOP-0083,INC-SCN-03-MULTIHOP-0083,2026-09-04T07:34:00+00:00,53536.00,53536.00,53536.00,0.00,5661.61,53536.00,47874.39,1,3,2,2,0,0,101752.00,142134.00,40.39,198.55,1.0,53536.00,0.00,53536.00,0,0,0,53536.00,0.00,53536.00,2,2,0,53536.00,0.00,53536.00,3,3,0,53536.00,0.00,53536.00,3,3,0,53536.00,0.00,53536.00,3,3,0,53536.00,0.00,53536.00,3,3,0
SCN-03-MULTIHOP-0084,INC-SCN-03-MULTIHOP-0084,2026-09-04T07:49:00+00:00,28338.00,28338.00,28338.00,0.00,4344.57,28338.00,23993.43,1,3,2,2,0,0,52494.00,75217.00,29.43,70.27,1.0,28338.00,0.00,28338.00,0,0,0,28338.00,0.00,28338.00,2,2,0,28338.00,0.00,28338.00,3,3,0,28338.00,0.00,28338.00,3,3,0,28338.00,0.00,28338.00,3,3,0,28338.00,0.00,28338.00,3,3,0
SCN-03-MULTIHOP-0085,INC-SCN-03-MULTIHOP-0085,2026-09-04T08:04:00+00:00,31062.00,31062.00,31062.00,0.00,9407.91,31062.00,21654.09,1,2,1,1,0,0,52836.00,52836.00,52.09,52.09,1.0,31062.00,0.00,31062.00,0,0,0,31062.00,0.00,31062.00,1,1,0,31062.00,0.00,31062.00,1,1,0,31062.00,0.00,31062.00,1,1,0,31062.00,0.00,31062.00,1,1,0,31062.00,0.00,31062.00,1,1,0
SCN-03-MULTIHOP-0086,INC-SCN-03-MULTIHOP-0086,2026-09-04T08:19:00+00:00,41134.00,41134.00,41134.00,0.00,13720.29,41134.00,27413.71,1,2,1,1,0,0,68687.00,68687.00,0.00,0.00,1.0,41134.00,0.00,41134.00,0,0,0,41134.00,0.00,41134.00,1,1,0,41134.00,0.00,41134.00,1,1,0,41134.00,0.00,41134.00,1,1,0,41134.00,0.00,41134.00,1,1,0,41134.00,0.00,41134.00,1,1,0
SCN-03-MULTIHOP-0087,INC-SCN-03-MULTIHOP-0087,2026-09-04T08:34:00+00:00,53955.00,53955.00,53955.00,0.00,7417.65,53955.00,46537.35,1,3,2,2,0,0,100733.00,135559.00,38.35,38.35,1.0,53955.00,0.00,53955.00,0,0,0,53955.00,0.00,53955.00,3,3,0,53955.00,0.00,53955.00,3,3,0,53955.00,0.00,53955.00,3,3,0,53955.00,0.00,53955.00,3,3,0,53955.00,0.00,53955.00,3,3,0
SCN-03-MULTIHOP-0088,INC-SCN-03-MULTIHOP-0088,2026-09-04T08:49:00+00:00,29888.00,29888.00,29888.00,0.00,2565.61,29888.00,27322.39,1,2,1,1,0,0,57353.00,57353.00,13.39,13.39,1.0,29888.00,0.00,29888.00,0,0,0,29888.00,0.00,29888.00,1,1,0,29888.00,0.00,29888.00,1,1,0,29888.00,0.00,29888.00,1,1,0,29888.00,0.00,29888.00,1,1,0,29888.00,0.00,29888.00,1,1,0
SCN-03-MULTIHOP-0089,INC-SCN-03-MULTIHOP-0089,2026-09-04T09:04:00+00:00,47690.00,47690.00,47690.00,0.00,9136.17,47690.00,38553.83,1,3,2,2,0,0,86509.00,118780.00,62.83,235.78,1.0,47690.00,0.00,47690.00,0,0,0,47690.00,0.00,47690.00,2,2,0,47690.00,0.00,47690.00,3,3,0,47690.00,0.00,47690.00,3,3,0,47690.00,0.00,47690.00,3,3,0,47690.00,0.00,47690.00,3,3,0
SCN-03-MULTIHOP-0090,INC-SCN-03-MULTIHOP-0090,2026-09-04T09:19:00+00:00,37862.00,37862.00,37862.00,0.00,9178.07,37862.00,28683.93,1,3,2,2,0,0,66727.00,90722.00,57.93,156.11,1.0,37862.00,0.00,37862.00,0,0,0,37862.00,0.00,37862.00,3,3,0,37862.00,0.00,37862.00,3,3,0,37862.00,0.00,37862.00,3,3,0,37862.00,0.00,37862.00,3,3,0,37862.00,0.00,37862.00,3,3,0
SCN-03-MULTIHOP-0091,INC-SCN-03-MULTIHOP-0091,2026-09-04T09:34:00+00:00,43021.00,43021.00,43021.00,0.00,7434.29,43021.00,35586.71,1,2,1,1,0,0,78817.00,78817.00,43.71,43.71,1.0,43021.00,0.00,43021.00,0,0,0,43021.00,0.00,43021.00,1,1,0,43021.00,0.00,43021.00,1,1,0,43021.00,0.00,43021.00,1,1,0,43021.00,0.00,43021.00,1,1,0,43021.00,0.00,43021.00,1,1,0
SCN-03-MULTIHOP-0092,INC-SCN-03-MULTIHOP-0092,2026-09-04T09:49:00+00:00,36153.00,36153.00,36153.00,0.00,6707.94,36153.00,29445.06,1,2,1,1,0,0,65752.00,65752.00,35.06,35.06,1.0,36153.00,0.00,36153.00,0,0,0,36153.00,0.00,36153.00,3,3,0,36153.00,0.00,36153.00,3,3,0,36153.00,0.00,36153.00,3,3,0,36153.00,0.00,36153.00,3,3,0,36153.00,0.00,36153.00,3,3,0
SCN-03-MULTIHOP-0093,INC-SCN-03-MULTIHOP-0093,2026-09-04T10:04:00+00:00,33229.00,33229.00,33229.00,0.00,7215.06,7215.06,0.00,1,1,0,0,0,0,33229.00,33229.00,49.94,49.94,0.217131,33229.00,0.00,33229.00,0,0,0,33229.00,0.00,33229.00,0,0,0,33229.00,0.00,33229.00,0,0,0,33229.00,0.00,33229.00,0,0,0,33229.00,0.00,33229.00,0,0,0,33229.00,0.00,33229.00,0,0,0
SCN-03-MULTIHOP-0094,INC-SCN-03-MULTIHOP-0094,2026-09-04T10:19:00+00:00,29948.00,29948.00,29948.00,0.00,8463.94,8463.94,0.00,1,1,0,0,0,0,29948.00,29948.00,46.06,46.06,0.282621,29948.00,0.00,29948.00,0,0,0,29948.00,0.00,29948.00,0,0,0,29948.00,0.00,29948.00,0,0,0,29948.00,0.00,29948.00,0,0,0,29948.00,0.00,29948.00,0,0,0,29948.00,0.00,29948.00,0,0,0
SCN-03-MULTIHOP-0095,INC-SCN-03-MULTIHOP-0095,2026-09-04T10:34:00+00:00,30093.00,30093.00,30093.00,0.00,30093.00,30093.00,0.00,1,1,0,0,0,0,30093.00,30093.00,0.00,0.00,1.0,30093.00,0.00,30093.00,0,0,0,30093.00,0.00,30093.00,0,0,0,30093.00,0.00,30093.00,0,0,0,30093.00,0.00,30093.00,0,0,0,30093.00,0.00,30093.00,0,0,0,30093.00,0.00,30093.00,0,0,0
SCN-03-MULTIHOP-0096,INC-SCN-03-MULTIHOP-0096,2026-09-04T10:49:00+00:00,55592.00,55592.00,55592.00,0.00,7347.71,55592.00,48244.29,1,3,2,2,0,0,104114.00,139085.00,42.29,42.29,1.0,55592.00,0.00,55592.00,0,0,0,55592.00,0.00,55592.00,3,3,0,55592.00,0.00,55592.00,3,3,0,55592.00,0.00,55592.00,3,3,0,55592.00,0.00,55592.00,3,3,0,55592.00,0.00,55592.00,3,3,0
SCN-03-MULTIHOP-0097,INC-SCN-03-MULTIHOP-0097,2026-09-04T11:04:00+00:00,32629.00,32629.00,32629.00,0.00,5346.17,5346.17,0.00,1,1,0,0,0,0,32629.00,32629.00,28.83,28.83,0.163847,32629.00,0.00,32629.00,0,0,0,32629.00,0.00,32629.00,0,0,0,32629.00,0.00,32629.00,0,0,0,32629.00,0.00,32629.00,0,0,0,32629.00,0.00,32629.00,0,0,0,32629.00,0.00,32629.00,0,0,0
SCN-03-MULTIHOP-0098,INC-SCN-03-MULTIHOP-0098,2026-09-04T11:19:00+00:00,49865.00,49865.00,49865.00,0.00,8412.36,49865.00,41452.64,1,2,1,1,0,0,91582.00,91582.00,53.64,53.64,1.0,49865.00,0.00,49865.00,0,0,0,49865.00,0.00,49865.00,1,1,0,49865.00,0.00,49865.00,1,1,0,49865.00,0.00,49865.00,1,1,0,49865.00,0.00,49865.00,1,1,0,49865.00,0.00,49865.00,1,1,0
SCN-03-MULTIHOP-0099,INC-SCN-03-MULTIHOP-0099,2026-09-04T11:34:00+00:00,56341.00,56341.00,56341.00,0.00,6659.78,6659.78,0.00,1,1,0,0,0,0,56341.00,56341.00,35.22,35.22,0.118205,56341.00,0.00,56341.00,0,0,0,56341.00,0.00,56341.00,0,0,0,56341.00,0.00,56341.00,0,0,0,56341.00,0.00,56341.00,0,0,0,56341.00,0.00,56341.00,0,0,0,56341.00,0.00,56341.00,0,0,0
SCN-03-MULTIHOP-0100,INC-SCN-03-MULTIHOP-0100,2026-09-04T11:49:00+00:00,40797.00,40797.00,40797.00,0.00,9354.46,40797.00,31442.54,1,3,2,2,0,0,72396.00,103729.00,46.54,62.46,1.0,40797.00,0.00,40797.00,0,0,0,40797.00,0.00,40797.00,2,2,0,40797.00,0.00,40797.00,3,3,0,40797.00,0.00,40797.00,3,3,0,40797.00,0.00,40797.00,3,3,0,40797.00,0.00,40797.00,3,3,0
SCN-04-MIXED-0001,INC-SCN-04-MIXED-0001,2026-09-04T12:04:00+00:00,30175.00,30175.00,30175.00,0.00,20721.72,30175.00,9453.28,1,2,1,1,0,0,39940.00,39940.00,0.00,546.72,1.0,30175.00,0.00,30175.00,0,0,0,30175.00,0.00,30175.00,1,1,0,30175.00,0.00,30175.00,1,1,0,30175.00,0.00,30175.00,1,1,0,30175.00,0.00,30175.00,1,1,0,30175.00,0.00,30175.00,1,1,0
SCN-04-MIXED-0002,INC-SCN-04-MIXED-0002,2026-09-04T12:19:00+00:00,35446.00,35446.00,35446.00,0.00,21808.37,35446.00,13637.63,1,2,1,1,0,0,49473.00,49473.00,0.00,0.00,1.0,35446.00,0.00,35446.00,0,0,0,35446.00,0.00,35446.00,1,1,0,35446.00,0.00,35446.00,1,1,0,35446.00,0.00,35446.00,1,1,0,35446.00,0.00,35446.00,1,1,0,35446.00,0.00,35446.00,1,1,0
SCN-04-MIXED-0003,INC-SCN-04-MIXED-0003,2026-09-04T12:34:00+00:00,32328.00,32328.00,32328.00,0.00,21888.89,32328.00,10439.11,1,3,2,2,0,0,43153.00,51045.00,0.00,9560.89,1.0,32328.00,0.00,32328.00,0,0,0,32328.00,0.00,32328.00,2,2,0,32328.00,0.00,32328.00,3,3,0,32328.00,0.00,32328.00,3,3,0,32328.00,0.00,32328.00,3,3,0,32328.00,0.00,32328.00,3,3,0
SCN-04-MIXED-0004,INC-SCN-04-MIXED-0004,2026-09-04T12:49:00+00:00,22327.00,22327.00,22327.00,0.00,13810.83,13810.83,0.00,1,1,0,0,0,0,22327.00,22327.00,0.00,0.00,0.618571,22327.00,0.00,22327.00,0,0,0,22327.00,0.00,22327.00,0,0,0,22327.00,0.00,22327.00,0,0,0,22327.00,0.00,22327.00,0,0,0,22327.00,0.00,22327.00,0,0,0,22327.00,0.00,22327.00,0,0,0
SCN-04-MIXED-0005,INC-SCN-04-MIXED-0005,2026-09-04T13:04:00+00:00,30086.00,30086.00,30086.00,0.00,19304.28,30086.00,10781.72,1,2,1,1,0,0,41263.00,41263.00,0.00,0.00,1.0,30086.00,0.00,30086.00,0,0,0,30086.00,0.00,30086.00,3,3,0,30086.00,0.00,30086.00,3,3,0,30086.00,0.00,30086.00,3,3,0,30086.00,0.00,30086.00,3,3,0,30086.00,0.00,30086.00,3,3,0
SCN-04-MIXED-0006,INC-SCN-04-MIXED-0006,2026-09-04T13:19:00+00:00,34449.00,34449.00,34449.00,0.00,22647.13,34449.00,11801.87,1,3,2,2,0,0,46675.00,57029.00,0.00,8198.13,1.0,34449.00,0.00,34449.00,0,0,0,34449.00,0.00,34449.00,2,2,0,34449.00,0.00,34449.00,3,3,0,34449.00,0.00,34449.00,3,3,0,34449.00,0.00,34449.00,3,3,0,34449.00,0.00,34449.00,3,3,0
SCN-04-MIXED-0007,INC-SCN-04-MIXED-0007,2026-09-04T13:34:00+00:00,29588.00,29588.00,29588.00,0.00,19023.97,29588.00,10564.03,1,3,2,2,0,0,40528.00,49939.00,0.00,9435.97,1.0,29588.00,0.00,29588.00,0,0,0,29588.00,0.00,29588.00,2,2,0,29588.00,0.00,29588.00,3,3,0,29588.00,0.00,29588.00,3,3,0,29588.00,0.00,29588.00,3,3,0,29588.00,0.00,29588.00,3,3,0
SCN-04-MIXED-0008,INC-SCN-04-MIXED-0008,2026-09-04T13:49:00+00:00,25519.00,25519.00,25519.00,0.00,17753.90,25519.00,7765.10,1,2,1,1,0,0,33568.00,33568.00,0.00,2234.90,1.0,25519.00,0.00,25519.00,0,0,0,25519.00,0.00,25519.00,1,1,0,25519.00,0.00,25519.00,1,1,0,25519.00,0.00,25519.00,1,1,0,25519.00,0.00,25519.00,1,1,0,25519.00,0.00,25519.00,1,1,0
SCN-04-MIXED-0009,INC-SCN-04-MIXED-0009,2026-09-04T14:04:00+00:00,36275.00,36275.00,36275.00,0.00,24854.45,36275.00,11420.55,1,2,1,1,0,0,48119.00,48119.00,0.00,0.00,1.0,36275.00,0.00,36275.00,0,0,0,36275.00,0.00,36275.00,2,2,0,36275.00,0.00,36275.00,2,2,0,36275.00,0.00,36275.00,2,2,0,36275.00,0.00,36275.00,2,2,0,36275.00,0.00,36275.00,2,2,0
SCN-04-MIXED-0010,INC-SCN-04-MIXED-0010,2026-09-04T14:19:00+00:00,34297.00,34297.00,34297.00,0.00,22602.14,34297.00,11694.86,1,2,1,1,0,0,46384.00,46384.00,0.00,0.00,1.0,34297.00,0.00,34297.00,0,0,0,34297.00,0.00,34297.00,2,2,0,34297.00,0.00,34297.00,3,3,0,34297.00,0.00,34297.00,3,3,0,34297.00,0.00,34297.00,3,3,0,34297.00,0.00,34297.00,3,3,0
SCN-04-MIXED-0011,INC-SCN-04-MIXED-0011,2026-09-04T14:34:00+00:00,22231.00,22231.00,22231.00,0.00,14386.47,22231.00,7844.53,1,3,2,2,0,0,30349.00,36254.00,0.00,12155.47,1.0,22231.00,0.00,22231.00,0,0,0,22231.00,0.00,22231.00,2,2,0,22231.00,0.00,22231.00,2,2,0,22231.00,0.00,22231.00,2,2,0,22231.00,0.00,22231.00,2,2,0,22231.00,0.00,22231.00,2,2,0
SCN-04-MIXED-0012,INC-SCN-04-MIXED-0012,2026-09-04T14:49:00+00:00,27020.00,27020.00,27020.00,0.00,19092.71,27020.00,7927.29,1,2,1,1,0,0,35182.00,35182.00,0.00,2072.71,1.0,27020.00,0.00,27020.00,0,0,0,27020.00,0.00,27020.00,1,1,0,27020.00,0.00,27020.00,1,1,0,27020.00,0.00,27020.00,1,1,0,27020.00,0.00,27020.00,1,1,0,27020.00,0.00,27020.00,1,1,0
SCN-04-MIXED-0013,INC-SCN-04-MIXED-0013,2026-09-04T15:04:00+00:00,24087.00,24087.00,24087.00,0.00,15308.24,24087.00,8778.76,1,2,1,1,0,0,33212.00,33212.00,0.00,1221.24,1.0,24087.00,0.00,24087.00,0,0,0,24087.00,0.00,24087.00,1,1,0,24087.00,0.00,24087.00,1,1,0,24087.00,0.00,24087.00,1,1,0,24087.00,0.00,24087.00,1,1,0,24087.00,0.00,24087.00,1,1,0
SCN-04-MIXED-0014,INC-SCN-04-MIXED-0014,2026-09-04T15:19:00+00:00,39345.00,39345.00,39345.00,0.00,24522.90,39345.00,14822.10,1,3,2,2,0,0,54664.00,67003.00,0.00,5251.84,1.0,39345.00,0.00,39345.00,0,0,0,39345.00,0.00,39345.00,3,3,0,39345.00,0.00,39345.00,3,3,0,39345.00,0.00,39345.00,3,3,0,39345.00,0.00,39345.00,3,3,0,39345.00,0.00,39345.00,3,3,0
SCN-04-MIXED-0015,INC-SCN-04-MIXED-0015,2026-09-04T15:34:00+00:00,30797.00,30797.00,30797.00,0.00,30797.00,30797.00,0.00,1,1,0,0,0,0,30797.00,30797.00,0.00,0.00,1.0,30797.00,0.00,30797.00,0,0,0,30797.00,0.00,30797.00,0,0,0,30797.00,0.00,30797.00,0,0,0,30797.00,0.00,30797.00,0,0,0,30797.00,0.00,30797.00,0,0,0,30797.00,0.00,30797.00,0,0,0
SCN-04-MIXED-0016,INC-SCN-04-MIXED-0016,2026-09-04T15:49:00+00:00,35185.00,35185.00,35185.00,0.00,25262.92,35185.00,9922.08,1,2,1,1,0,0,45406.00,45406.00,0.00,77.92,1.0,35185.00,0.00,35185.00,0,0,0,35185.00,0.00,35185.00,1,1,0,35185.00,0.00,35185.00,1,1,0,35185.00,0.00,35185.00,1,1,0,35185.00,0.00,35185.00,1,1,0,35185.00,0.00,35185.00,1,1,0
SCN-04-MIXED-0017,INC-SCN-04-MIXED-0017,2026-09-04T16:04:00+00:00,19855.00,19855.00,19855.00,0.00,13014.26,19855.00,6840.74,1,3,2,2,0,0,26888.00,32912.00,0.00,12838.26,1.0,19855.00,0.00,19855.00,0,0,0,19855.00,0.00,19855.00,2,2,0,19855.00,0.00,19855.00,2,2,0,19855.00,0.00,19855.00,2,2,0,19855.00,0.00,19855.00,2,2,0,19855.00,0.00,19855.00,2,2,0
SCN-04-MIXED-0018,INC-SCN-04-MIXED-0018,2026-09-04T16:19:00+00:00,35571.00,35571.00,35571.00,0.00,24001.09,35571.00,11569.91,1,2,1,1,0,0,47554.00,47554.00,0.00,0.00,1.0,35571.00,0.00,35571.00,0,0,0,35571.00,0.00,35571.00,1,1,0,35571.00,0.00,35571.00,1,1,0,35571.00,0.00,35571.00,1,1,0,35571.00,0.00,35571.00,1,1,0,35571.00,0.00,35571.00,1,1,0
SCN-04-MIXED-0019,INC-SCN-04-MIXED-0019,2026-09-04T16:34:00+00:00,27336.00,27336.00,27336.00,0.00,19562.93,27336.00,7773.07,1,2,1,1,0,0,35394.00,35394.00,0.00,2226.93,1.0,27336.00,0.00,27336.00,0,0,0,27336.00,0.00,27336.00,1,1,0,27336.00,0.00,27336.00,1,1,0,27336.00,0.00,27336.00,1,1,0,27336.00,0.00,27336.00,1,1,0,27336.00,0.00,27336.00,1,1,0
SCN-04-MIXED-0020,INC-SCN-04-MIXED-0020,2026-09-04T16:49:00+00:00,33065.00,33065.00,33065.00,0.00,20894.37,33065.00,12170.63,1,3,2,2,0,0,45635.00,55994.00,0.00,7829.37,1.0,33065.00,0.00,33065.00,0,0,0,33065.00,0.00,33065.00,2,2,0,33065.00,0.00,33065.00,3,3,0,33065.00,0.00,33065.00,3,3,0,33065.00,0.00,33065.00,3,3,0,33065.00,0.00,33065.00,3,3,0
SCN-04-MIXED-0021,INC-SCN-04-MIXED-0021,2026-09-04T17:04:00+00:00,21562.00,21562.00,21562.00,0.00,15383.00,21562.00,6179.00,1,3,2,2,0,0,27931.00,34298.00,0.00,13821.00,1.0,21562.00,0.00,21562.00,0,0,0,21562.00,0.00,21562.00,2,2,0,21562.00,0.00,21562.00,3,3,0,21562.00,0.00,21562.00,3,3,0,21562.00,0.00,21562.00,3,3,0,21562.00,0.00,21562.00,3,3,0
SCN-04-MIXED-0022,INC-SCN-04-MIXED-0022,2026-09-04T17:19:00+00:00,26143.00,26143.00,26143.00,0.00,26143.00,26143.00,0.00,1,1,0,0,0,0,26143.00,26143.00,0.00,0.00,1.0,26143.00,0.00,26143.00,0,0,0,26143.00,0.00,26143.00,0,0,0,26143.00,0.00,26143.00,0,0,0,26143.00,0.00,26143.00,0,0,0,26143.00,0.00,26143.00,0,0,0,26143.00,0.00,26143.00,0,0,0
SCN-04-MIXED-0023,INC-SCN-04-MIXED-0023,2026-09-04T17:34:00+00:00,31085.00,31085.00,31085.00,0.00,19563.12,31085.00,11521.88,1,2,1,1,0,0,42992.00,42992.00,0.00,0.00,1.0,31085.00,0.00,31085.00,0,0,0,31085.00,0.00,31085.00,1,1,0,31085.00,0.00,31085.00,1,1,0,31085.00,0.00,31085.00,1,1,0,31085.00,0.00,31085.00,1,1,0,31085.00,0.00,31085.00,1,1,0
SCN-04-MIXED-0024,INC-SCN-04-MIXED-0024,2026-09-04T17:49:00+00:00,31891.00,31891.00,31891.00,0.00,19545.70,31891.00,12345.30,1,2,1,1,0,0,44642.00,44642.00,0.00,0.00,1.0,31891.00,0.00,31891.00,0,0,0,31891.00,0.00,31891.00,2,2,0,31891.00,0.00,31891.00,3,3,0,31891.00,0.00,31891.00,3,3,0,31891.00,0.00,31891.00,3,3,0,31891.00,0.00,31891.00,3,3,0
SCN-04-MIXED-0025,INC-SCN-04-MIXED-0025,2026-09-04T18:04:00+00:00,33416.00,33416.00,33416.00,0.00,23715.37,33416.00,9700.63,1,3,2,2,0,0,43438.00,51834.00,0.00,10299.37,1.0,33416.00,0.00,33416.00,0,0,0,33416.00,0.00,33416.00,2,2,0,33416.00,0.00,33416.00,3,3,0,33416.00,0.00,33416.00,3,3,0,33416.00,0.00,33416.00,3,3,0,33416.00,0.00,33416.00,3,3,0
SCN-04-MIXED-0026,INC-SCN-04-MIXED-0026,2026-09-04T18:19:00+00:00,20820.00,20820.00,20820.00,0.00,20820.00,20820.00,0.00,1,1,0,0,0,0,20820.00,20820.00,0.00,0.00,1.0,20820.00,0.00,20820.00,0,0,0,20820.00,0.00,20820.00,0,0,0,20820.00,0.00,20820.00,0,0,0,20820.00,0.00,20820.00,0,0,0,20820.00,0.00,20820.00,0,0,0,20820.00,0.00,20820.00,0,0,0
SCN-04-MIXED-0027,INC-SCN-04-MIXED-0027,2026-09-04T18:34:00+00:00,37032.00,37032.00,37032.00,0.00,24161.85,24161.85,0.00,1,1,0,0,0,0,37032.00,37032.00,0.00,0.00,0.652459,37032.00,0.00,37032.00,0,0,0,37032.00,0.00,37032.00,0,0,0,37032.00,0.00,37032.00,0,0,0,37032.00,0.00,37032.00,0,0,0,37032.00,0.00,37032.00,0,0,0,37032.00,0.00,37032.00,0,0,0
SCN-04-MIXED-0028,INC-SCN-04-MIXED-0028,2026-09-04T18:49:00+00:00,32188.00,32188.00,32188.00,0.00,23213.26,32188.00,8974.74,1,3,2,2,0,0,41499.00,49611.00,0.00,11025.26,1.0,32188.00,0.00,32188.00,0,0,0,32188.00,0.00,32188.00,2,2,0,32188.00,0.00,32188.00,3,3,0,32188.00,0.00,32188.00,3,3,0,32188.00,0.00,32188.00,3,3,0,32188.00,0.00,32188.00,3,3,0
SCN-04-MIXED-0029,INC-SCN-04-MIXED-0029,2026-09-04T19:04:00+00:00,23925.00,23925.00,23925.00,0.00,17284.09,17284.09,0.00,1,1,0,0,0,0,23925.00,23925.00,0.00,0.00,0.722428,23925.00,0.00,23925.00,0,0,0,23925.00,0.00,23925.00,0,0,0,23925.00,0.00,23925.00,0,0,0,23925.00,0.00,23925.00,0,0,0,23925.00,0.00,23925.00,0,0,0,23925.00,0.00,23925.00,0,0,0
SCN-04-MIXED-0030,INC-SCN-04-MIXED-0030,2026-09-04T19:19:00+00:00,32087.00,32087.00,32087.00,0.00,32087.00,32087.00,0.00,1,1,0,0,0,0,32087.00,32087.00,0.00,0.00,1.0,32087.00,0.00,32087.00,0,0,0,32087.00,0.00,32087.00,0,0,0,32087.00,0.00,32087.00,0,0,0,32087.00,0.00,32087.00,0,0,0,32087.00,0.00,32087.00,0,0,0,32087.00,0.00,32087.00,0,0,0
SCN-04-MIXED-0031,INC-SCN-04-MIXED-0031,2026-09-04T19:34:00+00:00,36730.00,36730.00,36730.00,0.00,23748.80,23748.80,0.00,1,1,0,0,0,0,36730.00,36730.00,0.00,0.00,0.646578,36730.00,0.00,36730.00,0,0,0,36730.00,0.00,36730.00,0,0,0,36730.00,0.00,36730.00,0,0,0,36730.00,0.00,36730.00,0,0,0,36730.00,0.00,36730.00,0,0,0,36730.00,0.00,36730.00,0,0,0
SCN-04-MIXED-0032,INC-SCN-04-MIXED-0032,2026-09-04T19:49:00+00:00,21522.00,21522.00,21522.00,0.00,13758.15,13758.15,0.00,1,1,0,0,0,0,21522.00,21522.00,0.00,0.00,0.63926,21522.00,0.00,21522.00,0,0,0,21522.00,0.00,21522.00,0,0,0,21522.00,0.00,21522.00,0,0,0,21522.00,0.00,21522.00,0,0,0,21522.00,0.00,21522.00,0,0,0,21522.00,0.00,21522.00,0,0,0
SCN-04-MIXED-0033,INC-SCN-04-MIXED-0033,2026-09-04T20:04:00+00:00,20412.00,20412.00,20412.00,0.00,13007.50,20412.00,7404.50,1,3,2,2,0,0,28061.00,34337.00,0.00,12595.50,1.0,20412.00,0.00,20412.00,0,0,0,20412.00,0.00,20412.00,2,2,0,20412.00,0.00,20412.00,3,3,0,20412.00,0.00,20412.00,3,3,0,20412.00,0.00,20412.00,3,3,0,20412.00,0.00,20412.00,3,3,0
SCN-04-MIXED-0034,INC-SCN-04-MIXED-0034,2026-09-04T20:19:00+00:00,37912.00,37912.00,37912.00,0.00,24101.70,37912.00,13810.30,1,2,1,1,0,0,52119.00,52119.00,0.00,0.00,1.0,37912.00,0.00,37912.00,0,0,0,37912.00,0.00,37912.00,1,1,0,37912.00,0.00,37912.00,1,1,0,37912.00,0.00,37912.00,1,1,0,37912.00,0.00,37912.00,1,1,0,37912.00,0.00,37912.00,1,1,0
SCN-04-MIXED-0035,INC-SCN-04-MIXED-0035,2026-09-04T20:34:00+00:00,28395.00,28395.00,28395.00,0.00,18191.11,28395.00,10203.89,1,3,2,2,0,0,38918.00,46913.00,0.00,9796.11,1.0,28395.00,0.00,28395.00,0,0,0,28395.00,0.00,28395.00,3,3,0,28395.00,0.00,28395.00,3,3,0,28395.00,0.00,28395.00,3,3,0,28395.00,0.00,28395.00,3,3,0,28395.00,0.00,28395.00,3,3,0
SCN-04-MIXED-0036,INC-SCN-04-MIXED-0036,2026-09-04T20:49:00+00:00,33345.00,33345.00,33345.00,0.00,23740.63,33345.00,9604.37,1,3,2,2,0,0,43329.00,52238.00,0.00,10395.63,1.0,33345.00,0.00,33345.00,0,0,0,33345.00,0.00,33345.00,2,2,0,33345.00,0.00,33345.00,3,3,0,33345.00,0.00,33345.00,3,3,0,33345.00,0.00,33345.00,3,3,0,33345.00,0.00,33345.00,3,3,0
SCN-04-MIXED-0037,INC-SCN-04-MIXED-0037,2026-09-04T21:04:00+00:00,38943.00,38943.00,38943.00,0.00,38943.00,38943.00,0.00,1,1,0,0,0,0,38943.00,38943.00,0.00,0.00,1.0,38943.00,0.00,38943.00,0,0,0,38943.00,0.00,38943.00,0,0,0,38943.00,0.00,38943.00,0,0,0,38943.00,0.00,38943.00,0,0,0,38943.00,0.00,38943.00,0,0,0,38943.00,0.00,38943.00,0,0,0
SCN-04-MIXED-0038,INC-SCN-04-MIXED-0038,2026-09-04T21:19:00+00:00,32946.00,32946.00,32946.00,0.00,20902.70,32946.00,12043.30,1,2,1,1,0,0,45349.00,45349.00,0.00,0.00,1.0,32946.00,0.00,32946.00,0,0,0,32946.00,0.00,32946.00,1,1,0,32946.00,0.00,32946.00,1,1,0,32946.00,0.00,32946.00,1,1,0,32946.00,0.00,32946.00,1,1,0,32946.00,0.00,32946.00,1,1,0
SCN-04-MIXED-0039,INC-SCN-04-MIXED-0039,2026-09-04T21:34:00+00:00,35873.00,35873.00,35873.00,0.00,24066.37,35873.00,11806.63,1,2,1,1,0,0,48146.00,48146.00,0.00,0.00,1.0,35873.00,0.00,35873.00,0,0,0,35873.00,0.00,35873.00,1,1,0,35873.00,0.00,35873.00,1,1,0,35873.00,0.00,35873.00,1,1,0,35873.00,0.00,35873.00,1,1,0,35873.00,0.00,35873.00,1,1,0
SCN-04-MIXED-0040,INC-SCN-04-MIXED-0040,2026-09-04T21:49:00+00:00,39024.00,39024.00,39024.00,0.00,28020.82,39024.00,11003.18,1,2,1,1,0,0,50449.00,50449.00,0.00,0.00,1.0,39024.00,0.00,39024.00,0,0,0,39024.00,0.00,39024.00,1,1,0,39024.00,0.00,39024.00,1,1,0,39024.00,0.00,39024.00,1,1,0,39024.00,0.00,39024.00,1,1,0,39024.00,0.00,39024.00,1,1,0
SCN-04-MIXED-0041,INC-SCN-04-MIXED-0041,2026-09-04T22:04:00+00:00,39787.00,39787.00,39787.00,0.00,24479.07,39787.00,15307.93,1,3,2,2,0,0,55517.00,67135.00,0.00,5152.31,1.0,39787.00,0.00,39787.00,0,0,0,39787.00,0.00,39787.00,2,2,0,39787.00,0.00,39787.00,2,2,0,39787.00,0.00,39787.00,2,2,0,39787.00,0.00,39787.00,2,2,0,39787.00,0.00,39787.00,2,2,0
SCN-04-MIXED-0042,INC-SCN-04-MIXED-0042,2026-09-04T22:19:00+00:00,24329.00,24329.00,24329.00,0.00,17707.55,24329.00,6621.45,1,3,2,2,0,0,31169.00,37072.00,0.00,13378.55,1.0,24329.00,0.00,24329.00,0,0,0,24329.00,0.00,24329.00,2,2,0,24329.00,0.00,24329.00,3,3,0,24329.00,0.00,24329.00,3,3,0,24329.00,0.00,24329.00,3,3,0,24329.00,0.00,24329.00,3,3,0
SCN-04-MIXED-0043,INC-SCN-04-MIXED-0043,2026-09-04T22:34:00+00:00,39389.00,39389.00,39389.00,0.00,27743.01,39389.00,11645.99,1,2,1,1,0,0,51362.00,51362.00,0.00,0.00,1.0,39389.00,0.00,39389.00,0,0,0,39389.00,0.00,39389.00,2,2,0,39389.00,0.00,39389.00,3,3,0,39389.00,0.00,39389.00,3,3,0,39389.00,0.00,39389.00,3,3,0,39389.00,0.00,39389.00,3,3,0
SCN-04-MIXED-0044,INC-SCN-04-MIXED-0044,2026-09-04T22:49:00+00:00,32390.00,32390.00,32390.00,0.00,21855.48,21855.48,0.00,1,1,0,0,0,0,32390.00,32390.00,0.00,0.00,0.67476,32390.00,0.00,32390.00,0,0,0,32390.00,0.00,32390.00,0,0,0,32390.00,0.00,32390.00,0,0,0,32390.00,0.00,32390.00,0,0,0,32390.00,0.00,32390.00,0,0,0,32390.00,0.00,32390.00,0,0,0
SCN-04-MIXED-0045,INC-SCN-04-MIXED-0045,2026-09-04T23:04:00+00:00,20637.00,20637.00,20637.00,0.00,13797.61,20637.00,6839.39,1,2,1,1,0,0,27660.00,27660.00,0.00,3160.61,1.0,20637.00,0.00,20637.00,0,0,0,20637.00,0.00,20637.00,2,2,0,20637.00,0.00,20637.00,3,3,0,20637.00,0.00,20637.00,3,3,0,20637.00,0.00,20637.00,3,3,0,20637.00,0.00,20637.00,3,3,0
SCN-04-MIXED-0046,INC-SCN-04-MIXED-0046,2026-09-04T23:19:00+00:00,32368.00,32368.00,32368.00,0.00,21795.42,21795.42,0.00,1,1,0,0,0,0,32368.00,32368.00,0.00,0.00,0.673363,32368.00,0.00,32368.00,0,0,0,32368.00,0.00,32368.00,0,0,0,32368.00,0.00,32368.00,0,0,0,32368.00,0.00,32368.00,0,0,0,32368.00,0.00,32368.00,0,0,0,32368.00,0.00,32368.00,0,0,0
SCN-04-MIXED-0047,INC-SCN-04-MIXED-0047,2026-09-04T23:34:00+00:00,24300.00,24300.00,24300.00,0.00,16545.85,16545.85,0.00,1,1,0,0,0,0,24300.00,24300.00,0.00,0.00,0.680899,24300.00,0.00,24300.00,0,0,0,24300.00,0.00,24300.00,0,0,0,24300.00,0.00,24300.00,0,0,0,24300.00,0.00,24300.00,0,0,0,24300.00,0.00,24300.00,0,0,0,24300.00,0.00,24300.00,0,0,0
SCN-04-MIXED-0048,INC-SCN-04-MIXED-0048,2026-09-04T23:49:00+00:00,35992.00,35992.00,35992.00,0.00,24554.06,35992.00,11437.94,1,2,1,1,0,0,47790.00,47790.00,0.00,0.00,1.0,35992.00,0.00,35992.00,0,0,0,35992.00,0.00,35992.00,1,1,0,35992.00,0.00,35992.00,1,1,0,35992.00,0.00,35992.00,1,1,0,35992.00,0.00,35992.00,1,1,0,35992.00,0.00,35992.00,1,1,0
SCN-04-MIXED-0049,INC-SCN-04-MIXED-0049,2026-09-05T00:04:00+00:00,19917.00,19917.00,19917.00,0.00,14078.13,19917.00,5838.87,1,2,1,1,0,0,25969.00,25969.00,0.00,4161.13,1.0,19917.00,0.00,19917.00,0,0,0,19917.00,0.00,19917.00,1,1,0,19917.00,0.00,19917.00,1,1,0,19917.00,0.00,19917.00,1,1,0,19917.00,0.00,19917.00,1,1,0,19917.00,0.00,19917.00,1,1,0
SCN-04-MIXED-0050,INC-SCN-04-MIXED-0050,2026-09-05T00:19:00+00:00,32766.00,32766.00,32766.00,0.00,22567.84,32766.00,10198.16,1,3,2,2,0,0,43267.00,53694.00,0.00,9801.84,1.0,32766.00,0.00,32766.00,0,0,0,32766.00,0.00,32766.00,2,2,0,32766.00,0.00,32766.00,2,2,0,32766.00,0.00,32766.00,2,2,0,32766.00,0.00,32766.00,2,2,0,32766.00,0.00,32766.00,2,2,0
SCN-04-MIXED-0051,INC-SCN-04-MIXED-0051,2026-09-05T00:34:00+00:00,33038.00,33038.00,33038.00,0.00,22751.22,33038.00,10286.78,1,2,1,1,0,0,43728.00,43728.00,0.00,0.00,1.0,33038.00,0.00,33038.00,0,0,0,33038.00,0.00,33038.00,2,2,0,33038.00,0.00,33038.00,2,2,0,33038.00,0.00,33038.00,2,2,0,33038.00,0.00,33038.00,2,2,0,33038.00,0.00,33038.00,2,2,0
SCN-04-MIXED-0052,INC-SCN-04-MIXED-0052,2026-09-05T00:49:00+00:00,21663.00,21663.00,21663.00,0.00,15712.23,21663.00,5950.77,1,4,3,3,0,0,27797.00,36269.00,0.00,13319.23,1.0,21663.00,0.00,21663.00,0,0,0,21663.00,0.00,21663.00,3,3,0,21663.00,0.00,21663.00,3,3,0,21663.00,0.00,21663.00,3,3,0,21663.00,0.00,21663.00,3,3,0,21663.00,0.00,21663.00,3,3,0
SCN-04-MIXED-0053,INC-SCN-04-MIXED-0053,2026-09-05T01:04:00+00:00,22257.00,22257.00,22257.00,0.00,22257.00,22257.00,0.00,1,1,0,0,0,0,22257.00,22257.00,0.00,0.00,1.0,22257.00,0.00,22257.00,0,0,0,22257.00,0.00,22257.00,0,0,0,22257.00,0.00,22257.00,0,0,0,22257.00,0.00,22257.00,0,0,0,22257.00,0.00,22257.00,0,0,0,22257.00,0.00,22257.00,0,0,0
SCN-04-MIXED-0054,INC-SCN-04-MIXED-0054,2026-09-05T01:19:00+00:00,32049.00,32049.00,32049.00,0.00,21383.48,32049.00,10665.52,1,3,2,2,0,0,43036.00,51627.00,0.00,9334.48,1.0,32049.00,0.00,32049.00,0,0,0,32049.00,0.00,32049.00,2,2,0,32049.00,0.00,32049.00,3,3,0,32049.00,0.00,32049.00,3,3,0,32049.00,0.00,32049.00,3,3,0,32049.00,0.00,32049.00,3,3,0
SCN-04-MIXED-0055,INC-SCN-04-MIXED-0055,2026-09-05T01:34:00+00:00,37307.00,37307.00,37307.00,0.00,23180.21,23180.21,0.00,1,1,0,0,0,0,37307.00,37307.00,0.00,0.00,0.621337,37307.00,0.00,37307.00,0,0,0,37307.00,0.00,37307.00,0,0,0,37307.00,0.00,37307.00,0,0,0,37307.00,0.00,37307.00,0,0,0,37307.00,0.00,37307.00,0,0,0,37307.00,0.00,37307.00,0,0,0
SCN-04-MIXED-0056,INC-SCN-04-MIXED-0056,2026-09-05T01:49:00+00:00,22929.00,22929.00,22929.00,0.00,16037.19,22929.00,6891.81,1,3,2,2,0,0,30073.00,37176.00,0.00,13108.19,1.0,22929.00,0.00,22929.00,0,0,0,22929.00,0.00,22929.00,2,2,0,22929.00,0.00,22929.00,3,3,0,22929.00,0.00,22929.00,3,3,0,22929.00,0.00,22929.00,3,3,0,22929.00,0.00,22929.00,3,3,0
SCN-04-MIXED-0057,INC-SCN-04-MIXED-0057,2026-09-05T02:04:00+00:00,23331.00,23331.00,23331.00,0.00,16243.57,23331.00,7087.43,1,2,1,1,0,0,30625.00,30625.00,0.00,2912.57,1.0,23331.00,0.00,23331.00,0,0,0,23331.00,0.00,23331.00,1,1,0,23331.00,0.00,23331.00,1,1,0,23331.00,0.00,23331.00,1,1,0,23331.00,0.00,23331.00,1,1,0,23331.00,0.00,23331.00,1,1,0
SCN-04-MIXED-0058,INC-SCN-04-MIXED-0058,2026-09-05T02:19:00+00:00,34769.00,34769.00,34769.00,0.00,24029.55,34769.00,10739.45,1,3,2,2,0,0,45931.00,57514.00,0.00,9260.55,1.0,34769.00,0.00,34769.00,0,0,0,34769.00,0.00,34769.00,2,2,0,34769.00,0.00,34769.00,3,3,0,34769.00,0.00,34769.00,3,3,0,34769.00,0.00,34769.00,3,3,0,34769.00,0.00,34769.00,3,3,0
SCN-04-MIXED-0059,INC-SCN-04-MIXED-0059,2026-09-05T02:34:00+00:00,29373.00,29373.00,29373.00,0.00,18583.12,29373.00,10789.88,1,3,2,2,0,0,40517.00,48102.00,0.00,9210.12,1.0,29373.00,0.00,29373.00,0,0,0,29373.00,0.00,29373.00,3,3,0,29373.00,0.00,29373.00,3,3,0,29373.00,0.00,29373.00,3,3,0,29373.00,0.00,29373.00,3,3,0,29373.00,0.00,29373.00,3,3,0
SCN-04-MIXED-0060,INC-SCN-04-MIXED-0060,2026-09-05T02:49:00+00:00,29429.00,29429.00,29429.00,0.00,19265.06,29429.00,10163.94,1,2,1,1,0,0,39891.00,39891.00,0.00,0.00,1.0,29429.00,0.00,29429.00,0,0,0,29429.00,0.00,29429.00,1,1,0,29429.00,0.00,29429.00,1,1,0,29429.00,0.00,29429.00,1,1,0,29429.00,0.00,29429.00,1,1,0,29429.00,0.00,29429.00,1,1,0
SCN-04-MIXED-0061,INC-SCN-04-MIXED-0061,2026-09-05T03:04:00+00:00,21871.00,21871.00,21871.00,0.00,15240.88,21871.00,6630.12,1,2,1,1,0,0,28720.00,28720.00,0.00,3369.88,1.0,21871.00,0.00,21871.00,0,0,0,21871.00,0.00,21871.00,2,2,0,21871.00,0.00,21871.00,2,2,0,21871.00,0.00,21871.00,2,2,0,21871.00,0.00,21871.00,2,2,0,21871.00,0.00,21871.00,2,2,0
SCN-04-MIXED-0062,INC-SCN-04-MIXED-0062,2026-09-05T03:19:00+00:00,22812.00,22812.00,22812.00,0.00,14044.60,22812.00,8767.40,1,2,1,1,0,0,31928.00,31928.00,0.00,1232.60,1.0,22812.00,0.00,22812.00,0,0,0,22812.00,0.00,22812.00,1,1,0,22812.00,0.00,22812.00,1,1,0,22812.00,0.00,22812.00,1,1,0,22812.00,0.00,22812.00,1,1,0,22812.00,0.00,22812.00,1,1,0
SCN-04-MIXED-0063,INC-SCN-04-MIXED-0063,2026-09-05T03:34:00+00:00,28713.00,28713.00,28713.00,0.00,20467.18,28713.00,8245.82,1,3,2,2,0,0,37217.00,45173.00,0.00,11754.18,1.0,28713.00,0.00,28713.00,0,0,0,28713.00,0.00,28713.00,3,3,0,28713.00,0.00,28713.00,3,3,0,28713.00,0.00,28713.00,3,3,0,28713.00,0.00,28713.00,3,3,0,28713.00,0.00,28713.00,3,3,0
SCN-04-MIXED-0064,INC-SCN-04-MIXED-0064,2026-09-05T03:49:00+00:00,38704.00,38704.00,38704.00,0.00,38704.00,38704.00,0.00,1,1,0,0,0,0,38704.00,38704.00,0.00,0.00,1.0,38704.00,0.00,38704.00,0,0,0,38704.00,0.00,38704.00,0,0,0,38704.00,0.00,38704.00,0,0,0,38704.00,0.00,38704.00,0,0,0,38704.00,0.00,38704.00,0,0,0,38704.00,0.00,38704.00,0,0,0
SCN-04-MIXED-0065,INC-SCN-04-MIXED-0065,2026-09-05T04:04:00+00:00,24515.00,24515.00,24515.00,0.00,16771.59,24515.00,7743.41,1,3,2,2,0,0,32519.00,39591.00,0.00,12256.59,1.0,24515.00,0.00,24515.00,0,0,0,24515.00,0.00,24515.00,2,2,0,24515.00,0.00,24515.00,3,3,0,24515.00,0.00,24515.00,3,3,0,24515.00,0.00,24515.00,3,3,0,24515.00,0.00,24515.00,3,3,0
SCN-04-MIXED-0066,INC-SCN-04-MIXED-0066,2026-09-05T04:19:00+00:00,37843.00,37843.00,37843.00,0.00,25008.42,25008.42,0.00,1,1,0,0,0,0,37843.00,37843.00,0.00,0.00,0.660847,37843.00,0.00,37843.00,0,0,0,37843.00,0.00,37843.00,0,0,0,37843.00,0.00,37843.00,0,0,0,37843.00,0.00,37843.00,0,0,0,37843.00,0.00,37843.00,0,0,0,37843.00,0.00,37843.00,0,0,0
SCN-04-MIXED-0067,INC-SCN-04-MIXED-0067,2026-09-05T04:34:00+00:00,38185.00,38185.00,38185.00,0.00,25291.89,25291.89,0.00,1,1,0,0,0,0,38185.00,38185.00,0.00,0.00,0.662351,38185.00,0.00,38185.00,0,0,0,38185.00,0.00,38185.00,0,0,0,38185.00,0.00,38185.00,0,0,0,38185.00,0.00,38185.00,0,0,0,38185.00,0.00,38185.00,0,0,0,38185.00,0.00,38185.00,0,0,0
SCN-04-MIXED-0068,INC-SCN-04-MIXED-0068,2026-09-05T04:49:00+00:00,21540.00,21540.00,21540.00,0.00,14374.22,21540.00,7165.78,1,3,2,2,0,0,28931.00,34342.00,0.00,12834.22,1.0,21540.00,0.00,21540.00,0,0,0,21540.00,0.00,21540.00,2,2,0,21540.00,0.00,21540.00,3,3,0,21540.00,0.00,21540.00,3,3,0,21540.00,0.00,21540.00,3,3,0,21540.00,0.00,21540.00,3,3,0
SCN-04-MIXED-0069,INC-SCN-04-MIXED-0069,2026-09-05T05:04:00+00:00,23003.00,23003.00,23003.00,0.00,16370.51,23003.00,6632.49,1,3,2,2,0,0,29880.00,36058.00,0.00,13367.51,1.0,23003.00,0.00,23003.00,0,0,0,23003.00,0.00,23003.00,2,2,0,23003.00,0.00,23003.00,3,3,0,23003.00,0.00,23003.00,3,3,0,23003.00,0.00,23003.00,3,3,0,23003.00,0.00,23003.00,3,3,0
SCN-04-MIXED-0070,INC-SCN-04-MIXED-0070,2026-09-05T05:19:00+00:00,31326.00,31326.00,31326.00,0.00,21973.21,31326.00,9352.79,1,2,1,1,0,0,41052.00,41052.00,0.00,647.21,1.0,31326.00,0.00,31326.00,0,0,0,31326.00,0.00,31326.00,1,1,0,31326.00,0.00,31326.00,1,1,0,31326.00,0.00,31326.00,1,1,0,31326.00,0.00,31326.00,1,1,0,31326.00,0.00,31326.00,1,1,0
SCN-04-MIXED-0071,INC-SCN-04-MIXED-0071,2026-09-05T05:34:00+00:00,37470.00,37470.00,37470.00,0.00,26097.07,37470.00,11372.93,1,4,3,3,0,0,49202.00,66452.00,0.00,13805.07,1.0,37470.00,0.00,37470.00,0,0,0,37470.00,0.00,37470.00,3,3,0,37470.00,0.00,37470.00,3,3,0,37470.00,0.00,37470.00,3,3,0,37470.00,0.00,37470.00,3,3,0,37470.00,0.00,37470.00,3,3,0
SCN-04-MIXED-0072,INC-SCN-04-MIXED-0072,2026-09-05T05:49:00+00:00,21430.00,21430.00,21430.00,0.00,13802.84,21430.00,7627.16,1,2,1,1,0,0,29291.00,29291.00,0.00,2372.84,1.0,21430.00,0.00,21430.00,0,0,0,21430.00,0.00,21430.00,1,1,0,21430.00,0.00,21430.00,1,1,0,21430.00,0.00,21430.00,1,1,0,21430.00,0.00,21430.00,1,1,0,21430.00,0.00,21430.00,1,1,0
SCN-04-MIXED-0073,INC-SCN-04-MIXED-0073,2026-09-05T06:04:00+00:00,20674.00,20674.00,20674.00,0.00,14062.12,20674.00,6611.88,1,2,1,1,0,0,27496.00,27496.00,0.00,3388.12,1.0,20674.00,0.00,20674.00,0,0,0,20674.00,0.00,20674.00,2,2,0,20674.00,0.00,20674.00,3,3,0,20674.00,0.00,20674.00,3,3,0,20674.00,0.00,20674.00,3,3,0,20674.00,0.00,20674.00,3,3,0
SCN-04-MIXED-0074,INC-SCN-04-MIXED-0074,2026-09-05T06:19:00+00:00,22641.00,22641.00,22641.00,0.00,14544.31,14544.31,0.00,1,1,0,0,0,0,22641.00,22641.00,0.00,0.00,0.642388,22641.00,0.00,22641.00,0,0,0,22641.00,0.00,22641.00,0,0,0,22641.00,0.00,22641.00,0,0,0,22641.00,0.00,22641.00,0,0,0,22641.00,0.00,22641.00,0,0,0,22641.00,0.00,22641.00,0,0,0
SCN-04-MIXED-0075,INC-SCN-04-MIXED-0075,2026-09-05T06:34:00+00:00,27883.00,27883.00,27883.00,0.00,19879.68,27883.00,8003.32,1,4,3,3,0,0,36126.00,48104.00,0.00,16142.68,1.0,27883.00,0.00,27883.00,0,0,0,27883.00,0.00,27883.00,3,3,0,27883.00,0.00,27883.00,3,3,0,27883.00,0.00,27883.00,3,3,0,27883.00,0.00,27883.00,3,3,0,27883.00,0.00,27883.00,3,3,0
SCN-04-MIXED-0076,INC-SCN-04-MIXED-0076,2026-09-05T06:49:00+00:00,38907.00,38907.00,38907.00,0.00,26781.86,38907.00,12125.14,1,3,2,2,0,0,51427.00,60599.00,0.00,7874.86,1.0,38907.00,0.00,38907.00,0,0,0,38907.00,0.00,38907.00,2,2,0,38907.00,0.00,38907.00,3,3,0,38907.00,0.00,38907.00,3,3,0,38907.00,0.00,38907.00,3,3,0,38907.00,0.00,38907.00,3,3,0
SCN-04-MIXED-0077,INC-SCN-04-MIXED-0077,2026-09-05T07:04:00+00:00,23693.00,23693.00,23693.00,0.00,16920.79,23693.00,6772.21,1,2,1,1,0,0,30647.00,30647.00,0.00,3227.79,1.0,23693.00,0.00,23693.00,0,0,0,23693.00,0.00,23693.00,1,1,0,23693.00,0.00,23693.00,1,1,0,23693.00,0.00,23693.00,1,1,0,23693.00,0.00,23693.00,1,1,0,23693.00,0.00,23693.00,1,1,0
SCN-04-MIXED-0078,INC-SCN-04-MIXED-0078,2026-09-05T07:19:00+00:00,19978.00,19978.00,19978.00,0.00,13364.70,13364.70,0.00,1,1,0,0,0,0,19978.00,19978.00,0.00,0.00,0.668971,19978.00,0.00,19978.00,0,0,0,19978.00,0.00,19978.00,0,0,0,19978.00,0.00,19978.00,0,0,0,19978.00,0.00,19978.00,0,0,0,19978.00,0.00,19978.00,0,0,0,19978.00,0.00,19978.00,0,0,0
SCN-04-MIXED-0079,INC-SCN-04-MIXED-0079,2026-09-05T07:34:00+00:00,36073.00,36073.00,36073.00,0.00,36073.00,36073.00,0.00,1,1,0,0,0,0,36073.00,36073.00,0.00,0.00,1.0,36073.00,0.00,36073.00,0,0,0,36073.00,0.00,36073.00,0,0,0,36073.00,0.00,36073.00,0,0,0,36073.00,0.00,36073.00,0,0,0,36073.00,0.00,36073.00,0,0,0,36073.00,0.00,36073.00,0,0,0
SCN-04-MIXED-0080,INC-SCN-04-MIXED-0080,2026-09-05T07:49:00+00:00,27495.00,27495.00,27495.00,0.00,17281.36,27495.00,10213.64,1,3,2,2,0,0,38053.00,45845.00,0.00,9786.36,1.0,27495.00,0.00,27495.00,0,0,0,27495.00,0.00,27495.00,2,2,0,27495.00,0.00,27495.00,3,3,0,27495.00,0.00,27495.00,3,3,0,27495.00,0.00,27495.00,3,3,0,27495.00,0.00,27495.00,3,3,0
SCN-04-MIXED-0081,INC-SCN-04-MIXED-0081,2026-09-05T08:04:00+00:00,26782.00,26782.00,26782.00,0.00,16489.49,26782.00,10292.51,1,3,2,2,0,0,37425.00,45350.00,0.00,9707.49,1.0,26782.00,0.00,26782.00,0,0,0,26782.00,0.00,26782.00,2,2,0,26782.00,0.00,26782.00,3,3,0,26782.00,0.00,26782.00,3,3,0,26782.00,0.00,26782.00,3,3,0,26782.00,0.00,26782.00,3,3,0
SCN-04-MIXED-0082,INC-SCN-04-MIXED-0082,2026-09-05T08:19:00+00:00,33296.00,33296.00,33296.00,0.00,21912.01,33296.00,11383.99,1,2,1,1,0,0,45066.00,45066.00,0.00,0.00,1.0,33296.00,0.00,33296.00,0,0,0,33296.00,0.00,33296.00,1,1,0,33296.00,0.00,33296.00,1,1,0,33296.00,0.00,33296.00,1,1,0,33296.00,0.00,33296.00,1,1,0,33296.00,0.00,33296.00,1,1,0
SCN-04-MIXED-0083,INC-SCN-04-MIXED-0083,2026-09-05T08:34:00+00:00,36302.00,36302.00,36302.00,0.00,24266.45,36302.00,12035.55,1,2,1,1,0,0,48748.00,48748.00,0.00,0.00,1.0,36302.00,0.00,36302.00,0,0,0,36302.00,0.00,36302.00,2,2,0,36302.00,0.00,36302.00,3,3,0,36302.00,0.00,36302.00,3,3,0,36302.00,0.00,36302.00,3,3,0,36302.00,0.00,36302.00,3,3,0
SCN-04-MIXED-0084,INC-SCN-04-MIXED-0084,2026-09-05T08:49:00+00:00,37972.00,37972.00,37972.00,0.00,25795.17,37972.00,12176.83,1,2,1,1,0,0,50491.00,50491.00,0.00,0.00,1.0,37972.00,0.00,37972.00,0,0,0,37972.00,0.00,37972.00,1,1,0,37972.00,0.00,37972.00,1,1,0,37972.00,0.00,37972.00,1,1,0,37972.00,0.00,37972.00,1,1,0,37972.00,0.00,37972.00,1,1,0
SCN-04-MIXED-0085,INC-SCN-04-MIXED-0085,2026-09-05T09:04:00+00:00,25104.00,25104.00,25104.00,0.00,16337.50,25104.00,8766.50,1,3,2,2,0,0,34204.00,41258.00,0.00,11233.50,1.0,25104.00,0.00,25104.00,0,0,0,25104.00,0.00,25104.00,2,2,0,25104.00,0.00,25104.00,3,3,0,25104.00,0.00,25104.00,3,3,0,25104.00,0.00,25104.00,3,3,0,25104.00,0.00,25104.00,3,3,0
SCN-04-MIXED-0086,INC-SCN-04-MIXED-0086,2026-09-05T09:19:00+00:00,20177.00,20177.00,20177.00,0.00,20177.00,20177.00,0.00,1,1,0,0,0,0,20177.00,20177.00,0.00,0.00,1.0,20177.00,0.00,20177.00,0,0,0,20177.00,0.00,20177.00,0,0,0,20177.00,0.00,20177.00,0,0,0,20177.00,0.00,20177.00,0,0,0,20177.00,0.00,20177.00,0,0,0,20177.00,0.00,20177.00,0,0,0
SCN-04-MIXED-0087,INC-SCN-04-MIXED-0087,2026-09-05T09:34:00+00:00,29108.00,29108.00,29108.00,0.00,18773.17,18773.17,0.00,1,1,0,0,0,0,29108.00,29108.00,0.00,0.00,0.644949,29108.00,0.00,29108.00,0,0,0,29108.00,0.00,29108.00,0,0,0,29108.00,0.00,29108.00,0,0,0,29108.00,0.00,29108.00,0,0,0,29108.00,0.00,29108.00,0,0,0,29108.00,0.00,29108.00,0,0,0
SCN-04-MIXED-0088,INC-SCN-04-MIXED-0088,2026-09-05T09:49:00+00:00,20391.00,20391.00,20391.00,0.00,13115.63,20391.00,7275.37,1,3,2,2,0,0,27899.00,33943.00,0.00,12724.63,1.0,20391.00,0.00,20391.00,0,0,0,20391.00,0.00,20391.00,2,2,0,20391.00,0.00,20391.00,2,2,0,20391.00,0.00,20391.00,2,2,0,20391.00,0.00,20391.00,2,2,0,20391.00,0.00,20391.00,2,2,0
SCN-04-MIXED-0089,INC-SCN-04-MIXED-0089,2026-09-05T10:04:00+00:00,28372.00,28372.00,28372.00,0.00,28372.00,28372.00,0.00,1,1,0,0,0,0,28372.00,28372.00,0.00,0.00,1.0,28372.00,0.00,28372.00,0,0,0,28372.00,0.00,28372.00,0,0,0,28372.00,0.00,28372.00,0,0,0,28372.00,0.00,28372.00,0,0,0,28372.00,0.00,28372.00,0,0,0,28372.00,0.00,28372.00,0,0,0
SCN-04-MIXED-0090,INC-SCN-04-MIXED-0090,2026-09-05T10:19:00+00:00,28969.00,28969.00,28969.00,0.00,20397.74,28969.00,8571.26,1,2,1,1,0,0,37782.00,37782.00,0.00,1428.74,1.0,28969.00,0.00,28969.00,0,0,0,28969.00,0.00,28969.00,1,1,0,28969.00,0.00,28969.00,1,1,0,28969.00,0.00,28969.00,1,1,0,28969.00,0.00,28969.00,1,1,0,28969.00,0.00,28969.00,1,1,0
SCN-04-MIXED-0091,INC-SCN-04-MIXED-0091,2026-09-05T10:34:00+00:00,27566.00,27566.00,27566.00,0.00,18848.32,27566.00,8717.68,1,2,1,1,0,0,36537.00,36537.00,0.00,1282.32,1.0,27566.00,0.00,27566.00,0,0,0,27566.00,0.00,27566.00,2,2,0,27566.00,0.00,27566.00,3,3,0,27566.00,0.00,27566.00,3,3,0,27566.00,0.00,27566.00,3,3,0,27566.00,0.00,27566.00,3,3,0
SCN-04-MIXED-0092,INC-SCN-04-MIXED-0092,2026-09-05T10:49:00+00:00,35641.00,35641.00,35641.00,0.00,25489.23,25489.23,0.00,1,1,0,0,0,0,35641.00,35641.00,0.00,0.00,0.715166,35641.00,0.00,35641.00,0,0,0,35641.00,0.00,35641.00,0,0,0,35641.00,0.00,35641.00,0,0,0,35641.00,0.00,35641.00,0,0,0,35641.00,0.00,35641.00,0,0,0,35641.00,0.00,35641.00,0,0,0
SCN-04-MIXED-0093,INC-SCN-04-MIXED-0093,2026-09-05T11:04:00+00:00,28113.00,28113.00,28113.00,0.00,18727.20,18727.20,0.00,1,1,0,0,0,0,28113.00,28113.00,0.00,0.00,0.66614,28113.00,0.00,28113.00,0,0,0,28113.00,0.00,28113.00,0,0,0,28113.00,0.00,28113.00,0,0,0,28113.00,0.00,28113.00,0,0,0,28113.00,0.00,28113.00,0,0,0,28113.00,0.00,28113.00,0,0,0
SCN-04-MIXED-0094,INC-SCN-04-MIXED-0094,2026-09-05T11:19:00+00:00,37098.00,37098.00,37098.00,0.00,25242.29,25242.29,0.00,1,1,0,0,0,0,37098.00,37098.00,0.00,0.00,0.680422,37098.00,0.00,37098.00,0,0,0,37098.00,0.00,37098.00,0,0,0,37098.00,0.00,37098.00,0,0,0,37098.00,0.00,37098.00,0,0,0,37098.00,0.00,37098.00,0,0,0,37098.00,0.00,37098.00,0,0,0
SCN-04-MIXED-0095,INC-SCN-04-MIXED-0095,2026-09-05T11:34:00+00:00,25785.00,25785.00,25785.00,0.00,17539.44,17539.44,0.00,1,1,0,0,0,0,25785.00,25785.00,0.00,0.00,0.680219,25785.00,0.00,25785.00,0,0,0,25785.00,0.00,25785.00,0,0,0,25785.00,0.00,25785.00,0,0,0,25785.00,0.00,25785.00,0,0,0,25785.00,0.00,25785.00,0,0,0,25785.00,0.00,25785.00,0,0,0
SCN-04-MIXED-0096,INC-SCN-04-MIXED-0096,2026-09-05T11:49:00+00:00,32709.00,32709.00,32709.00,0.00,20239.17,32709.00,12469.83,1,3,2,2,0,0,45533.00,55156.00,0.00,7530.17,1.0,32709.00,0.00,32709.00,0,0,0,32709.00,0.00,32709.00,2,2,0,32709.00,0.00,32709.00,3,3,0,32709.00,0.00,32709.00,3,3,0,32709.00,0.00,32709.00,3,3,0,32709.00,0.00,32709.00,3,3,0
SCN-04-MIXED-0097,INC-SCN-04-MIXED-0097,2026-09-05T12:04:00+00:00,29843.00,29843.00,29843.00,0.00,18305.90,29843.00,11537.10,1,2,1,1,0,0,41706.00,41706.00,0.00,0.00,1.0,29843.00,0.00,29843.00,0,0,0,29843.00,0.00,29843.00,1,1,0,29843.00,0.00,29843.00,1,1,0,29843.00,0.00,29843.00,1,1,0,29843.00,0.00,29843.00,1,1,0,29843.00,0.00,29843.00,1,1,0
SCN-04-MIXED-0098,INC-SCN-04-MIXED-0098,2026-09-05T12:19:00+00:00,28195.00,28195.00,28195.00,0.00,20536.35,28195.00,7658.65,1,2,1,1,0,0,36128.00,36128.00,0.00,2341.35,1.0,28195.00,0.00,28195.00,0,0,0,28195.00,0.00,28195.00,1,1,0,28195.00,0.00,28195.00,1,1,0,28195.00,0.00,28195.00,1,1,0,28195.00,0.00,28195.00,1,1,0,28195.00,0.00,28195.00,1,1,0
SCN-04-MIXED-0099,INC-SCN-04-MIXED-0099,2026-09-05T12:34:00+00:00,20111.00,20111.00,20111.00,0.00,13075.99,20111.00,7035.01,1,3,2,2,0,0,27365.00,33356.00,0.00,12839.99,1.0,20111.00,0.00,20111.00,0,0,0,20111.00,0.00,20111.00,3,3,0,20111.00,0.00,20111.00,3,3,0,20111.00,0.00,20111.00,3,3,0,20111.00,0.00,20111.00,3,3,0,20111.00,0.00,20111.00,3,3,0
SCN-04-MIXED-0100,INC-SCN-04-MIXED-0100,2026-09-05T12:49:00+00:00,37037.00,37037.00,37037.00,0.00,24621.24,37037.00,12415.76,1,3,2,2,0,0,49789.00,61392.00,0.00,7584.24,1.0,37037.00,0.00,37037.00,0,0,0,37037.00,0.00,37037.00,3,3,0,37037.00,0.00,37037.00,3,3,0,37037.00,0.00,37037.00,3,3,0,37037.00,0.00,37037.00,3,3,0,37037.00,0.00,37037.00,3,3,0
SCN-05-CASHOUT-0001,INC-SCN-05-CASHOUT-0001,2026-09-05T13:04:00+00:00,26242.00,26242.00,26242.00,0.00,26242.00,26242.00,0.00,1,1,0,0,0,0,26242.00,26242.00,0.00,0.00,1.0,26242.00,0.00,26242.00,0,0,0,26242.00,0.00,26242.00,0,0,0,7096.81,19145.19,26242.00,0,0,1,7096.81,19145.19,26242.00,0,0,1,7096.81,19145.19,26242.00,0,0,1,7096.81,19145.19,26242.00,0,0,1
SCN-05-CASHOUT-0002,INC-SCN-05-CASHOUT-0002,2026-09-05T13:19:00+00:00,24948.00,24948.00,24948.00,0.00,24948.00,24948.00,0.00,1,1,0,0,0,0,24948.00,24948.00,0.00,0.00,1.0,24948.00,0.00,24948.00,0,0,0,24948.00,0.00,24948.00,0,0,0,9886.46,15061.54,24948.00,0,0,1,9886.46,15061.54,24948.00,0,0,1,9886.46,15061.54,24948.00,0,0,1,9886.46,15061.54,24948.00,0,0,1
SCN-05-CASHOUT-0003,INC-SCN-05-CASHOUT-0003,2026-09-05T13:34:00+00:00,32234.00,32234.00,32234.00,0.00,32234.00,32234.00,0.00,1,1,0,0,0,0,32234.00,32234.00,0.00,0.00,1.0,32234.00,0.00,32234.00,0,0,0,32234.00,0.00,32234.00,0,0,0,32234.00,0.00,32234.00,0,0,0,32234.00,0.00,32234.00,0,0,0,32234.00,0.00,32234.00,0,0,0,32234.00,0.00,32234.00,0,0,0
SCN-05-CASHOUT-0004,INC-SCN-05-CASHOUT-0004,2026-09-05T13:49:00+00:00,29068.00,29068.00,29068.00,0.00,29068.00,29068.00,0.00,1,1,0,0,0,0,29068.00,29068.00,0.00,0.00,1.0,29068.00,0.00,29068.00,0,0,0,7121.00,21947.00,29068.00,0,0,1,7121.00,21947.00,29068.00,0,0,1,7121.00,21947.00,29068.00,0,0,1,7121.00,21947.00,29068.00,0,0,1,7121.00,21947.00,29068.00,0,0,1
SCN-05-CASHOUT-0005,INC-SCN-05-CASHOUT-0005,2026-09-05T14:04:00+00:00,28930.00,28930.00,28930.00,0.00,28930.00,28930.00,0.00,1,1,0,0,0,0,28930.00,28930.00,0.00,0.00,1.0,28930.00,0.00,28930.00,0,0,0,28930.00,0.00,28930.00,0,0,0,12975.64,15954.36,28930.00,0,0,1,12975.64,15954.36,28930.00,0,0,1,12975.64,15954.36,28930.00,0,0,1,12975.64,15954.36,28930.00,0,0,1
SCN-05-CASHOUT-0006,INC-SCN-05-CASHOUT-0006,2026-09-05T14:19:00+00:00,24420.00,24420.00,24420.00,0.00,24420.00,24420.00,0.00,1,1,0,0,0,0,24420.00,24420.00,0.00,0.00,1.0,24420.00,0.00,24420.00,0,0,0,9138.90,15281.10,24420.00,0,0,1,9138.90,15281.10,24420.00,0,0,1,9138.90,15281.10,24420.00,0,0,1,9138.90,15281.10,24420.00,0,0,1,9138.90,15281.10,24420.00,0,0,1
SCN-05-CASHOUT-0007,INC-SCN-05-CASHOUT-0007,2026-09-05T14:34:00+00:00,19620.00,19620.00,19620.00,0.00,19620.00,19620.00,0.00,1,1,0,0,0,0,19620.00,19620.00,0.00,0.00,1.0,19620.00,0.00,19620.00,0,0,0,8244.25,11375.75,19620.00,0,0,1,8244.25,11375.75,19620.00,0,0,1,8244.25,11375.75,19620.00,0,0,1,8244.25,11375.75,19620.00,0,0,1,8244.25,11375.75,19620.00,0,0,1
SCN-05-CASHOUT-0008,INC-SCN-05-CASHOUT-0008,2026-09-05T14:49:00+00:00,25246.00,25246.00,25246.00,0.00,25246.00,25246.00,0.00,1,1,0,0,0,0,25246.00,25246.00,0.00,0.00,1.0,25246.00,0.00,25246.00,0,0,0,10467.02,14778.98,25246.00,0,0,1,10467.02,14778.98,25246.00,0,0,1,10467.02,14778.98,25246.00,0,0,1,10467.02,14778.98,25246.00,0,0,1,10467.02,14778.98,25246.00,0,0,1
SCN-05-CASHOUT-0009,INC-SCN-05-CASHOUT-0009,2026-09-05T15:04:00+00:00,26982.00,26982.00,26982.00,0.00,26982.00,26982.00,0.00,1,1,0,0,0,0,26982.00,26982.00,0.00,0.00,1.0,26982.00,0.00,26982.00,0,0,0,9065.70,17916.30,26982.00,0,0,1,9065.70,17916.30,26982.00,0,0,1,9065.70,17916.30,26982.00,0,0,1,9065.70,17916.30,26982.00,0,0,1,9065.70,17916.30,26982.00,0,0,1
SCN-05-CASHOUT-0010,INC-SCN-05-CASHOUT-0010,2026-09-05T15:19:00+00:00,19382.00,19382.00,19382.00,0.00,19382.00,19382.00,0.00,1,1,0,0,0,0,19382.00,19382.00,0.00,0.00,1.0,19382.00,0.00,19382.00,0,0,0,19382.00,0.00,19382.00,0,0,0,5480.85,13901.15,19382.00,0,0,1,5480.85,13901.15,19382.00,0,0,1,5480.85,13901.15,19382.00,0,0,1,5480.85,13901.15,19382.00,0,0,1
SCN-05-CASHOUT-0011,INC-SCN-05-CASHOUT-0011,2026-09-05T15:34:00+00:00,27990.00,27990.00,27990.00,0.00,27990.00,27990.00,0.00,1,1,0,0,0,0,27990.00,27990.00,0.00,0.00,1.0,27990.00,0.00,27990.00,0,0,0,27990.00,0.00,27990.00,0,0,0,9519.59,18470.41,27990.00,0,0,1,9519.59,18470.41,27990.00,0,0,1,9519.59,18470.41,27990.00,0,0,1,9519.59,18470.41,27990.00,0,0,1
SCN-05-CASHOUT-0012,INC-SCN-05-CASHOUT-0012,2026-09-05T15:49:00+00:00,24223.00,24223.00,24223.00,0.00,24223.00,24223.00,0.00,1,1,0,0,0,0,24223.00,24223.00,0.00,0.00,1.0,24223.00,0.00,24223.00,0,0,0,24223.00,0.00,24223.00,0,0,0,9579.42,14643.58,24223.00,0,0,1,9579.42,14643.58,24223.00,0,0,1,9579.42,14643.58,24223.00,0,0,1,9579.42,14643.58,24223.00,0,0,1
SCN-05-CASHOUT-0013,INC-SCN-05-CASHOUT-0013,2026-09-05T16:04:00+00:00,23111.00,23111.00,23111.00,0.00,23111.00,23111.00,0.00,1,1,0,0,0,0,23111.00,23111.00,0.00,0.00,1.0,23111.00,0.00,23111.00,0,0,0,23111.00,0.00,23111.00,0,0,0,5502.58,17608.42,23111.00,0,0,1,5502.58,17608.42,23111.00,0,0,1,5502.58,17608.42,23111.00,0,0,1,5502.58,17608.42,23111.00,0,0,1
SCN-05-CASHOUT-0014,INC-SCN-05-CASHOUT-0014,2026-09-05T16:19:00+00:00,24322.00,24322.00,24322.00,0.00,24322.00,24322.00,0.00,1,1,0,0,0,0,24322.00,24322.00,0.00,0.00,1.0,24322.00,0.00,24322.00,0,0,0,10212.67,14109.33,24322.00,0,0,1,10212.67,14109.33,24322.00,0,0,1,10212.67,14109.33,24322.00,0,0,1,10212.67,14109.33,24322.00,0,0,1,10212.67,14109.33,24322.00,0,0,1
SCN-05-CASHOUT-0015,INC-SCN-05-CASHOUT-0015,2026-09-05T16:34:00+00:00,27615.00,27615.00,27615.00,0.00,27615.00,27615.00,0.00,1,1,0,0,0,0,27615.00,27615.00,0.00,0.00,1.0,27615.00,0.00,27615.00,0,0,0,27615.00,0.00,27615.00,0,0,0,9701.91,17913.09,27615.00,0,0,1,9701.91,17913.09,27615.00,0,0,1,9701.91,17913.09,27615.00,0,0,1,9701.91,17913.09,27615.00,0,0,1
SCN-05-CASHOUT-0016,INC-SCN-05-CASHOUT-0016,2026-09-05T16:49:00+00:00,22212.00,22212.00,22212.00,0.00,22212.00,22212.00,0.00,1,1,0,0,0,0,22212.00,22212.00,0.00,0.00,1.0,22212.00,0.00,22212.00,0,0,0,22212.00,0.00,22212.00,0,0,0,7688.70,14523.30,22212.00,0,0,1,7688.70,14523.30,22212.00,0,0,1,7688.70,14523.30,22212.00,0,0,1,7688.70,14523.30,22212.00,0,0,1
SCN-05-CASHOUT-0017,INC-SCN-05-CASHOUT-0017,2026-09-05T17:04:00+00:00,17613.00,17613.00,17613.00,0.00,17613.00,17613.00,0.00,1,1,0,0,0,0,17613.00,17613.00,0.00,0.00,1.0,17613.00,0.00,17613.00,0,0,0,17613.00,0.00,17613.00,0,0,0,5444.97,12168.03,17613.00,0,0,1,5444.97,12168.03,17613.00,0,0,1,5444.97,12168.03,17613.00,0,0,1,5444.97,12168.03,17613.00,0,0,1
SCN-05-CASHOUT-0018,INC-SCN-05-CASHOUT-0018,2026-09-05T17:19:00+00:00,32978.00,32978.00,32978.00,0.00,32978.00,32978.00,0.00,1,1,0,0,0,0,32978.00,32978.00,0.00,0.00,1.0,32978.00,0.00,32978.00,0,0,0,8790.79,24187.21,32978.00,0,0,1,8790.79,24187.21,32978.00,0,0,1,8790.79,24187.21,32978.00,0,0,1,8790.79,24187.21,32978.00,0,0,1,8790.79,24187.21,32978.00,0,0,1
SCN-05-CASHOUT-0019,INC-SCN-05-CASHOUT-0019,2026-09-05T17:34:00+00:00,30548.00,30548.00,30548.00,0.00,30548.00,30548.00,0.00,1,1,0,0,0,0,30548.00,30548.00,0.00,0.00,1.0,30548.00,0.00,30548.00,0,0,0,30548.00,0.00,30548.00,0,0,0,13672.03,16875.97,30548.00,0,0,1,13672.03,16875.97,30548.00,0,0,1,13672.03,16875.97,30548.00,0,0,1,13672.03,16875.97,30548.00,0,0,1
SCN-05-CASHOUT-0020,INC-SCN-05-CASHOUT-0020,2026-09-05T17:49:00+00:00,26364.00,26364.00,26364.00,0.00,26364.00,26364.00,0.00,1,1,0,0,0,0,26364.00,26364.00,0.00,0.00,1.0,26364.00,0.00,26364.00,0,0,0,8259.14,18104.86,26364.00,0,0,1,8259.14,18104.86,26364.00,0,0,1,8259.14,18104.86,26364.00,0,0,1,8259.14,18104.86,26364.00,0,0,1,8259.14,18104.86,26364.00,0,0,1
SCN-05-CASHOUT-0021,INC-SCN-05-CASHOUT-0021,2026-09-05T18:04:00+00:00,33445.00,33445.00,33445.00,0.00,33445.00,33445.00,0.00,1,1,0,0,0,0,33445.00,33445.00,0.00,0.00,1.0,33445.00,0.00,33445.00,0,0,0,7155.66,26289.34,33445.00,0,0,1,7155.66,26289.34,33445.00,0,0,1,7155.66,26289.34,33445.00,0,0,1,7155.66,26289.34,33445.00,0,0,1,7155.66,26289.34,33445.00,0,0,1
SCN-05-CASHOUT-0022,INC-SCN-05-CASHOUT-0022,2026-09-05T18:19:00+00:00,25855.00,25855.00,25855.00,0.00,25855.00,25855.00,0.00,1,1,0,0,0,0,25855.00,25855.00,0.00,0.00,1.0,25855.00,0.00,25855.00,0,0,0,9447.80,16407.20,25855.00,0,0,1,9447.80,16407.20,25855.00,0,0,1,9447.80,16407.20,25855.00,0,0,1,9447.80,16407.20,25855.00,0,0,1,9447.80,16407.20,25855.00,0,0,1
SCN-05-CASHOUT-0023,INC-SCN-05-CASHOUT-0023,2026-09-05T18:34:00+00:00,23150.00,23150.00,23150.00,0.00,23150.00,23150.00,0.00,1,1,0,0,0,0,23150.00,23150.00,0.00,0.00,1.0,23150.00,0.00,23150.00,0,0,0,7407.57,15742.43,23150.00,0,0,1,7407.57,15742.43,23150.00,0,0,1,7407.57,15742.43,23150.00,0,0,1,7407.57,15742.43,23150.00,0,0,1,7407.57,15742.43,23150.00,0,0,1
SCN-05-CASHOUT-0024,INC-SCN-05-CASHOUT-0024,2026-09-05T18:49:00+00:00,32428.00,32428.00,32428.00,0.00,32428.00,32428.00,0.00,1,1,0,0,0,0,32428.00,32428.00,0.00,0.00,1.0,32428.00,0.00,32428.00,0,0,0,32428.00,0.00,32428.00,0,0,0,9358.90,23069.10,32428.00,0,0,1,9358.90,23069.10,32428.00,0,0,1,9358.90,23069.10,32428.00,0,0,1,9358.90,23069.10,32428.00,0,0,1
SCN-05-CASHOUT-0025,INC-SCN-05-CASHOUT-0025,2026-09-05T19:04:00+00:00,24767.00,24767.00,24767.00,0.00,24767.00,24767.00,0.00,1,1,0,0,0,0,24767.00,24767.00,0.00,0.00,1.0,24767.00,0.00,24767.00,0,0,0,7353.51,17413.49,24767.00,0,0,1,7353.51,17413.49,24767.00,0,0,1,7353.51,17413.49,24767.00,0,0,1,7353.51,17413.49,24767.00,0,0,1,7353.51,17413.49,24767.00,0,0,1
SCN-05-CASHOUT-0026,INC-SCN-05-CASHOUT-0026,2026-09-05T19:19:00+00:00,23700.00,23700.00,23700.00,0.00,23700.00,23700.00,0.00,1,1,0,0,0,0,23700.00,23700.00,0.00,0.00,1.0,23700.00,0.00,23700.00,0,0,0,8086.72,15613.28,23700.00,0,0,1,8086.72,15613.28,23700.00,0,0,1,8086.72,15613.28,23700.00,0,0,1,8086.72,15613.28,23700.00,0,0,1,8086.72,15613.28,23700.00,0,0,1
SCN-05-CASHOUT-0027,INC-SCN-05-CASHOUT-0027,2026-09-05T19:34:00+00:00,31069.00,31069.00,31069.00,0.00,31069.00,31069.00,0.00,1,1,0,0,0,0,31069.00,31069.00,0.00,0.00,1.0,31069.00,0.00,31069.00,0,0,0,9999.47,21069.53,31069.00,0,0,1,9999.47,21069.53,31069.00,0,0,1,9999.47,21069.53,31069.00,0,0,1,9999.47,21069.53,31069.00,0,0,1,9999.47,21069.53,31069.00,0,0,1
SCN-05-CASHOUT-0028,INC-SCN-05-CASHOUT-0028,2026-09-05T19:49:00+00:00,18230.00,18230.00,18230.00,0.00,18230.00,18230.00,0.00,1,1,0,0,0,0,18230.00,18230.00,0.00,0.00,1.0,18230.00,0.00,18230.00,0,0,0,5072.18,13157.82,18230.00,0,0,1,5072.18,13157.82,18230.00,0,0,1,5072.18,13157.82,18230.00,0,0,1,5072.18,13157.82,18230.00,0,0,1,5072.18,13157.82,18230.00,0,0,1
SCN-05-CASHOUT-0029,INC-SCN-05-CASHOUT-0029,2026-09-05T20:04:00+00:00,17619.00,17619.00,17619.00,0.00,17619.00,17619.00,0.00,1,1,0,0,0,0,17619.00,17619.00,0.00,0.00,1.0,17619.00,0.00,17619.00,0,0,0,17619.00,0.00,17619.00,0,0,0,4786.44,12832.56,17619.00,0,0,1,4786.44,12832.56,17619.00,0,0,1,4786.44,12832.56,17619.00,0,0,1,4786.44,12832.56,17619.00,0,0,1
SCN-05-CASHOUT-0030,INC-SCN-05-CASHOUT-0030,2026-09-05T20:19:00+00:00,21719.00,21719.00,21719.00,0.00,21719.00,21719.00,0.00,1,1,0,0,0,0,21719.00,21719.00,0.00,0.00,1.0,21719.00,0.00,21719.00,0,0,0,7340.09,14378.91,21719.00,0,0,1,7340.09,14378.91,21719.00,0,0,1,7340.09,14378.91,21719.00,0,0,1,7340.09,14378.91,21719.00,0,0,1,7340.09,14378.91,21719.00,0,0,1
SCN-05-CASHOUT-0031,INC-SCN-05-CASHOUT-0031,2026-09-05T20:34:00+00:00,33060.00,33060.00,33060.00,0.00,33060.00,33060.00,0.00,1,1,0,0,0,0,33060.00,33060.00,0.00,0.00,1.0,33060.00,0.00,33060.00,0,0,0,7667.19,25392.81,33060.00,0,0,1,7667.19,25392.81,33060.00,0,0,1,7667.19,25392.81,33060.00,0,0,1,7667.19,25392.81,33060.00,0,0,1,7667.19,25392.81,33060.00,0,0,1
SCN-05-CASHOUT-0032,INC-SCN-05-CASHOUT-0032,2026-09-05T20:49:00+00:00,24530.00,24530.00,24530.00,0.00,24530.00,24530.00,0.00,1,1,0,0,0,0,24530.00,24530.00,0.00,0.00,1.0,24530.00,0.00,24530.00,0,0,0,24530.00,0.00,24530.00,0,0,0,24530.00,0.00,24530.00,0,0,0,24530.00,0.00,24530.00,0,0,0,24530.00,0.00,24530.00,0,0,0,24530.00,0.00,24530.00,0,0,0
SCN-05-CASHOUT-0033,INC-SCN-05-CASHOUT-0033,2026-09-05T21:04:00+00:00,17694.00,17694.00,17694.00,0.00,17694.00,17694.00,0.00,1,1,0,0,0,0,17694.00,17694.00,0.00,0.00,1.0,17694.00,0.00,17694.00,0,0,0,7411.29,10282.71,17694.00,0,0,1,7411.29,10282.71,17694.00,0,0,1,7411.29,10282.71,17694.00,0,0,1,7411.29,10282.71,17694.00,0,0,1,7411.29,10282.71,17694.00,0,0,1
SCN-05-CASHOUT-0034,INC-SCN-05-CASHOUT-0034,2026-09-05T21:19:00+00:00,19306.00,19306.00,19306.00,0.00,19306.00,19306.00,0.00,1,1,0,0,0,0,19306.00,19306.00,0.00,0.00,1.0,19306.00,0.00,19306.00,0,0,0,19306.00,0.00,19306.00,0,0,0,4999.51,14306.49,19306.00,0,0,1,4999.51,14306.49,19306.00,0,0,1,4999.51,14306.49,19306.00,0,0,1,4999.51,14306.49,19306.00,0,0,1
SCN-05-CASHOUT-0035,INC-SCN-05-CASHOUT-0035,2026-09-05T21:34:00+00:00,31335.00,31335.00,31335.00,0.00,31335.00,31335.00,0.00,1,1,0,0,0,0,31335.00,31335.00,0.00,0.00,1.0,31335.00,0.00,31335.00,0,0,0,7150.68,24184.32,31335.00,0,0,1,7150.68,24184.32,31335.00,0,0,1,7150.68,24184.32,31335.00,0,0,1,7150.68,24184.32,31335.00,0,0,1,7150.68,24184.32,31335.00,0,0,1
SCN-05-CASHOUT-0036,INC-SCN-05-CASHOUT-0036,2026-09-05T21:49:00+00:00,20414.00,20414.00,20414.00,0.00,20414.00,20414.00,0.00,1,1,0,0,0,0,20414.00,20414.00,0.00,0.00,1.0,20414.00,0.00,20414.00,0,0,0,5633.79,14780.21,20414.00,0,0,1,5633.79,14780.21,20414.00,0,0,1,5633.79,14780.21,20414.00,0,0,1,5633.79,14780.21,20414.00,0,0,1,5633.79,14780.21,20414.00,0,0,1
SCN-05-CASHOUT-0037,INC-SCN-05-CASHOUT-0037,2026-09-05T22:04:00+00:00,19183.00,19183.00,19183.00,0.00,19183.00,19183.00,0.00,1,1,0,0,0,0,19183.00,19183.00,0.00,0.00,1.0,19183.00,0.00,19183.00,0,0,0,19183.00,0.00,19183.00,0,0,0,5189.02,13993.98,19183.00,0,0,1,5189.02,13993.98,19183.00,0,0,1,5189.02,13993.98,19183.00,0,0,1,5189.02,13993.98,19183.00,0,0,1
SCN-05-CASHOUT-0038,INC-SCN-05-CASHOUT-0038,2026-09-05T22:19:00+00:00,18790.00,18790.00,18790.00,0.00,18790.00,18790.00,0.00,1,1,0,0,0,0,18790.00,18790.00,0.00,0.00,1.0,18790.00,0.00,18790.00,0,0,0,18790.00,0.00,18790.00,0,0,0,18790.00,0.00,18790.00,0,0,0,18790.00,0.00,18790.00,0,0,0,18790.00,0.00,18790.00,0,0,0,18790.00,0.00,18790.00,0,0,0
SCN-05-CASHOUT-0039,INC-SCN-05-CASHOUT-0039,2026-09-05T22:34:00+00:00,28200.00,28200.00,28200.00,0.00,28200.00,28200.00,0.00,1,1,0,0,0,0,28200.00,28200.00,0.00,0.00,1.0,28200.00,0.00,28200.00,0,0,0,6344.44,21855.56,28200.00,0,0,1,6344.44,21855.56,28200.00,0,0,1,6344.44,21855.56,28200.00,0,0,1,6344.44,21855.56,28200.00,0,0,1,6344.44,21855.56,28200.00,0,0,1
SCN-05-CASHOUT-0040,INC-SCN-05-CASHOUT-0040,2026-09-05T22:49:00+00:00,20924.00,20924.00,20924.00,0.00,20924.00,20924.00,0.00,1,1,0,0,0,0,20924.00,20924.00,0.00,0.00,1.0,20924.00,0.00,20924.00,0,0,0,5592.19,15331.81,20924.00,0,0,1,5592.19,15331.81,20924.00,0,0,1,5592.19,15331.81,20924.00,0,0,1,5592.19,15331.81,20924.00,0,0,1,5592.19,15331.81,20924.00,0,0,1
SCN-05-CASHOUT-0041,INC-SCN-05-CASHOUT-0041,2026-09-05T23:04:00+00:00,22155.00,22155.00,22155.00,0.00,22155.00,22155.00,0.00,1,1,0,0,0,0,22155.00,22155.00,0.00,0.00,1.0,22155.00,0.00,22155.00,0,0,0,22155.00,0.00,22155.00,0,0,0,6374.01,15780.99,22155.00,0,0,1,6374.01,15780.99,22155.00,0,0,1,6374.01,15780.99,22155.00,0,0,1,6374.01,15780.99,22155.00,0,0,1
SCN-05-CASHOUT-0042,INC-SCN-05-CASHOUT-0042,2026-09-05T23:19:00+00:00,24054.00,24054.00,24054.00,0.00,24054.00,24054.00,0.00,1,1,0,0,0,0,24054.00,24054.00,0.00,0.00,1.0,24054.00,0.00,24054.00,0,0,0,10697.98,13356.02,24054.00,0,0,1,10697.98,13356.02,24054.00,0,0,1,10697.98,13356.02,24054.00,0,0,1,10697.98,13356.02,24054.00,0,0,1,10697.98,13356.02,24054.00,0,0,1
SCN-05-CASHOUT-0043,INC-SCN-05-CASHOUT-0043,2026-09-05T23:34:00+00:00,32884.00,32884.00,32884.00,0.00,32884.00,32884.00,0.00,1,1,0,0,0,0,32884.00,32884.00,0.00,0.00,1.0,32884.00,0.00,32884.00,0,0,0,8130.79,24753.21,32884.00,0,0,1,8130.79,24753.21,32884.00,0,0,1,8130.79,24753.21,32884.00,0,0,1,8130.79,24753.21,32884.00,0,0,1,8130.79,24753.21,32884.00,0,0,1
SCN-05-CASHOUT-0044,INC-SCN-05-CASHOUT-0044,2026-09-05T23:49:00+00:00,33175.00,33175.00,33175.00,0.00,33175.00,33175.00,0.00,1,1,0,0,0,0,33175.00,33175.00,0.00,0.00,1.0,33175.00,0.00,33175.00,0,0,0,33175.00,0.00,33175.00,0,0,0,11249.12,21925.88,33175.00,0,0,1,11249.12,21925.88,33175.00,0,0,1,11249.12,21925.88,33175.00,0,0,1,11249.12,21925.88,33175.00,0,0,1
SCN-05-CASHOUT-0045,INC-SCN-05-CASHOUT-0045,2026-09-06T00:04:00+00:00,23722.00,23722.00,23722.00,0.00,23722.00,23722.00,0.00,1,1,0,0,0,0,23722.00,23722.00,0.00,0.00,1.0,23722.00,0.00,23722.00,0,0,0,23722.00,0.00,23722.00,0,0,0,9763.32,13958.68,23722.00,0,0,1,9763.32,13958.68,23722.00,0,0,1,9763.32,13958.68,23722.00,0,0,1,9763.32,13958.68,23722.00,0,0,1
SCN-05-CASHOUT-0046,INC-SCN-05-CASHOUT-0046,2026-09-06T00:19:00+00:00,17301.00,17301.00,17301.00,0.00,17301.00,17301.00,0.00,1,1,0,0,0,0,17301.00,17301.00,0.00,0.00,1.0,17301.00,0.00,17301.00,0,0,0,17301.00,0.00,17301.00,0,0,0,5763.73,11537.27,17301.00,0,0,1,5763.73,11537.27,17301.00,0,0,1,5763.73,11537.27,17301.00,0,0,1,5763.73,11537.27,17301.00,0,0,1
SCN-05-CASHOUT-0047,INC-SCN-05-CASHOUT-0047,2026-09-06T00:34:00+00:00,18768.00,18768.00,18768.00,0.00,18768.00,18768.00,0.00,1,1,0,0,0,0,18768.00,18768.00,0.00,0.00,1.0,18768.00,0.00,18768.00,0,0,0,18768.00,0.00,18768.00,0,0,0,4341.48,14426.52,18768.00,0,0,1,4341.48,14426.52,18768.00,0,0,1,4341.48,14426.52,18768.00,0,0,1,4341.48,14426.52,18768.00,0,0,1
SCN-05-CASHOUT-0048,INC-SCN-05-CASHOUT-0048,2026-09-06T00:49:00+00:00,20635.00,20635.00,20635.00,0.00,20635.00,20635.00,0.00,1,1,0,0,0,0,20635.00,20635.00,0.00,0.00,1.0,20635.00,0.00,20635.00,0,0,0,6155.01,14479.99,20635.00,0,0,1,6155.01,14479.99,20635.00,0,0,1,6155.01,14479.99,20635.00,0,0,1,6155.01,14479.99,20635.00,0,0,1,6155.01,14479.99,20635.00,0,0,1
SCN-05-CASHOUT-0049,INC-SCN-05-CASHOUT-0049,2026-09-06T01:04:00+00:00,32081.00,32081.00,32081.00,0.00,32081.00,32081.00,0.00,1,1,0,0,0,0,32081.00,32081.00,0.00,0.00,1.0,32081.00,0.00,32081.00,0,0,0,32081.00,0.00,32081.00,0,0,0,10726.74,21354.26,32081.00,0,0,1,10726.74,21354.26,32081.00,0,0,1,10726.74,21354.26,32081.00,0,0,1,10726.74,21354.26,32081.00,0,0,1
SCN-05-CASHOUT-0050,INC-SCN-05-CASHOUT-0050,2026-09-06T01:19:00+00:00,25702.00,25702.00,25702.00,0.00,25702.00,25702.00,0.00,1,1,0,0,0,0,25702.00,25702.00,0.00,0.00,1.0,25702.00,0.00,25702.00,0,0,0,8655.35,17046.65,25702.00,0,0,1,8655.35,17046.65,25702.00,0,0,1,8655.35,17046.65,25702.00,0,0,1,8655.35,17046.65,25702.00,0,0,1,8655.35,17046.65,25702.00,0,0,1
SCN-05-CASHOUT-0051,INC-SCN-05-CASHOUT-0051,2026-09-06T01:34:00+00:00,23261.00,23261.00,23261.00,0.00,23261.00,23261.00,0.00,1,1,0,0,0,0,23261.00,23261.00,0.00,0.00,1.0,23261.00,0.00,23261.00,0,0,0,7460.58,15800.42,23261.00,0,0,1,7460.58,15800.42,23261.00,0,0,1,7460.58,15800.42,23261.00,0,0,1,7460.58,15800.42,23261.00,0,0,1,7460.58,15800.42,23261.00,0,0,1
SCN-05-CASHOUT-0052,INC-SCN-05-CASHOUT-0052,2026-09-06T01:49:00+00:00,27586.00,27586.00,27586.00,0.00,27586.00,27586.00,0.00,1,1,0,0,0,0,27586.00,27586.00,0.00,0.00,1.0,27586.00,0.00,27586.00,0,0,0,27586.00,0.00,27586.00,0,0,0,27586.00,0.00,27586.00,0,0,0,27586.00,0.00,27586.00,0,0,0,27586.00,0.00,27586.00,0,0,0,27586.00,0.00,27586.00,0,0,0
SCN-05-CASHOUT-0053,INC-SCN-05-CASHOUT-0053,2026-09-06T02:04:00+00:00,27286.00,27286.00,27286.00,0.00,27286.00,27286.00,0.00,1,1,0,0,0,0,27286.00,27286.00,0.00,0.00,1.0,27286.00,0.00,27286.00,0,0,0,27286.00,0.00,27286.00,0,0,0,7469.16,19816.84,27286.00,0,0,1,7469.16,19816.84,27286.00,0,0,1,7469.16,19816.84,27286.00,0,0,1,7469.16,19816.84,27286.00,0,0,1
SCN-05-CASHOUT-0054,INC-SCN-05-CASHOUT-0054,2026-09-06T02:19:00+00:00,24812.00,24812.00,24812.00,0.00,24812.00,24812.00,0.00,1,1,0,0,0,0,24812.00,24812.00,0.00,0.00,1.0,24812.00,0.00,24812.00,0,0,0,8001.56,16810.44,24812.00,0,0,1,8001.56,16810.44,24812.00,0,0,1,8001.56,16810.44,24812.00,0,0,1,8001.56,16810.44,24812.00,0,0,1,8001.56,16810.44,24812.00,0,0,1
SCN-05-CASHOUT-0055,INC-SCN-05-CASHOUT-0055,2026-09-06T02:34:00+00:00,17231.00,17231.00,17231.00,0.00,17231.00,17231.00,0.00,1,1,0,0,0,0,17231.00,17231.00,0.00,0.00,1.0,17231.00,0.00,17231.00,0,0,0,17231.00,0.00,17231.00,0,0,0,17231.00,0.00,17231.00,0,0,0,17231.00,0.00,17231.00,0,0,0,17231.00,0.00,17231.00,0,0,0,17231.00,0.00,17231.00,0,0,0
SCN-05-CASHOUT-0056,INC-SCN-05-CASHOUT-0056,2026-09-06T02:49:00+00:00,28116.00,28116.00,28116.00,0.00,28116.00,28116.00,0.00,1,1,0,0,0,0,28116.00,28116.00,0.00,0.00,1.0,28116.00,0.00,28116.00,0,0,0,28116.00,0.00,28116.00,0,0,0,6427.00,21689.00,28116.00,0,0,1,6427.00,21689.00,28116.00,0,0,1,6427.00,21689.00,28116.00,0,0,1,6427.00,21689.00,28116.00,0,0,1
SCN-05-CASHOUT-0057,INC-SCN-05-CASHOUT-0057,2026-09-06T03:04:00+00:00,32315.00,32315.00,13165.67,19149.33,32315.00,32315.00,0.00,1,1,0,0,1,1,51747.00,51747.00,0.00,0.00,1.0,32315.00,0.00,32315.00,0,0,0,13165.67,19149.33,32315.00,0,0,1,13165.67,19149.33,32315.00,0,0,1,13165.67,19149.33,32315.00,0,0,1,13165.67,19149.33,32315.00,0,0,1,13165.67,19149.33,32315.00,0,0,1
SCN-05-CASHOUT-0058,INC-SCN-05-CASHOUT-0058,2026-09-06T03:19:00+00:00,19237.00,19237.00,19237.00,0.00,19237.00,19237.00,0.00,1,1,0,0,0,0,19237.00,19237.00,0.00,0.00,1.0,19237.00,0.00,19237.00,0,0,0,6351.86,12885.14,19237.00,0,0,1,6351.86,12885.14,19237.00,0,0,1,6351.86,12885.14,19237.00,0,0,1,6351.86,12885.14,19237.00,0,0,1,6351.86,12885.14,19237.00,0,0,1
SCN-05-CASHOUT-0059,INC-SCN-05-CASHOUT-0059,2026-09-06T03:34:00+00:00,30452.00,30452.00,30452.00,0.00,30452.00,30452.00,0.00,1,1,0,0,0,0,30452.00,30452.00,0.00,0.00,1.0,30452.00,0.00,30452.00,0,0,0,30452.00,0.00,30452.00,0,0,0,6593.71,23858.29,30452.00,0,0,1,6593.71,23858.29,30452.00,0,0,1,6593.71,23858.29,30452.00,0,0,1,6593.71,23858.29,30452.00,0,0,1
SCN-05-CASHOUT-0060,INC-SCN-05-CASHOUT-0060,2026-09-06T03:49:00+00:00,29624.00,29624.00,29624.00,0.00,29624.00,29624.00,0.00,1,1,0,0,0,0,29624.00,29624.00,0.00,0.00,1.0,29624.00,0.00,29624.00,0,0,0,12328.35,17295.65,29624.00,0,0,1,12328.35,17295.65,29624.00,0,0,1,12328.35,17295.65,29624.00,0,0,1,12328.35,17295.65,29624.00,0,0,1,12328.35,17295.65,29624.00,0,0,1
SCN-05-CASHOUT-0061,INC-SCN-05-CASHOUT-0061,2026-09-06T04:04:00+00:00,32449.00,32449.00,32449.00,0.00,32449.00,32449.00,0.00,1,1,0,0,0,0,32449.00,32449.00,0.00,0.00,1.0,32449.00,0.00,32449.00,0,0,0,9800.46,22648.54,32449.00,0,0,1,9800.46,22648.54,32449.00,0,0,1,9800.46,22648.54,32449.00,0,0,1,9800.46,22648.54,32449.00,0,0,1,9800.46,22648.54,32449.00,0,0,1
SCN-05-CASHOUT-0062,INC-SCN-05-CASHOUT-0062,2026-09-06T04:19:00+00:00,19390.00,19390.00,19390.00,0.00,19390.00,19390.00,0.00,1,1,0,0,0,0,19390.00,19390.00,0.00,0.00,1.0,19390.00,0.00,19390.00,0,0,0,6818.05,12571.95,19390.00,0,0,1,6818.05,12571.95,19390.00,0,0,1,6818.05,12571.95,19390.00,0,0,1,6818.05,12571.95,19390.00,0,0,1,6818.05,12571.95,19390.00,0,0,1
SCN-05-CASHOUT-0063,INC-SCN-05-CASHOUT-0063,2026-09-06T04:34:00+00:00,27447.00,27447.00,27447.00,0.00,27447.00,27447.00,0.00,1,1,0,0,0,0,27447.00,27447.00,0.00,0.00,1.0,27447.00,0.00,27447.00,0,0,0,27447.00,0.00,27447.00,0,0,0,8321.88,19125.12,27447.00,0,0,1,8321.88,19125.12,27447.00,0,0,1,8321.88,19125.12,27447.00,0,0,1,8321.88,19125.12,27447.00,0,0,1
SCN-05-CASHOUT-0064,INC-SCN-05-CASHOUT-0064,2026-09-06T04:49:00+00:00,27226.00,27226.00,27226.00,0.00,27226.00,27226.00,0.00,1,1,0,0,0,0,27226.00,27226.00,0.00,0.00,1.0,27226.00,0.00,27226.00,0,0,0,10707.57,16518.43,27226.00,0,0,1,10707.57,16518.43,27226.00,0,0,1,10707.57,16518.43,27226.00,0,0,1,10707.57,16518.43,27226.00,0,0,1,10707.57,16518.43,27226.00,0,0,1
SCN-05-CASHOUT-0065,INC-SCN-05-CASHOUT-0065,2026-09-06T05:04:00+00:00,29570.00,29570.00,29570.00,0.00,29570.00,29570.00,0.00,1,1,0,0,0,0,29570.00,29570.00,0.00,0.00,1.0,29570.00,0.00,29570.00,0,0,0,29570.00,0.00,29570.00,0,0,0,8625.94,20944.06,29570.00,0,0,1,8625.94,20944.06,29570.00,0,0,1,8625.94,20944.06,29570.00,0,0,1,8625.94,20944.06,29570.00,0,0,1
SCN-05-CASHOUT-0066,INC-SCN-05-CASHOUT-0066,2026-09-06T05:19:00+00:00,33200.00,33200.00,33200.00,0.00,33200.00,33200.00,0.00,1,1,0,0,0,0,33200.00,33200.00,0.00,0.00,1.0,33200.00,0.00,33200.00,0,0,0,33200.00,0.00,33200.00,0,0,0,14537.20,18662.80,33200.00,0,0,1,14537.20,18662.80,33200.00,0,0,1,14537.20,18662.80,33200.00,0,0,1,14537.20,18662.80,33200.00,0,0,1
SCN-05-CASHOUT-0067,INC-SCN-05-CASHOUT-0067,2026-09-06T05:34:00+00:00,30340.00,30340.00,30340.00,0.00,30340.00,30340.00,0.00,1,1,0,0,0,0,30340.00,30340.00,0.00,0.00,1.0,30340.00,0.00,30340.00,0,0,0,30340.00,0.00,30340.00,0,0,0,30340.00,0.00,30340.00,0,0,0,30340.00,0.00,30340.00,0,0,0,30340.00,0.00,30340.00,0,0,0,30340.00,0.00,30340.00,0,0,0
SCN-05-CASHOUT-0068,INC-SCN-05-CASHOUT-0068,2026-09-06T05:49:00+00:00,24739.00,24739.00,24739.00,0.00,24739.00,24739.00,0.00,1,1,0,0,0,0,24739.00,24739.00,0.00,0.00,1.0,24739.00,0.00,24739.00,0,0,0,7607.00,17132.00,24739.00,0,0,1,7607.00,17132.00,24739.00,0,0,1,7607.00,17132.00,24739.00,0,0,1,7607.00,17132.00,24739.00,0,0,1,7607.00,17132.00,24739.00,0,0,1
SCN-05-CASHOUT-0069,INC-SCN-05-CASHOUT-0069,2026-09-06T06:04:00+00:00,29882.00,29882.00,29882.00,0.00,29882.00,29882.00,0.00,1,1,0,0,0,0,29882.00,29882.00,0.00,0.00,1.0,29882.00,0.00,29882.00,0,0,0,29882.00,0.00,29882.00,0,0,0,7231.16,22650.84,29882.00,0,0,1,7231.16,22650.84,29882.00,0,0,1,7231.16,22650.84,29882.00,0,0,1,7231.16,22650.84,29882.00,0,0,1
SCN-05-CASHOUT-0070,INC-SCN-05-CASHOUT-0070,2026-09-06T06:19:00+00:00,31834.00,31834.00,31834.00,0.00,31834.00,31834.00,0.00,1,1,0,0,0,0,31834.00,31834.00,0.00,0.00,1.0,31834.00,0.00,31834.00,0,0,0,11403.55,20430.45,31834.00,0,0,1,11403.55,20430.45,31834.00,0,0,1,11403.55,20430.45,31834.00,0,0,1,11403.55,20430.45,31834.00,0,0,1,11403.55,20430.45,31834.00,0,0,1
SCN-05-CASHOUT-0071,INC-SCN-05-CASHOUT-0071,2026-09-06T06:34:00+00:00,19789.00,19789.00,8240.50,11548.50,19789.00,19789.00,0.00,1,1,0,0,1,1,31519.00,31519.00,129.50,129.50,1.0,19789.00,0.00,19789.00,0,0,0,8240.50,11548.50,19789.00,0,0,1,8240.50,11548.50,19789.00,0,0,1,8240.50,11548.50,19789.00,0,0,1,8240.50,11548.50,19789.00,0,0,1,8240.50,11548.50,19789.00,0,0,1
SCN-05-CASHOUT-0072,INC-SCN-05-CASHOUT-0072,2026-09-06T06:49:00+00:00,31762.00,31762.00,31762.00,0.00,31762.00,31762.00,0.00,1,1,0,0,0,0,31762.00,31762.00,0.00,0.00,1.0,31762.00,0.00,31762.00,0,0,0,31762.00,0.00,31762.00,0,0,0,9732.92,22029.08,31762.00,0,0,1,9732.92,22029.08,31762.00,0,0,1,9732.92,22029.08,31762.00,0,0,1,9732.92,22029.08,31762.00,0,0,1
SCN-05-CASHOUT-0073,INC-SCN-05-CASHOUT-0073,2026-09-06T07:04:00+00:00,31247.00,31247.00,31247.00,0.00,31247.00,31247.00,0.00,1,1,0,0,0,0,31247.00,31247.00,0.00,0.00,1.0,31247.00,0.00,31247.00,0,0,0,31247.00,0.00,31247.00,0,0,0,7880.31,23366.69,31247.00,0,0,1,7880.31,23366.69,31247.00,0,0,1,7880.31,23366.69,31247.00,0,0,1,7880.31,23366.69,31247.00,0,0,1
SCN-05-CASHOUT-0074,INC-SCN-05-CASHOUT-0074,2026-09-06T07:19:00+00:00,21978.00,21978.00,21978.00,0.00,21978.00,21978.00,0.00,1,1,0,0,0,0,21978.00,21978.00,0.00,0.00,1.0,21978.00,0.00,21978.00,0,0,0,21978.00,0.00,21978.00,0,0,0,9050.87,12927.13,21978.00,0,0,1,9050.87,12927.13,21978.00,0,0,1,9050.87,12927.13,21978.00,0,0,1,9050.87,12927.13,21978.00,0,0,1
SCN-05-CASHOUT-0075,INC-SCN-05-CASHOUT-0075,2026-09-06T07:34:00+00:00,24486.00,24486.00,24486.00,0.00,24486.00,24486.00,0.00,1,1,0,0,0,0,24486.00,24486.00,0.00,0.00,1.0,24486.00,0.00,24486.00,0,0,0,24486.00,0.00,24486.00,0,0,0,24486.00,0.00,24486.00,0,0,0,24486.00,0.00,24486.00,0,0,0,24486.00,0.00,24486.00,0,0,0,24486.00,0.00,24486.00,0,0,0
SCN-05-CASHOUT-0076,INC-SCN-05-CASHOUT-0076,2026-09-06T07:49:00+00:00,24168.00,24168.00,6629.48,17538.52,24168.00,24168.00,0.00,1,1,0,0,1,1,41946.00,41946.00,90.52,90.52,1.0,24168.00,0.00,24168.00,0,0,0,6629.48,17538.52,24168.00,0,0,1,6629.48,17538.52,24168.00,0,0,1,6629.48,17538.52,24168.00,0,0,1,6629.48,17538.52,24168.00,0,0,1,6629.48,17538.52,24168.00,0,0,1
SCN-05-CASHOUT-0077,INC-SCN-05-CASHOUT-0077,2026-09-06T08:04:00+00:00,17838.00,17838.00,17838.00,0.00,17838.00,17838.00,0.00,1,1,0,0,0,0,17838.00,17838.00,0.00,0.00,1.0,17838.00,0.00,17838.00,0,0,0,17838.00,0.00,17838.00,0,0,0,4350.66,13487.34,17838.00,0,0,1,4350.66,13487.34,17838.00,0,0,1,4350.66,13487.34,17838.00,0,0,1,4350.66,13487.34,17838.00,0,0,1
SCN-05-CASHOUT-0078,INC-SCN-05-CASHOUT-0078,2026-09-06T08:19:00+00:00,31548.00,31548.00,31548.00,0.00,31548.00,31548.00,0.00,1,1,0,0,0,0,31548.00,31548.00,0.00,0.00,1.0,31548.00,0.00,31548.00,0,0,0,10746.12,20801.88,31548.00,0,0,1,10746.12,20801.88,31548.00,0,0,1,10746.12,20801.88,31548.00,0,0,1,10746.12,20801.88,31548.00,0,0,1,10746.12,20801.88,31548.00,0,0,1
SCN-05-CASHOUT-0079,INC-SCN-05-CASHOUT-0079,2026-09-06T08:34:00+00:00,22076.00,22076.00,5006.43,17069.57,22076.00,22076.00,0.00,1,1,0,0,1,1,39451.00,39451.00,89.57,89.57,1.0,22076.00,0.00,22076.00,0,0,0,5006.43,17069.57,22076.00,0,0,1,5006.43,17069.57,22076.00,0,0,1,5006.43,17069.57,22076.00,0,0,1,5006.43,17069.57,22076.00,0,0,1,5006.43,17069.57,22076.00,0,0,1
SCN-05-CASHOUT-0080,INC-SCN-05-CASHOUT-0080,2026-09-06T08:49:00+00:00,31665.00,31665.00,31665.00,0.00,31665.00,31665.00,0.00,1,1,0,0,0,0,31665.00,31665.00,0.00,0.00,1.0,31665.00,0.00,31665.00,0,0,0,31665.00,0.00,31665.00,0,0,0,31665.00,0.00,31665.00,0,0,0,31665.00,0.00,31665.00,0,0,0,31665.00,0.00,31665.00,0,0,0,31665.00,0.00,31665.00,0,0,0
SCN-05-CASHOUT-0081,INC-SCN-05-CASHOUT-0081,2026-09-06T09:04:00+00:00,22648.00,22648.00,22648.00,0.00,22648.00,22648.00,0.00,1,1,0,0,0,0,22648.00,22648.00,0.00,0.00,1.0,22648.00,0.00,22648.00,0,0,0,7196.13,15451.87,22648.00,0,0,1,7196.13,15451.87,22648.00,0,0,1,7196.13,15451.87,22648.00,0,0,1,7196.13,15451.87,22648.00,0,0,1,7196.13,15451.87,22648.00,0,0,1
SCN-05-CASHOUT-0082,INC-SCN-05-CASHOUT-0082,2026-09-06T09:19:00+00:00,20426.00,20426.00,20426.00,0.00,20426.00,20426.00,0.00,1,1,0,0,0,0,20426.00,20426.00,0.00,0.00,1.0,20426.00,0.00,20426.00,0,0,0,20426.00,0.00,20426.00,0,0,0,6343.26,14082.74,20426.00,0,0,1,6343.26,14082.74,20426.00,0,0,1,6343.26,14082.74,20426.00,0,0,1,6343.26,14082.74,20426.00,0,0,1
SCN-05-CASHOUT-0083,INC-SCN-05-CASHOUT-0083,2026-09-06T09:34:00+00:00,22422.00,22422.00,22422.00,0.00,22422.00,22422.00,0.00,1,1,0,0,0,0,22422.00,22422.00,0.00,0.00,1.0,22422.00,0.00,22422.00,0,0,0,9726.15,12695.85,22422.00,0,0,1,9726.15,12695.85,22422.00,0,0,1,9726.15,12695.85,22422.00,0,0,1,9726.15,12695.85,22422.00,0,0,1,9726.15,12695.85,22422.00,0,0,1
SCN-05-CASHOUT-0084,INC-SCN-05-CASHOUT-0084,2026-09-06T09:49:00+00:00,28672.00,28672.00,28672.00,0.00,28672.00,28672.00,0.00,1,1,0,0,0,0,28672.00,28672.00,0.00,0.00,1.0,28672.00,0.00,28672.00,0,0,0,28672.00,0.00,28672.00,0,0,0,8718.80,19953.20,28672.00,0,0,1,8718.80,19953.20,28672.00,0,0,1,8718.80,19953.20,28672.00,0,0,1,8718.80,19953.20,28672.00,0,0,1
SCN-05-CASHOUT-0085,INC-SCN-05-CASHOUT-0085,2026-09-06T10:04:00+00:00,17398.00,17398.00,17398.00,0.00,17398.00,17398.00,0.00,1,1,0,0,0,0,17398.00,17398.00,0.00,0.00,1.0,17398.00,0.00,17398.00,0,0,0,17398.00,0.00,17398.00,0,0,0,4155.43,13242.57,17398.00,0,0,1,4155.43,13242.57,17398.00,0,0,1,4155.43,13242.57,17398.00,0,0,1,4155.43,13242.57,17398.00,0,0,1
SCN-05-CASHOUT-0086,INC-SCN-05-CASHOUT-0086,2026-09-06T10:19:00+00:00,28449.00,28449.00,28449.00,0.00,28449.00,28449.00,0.00,1,1,0,0,0,0,28449.00,28449.00,0.00,0.00,1.0,28449.00,0.00,28449.00,0,0,0,28449.00,0.00,28449.00,0,0,0,8612.23,19836.77,28449.00,0,0,1,8612.23,19836.77,28449.00,0,0,1,8612.23,19836.77,28449.00,0,0,1,8612.23,19836.77,28449.00,0,0,1
SCN-05-CASHOUT-0087,INC-SCN-05-CASHOUT-0087,2026-09-06T10:34:00+00:00,22317.00,22317.00,22317.00,0.00,22317.00,22317.00,0.00,1,1,0,0,0,0,22317.00,22317.00,0.00,0.00,1.0,22317.00,0.00,22317.00,0,0,0,9662.88,12654.12,22317.00,0,0,1,9662.88,12654.12,22317.00,0,0,1,9662.88,12654.12,22317.00,0,0,1,9662.88,12654.12,22317.00,0,0,1,9662.88,12654.12,22317.00,0,0,1
SCN-05-CASHOUT-0088,INC-SCN-05-CASHOUT-0088,2026-09-06T10:49:00+00:00,23455.00,23455.00,23455.00,0.00,23455.00,23455.00,0.00,1,1,0,0,0,0,23455.00,23455.00,0.00,0.00,1.0,23455.00,0.00,23455.00,0,0,0,7274.57,16180.43,23455.00,0,0,1,7274.57,16180.43,23455.00,0,0,1,7274.57,16180.43,23455.00,0,0,1,7274.57,16180.43,23455.00,0,0,1,7274.57,16180.43,23455.00,0,0,1
SCN-05-CASHOUT-0089,INC-SCN-05-CASHOUT-0089,2026-09-06T11:04:00+00:00,18559.00,18559.00,18559.00,0.00,18559.00,18559.00,0.00,1,1,0,0,0,0,18559.00,18559.00,0.00,0.00,1.0,18559.00,0.00,18559.00,0,0,0,18559.00,0.00,18559.00,0,0,0,6227.61,12331.39,18559.00,0,0,1,6227.61,12331.39,18559.00,0,0,1,6227.61,12331.39,18559.00,0,0,1,6227.61,12331.39,18559.00,0,0,1
SCN-05-CASHOUT-0090,INC-SCN-05-CASHOUT-0090,2026-09-06T11:19:00+00:00,24229.00,24229.00,24229.00,0.00,24229.00,24229.00,0.00,1,1,0,0,0,0,24229.00,24229.00,0.00,0.00,1.0,24229.00,0.00,24229.00,0,0,0,9273.60,14955.40,24229.00,0,0,1,9273.60,14955.40,24229.00,0,0,1,9273.60,14955.40,24229.00,0,0,1,9273.60,14955.40,24229.00,0,0,1,9273.60,14955.40,24229.00,0,0,1
SCN-05-CASHOUT-0091,INC-SCN-05-CASHOUT-0091,2026-09-06T11:34:00+00:00,18936.00,18936.00,18936.00,0.00,18936.00,18936.00,0.00,1,1,0,0,0,0,18936.00,18936.00,0.00,0.00,1.0,18936.00,0.00,18936.00,0,0,0,18936.00,0.00,18936.00,0,0,0,18936.00,0.00,18936.00,0,0,0,18936.00,0.00,18936.00,0,0,0,18936.00,0.00,18936.00,0,0,0,18936.00,0.00,18936.00,0,0,0
SCN-05-CASHOUT-0092,INC-SCN-05-CASHOUT-0092,2026-09-06T11:49:00+00:00,26094.00,26094.00,26094.00,0.00,26094.00,26094.00,0.00,1,1,0,0,0,0,26094.00,26094.00,0.00,0.00,1.0,26094.00,0.00,26094.00,0,0,0,9377.27,16716.73,26094.00,0,0,1,9377.27,16716.73,26094.00,0,0,1,9377.27,16716.73,26094.00,0,0,1,9377.27,16716.73,26094.00,0,0,1,9377.27,16716.73,26094.00,0,0,1
SCN-05-CASHOUT-0093,INC-SCN-05-CASHOUT-0093,2026-09-06T12:04:00+00:00,23330.00,23330.00,23330.00,0.00,23330.00,23330.00,0.00,1,1,0,0,0,0,23330.00,23330.00,0.00,0.00,1.0,23330.00,0.00,23330.00,0,0,0,23330.00,0.00,23330.00,0,0,0,8727.99,14602.01,23330.00,0,0,1,8727.99,14602.01,23330.00,0,0,1,8727.99,14602.01,23330.00,0,0,1,8727.99,14602.01,23330.00,0,0,1
SCN-05-CASHOUT-0094,INC-SCN-05-CASHOUT-0094,2026-09-06T12:19:00+00:00,28595.00,28595.00,28595.00,0.00,28595.00,28595.00,0.00,1,1,0,0,0,0,28595.00,28595.00,0.00,0.00,1.0,28595.00,0.00,28595.00,0,0,0,28595.00,0.00,28595.00,0,0,0,6159.35,22435.65,28595.00,0,0,1,6159.35,22435.65,28595.00,0,0,1,6159.35,22435.65,28595.00,0,0,1,6159.35,22435.65,28595.00,0,0,1
SCN-05-CASHOUT-0095,INC-SCN-05-CASHOUT-0095,2026-09-06T12:34:00+00:00,23987.00,23987.00,23987.00,0.00,23987.00,23987.00,0.00,1,1,0,0,0,0,23987.00,23987.00,0.00,0.00,1.0,23987.00,0.00,23987.00,0,0,0,23987.00,0.00,23987.00,0,0,0,9959.03,14027.97,23987.00,0,0,1,9959.03,14027.97,23987.00,0,0,1,9959.03,14027.97,23987.00,0,0,1,9959.03,14027.97,23987.00,0,0,1
SCN-05-CASHOUT-0096,INC-SCN-05-CASHOUT-0096,2026-09-06T12:49:00+00:00,24055.00,24055.00,24055.00,0.00,24055.00,24055.00,0.00,1,1,0,0,0,0,24055.00,24055.00,0.00,0.00,1.0,24055.00,0.00,24055.00,0,0,0,24055.00,0.00,24055.00,0,0,0,24055.00,0.00,24055.00,0,0,0,24055.00,0.00,24055.00,0,0,0,24055.00,0.00,24055.00,0,0,0,24055.00,0.00,24055.00,0,0,0
SCN-05-CASHOUT-0097,INC-SCN-05-CASHOUT-0097,2026-09-06T13:04:00+00:00,21114.00,21114.00,21114.00,0.00,21114.00,21114.00,0.00,1,1,0,0,0,0,21114.00,21114.00,0.00,0.00,1.0,21114.00,0.00,21114.00,0,0,0,6127.62,14986.38,21114.00,0,0,1,6127.62,14986.38,21114.00,0,0,1,6127.62,14986.38,21114.00,0,0,1,6127.62,14986.38,21114.00,0,0,1,6127.62,14986.38,21114.00,0,0,1
SCN-05-CASHOUT-0098,INC-SCN-05-CASHOUT-0098,2026-09-06T13:19:00+00:00,26839.00,26839.00,26839.00,0.00,26839.00,26839.00,0.00,1,1,0,0,0,0,26839.00,26839.00,0.00,0.00,1.0,26839.00,0.00,26839.00,0,0,0,26839.00,0.00,26839.00,0,0,0,11094.76,15744.24,26839.00,0,0,1,11094.76,15744.24,26839.00,0,0,1,11094.76,15744.24,26839.00,0,0,1,11094.76,15744.24,26839.00,0,0,1
SCN-05-CASHOUT-0099,INC-SCN-05-CASHOUT-0099,2026-09-06T13:34:00+00:00,22399.00,22399.00,22399.00,0.00,22399.00,22399.00,0.00,1,1,0,0,0,0,22399.00,22399.00,0.00,0.00,1.0,22399.00,0.00,22399.00,0,0,0,22399.00,0.00,22399.00,0,0,0,6252.26,16146.74,22399.00,0,0,1,6252.26,16146.74,22399.00,0,0,1,6252.26,16146.74,22399.00,0,0,1,6252.26,16146.74,22399.00,0,0,1
SCN-05-CASHOUT-0100,INC-SCN-05-CASHOUT-0100,2026-09-06T13:49:00+00:00,30349.00,30349.00,30349.00,0.00,30349.00,30349.00,0.00,1,1,0,0,0,0,30349.00,30349.00,0.00,0.00,1.0,30349.00,0.00,30349.00,0,0,0,30349.00,0.00,30349.00,0,0,0,12574.21,17774.79,30349.00,0,0,1,12574.21,17774.79,30349.00,0,0,1,12574.21,17774.79,30349.00,0,0,1,12574.21,17774.79,30349.00,0,0,1
SCN-06-FANOUT-CASHOUT-0001,INC-SCN-06-FANOUT-CASHOUT-0001,2026-09-06T14:04:00+00:00,62863.00,62863.00,62863.00,0.00,62863.00,62863.00,0.00,1,1,0,0,0,0,62863.00,62863.00,0.00,0.00,1.0,62863.00,0.00,62863.00,0,0,0,49227.81,13635.19,62863.00,0,0,1,49227.81,13635.19,62863.00,0,0,1,49227.81,13635.19,62863.00,0,0,1,49227.81,13635.19,62863.00,0,0,1,49227.81,13635.19,62863.00,0,0,1
SCN-06-FANOUT-CASHOUT-0002,INC-SCN-06-FANOUT-CASHOUT-0002,2026-09-06T14:19:00+00:00,33439.00,33439.00,23789.45,9649.55,19542.61,33439.00,13896.39,1,2,1,1,1,1,57130.00,57130.00,60.94,60.94,1.0,33439.00,0.00,33439.00,0,0,0,23789.45,9649.55,33439.00,1,1,1,23789.45,9649.55,33439.00,1,1,1,23789.45,9649.55,33439.00,1,1,1,23789.45,9649.55,33439.00,1,1,1,23789.45,9649.55,33439.00,1,1,1
SCN-06-FANOUT-CASHOUT-0003,INC-SCN-06-FANOUT-CASHOUT-0003,2026-09-06T14:34:00+00:00,50438.00,50438.00,50438.00,0.00,34595.92,50438.00,15842.08,1,3,2,2,0,0,66363.00,81359.00,0.00,41.84,1.0,50438.00,0.00,50438.00,0,0,0,39289.36,11148.64,50438.00,3,3,1,39289.36,11148.64,50438.00,3,3,1,35511.04,14926.96,50438.00,3,3,2,35511.04,14926.96,50438.00,3,3,2,35511.04,14926.96,50438.00,3,3,2
SCN-06-FANOUT-CASHOUT-0004,INC-SCN-06-FANOUT-CASHOUT-0004,2026-09-06T14:49:00+00:00,56474.00,56474.00,44623.29,11850.71,38478.81,56474.00,17995.19,1,2,1,1,1,1,86507.00,86507.00,0.00,0.00,1.0,56474.00,0.00,56474.00,0,0,0,44623.29,11850.71,56474.00,1,1,1,44623.29,11850.71,56474.00,1,1,1,44623.29,11850.71,56474.00,1,1,1,44623.29,11850.71,56474.00,1,1,1,44623.29,11850.71,56474.00,1,1,1
SCN-06-FANOUT-CASHOUT-0005,INC-SCN-06-FANOUT-CASHOUT-0005,2026-09-06T15:04:00+00:00,36489.00,36489.00,36489.00,0.00,36489.00,36489.00,0.00,1,1,0,0,0,0,36489.00,36489.00,0.00,0.00,1.0,36489.00,0.00,36489.00,0,0,0,27301.11,9187.89,36489.00,0,0,1,27301.11,9187.89,36489.00,0,0,1,27301.11,9187.89,36489.00,0,0,1,27301.11,9187.89,36489.00,0,0,1,27301.11,9187.89,36489.00,0,0,1
SCN-06-FANOUT-CASHOUT-0006,INC-SCN-06-FANOUT-CASHOUT-0006,2026-09-06T15:19:00+00:00,35251.00,35251.00,27546.87,7704.13,20865.32,20865.32,0.00,1,1,0,0,1,1,42996.00,42996.00,0.00,0.00,0.591907,35251.00,0.00,35251.00,0,0,0,27546.87,7704.13,35251.00,0,0,1,27546.87,7704.13,35251.00,0,0,1,24645.78,10605.22,35251.00,0,0,1,24645.78,10605.22,35251.00,0,0,1,24645.78,10605.22,35251.00,0,0,1
SCN-06-FANOUT-CASHOUT-0007,INC-SCN-06-FANOUT-CASHOUT-0007,2026-09-06T15:34:00+00:00,65465.00,65465.00,48448.46,17016.54,41105.50,65465.00,24359.50,1,2,1,1,1,1,107061.00,107061.00,0.00,0.00,1.0,65465.00,0.00,65465.00,0,0,0,48448.46,17016.54,65465.00,2,2,1,48448.46,17016.54,65465.00,3,3,1,42803.10,22661.90,65465.00,3,3,2,42803.10,22661.90,65465.00,3,3,2,42803.10,22661.90,65465.00,3,3,2
SCN-06-FANOUT-CASHOUT-0008,INC-SCN-06-FANOUT-CASHOUT-0008,2026-09-06T15:49:00+00:00,66021.00,66021.00,46405.54,19615.46,43931.09,66021.00,22089.91,1,3,2,2,1,1,107938.00,125544.00,0.00,163.02,1.0,66021.00,0.00,66021.00,0,0,0,46405.54,19615.46,66021.00,3,3,1,46405.54,19615.46,66021.00,3,3,1,46405.54,19615.46,66021.00,3,3,1,46405.54,19615.46,66021.00,3,3,1,46405.54,19615.46,66021.00,3,3,1
SCN-06-FANOUT-CASHOUT-0009,INC-SCN-06-FANOUT-CASHOUT-0009,2026-09-06T16:04:00+00:00,51887.00,51887.00,37889.68,13997.32,35511.69,35511.69,0.00,1,1,0,0,1,1,65955.00,65955.00,0.00,0.00,0.684404,51887.00,0.00,51887.00,0,0,0,37889.68,13997.32,51887.00,0,0,1,34177.19,17709.81,51887.00,0,0,1,34177.19,17709.81,51887.00,0,0,1,34177.19,17709.81,51887.00,0,0,1,34177.19,17709.81,51887.00,0,0,1
SCN-06-FANOUT-CASHOUT-0010,INC-SCN-06-FANOUT-CASHOUT-0010,2026-09-06T16:19:00+00:00,53324.00,53324.00,53324.00,0.00,31904.46,53324.00,21419.54,1,2,1,1,0,0,74852.00,74852.00,0.00,0.00,1.0,53324.00,0.00,53324.00,0,0,0,39403.49,13920.51,53324.00,2,2,1,39403.49,13920.51,53324.00,3,3,1,35672.93,17651.07,53324.00,3,3,2,35672.93,17651.07,53324.00,3,3,2,35672.93,17651.07,53324.00,3,3,2
SCN-06-FANOUT-CASHOUT-0011,INC-SCN-06-FANOUT-CASHOUT-0011,2026-09-06T16:34:00+00:00,34350.00,34350.00,25276.35,9073.65,22119.03,34350.00,12230.97,1,2,1,1,1,1,55801.00,55801.00,0.00,0.00,1.0,34350.00,0.00,34350.00,0,0,0,25276.35,9073.65,34350.00,1,1,1,25276.35,9073.65,34350.00,1,1,1,25276.35,9073.65,34350.00,1,1,1,25276.35,9073.65,34350.00,1,1,1,25276.35,9073.65,34350.00,1,1,1
SCN-06-FANOUT-CASHOUT-0012,INC-SCN-06-FANOUT-CASHOUT-0012,2026-09-06T16:49:00+00:00,45927.00,45927.00,35094.39,10832.61,31666.77,45927.00,14260.23,1,3,2,2,1,1,71169.00,83410.00,0.00,107.59,1.0,45927.00,0.00,45927.00,0,0,0,35094.39,10832.61,45927.00,3,3,1,31489.51,14437.49,45927.00,3,3,2,31489.51,14437.49,45927.00,3,3,2,31489.51,14437.49,45927.00,3,3,2,31489.51,14437.49,45927.00,3,3,2
SCN-06-FANOUT-CASHOUT-0013,INC-SCN-06-FANOUT-CASHOUT-0013,2026-09-06T17:04:00+00:00,54093.00,54093.00,54093.00,0.00,37325.86,54093.00,16767.14,1,3,2,2,0,0,70955.00,88326.00,0.00,0.00,1.0,54093.00,0.00,54093.00,0,0,0,54093.00,0.00,54093.00,2,2,0,54093.00,0.00,54093.00,2,2,0,54093.00,0.00,54093.00,2,2,0,54093.00,0.00,54093.00,2,2,0,54093.00,0.00,54093.00,2,2,0
SCN-06-FANOUT-CASHOUT-0014,INC-SCN-06-FANOUT-CASHOUT-0014,2026-09-06T17:19:00+00:00,64364.00,64364.00,45938.75,18425.25,44473.13,64364.00,19890.87,1,3,2,2,1,1,102873.00,120946.00,0.00,99.48,1.0,64364.00,0.00,64364.00,0,0,0,45938.75,18425.25,64364.00,3,3,1,40989.38,23374.62,64364.00,3,3,2,40989.38,23374.62,64364.00,3,3,2,40989.38,23374.62,64364.00,3,3,2,40989.38,23374.62,64364.00,3,3,2
SCN-06-FANOUT-CASHOUT-0015,INC-SCN-06-FANOUT-CASHOUT-0015,2026-09-06T17:34:00+00:00,54019.00,54019.00,40138.87,13880.13,31450.97,54019.00,22568.03,1,2,1,1,1,1,90648.00,90648.00,0.00,0.00,1.0,54019.00,0.00,54019.00,0,0,0,40138.87,13880.13,54019.00,1,1,1,40138.87,13880.13,54019.00,1,1,1,40138.87,13880.13,54019.00,1,1,1,40138.87,13880.13,54019.00,1,1,1,40138.87,13880.13,54019.00,1,1,1
SCN-06-FANOUT-CASHOUT-0016,INC-SCN-06-FANOUT-CASHOUT-0016,2026-09-06T17:49:00+00:00,43065.00,43065.00,32340.71,10724.29,28764.95,43065.00,14300.05,1,3,2,2,1,1,68266.00,79205.00,0.00,141.06,1.0,43065.00,0.00,43065.00,0,0,0,32340.71,10724.29,43065.00,2,2,1,32340.71,10724.29,43065.00,3,3,1,28900.00,14165.00,43065.00,3,3,2,28900.00,14165.00,43065.00,3,3,2,28900.00,14165.00,43065.00,3,3,2
SCN-06-FANOUT-CASHOUT-0017,INC-SCN-06-FANOUT-CASHOUT-0017,2026-09-06T18:04:00+00:00,54437.00,54437.00,40940.43,13496.57,36679.04,54437.00,17757.96,1,2,1,1,1,1,85850.00,85850.00,0.00,0.00,1.0,54437.00,0.00,54437.00,0,0,0,40940.43,13496.57,54437.00,3,3,1,36710.12,17726.88,54437.00,3,3,2,36710.12,17726.88,54437.00,3,3,2,36710.12,17726.88,54437.00,3,3,2,36710.12,17726.88,54437.00,3,3,2
SCN-06-FANOUT-CASHOUT-0018,INC-SCN-06-FANOUT-CASHOUT-0018,2026-09-06T18:19:00+00:00,47765.00,47765.00,36679.47,11085.53,47765.00,47765.00,0.00,1,1,0,0,1,1,58906.00,58906.00,0.00,0.00,1.0,47765.00,0.00,47765.00,0,0,0,36679.47,11085.53,47765.00,0,0,1,36679.47,11085.53,47765.00,0,0,1,36679.47,11085.53,47765.00,0,0,1,36679.47,11085.53,47765.00,0,0,1,36679.47,11085.53,47765.00,0,0,1
SCN-06-FANOUT-CASHOUT-0019,INC-SCN-06-FANOUT-CASHOUT-0019,2026-09-06T18:34:00+00:00,55510.00,55510.00,39292.50,16217.50,37494.65,55510.00,18015.35,1,3,2,2,1,1,89955.00,108613.00,0.00,0.00,1.0,55510.00,0.00,55510.00,0,0,0,39292.50,16217.50,55510.00,3,3,1,34649.28,20860.72,55510.00,3,3,2,34649.28,20860.72,55510.00,3,3,2,34649.28,20860.72,55510.00,3,3,2,34649.28,20860.72,55510.00,3,3,2
SCN-06-FANOUT-CASHOUT-0020,INC-SCN-06-FANOUT-CASHOUT-0020,2026-09-06T18:49:00+00:00,38630.00,38630.00,27299.66,11330.34,23831.35,38630.00,14798.65,1,3,2,2,1,1,64945.00,77528.00,0.00,90.46,1.0,38630.00,0.00,38630.00,0,0,0,27299.66,11330.34,38630.00,2,2,1,27299.66,11330.34,38630.00,3,3,1,24073.66,14556.34,38630.00,3,3,2,24073.66,14556.34,38630.00,3,3,2,24073.66,14556.34,38630.00,3,3,2
SCN-06-FANOUT-CASHOUT-0021,INC-SCN-06-FANOUT-CASHOUT-0021,2026-09-06T19:04:00+00:00,60108.00,60108.00,46895.13,13212.87,34127.88,60108.00,25980.12,1,3,2,2,1,1,99509.00,117178.00,0.00,284.03,1.0,60108.00,0.00,60108.00,0,0,0,46895.13,13212.87,60108.00,3,3,1,41903.79,18204.21,60108.00,3,3,2,41903.79,18204.21,60108.00,3,3,2,41903.79,18204.21,60108.00,3,3,2,41903.79,18204.21,60108.00,3,3,2
SCN-06-FANOUT-CASHOUT-0022,INC-SCN-06-FANOUT-CASHOUT-0022,2026-09-06T19:19:00+00:00,46720.00,46720.00,33450.11,13269.89,26648.15,46720.00,20071.85,1,3,2,2,1,1,80258.00,96170.00,0.00,112.55,1.0,46720.00,0.00,46720.00,0,0,0,33450.11,13269.89,46720.00,3,3,1,29453.57,17266.43,46720.00,3,3,2,29453.57,17266.43,46720.00,3,3,2,29453.57,17266.43,46720.00,3,3,2,29453.57,17266.43,46720.00,3,3,2
SCN-06-FANOUT-CASHOUT-0023,INC-SCN-06-FANOUT-CASHOUT-0023,2026-09-06T19:34:00+00:00,37263.00,37263.00,26260.71,11002.29,25461.13,37263.00,11801.87,1,3,2,2,1,1,60222.00,72521.00,0.00,0.00,1.0,37263.00,0.00,37263.00,0,0,0,26260.71,11002.29,37263.00,2,2,1,23688.05,13574.95,37263.00,3,3,2,23688.05,13574.95,37263.00,3,3,2,23688.05,13574.95,37263.00,3,3,2,23688.05,13574.95,37263.00,3,3,2
SCN-06-FANOUT-CASHOUT-0024,INC-SCN-06-FANOUT-CASHOUT-0024,2026-09-06T19:49:00+00:00,65567.00,65567.00,65567.00,0.00,37525.42,65567.00,28041.58,1,2,1,1,0,0,93751.00,93751.00,0.00,0.00,1.0,65567.00,0.00,65567.00,0,0,0,46543.62,19023.38,65567.00,1,1,1,46543.62,19023.38,65567.00,1,1,1,46543.62,19023.38,65567.00,1,1,1,46543.62,19023.38,65567.00,1,1,1,46543.62,19023.38,65567.00,1,1,1
SCN-06-FANOUT-CASHOUT-0025,INC-SCN-06-FANOUT-CASHOUT-0025,2026-09-06T20:04:00+00:00,36648.00,36648.00,28572.68,8075.32,21671.00,36648.00,14977.00,1,3,2,2,1,1,59845.00,73019.00,0.00,77.94,1.0,36648.00,0.00,36648.00,0,0,0,28572.68,8075.32,36648.00,2,2,1,25999.32,10648.68,36648.00,3,3,2,25999.32,10648.68,36648.00,3,3,2,25999.32,10648.68,36648.00,3,3,2,25999.32,10648.68,36648.00,3,3,2
SCN-06-FANOUT-CASHOUT-0026,INC-SCN-06-FANOUT-CASHOUT-0026,2026-09-06T20:19:00+00:00,37162.00,37162.00,28543.21,8618.79,22289.84,37162.00,14872.16,1,2,1,1,1,1,60768.00,60768.00,0.00,0.00,1.0,37162.00,0.00,37162.00,0,0,0,28543.21,8618.79,37162.00,1,1,1,28543.21,8618.79,37162.00,1,1,1,28543.21,8618.79,37162.00,1,1,1,28543.21,8618.79,37162.00,1,1,1,28543.21,8618.79,37162.00,1,1,1
SCN-06-FANOUT-CASHOUT-0027,INC-SCN-06-FANOUT-CASHOUT-0027,2026-09-06T20:34:00+00:00,66382.00,66382.00,66382.00,0.00,41657.58,66382.00,24724.42,1,3,2,2,0,0,91242.00,108987.00,0.00,276.60,1.0,66382.00,0.00,66382.00,0,0,0,51734.32,14647.68,66382.00,3,3,1,51734.32,14647.68,66382.00,3,3,1,46419.75,19962.25,66382.00,3,3,2,46419.75,19962.25,66382.00,3,3,2,46419.75,19962.25,66382.00,3,3,2
SCN-06-FANOUT-CASHOUT-0028,INC-SCN-06-FANOUT-CASHOUT-0028,2026-09-06T20:49:00+00:00,63744.00,63744.00,45904.38,17839.62,42983.91,63744.00,20760.09,1,2,1,1,1,1,102615.00,102615.00,0.00,0.00,1.0,63744.00,0.00,63744.00,0,0,0,45904.38,17839.62,63744.00,1,1,1,45904.38,17839.62,63744.00,1,1,1,45904.38,17839.62,63744.00,1,1,1,45904.38,17839.62,63744.00,1,1,1,45904.38,17839.62,63744.00,1,1,1
SCN-06-FANOUT-CASHOUT-0029,INC-SCN-06-FANOUT-CASHOUT-0029,2026-09-06T21:04:00+00:00,62104.00,62104.00,46320.41,15783.59,36026.55,62104.00,26077.45,1,2,1,1,1,1,104234.00,104234.00,0.00,0.00,1.0,62104.00,0.00,62104.00,0,0,0,46320.41,15783.59,62104.00,2,2,1,46320.41,15783.59,62104.00,3,3,1,42301.63,19802.37,62104.00,3,3,2,42301.63,19802.37,62104.00,3,3,2,42301.63,19802.37,62104.00,3,3,2
SCN-06-FANOUT-CASHOUT-0030,INC-SCN-06-FANOUT-CASHOUT-0030,2026-09-06T21:19:00+00:00,53162.00,53162.00,53162.00,0.00,36322.90,53162.00,16839.10,1,2,1,1,0,0,70105.00,70105.00,0.00,0.00,1.0,53162.00,0.00,53162.00,0,0,0,39907.78,13254.22,53162.00,2,2,1,39907.78,13254.22,53162.00,3,3,1,35568.70,17593.30,53162.00,3,3,2,35568.70,17593.30,53162.00,3,3,2,35568.70,17593.30,53162.00,3,3,2
SCN-06-FANOUT-CASHOUT-0031,INC-SCN-06-FANOUT-CASHOUT-0031,2026-09-06T21:34:00+00:00,34975.00,34975.00,34975.00,0.00,23444.96,34975.00,11530.04,1,3,2,2,0,0,46569.00,58327.00,0.00,7.79,1.0,34975.00,0.00,34975.00,0,0,0,27391.07,7583.93,34975.00,2,2,1,27391.07,7583.93,34975.00,3,3,1,24799.05,10175.95,34975.00,3,3,2,24799.05,10175.95,34975.00,3,3,2,24799.05,10175.95,34975.00,3,3,2
SCN-06-FANOUT-CASHOUT-0032,INC-SCN-06-FANOUT-CASHOUT-0032,2026-09-06T21:49:00+00:00,49637.00,49637.00,49637.00,0.00,31685.86,49637.00,17951.14,1,3,2,2,0,0,67697.00,80422.00,0.00,176.32,1.0,49637.00,0.00,49637.00,0,0,0,36550.36,13086.64,49637.00,2,2,1,36550.36,13086.64,49637.00,3,3,1,32879.05,16757.95,49637.00,3,3,2,32879.05,16757.95,49637.00,3,3,2,32879.05,16757.95,49637.00,3,3,2
SCN-06-FANOUT-CASHOUT-0033,INC-SCN-06-FANOUT-CASHOUT-0033,2026-09-06T22:04:00+00:00,36973.00,36973.00,36973.00,0.00,24221.64,36973.00,12751.36,1,2,1,1,0,0,49803.00,49803.00,0.00,0.00,1.0,36973.00,0.00,36973.00,0,0,0,36973.00,0.00,36973.00,1,1,0,36973.00,0.00,36973.00,1,1,0,36973.00,0.00,36973.00,1,1,0,36973.00,0.00,36973.00,1,1,0,36973.00,0.00,36973.00,1,1,0
SCN-06-FANOUT-CASHOUT-0034,INC-SCN-06-FANOUT-CASHOUT-0034,2026-09-06T22:19:00+00:00,55655.00,55655.00,41126.25,14528.75,38022.66,55655.00,17632.34,1,3,2,2,1,1,88038.00,105813.00,0.00,14.52,1.0,55655.00,0.00,55655.00,0,0,0,41126.25,14528.75,55655.00,2,2,1,36532.29,19122.71,55655.00,3,3,2,36532.29,19122.71,55655.00,3,3,2,36532.29,19122.71,55655.00,3,3,2,36532.29,19122.71,55655.00,3,3,2
SCN-06-FANOUT-CASHOUT-0035,INC-SCN-06-FANOUT-CASHOUT-0035,2026-09-06T22:34:00+00:00,49199.00,49199.00,34625.50,14573.50,30228.77,49199.00,18970.23,1,3,2,2,1,1,82905.00,98971.00,0.00,123.35,1.0,49199.00,0.00,49199.00,0,0,0,34625.50,14573.50,49199.00,2,2,1,34625.50,14573.50,49199.00,3,3,1,34625.50,14573.50,49199.00,3,3,1,34625.50,14573.50,49199.00,3,3,1,34625.50,14573.50,49199.00,3,3,1
SCN-06-FANOUT-CASHOUT-0036,INC-SCN-06-FANOUT-CASHOUT-0036,2026-09-06T22:49:00+00:00,47753.00,47753.00,37680.57,10072.43,31229.32,47753.00,16523.68,1,3,2,2,1,1,74480.00,90137.00,0.00,36.48,1.0,47753.00,0.00,47753.00,0,0,0,37680.57,10072.43,47753.00,2,2,1,33973.59,13779.41,47753.00,3,3,2,33973.59,13779.41,47753.00,3,3,2,33973.59,13779.41,47753.00,3,3,2,33973.59,13779.41,47753.00,3,3,2
SCN-06-FANOUT-CASHOUT-0037,INC-SCN-06-FANOUT-CASHOUT-0037,2026-09-06T23:04:00+00:00,58298.00,58298.00,42938.16,15359.84,36719.08,58298.00,21578.92,1,2,1,1,1,1,95456.00,95456.00,0.00,0.00,1.0,58298.00,0.00,58298.00,0,0,0,42938.16,15359.84,58298.00,2,2,1,37992.17,20305.83,58298.00,3,3,2,37992.17,20305.83,58298.00,3,3,2,37992.17,20305.83,58298.00,3,3,2,37992.17,20305.83,58298.00,3,3,2
SCN-06-FANOUT-CASHOUT-0038,INC-SCN-06-FANOUT-CASHOUT-0038,2026-09-06T23:19:00+00:00,42580.00,42580.00,31406.05,11173.95,28325.75,28325.75,0.00,1,1,0,0,1,1,53829.00,53829.00,0.00,0.00,0.665236,42580.00,0.00,42580.00,0,0,0,31406.05,11173.95,42580.00,0,0,1,27985.75,14594.25,42580.00,0,0,1,27985.75,14594.25,42580.00,0,0,1,27985.75,14594.25,42580.00,0,0,1,27985.75,14594.25,42580.00,0,0,1
SCN-06-FANOUT-CASHOUT-0039,INC-SCN-06-FANOUT-CASHOUT-0039,2026-09-06T23:34:00+00:00,37018.00,37018.00,28604.41,8413.59,23676.63,23676.63,0.00,1,1,0,0,1,1,45490.00,45490.00,0.00,0.00,0.639598,37018.00,0.00,37018.00,0,0,0,28604.41,8413.59,37018.00,0,0,1,28604.41,8413.59,37018.00,0,0,1,28604.41,8413.59,37018.00,0,0,1,28604.41,8413.59,37018.00,0,0,1,28604.41,8413.59,37018.00,0,0,1
SCN-06-FANOUT-CASHOUT-0040,INC-SCN-06-FANOUT-CASHOUT-0040,2026-09-06T23:49:00+00:00,40343.00,40343.00,31378.22,8964.78,27747.99,40343.00,12595.01,1,3,2,2,1,1,62038.00,75122.00,0.00,1.56,1.0,40343.00,0.00,40343.00,0,0,0,31378.22,8964.78,40343.00,2,2,1,28809.06,11533.94,40343.00,3,3,2,28809.06,11533.94,40343.00,3,3,2,28809.06,11533.94,40343.00,3,3,2,28809.06,11533.94,40343.00,3,3,2
SCN-06-FANOUT-CASHOUT-0041,INC-SCN-06-FANOUT-CASHOUT-0041,2026-09-07T00:04:00+00:00,54547.00,54547.00,39580.24,14966.76,35748.80,54547.00,18798.20,1,2,1,1,1,1,88502.00,88502.00,0.00,0.00,1.0,54547.00,0.00,54547.00,0,0,0,39580.24,14966.76,54547.00,2,2,1,39580.24,14966.76,54547.00,3,3,1,35820.40,18726.60,54547.00,3,3,2,35820.40,18726.60,54547.00,3,3,2,35820.40,18726.60,54547.00,3,3,2
SCN-06-FANOUT-CASHOUT-0042,INC-SCN-06-FANOUT-CASHOUT-0042,2026-09-07T00:19:00+00:00,55775.00,55775.00,42104.57,13670.43,37048.29,55775.00,18726.71,1,4,3,3,1,1,88401.00,114709.00,0.00,887.72,1.0,55775.00,0.00,55775.00,0,0,0,42104.57,13670.43,55775.00,3,3,1,42104.57,13670.43,55775.00,3,3,1,42104.57,13670.43,55775.00,3,3,1,42104.57,13670.43,55775.00,3,3,1,42104.57,13670.43,55775.00,3,3,1
SCN-06-FANOUT-CASHOUT-0043,INC-SCN-06-FANOUT-CASHOUT-0043,2026-09-07T00:34:00+00:00,59072.00,59072.00,43251.88,15820.12,40539.32,59072.00,18532.68,1,2,1,1,1,1,93633.00,93633.00,0.00,0.00,1.0,59072.00,0.00,59072.00,0,0,0,43251.88,15820.12,59072.00,1,1,1,43251.88,15820.12,59072.00,1,1,1,43251.88,15820.12,59072.00,1,1,1,43251.88,15820.12,59072.00,1,1,1,43251.88,15820.12,59072.00,1,1,1
SCN-06-FANOUT-CASHOUT-0044,INC-SCN-06-FANOUT-CASHOUT-0044,2026-09-07T00:49:00+00:00,60092.00,60092.00,45928.74,14163.26,35534.39,60092.00,24557.61,1,2,1,1,1,1,99050.00,99050.00,0.00,0.00,1.0,60092.00,0.00,60092.00,0,0,0,45928.74,14163.26,60092.00,1,1,1,45928.74,14163.26,60092.00,1,1,1,45928.74,14163.26,60092.00,1,1,1,45928.74,14163.26,60092.00,1,1,1,45928.74,14163.26,60092.00,1,1,1
SCN-06-FANOUT-CASHOUT-0045,INC-SCN-06-FANOUT-CASHOUT-0045,2026-09-07T01:04:00+00:00,53238.00,53238.00,40363.38,12874.62,30071.23,53238.00,23166.77,1,2,1,1,1,1,89538.00,89538.00,0.00,0.00,1.0,53238.00,0.00,53238.00,0,0,0,40363.38,12874.62,53238.00,1,1,1,40363.38,12874.62,53238.00,1,1,1,40363.38,12874.62,53238.00,1,1,1,40363.38,12874.62,53238.00,1,1,1,40363.38,12874.62,53238.00,1,1,1
SCN-06-FANOUT-CASHOUT-0046,INC-SCN-06-FANOUT-CASHOUT-0046,2026-09-07T01:19:00+00:00,44762.00,44762.00,34425.43,10336.57,27106.92,44762.00,17655.08,1,3,2,2,1,1,72920.00,88178.00,0.00,87.71,1.0,44762.00,0.00,44762.00,0,0,0,34425.43,10336.57,44762.00,3,3,1,31539.71,13222.29,44762.00,3,3,2,31539.71,13222.29,44762.00,3,3,2,31539.71,13222.29,44762.00,3,3,2,31539.71,13222.29,44762.00,3,3,2
SCN-06-FANOUT-CASHOUT-0047,INC-SCN-06-FANOUT-CASHOUT-0047,2026-09-07T01:34:00+00:00,46317.00,46317.00,32623.18,13693.82,29471.93,46317.00,16845.07,1,3,2,2,1,1,77057.00,89365.00,0.00,194.63,1.0,46317.00,0.00,46317.00,0,0,0,32623.18,13693.82,46317.00,3,3,1,29533.59,16783.41,46317.00,3,3,2,29533.59,16783.41,46317.00,3,3,2,29533.59,16783.41,46317.00,3,3,2,29533.59,16783.41,46317.00,3,3,2
SCN-06-FANOUT-CASHOUT-0048,INC-SCN-06-FANOUT-CASHOUT-0048,2026-09-07T01:49:00+00:00,36730.00,36730.00,25806.14,10923.86,36730.00,36730.00,0.00,1,1,0,0,1,1,47719.00,47719.00,0.00,0.00,1.0,36730.00,0.00,36730.00,0,0,0,25806.14,10923.86,36730.00,0,0,1,25806.14,10923.86,36730.00,0,0,1,25806.14,10923.86,36730.00,0,0,1,25806.14,10923.86,36730.00,0,0,1,25806.14,10923.86,36730.00,0,0,1
SCN-06-FANOUT-CASHOUT-0049,INC-SCN-06-FANOUT-CASHOUT-0049,2026-09-07T02:04:00+00:00,52302.00,52302.00,52302.00,0.00,31349.80,52302.00,20952.20,1,3,2,2,0,0,73382.00,89099.00,0.00,205.87,1.0,52302.00,0.00,52302.00,0,0,0,39023.99,13278.01,52302.00,2,2,1,39023.99,13278.01,52302.00,3,3,1,35505.29,16796.71,52302.00,3,3,2,35505.29,16796.71,52302.00,3,3,2,35505.29,16796.71,52302.00,3,3,2
SCN-06-FANOUT-CASHOUT-0050,INC-SCN-06-FANOUT-CASHOUT-0050,2026-09-07T02:19:00+00:00,57252.00,57252.00,44299.67,12952.33,35483.33,57252.00,21768.67,1,3,2,2,1,1,92141.00,106896.00,0.00,256.13,1.0,57252.00,0.00,57252.00,0,0,0,44299.67,12952.33,57252.00,3,3,1,39363.77,17888.23,57252.00,3,3,2,39363.77,17888.23,57252.00,3,3,2,39363.77,17888.23,57252.00,3,3,2,39363.77,17888.23,57252.00,3,3,2
SCN-06-FANOUT-CASHOUT-0051,INC-SCN-06-FANOUT-CASHOUT-0051,2026-09-07T02:34:00+00:00,60742.00,60742.00,60742.00,0.00,35250.01,35250.01,0.00,1,1,0,0,0,0,60742.00,60742.00,0.00,0.00,0.580323,60742.00,0.00,60742.00,0,0,0,60742.00,0.00,60742.00,0,0,0,56685.75,4056.25,60742.00,0,0,0,56685.75,4056.25,60742.00,0,0,0,56685.75,4056.25,60742.00,0,0,0,56685.75,4056.25,60742.00,0,0,0
SCN-06-FANOUT-CASHOUT-0052,INC-SCN-06-FANOUT-CASHOUT-0052,2026-09-07T02:49:00+00:00,33451.00,33451.00,23988.60,9462.40,21394.57,33451.00,12056.43,1,3,2,2,1,1,55094.00,66241.00,0.00,42.25,1.0,33451.00,0.00,33451.00,0,0,0,23988.60,9462.40,33451.00,3,3,1,21837.31,11613.69,33451.00,3,3,2,21837.31,11613.69,33451.00,3,3,2,21837.31,11613.69,33451.00,3,3,2,21837.31,11613.69,33451.00,3,3,2
SCN-06-FANOUT-CASHOUT-0053,INC-SCN-06-FANOUT-CASHOUT-0053,2026-09-07T03:04:00+00:00,66222.00,66222.00,51883.86,14338.14,39092.28,66222.00,27129.72,1,3,2,2,1,1,107889.00,131499.00,0.00,120.74,1.0,66222.00,0.00,66222.00,0,0,0,51883.86,14338.14,66222.00,2,2,1,46118.54,20103.46,66222.00,3,3,2,46118.54,20103.46,66222.00,3,3,2,46118.54,20103.46,66222.00,3,3,2,46118.54,20103.46,66222.00,3,3,2
SCN-06-FANOUT-CASHOUT-0054,INC-SCN-06-FANOUT-CASHOUT-0054,2026-09-07T03:19:00+00:00,65173.00,65173.00,48153.24,17019.76,41964.33,65173.00,23208.67,1,2,1,1,1,1,105636.00,105636.00,0.00,0.00,1.0,65173.00,0.00,65173.00,0,0,0,48153.24,17019.76,65173.00,1,1,1,48153.24,17019.76,65173.00,1,1,1,48153.24,17019.76,65173.00,1,1,1,48153.24,17019.76,65173.00,1,1,1,48153.24,17019.76,65173.00,1,1,1
SCN-06-FANOUT-CASHOUT-0055,INC-SCN-06-FANOUT-CASHOUT-0055,2026-09-07T03:34:00+00:00,41648.00,41648.00,30730.76,10917.24,23541.65,41648.00,18106.35,1,2,1,1,1,1,70873.00,70873.00,0.00,0.00,1.0,41648.00,0.00,41648.00,0,0,0,30730.76,10917.24,41648.00,1,1,1,30730.76,10917.24,41648.00,1,1,1,30730.76,10917.24,41648.00,1,1,1,30730.76,10917.24,41648.00,1,1,1,30730.76,10917.24,41648.00,1,1,1
SCN-06-FANOUT-CASHOUT-0056,INC-SCN-06-FANOUT-CASHOUT-0056,2026-09-07T03:49:00+00:00,35213.00,35213.00,25250.60,9962.40,21319.16,35213.00,13893.84,1,2,1,1,1,1,59200.00,59200.00,0.00,0.00,1.0,35213.00,0.00,35213.00,0,0,0,25250.60,9962.40,35213.00,1,1,1,25250.60,9962.40,35213.00,1,1,1,25250.60,9962.40,35213.00,1,1,1,25250.60,9962.40,35213.00,1,1,1,25250.60,9962.40,35213.00,1,1,1
SCN-06-FANOUT-CASHOUT-0057,INC-SCN-06-FANOUT-CASHOUT-0057,2026-09-07T04:04:00+00:00,57623.00,57623.00,44518.73,13104.27,37861.75,57623.00,19761.25,1,3,2,2,1,1,90691.00,107677.00,0.00,99.03,1.0,57623.00,0.00,57623.00,0,0,0,44518.73,13104.27,57623.00,3,3,1,40016.74,17606.26,57623.00,3,3,2,40016.74,17606.26,57623.00,3,3,2,40016.74,17606.26,57623.00,3,3,2,40016.74,17606.26,57623.00,3,3,2
SCN-06-FANOUT-CASHOUT-0058,INC-SCN-06-FANOUT-CASHOUT-0058,2026-09-07T04:19:00+00:00,40479.00,40479.00,30097.53,10381.47,24482.27,40479.00,15996.73,1,3,2,2,1,1,67011.00,79196.00,0.00,153.15,1.0,40479.00,0.00,40479.00,0,0,0,30097.53,10381.47,40479.00,2,2,1,30097.53,10381.47,40479.00,3,3,1,30097.53,10381.47,40479.00,3,3,1,30097.53,10381.47,40479.00,3,3,1,30097.53,10381.47,40479.00,3,3,1
SCN-06-FANOUT-CASHOUT-0059,INC-SCN-06-FANOUT-CASHOUT-0059,2026-09-07T04:34:00+00:00,59066.00,59066.00,45697.49,13368.51,37710.00,59066.00,21356.00,1,3,2,2,1,1,93971.00,109017.00,0.00,207.93,1.0,59066.00,0.00,59066.00,0,0,0,45697.49,13368.51,59066.00,2,2,1,45697.49,13368.51,59066.00,3,3,1,45697.49,13368.51,59066.00,3,3,1,45697.49,13368.51,59066.00,3,3,1,45697.49,13368.51,59066.00,3,3,1
SCN-06-FANOUT-CASHOUT-0060,INC-SCN-06-FANOUT-CASHOUT-0060,2026-09-07T04:49:00+00:00,53239.00,53239.00,41853.60,11385.40,36167.38,53239.00,17071.62,1,2,1,1,1,1,81835.00,81835.00,0.00,0.00,1.0,53239.00,0.00,53239.00,0,0,0,41853.60,11385.40,53239.00,2,2,1,41853.60,11385.40,53239.00,3,3,1,38424.86,14814.14,53239.00,3,3,2,38424.86,14814.14,53239.00,3,3,2,38424.86,14814.14,53239.00,3,3,2
SCN-06-FANOUT-CASHOUT-0061,INC-SCN-06-FANOUT-CASHOUT-0061,2026-09-07T05:04:00+00:00,47967.00,47967.00,36312.36,11654.64,29009.32,29009.32,0.00,1,1,0,0,1,1,59687.00,59687.00,0.00,0.00,0.604777,47967.00,0.00,47967.00,0,0,0,36312.36,11654.64,47967.00,0,0,1,32302.55,15664.45,47967.00,0,0,1,32302.55,15664.45,47967.00,0,0,1,32302.55,15664.45,47967.00,0,0,1,32302.55,15664.45,47967.00,0,0,1
SCN-06-FANOUT-CASHOUT-0062,INC-SCN-06-FANOUT-CASHOUT-0062,2026-09-07T05:19:00+00:00,36094.00,36094.00,26718.50,9375.50,36094.00,36094.00,0.00,1,1,0,0,1,1,45536.00,45536.00,0.00,0.00,1.0,36094.00,0.00,36094.00,0,0,0,26718.50,9375.50,36094.00,0,0,1,26718.50,9375.50,36094.00,0,0,1,26718.50,9375.50,36094.00,0,0,1,26718.50,9375.50,36094.00,0,0,1,26718.50,9375.50,36094.00,0,0,1
SCN-06-FANOUT-CASHOUT-0063,INC-SCN-06-FANOUT-CASHOUT-0063,2026-09-07T05:34:00+00:00,43304.00,43304.00,32312.69,10991.31,26732.63,26732.63,0.00,1,1,0,0,1,1,54374.00,54374.00,0.00,0.00,0.617325,43304.00,0.00,43304.00,0,0,0,32312.69,10991.31,43304.00,0,0,1,28847.30,14456.70,43304.00,0,0,1,28847.30,14456.70,43304.00,0,0,1,28847.30,14456.70,43304.00,0,0,1,28847.30,14456.70,43304.00,0,0,1
SCN-06-FANOUT-CASHOUT-0064,INC-SCN-06-FANOUT-CASHOUT-0064,2026-09-07T05:49:00+00:00,47154.00,47154.00,36366.09,10787.91,32451.25,47154.00,14702.75,1,3,2,2,1,1,72789.00,85889.00,0.00,64.90,1.0,47154.00,0.00,47154.00,0,0,0,36366.09,10787.91,47154.00,2,2,1,33182.02,13971.98,47154.00,3,3,2,33182.02,13971.98,47154.00,3,3,2,33182.02,13971.98,47154.00,3,3,2,33182.02,13971.98,47154.00,3,3,2
SCN-06-FANOUT-CASHOUT-0065,INC-SCN-06-FANOUT-CASHOUT-0065,2026-09-07T06:04:00+00:00,52999.00,52999.00,52999.00,0.00,52999.00,52999.00,0.00,1,1,0,0,0,0,52999.00,52999.00,0.00,0.00,1.0,52999.00,0.00,52999.00,0,0,0,52999.00,0.00,52999.00,0,0,0,52999.00,0.00,52999.00,0,0,0,52999.00,0.00,52999.00,0,0,0,52999.00,0.00,52999.00,0,0,0,52999.00,0.00,52999.00,0,0,0
SCN-06-FANOUT-CASHOUT-0066,INC-SCN-06-FANOUT-CASHOUT-0066,2026-09-07T06:19:00+00:00,43178.00,43178.00,43178.00,0.00,24615.17,43178.00,18562.83,1,2,1,1,0,0,61841.00,61841.00,0.00,0.00,1.0,43178.00,0.00,43178.00,0,0,0,30752.06,12425.94,43178.00,1,1,1,30752.06,12425.94,43178.00,1,1,1,30752.06,12425.94,43178.00,1,1,1,30752.06,12425.94,43178.00,1,1,1,30752.06,12425.94,43178.00,1,1,1
SCN-06-FANOUT-CASHOUT-0067,INC-SCN-06-FANOUT-CASHOUT-0067,2026-09-07T06:34:00+00:00,43969.00,43969.00,33968.05,10000.95,25595.32,43969.00,18373.68,1,2,1,1,1,1,72514.00,72514.00,0.00,0.00,1.0,43969.00,0.00,43969.00,0,0,0,33968.05,10000.95,43969.00,1,1,1,33968.05,10000.95,43969.00,1,1,1,33968.05,10000.95,43969.00,1,1,1,33968.05,10000.95,43969.00,1,1,1,33968.05,10000.95,43969.00,1,1,1
SCN-06-FANOUT-CASHOUT-0068,INC-SCN-06-FANOUT-CASHOUT-0068,2026-09-07T06:49:00+00:00,49818.00,49818.00,49818.00,0.00,30731.70,49818.00,19086.30,1,2,1,1,0,0,69002.00,69002.00,0.00,0.00,1.0,49818.00,0.00,49818.00,0,0,0,49818.00,0.00,49818.00,1,1,0,49818.00,0.00,49818.00,1,1,0,49818.00,0.00,49818.00,1,1,0,49818.00,0.00,49818.00,1,1,0,49818.00,0.00,49818.00,1,1,0
SCN-06-FANOUT-CASHOUT-0069,INC-SCN-06-FANOUT-CASHOUT-0069,2026-09-07T07:04:00+00:00,54239.00,54239.00,42032.76,12206.24,31884.29,54239.00,22354.71,1,3,2,2,1,1,88972.00,104744.00,0.00,172.35,1.0,54239.00,0.00,54239.00,0,0,0,42032.76,12206.24,54239.00,2,2,1,37260.80,16978.20,54239.00,3,3,2,37260.80,16978.20,54239.00,3,3,2,37260.80,16978.20,54239.00,3,3,2,37260.80,16978.20,54239.00,3,3,2
SCN-06-FANOUT-CASHOUT-0070,INC-SCN-06-FANOUT-CASHOUT-0070,2026-09-07T07:19:00+00:00,61045.00,61045.00,61045.00,0.00,34361.86,61045.00,26683.14,1,2,1,1,0,0,87889.00,87889.00,0.00,0.00,1.0,61045.00,0.00,61045.00,0,0,0,44262.18,16782.82,61045.00,1,1,1,44262.18,16782.82,61045.00,1,1,1,44262.18,16782.82,61045.00,1,1,1,44262.18,16782.82,61045.00,1,1,1,44262.18,16782.82,61045.00,1,1,1
SCN-06-FANOUT-CASHOUT-0071,INC-SCN-06-FANOUT-CASHOUT-0071,2026-09-07T07:34:00+00:00,49105.00,49105.00,37465.18,11639.82,29392.15,49105.00,19712.85,1,3,2,2,1,1,80609.00,96685.00,0.00,136.16,1.0,49105.00,0.00,49105.00,0,0,0,37465.18,11639.82,49105.00,2,2,1,34258.71,14846.29,49105.00,3,3,2,34258.71,14846.29,49105.00,3,3,2,34258.71,14846.29,49105.00,3,3,2,34258.71,14846.29,49105.00,3,3,2
SCN-06-FANOUT-CASHOUT-0072,INC-SCN-06-FANOUT-CASHOUT-0072,2026-09-07T07:49:00+00:00,46618.00,46618.00,46618.00,0.00,32192.82,46618.00,14425.18,1,3,2,2,0,0,61119.00,76013.00,0.00,0.00,1.0,46618.00,0.00,46618.00,0,0,0,36237.56,10380.44,46618.00,2,2,1,32847.51,13770.49,46618.00,3,3,2,32847.51,13770.49,46618.00,3,3,2,32847.51,13770.49,46618.00,3,3,2,32847.51,13770.49,46618.00,3,3,2
SCN-06-FANOUT-CASHOUT-0073,INC-SCN-06-FANOUT-CASHOUT-0073,2026-09-07T08:04:00+00:00,36151.00,36151.00,27994.42,8156.58,36151.00,36151.00,0.00,1,1,0,0,1,1,44350.00,44350.00,0.00,0.00,1.0,36151.00,0.00,36151.00,0,0,0,27994.42,8156.58,36151.00,0,0,1,27994.42,8156.58,36151.00,0,0,1,27994.42,8156.58,36151.00,0,0,1,27994.42,8156.58,36151.00,0,0,1,27994.42,8156.58,36151.00,0,0,1
SCN-06-FANOUT-CASHOUT-0074,INC-SCN-06-FANOUT-CASHOUT-0074,2026-09-07T08:19:00+00:00,49239.00,49239.00,35831.34,13407.66,33320.81,49239.00,15918.19,1,3,2,2,1,1,78734.00,95297.00,0.00,0.00,1.0,49239.00,0.00,49239.00,0,0,0,35831.34,13407.66,49239.00,3,3,1,32607.87,16631.13,49239.00,3,3,2,32607.87,16631.13,49239.00,3,3,2,32607.87,16631.13,49239.00,3,3,2,32607.87,16631.13,49239.00,3,3,2
SCN-06-FANOUT-CASHOUT-0075,INC-SCN-06-FANOUT-CASHOUT-0075,2026-09-07T08:34:00+00:00,52665.00,52665.00,52665.00,0.00,33382.94,52665.00,19282.06,1,2,1,1,0,0,72058.00,72058.00,0.00,0.00,1.0,52665.00,0.00,52665.00,0,0,0,40267.33,12397.67,52665.00,2,2,1,40267.33,12397.67,52665.00,3,3,1,36771.47,15893.53,52665.00,3,3,2,36771.47,15893.53,52665.00,3,3,2,36771.47,15893.53,52665.00,3,3,2
SCN-06-FANOUT-CASHOUT-0076,INC-SCN-06-FANOUT-CASHOUT-0076,2026-09-07T08:49:00+00:00,42716.00,42716.00,42716.00,0.00,28426.33,42716.00,14289.67,1,2,1,1,0,0,57098.00,57098.00,0.00,0.00,1.0,42716.00,0.00,42716.00,0,0,0,31691.24,11024.76,42716.00,1,1,1,31691.24,11024.76,42716.00,1,1,1,31691.24,11024.76,42716.00,1,1,1,31691.24,11024.76,42716.00,1,1,1,31691.24,11024.76,42716.00,1,1,1
SCN-06-FANOUT-CASHOUT-0077,INC-SCN-06-FANOUT-CASHOUT-0077,2026-09-07T09:04:00+00:00,32876.00,32876.00,24395.69,8480.31,19574.24,32876.00,13301.76,1,3,2,2,1,1,54778.00,63561.00,0.00,1035.24,1.0,32876.00,0.00,32876.00,0,0,0,24395.69,8480.31,32876.00,3,3,1,24395.69,8480.31,32876.00,3,3,1,24395.69,8480.31,32876.00,3,3,1,24395.69,8480.31,32876.00,3,3,1,24395.69,8480.31,32876.00,3,3,1
SCN-06-FANOUT-CASHOUT-0078,INC-SCN-06-FANOUT-CASHOUT-0078,2026-09-07T09:19:00+00:00,37872.00,37872.00,27139.42,10732.58,22932.41,22932.41,0.00,1,1,0,0,1,1,48676.00,48676.00,0.00,0.00,0.605524,37872.00,0.00,37872.00,0,0,0,27139.42,10732.58,37872.00,0,0,1,27139.42,10732.58,37872.00,0,0,1,27139.42,10732.58,37872.00,0,0,1,27139.42,10732.58,37872.00,0,0,1,27139.42,10732.58,37872.00,0,0,1
SCN-06-FANOUT-CASHOUT-0079,INC-SCN-06-FANOUT-CASHOUT-0079,2026-09-07T09:34:00+00:00,47259.00,47259.00,47259.00,0.00,28661.05,47259.00,18597.95,1,3,2,2,0,0,65988.00,78750.00,0.00,177.10,1.0,47259.00,0.00,47259.00,0,0,0,34038.16,13220.84,47259.00,2,2,1,34038.16,13220.84,47259.00,3,3,1,30835.84,16423.16,47259.00,3,3,2,30835.84,16423.16,47259.00,3,3,2,30835.84,16423.16,47259.00,3,3,2
SCN-06-FANOUT-CASHOUT-0080,INC-SCN-06-FANOUT-CASHOUT-0080,2026-09-07T09:49:00+00:00,43568.00,43568.00,34213.40,9354.60,25573.35,25573.35,0.00,1,1,0,0,1,1,52981.00,52981.00,0.00,0.00,0.586976,43568.00,0.00,43568.00,0,0,0,34213.40,9354.60,43568.00,0,0,1,31332.11,12235.89,43568.00,0,0,1,31332.11,12235.89,43568.00,0,0,1,31332.11,12235.89,43568.00,0,0,1,31332.11,12235.89,43568.00,0,0,1
SCN-06-FANOUT-CASHOUT-0081,INC-SCN-06-FANOUT-CASHOUT-0081,2026-09-07T10:04:00+00:00,44122.00,44122.00,32516.28,11605.72,25694.13,44122.00,18427.87,1,3,2,2,1,1,74353.00,88524.00,0.00,155.41,1.0,44122.00,0.00,44122.00,0,0,0,32516.28,11605.72,44122.00,2,2,1,32516.28,11605.72,44122.00,3,3,1,28700.45,15421.55,44122.00,3,3,2,28700.45,15421.55,44122.00,3,3,2,28700.45,15421.55,44122.00,3,3,2
SCN-06-FANOUT-CASHOUT-0082,INC-SCN-06-FANOUT-CASHOUT-0082,2026-09-07T10:19:00+00:00,37808.00,37808.00,26725.63,11082.37,37808.00,37808.00,0.00,1,1,0,0,1,1,48966.00,48966.00,0.00,0.00,1.0,37808.00,0.00,37808.00,0,0,0,26725.63,11082.37,37808.00,0,0,1,26725.63,11082.37,37808.00,0,0,1,26725.63,11082.37,37808.00,0,0,1,26725.63,11082.37,37808.00,0,0,1,26725.63,11082.37,37808.00,0,0,1
SCN-06-FANOUT-CASHOUT-0083,INC-SCN-06-FANOUT-CASHOUT-0083,2026-09-07T10:34:00+00:00,41192.00,41192.00,32565.29,8626.71,26509.78,41192.00,14682.22,1,2,1,1,1,1,64626.00,64626.00,0.00,0.00,1.0,41192.00,0.00,41192.00,0,0,0,32565.29,8626.71,41192.00,1,1,1,32565.29,8626.71,41192.00,1,1,1,32565.29,8626.71,41192.00,1,1,1,32565.29,8626.71,41192.00,1,1,1,32565.29,8626.71,41192.00,1,1,1
SCN-06-FANOUT-CASHOUT-0084,INC-SCN-06-FANOUT-CASHOUT-0084,2026-09-07T10:49:00+00:00,38675.00,38675.00,30322.73,8352.27,23604.12,38675.00,15070.88,1,3,2,2,1,1,62232.00,72679.00,0.00,174.42,1.0,38675.00,0.00,38675.00,0,0,0,30322.73,8352.27,38675.00,3,3,1,27171.46,11503.54,38675.00,3,3,2,27171.46,11503.54,38675.00,3,3,2,27171.46,11503.54,38675.00,3,3,2,27171.46,11503.54,38675.00,3,3,2
SCN-06-FANOUT-CASHOUT-0085,INC-SCN-06-FANOUT-CASHOUT-0085,2026-09-07T11:04:00+00:00,57933.00,57933.00,45145.28,12787.72,37366.20,57933.00,20566.80,1,2,1,1,1,1,91523.00,91523.00,0.00,0.00,1.0,57933.00,0.00,57933.00,0,0,0,45145.28,12787.72,57933.00,1,1,1,45145.28,12787.72,57933.00,1,1,1,45145.28,12787.72,57933.00,1,1,1,45145.28,12787.72,57933.00,1,1,1,45145.28,12787.72,57933.00,1,1,1
SCN-06-FANOUT-CASHOUT-0086,INC-SCN-06-FANOUT-CASHOUT-0086,2026-09-07T11:19:00+00:00,46808.00,46808.00,35956.10,10851.90,28984.20,46808.00,17823.80,1,3,2,2,1,1,75624.00,89996.00,0.00,135.44,1.0,46808.00,0.00,46808.00,0,0,0,35956.10,10851.90,46808.00,3,3,1,32156.16,14651.84,46808.00,3,3,2,32156.16,14651.84,46808.00,3,3,2,32156.16,14651.84,46808.00,3,3,2,32156.16,14651.84,46808.00,3,3,2
SCN-06-FANOUT-CASHOUT-0087,INC-SCN-06-FANOUT-CASHOUT-0087,2026-09-07T11:34:00+00:00,41647.00,41647.00,41647.00,0.00,25596.72,41647.00,16050.28,1,3,2,2,0,0,57784.00,72403.00,0.00,54.19,1.0,41647.00,0.00,41647.00,0,0,0,32902.25,8744.75,41647.00,2,2,1,29842.84,11804.16,41647.00,3,3,2,29842.84,11804.16,41647.00,3,3,2,29842.84,11804.16,41647.00,3,3,2,29842.84,11804.16,41647.00,3,3,2
SCN-06-FANOUT-CASHOUT-0088,INC-SCN-06-FANOUT-CASHOUT-0088,2026-09-07T11:49:00+00:00,46906.00,46906.00,36520.31,10385.69,28638.40,46906.00,18267.60,1,2,1,1,1,1,75745.00,75745.00,0.00,0.00,1.0,46906.00,0.00,46906.00,0,0,0,36520.31,10385.69,46906.00,2,2,1,36520.31,10385.69,46906.00,3,3,1,36520.31,10385.69,46906.00,3,3,1,36520.31,10385.69,46906.00,3,3,1,36520.31,10385.69,46906.00,3,3,1
SCN-06-FANOUT-CASHOUT-0089,INC-SCN-06-FANOUT-CASHOUT-0089,2026-09-07T12:04:00+00:00,57142.00,57142.00,44908.80,12233.20,36262.12,57142.00,20879.88,1,3,2,2,1,1,90444.00,106444.00,0.00,163.91,1.0,57142.00,0.00,57142.00,0,0,0,44908.80,12233.20,57142.00,3,3,1,41110.07,16031.93,57142.00,3,3,2,41110.07,16031.93,57142.00,3,3,2,41110.07,16031.93,57142.00,3,3,2,41110.07,16031.93,57142.00,3,3,2
SCN-06-FANOUT-CASHOUT-0090,INC-SCN-06-FANOUT-CASHOUT-0090,2026-09-07T12:19:00+00:00,36028.00,36028.00,26820.40,9207.60,22239.46,22239.46,0.00,1,1,0,0,1,1,45288.00,45288.00,0.00,0.00,0.617283,36028.00,0.00,36028.00,0,0,0,26820.40,9207.60,36028.00,0,0,1,26820.40,9207.60,36028.00,0,0,1,26820.40,9207.60,36028.00,0,0,1,26820.40,9207.60,36028.00,0,0,1,26820.40,9207.60,36028.00,0,0,1
SCN-06-FANOUT-CASHOUT-0091,INC-SCN-06-FANOUT-CASHOUT-0091,2026-09-07T12:34:00+00:00,45745.00,45745.00,33227.43,12517.57,31137.86,45745.00,14607.14,1,3,2,2,1,1,73031.00,87533.00,0.00,22.15,1.0,45745.00,0.00,45745.00,0,0,0,33227.43,12517.57,45745.00,3,3,1,29627.85,16117.15,45745.00,3,3,2,29627.85,16117.15,45745.00,3,3,2,29627.85,16117.15,45745.00,3,3,2,29627.85,16117.15,45745.00,3,3,2
SCN-06-FANOUT-CASHOUT-0092,INC-SCN-06-FANOUT-CASHOUT-0092,2026-09-07T12:49:00+00:00,33082.00,33082.00,24865.90,8216.10,33082.00,33082.00,0.00,1,1,0,0,1,1,41352.00,41352.00,0.00,0.00,1.0,33082.00,0.00,33082.00,0,0,0,24865.90,8216.10,33082.00,0,0,1,24865.90,8216.10,33082.00,0,0,1,24865.90,8216.10,33082.00,0,0,1,24865.90,8216.10,33082.00,0,0,1,24865.90,8216.10,33082.00,0,0,1
SCN-06-FANOUT-CASHOUT-0093,INC-SCN-06-FANOUT-CASHOUT-0093,2026-09-07T13:04:00+00:00,62488.00,62488.00,44562.75,17925.25,40896.64,62488.00,21591.36,1,2,1,1,1,1,102262.00,102262.00,0.00,0.00,1.0,62488.00,0.00,62488.00,0,0,0,44562.75,17925.25,62488.00,1,1,1,44562.75,17925.25,62488.00,1,1,1,44562.75,17925.25,62488.00,1,1,1,44562.75,17925.25,62488.00,1,1,1,44562.75,17925.25,62488.00,1,1,1
SCN-06-FANOUT-CASHOUT-0094,INC-SCN-06-FANOUT-CASHOUT-0094,2026-09-07T13:19:00+00:00,41517.00,41517.00,32517.02,8999.98,28071.18,28071.18,0.00,1,1,0,0,1,1,50574.00,50574.00,0.00,0.00,0.676137,41517.00,0.00,41517.00,0,0,0,32517.02,8999.98,41517.00,0,0,1,29162.28,12354.72,41517.00,0,0,1,29162.28,12354.72,41517.00,0,0,1,29162.28,12354.72,41517.00,0,0,1,29162.28,12354.72,41517.00,0,0,1
SCN-06-FANOUT-CASHOUT-0095,INC-SCN-06-FANOUT-CASHOUT-0095,2026-09-07T13:34:00+00:00,35569.00,35569.00,25425.61,10143.39,21199.61,35569.00,14369.39,1,2,1,1,1,1,60221.00,60221.00,0.00,0.00,1.0,35569.00,0.00,35569.00,0,0,0,25425.61,10143.39,35569.00,1,1,1,25425.61,10143.39,35569.00,1,1,1,25425.61,10143.39,35569.00,1,1,1,25425.61,10143.39,35569.00,1,1,1,25425.61,10143.39,35569.00,1,1,1
SCN-06-FANOUT-CASHOUT-0096,INC-SCN-06-FANOUT-CASHOUT-0096,2026-09-07T13:49:00+00:00,46336.00,46336.00,34780.07,11555.93,26426.34,46336.00,19909.66,1,3,2,2,1,1,78006.00,93012.00,0.00,157.63,1.0,46336.00,0.00,46336.00,0,0,0,34780.07,11555.93,46336.00,2,2,1,34780.07,11555.93,46336.00,3,3,1,31756.07,14579.93,46336.00,3,3,2,31756.07,14579.93,46336.00,3,3,2,31756.07,14579.93,46336.00,3,3,2
SCN-06-FANOUT-CASHOUT-0097,INC-SCN-06-FANOUT-CASHOUT-0097,2026-09-07T14:04:00+00:00,66840.00,66840.00,52578.75,14261.25,39961.92,39961.92,0.00,1,1,0,0,1,1,81193.00,81193.00,0.00,0.00,0.597874,66840.00,0.00,66840.00,0,0,0,52578.75,14261.25,66840.00,0,0,1,47499.43,19340.57,66840.00,0,0,1,47499.43,19340.57,66840.00,0,0,1,47499.43,19340.57,66840.00,0,0,1,47499.43,19340.57,66840.00,0,0,1
SCN-06-FANOUT-CASHOUT-0098,INC-SCN-06-FANOUT-CASHOUT-0098,2026-09-07T14:19:00+00:00,56873.00,56873.00,40913.67,15959.33,38493.55,56873.00,18379.45,1,3,2,2,1,1,91437.00,108579.00,0.00,55.29,1.0,56873.00,0.00,56873.00,0,0,0,40913.67,15959.33,56873.00,3,3,1,37074.56,19798.44,56873.00,3,3,2,37074.56,19798.44,56873.00,3,3,2,37074.56,19798.44,56873.00,3,3,2,37074.56,19798.44,56873.00,3,3,2
SCN-06-FANOUT-CASHOUT-0099,INC-SCN-06-FANOUT-CASHOUT-0099,2026-09-07T14:34:00+00:00,37666.00,37666.00,37666.00,0.00,21547.87,37666.00,16118.13,1,2,1,1,0,0,53871.00,53871.00,0.00,0.00,1.0,37666.00,0.00,37666.00,0,0,0,29192.67,8473.33,37666.00,1,1,1,29192.67,8473.33,37666.00,1,1,1,29192.67,8473.33,37666.00,1,1,1,29192.67,8473.33,37666.00,1,1,1,29192.67,8473.33,37666.00,1,1,1
SCN-06-FANOUT-CASHOUT-0100,INC-SCN-06-FANOUT-CASHOUT-0100,2026-09-07T14:49:00+00:00,56713.00,56713.00,41562.51,15150.49,32917.85,56713.00,23795.15,1,2,1,1,1,1,95899.00,95899.00,0.00,0.00,1.0,56713.00,0.00,56713.00,0,0,0,41562.51,15150.49,56713.00,1,1,1,41562.51,15150.49,56713.00,1,1,1,41562.51,15150.49,56713.00,1,1,1,41562.51,15150.49,56713.00,1,1,1,41562.51,15150.49,56713.00,1,1,1
SCN-07-NEAR-MISS-0001,INC-SCN-07-NEAR-MISS-0001,2026-09-07T15:04:00+00:00,30834.00,30834.00,30834.00,0.00,26261.11,26261.11,0.00,1,1,0,0,0,0,30834.00,30834.00,0.00,0.00,0.851693,30834.00,0.00,30834.00,0,0,0,30834.00,0.00,30834.00,0,0,0,30834.00,0.00,30834.00,0,0,0,30834.00,0.00,30834.00,0,0,0,30834.00,0.00,30834.00,0,0,0,30834.00,0.00,30834.00,0,0,0
SCN-07-NEAR-MISS-0002,INC-SCN-07-NEAR-MISS-0002,2026-09-07T15:19:00+00:00,34132.00,34132.00,34132.00,0.00,27058.49,34132.00,7073.51,1,2,1,1,0,0,51387.00,51387.00,0.00,2926.49,1.0,34132.00,0.00,34132.00,0,0,0,34132.00,0.00,34132.00,1,1,0,34132.00,0.00,34132.00,1,1,0,34132.00,0.00,34132.00,1,1,0,34132.00,0.00,34132.00,1,1,0,34132.00,0.00,34132.00,1,1,0
SCN-07-NEAR-MISS-0003,INC-SCN-07-NEAR-MISS-0003,2026-09-07T15:34:00+00:00,32189.00,32189.00,32189.00,0.00,24590.53,32189.00,7598.47,1,2,1,1,0,0,49256.00,49256.00,0.00,2401.53,1.0,32189.00,0.00,32189.00,0,0,0,32189.00,0.00,32189.00,1,1,0,32189.00,0.00,32189.00,1,1,0,32189.00,0.00,32189.00,1,1,0,32189.00,0.00,32189.00,1,1,0,32189.00,0.00,32189.00,1,1,0
SCN-07-NEAR-MISS-0004,INC-SCN-07-NEAR-MISS-0004,2026-09-07T15:49:00+00:00,21727.00,21727.00,21727.00,0.00,17880.41,17880.41,0.00,1,1,0,0,0,0,21727.00,21727.00,0.00,0.00,0.822958,21727.00,0.00,21727.00,0,0,0,21727.00,0.00,21727.00,0,0,0,21727.00,0.00,21727.00,0,0,0,21727.00,0.00,21727.00,0,0,0,21727.00,0.00,21727.00,0,0,0,21727.00,0.00,21727.00,0,0,0
SCN-07-NEAR-MISS-0005,INC-SCN-07-NEAR-MISS-0005,2026-09-07T16:04:00+00:00,34888.00,34888.00,34888.00,0.00,28546.56,34888.00,6341.44,1,2,1,1,0,0,50010.00,50010.00,0.00,3658.56,1.0,34888.00,0.00,34888.00,0,0,0,34888.00,0.00,34888.00,1,1,0,34888.00,0.00,34888.00,1,1,0,34888.00,0.00,34888.00,1,1,0,34888.00,0.00,34888.00,1,1,0,34888.00,0.00,34888.00,1,1,0
SCN-07-NEAR-MISS-0006,INC-SCN-07-NEAR-MISS-0006,2026-09-07T16:19:00+00:00,18202.00,18202.00,18202.00,0.00,14399.08,18202.00,3802.92,1,2,1,1,0,0,27318.00,27318.00,0.00,6197.08,1.0,18202.00,0.00,18202.00,0,0,0,18202.00,0.00,18202.00,1,1,0,18202.00,0.00,18202.00,1,1,0,18202.00,0.00,18202.00,1,1,0,18202.00,0.00,18202.00,1,1,0,18202.00,0.00,18202.00,1,1,0
SCN-07-NEAR-MISS-0007,INC-SCN-07-NEAR-MISS-0007,2026-09-07T16:34:00+00:00,31824.00,31824.00,31824.00,0.00,25146.40,31824.00,6677.60,1,2,1,1,0,0,46511.00,46511.00,0.00,3322.40,1.0,31824.00,0.00,31824.00,0,0,0,31824.00,0.00,31824.00,1,1,0,31824.00,0.00,31824.00,1,1,0,31824.00,0.00,31824.00,1,1,0,31824.00,0.00,31824.00,1,1,0,31824.00,0.00,31824.00,1,1,0
SCN-07-NEAR-MISS-0008,INC-SCN-07-NEAR-MISS-0008,2026-09-07T16:49:00+00:00,22847.00,22847.00,22847.00,0.00,17515.49,22847.00,5331.51,1,2,1,1,0,0,34930.00,34930.00,0.00,4668.49,1.0,22847.00,0.00,22847.00,0,0,0,22847.00,0.00,22847.00,1,1,0,22847.00,0.00,22847.00,1,1,0,22847.00,0.00,22847.00,1,1,0,22847.00,0.00,22847.00,1,1,0,22847.00,0.00,22847.00,1,1,0
SCN-07-NEAR-MISS-0009,INC-SCN-07-NEAR-MISS-0009,2026-09-07T17:04:00+00:00,20718.00,20718.00,20718.00,0.00,20718.00,20718.00,0.00,1,1,0,0,0,0,20718.00,20718.00,0.00,0.00,1.0,20718.00,0.00,20718.00,0,0,0,20718.00,0.00,20718.00,0,0,0,20718.00,0.00,20718.00,0,0,0,20718.00,0.00,20718.00,0,0,0,20718.00,0.00,20718.00,0,0,0,20718.00,0.00,20718.00,0,0,0
SCN-07-NEAR-MISS-0010,INC-SCN-07-NEAR-MISS-0010,2026-09-07T17:19:00+00:00,26041.00,26041.00,26041.00,0.00,20236.61,26041.00,5804.39,1,2,1,1,0,0,38713.00,38713.00,0.00,4195.61,1.0,26041.00,0.00,26041.00,0,0,0,26041.00,0.00,26041.00,1,1,0,26041.00,0.00,26041.00,1,1,0,26041.00,0.00,26041.00,1,1,0,26041.00,0.00,26041.00,1,1,0,26041.00,0.00,26041.00,1,1,0
SCN-07-NEAR-MISS-0011,INC-SCN-07-NEAR-MISS-0011,2026-09-07T17:34:00+00:00,37709.00,37709.00,37709.00,0.00,30425.99,37709.00,7283.01,1,2,1,1,0,0,55833.00,55833.00,0.00,2716.99,1.0,37709.00,0.00,37709.00,0,0,0,37709.00,0.00,37709.00,1,1,0,37709.00,0.00,37709.00,1,1,0,37709.00,0.00,37709.00,1,1,0,37709.00,0.00,37709.00,1,1,0,37709.00,0.00,37709.00,1,1,0
SCN-07-NEAR-MISS-0012,INC-SCN-07-NEAR-MISS-0012,2026-09-07T17:49:00+00:00,21208.00,21208.00,21208.00,0.00,16686.56,21208.00,4521.44,1,2,1,1,0,0,31219.00,31219.00,0.00,5478.56,1.0,21208.00,0.00,21208.00,0,0,0,21208.00,0.00,21208.00,1,1,0,21208.00,0.00,21208.00,1,1,0,21208.00,0.00,21208.00,1,1,0,21208.00,0.00,21208.00,1,1,0,21208.00,0.00,21208.00,1,1,0
SCN-07-NEAR-MISS-0013,INC-SCN-07-NEAR-MISS-0013,2026-09-07T18:04:00+00:00,28948.00,28948.00,28948.00,0.00,24247.23,28948.00,4700.77,1,2,1,1,0,0,41355.00,41355.00,0.00,5299.23,1.0,28948.00,0.00,28948.00,0,0,0,28948.00,0.00,28948.00,1,1,0,28948.00,0.00,28948.00,1,1,0,28948.00,0.00,28948.00,1,1,0,28948.00,0.00,28948.00,1,1,0,28948.00,0.00,28948.00,1,1,0
SCN-07-NEAR-MISS-0014,INC-SCN-07-NEAR-MISS-0014,2026-09-07T18:19:00+00:00,18393.00,18393.00,18393.00,0.00,15179.88,18393.00,3213.12,1,2,1,1,0,0,25601.00,25601.00,0.00,6786.88,1.0,18393.00,0.00,18393.00,0,0,0,18393.00,0.00,18393.00,1,1,0,18393.00,0.00,18393.00,1,1,0,18393.00,0.00,18393.00,1,1,0,18393.00,0.00,18393.00,1,1,0,18393.00,0.00,18393.00,1,1,0
SCN-07-NEAR-MISS-0015,INC-SCN-07-NEAR-MISS-0015,2026-09-07T18:34:00+00:00,24208.00,24208.00,24208.00,0.00,19406.19,24208.00,4801.81,1,2,1,1,0,0,36011.00,36011.00,0.00,5198.19,1.0,24208.00,0.00,24208.00,0,0,0,24208.00,0.00,24208.00,1,1,0,24208.00,0.00,24208.00,1,1,0,24208.00,0.00,24208.00,1,1,0,24208.00,0.00,24208.00,1,1,0,24208.00,0.00,24208.00,1,1,0
SCN-07-NEAR-MISS-0016,INC-SCN-07-NEAR-MISS-0016,2026-09-07T18:49:00+00:00,35773.00,35773.00,35773.00,0.00,30061.21,35773.00,5711.79,1,2,1,1,0,0,51172.00,51172.00,0.00,4288.21,1.0,35773.00,0.00,35773.00,0,0,0,35773.00,0.00,35773.00,1,1,0,35773.00,0.00,35773.00,1,1,0,35773.00,0.00,35773.00,1,1,0,35773.00,0.00,35773.00,1,1,0,35773.00,0.00,35773.00,1,1,0
SCN-07-NEAR-MISS-0017,INC-SCN-07-NEAR-MISS-0017,2026-09-07T19:04:00+00:00,29854.00,29854.00,29854.00,0.00,24817.10,29854.00,5036.90,1,2,1,1,0,0,41095.00,41095.00,0.00,4963.10,1.0,29854.00,0.00,29854.00,0,0,0,29854.00,0.00,29854.00,1,1,0,29854.00,0.00,29854.00,1,1,0,29854.00,0.00,29854.00,1,1,0,29854.00,0.00,29854.00,1,1,0,29854.00,0.00,29854.00,1,1,0
SCN-07-NEAR-MISS-0018,INC-SCN-07-NEAR-MISS-0018,2026-09-07T19:19:00+00:00,25624.00,25624.00,25624.00,0.00,25624.00,25624.00,0.00,1,1,0,0,0,0,25624.00,25624.00,0.00,0.00,1.0,25624.00,0.00,25624.00,0,0,0,25624.00,0.00,25624.00,0,0,0,25624.00,0.00,25624.00,0,0,0,25624.00,0.00,25624.00,0,0,0,25624.00,0.00,25624.00,0,0,0,25624.00,0.00,25624.00,0,0,0
SCN-07-NEAR-MISS-0019,INC-SCN-07-NEAR-MISS-0019,2026-09-07T19:34:00+00:00,23083.00,23083.00,23083.00,0.00,18014.77,23083.00,5068.23,1,2,1,1,0,0,35398.00,35398.00,0.00,4931.77,1.0,23083.00,0.00,23083.00,0,0,0,23083.00,0.00,23083.00,1,1,0,23083.00,0.00,23083.00,1,1,0,23083.00,0.00,23083.00,1,1,0,23083.00,0.00,23083.00,1,1,0,23083.00,0.00,23083.00,1,1,0
SCN-07-NEAR-MISS-0020,INC-SCN-07-NEAR-MISS-0020,2026-09-07T19:49:00+00:00,26584.00,26584.00,26584.00,0.00,22384.37,26584.00,4199.63,1,2,1,1,0,0,37857.00,37857.00,0.00,5800.37,1.0,26584.00,0.00,26584.00,0,0,0,26584.00,0.00,26584.00,1,1,0,26584.00,0.00,26584.00,1,1,0,26584.00,0.00,26584.00,1,1,0,26584.00,0.00,26584.00,1,1,0,26584.00,0.00,26584.00,1,1,0
SCN-07-NEAR-MISS-0021,INC-SCN-07-NEAR-MISS-0021,2026-09-07T20:04:00+00:00,24330.00,24330.00,24330.00,0.00,24330.00,24330.00,0.00,1,1,0,0,0,0,24330.00,24330.00,0.00,0.00,1.0,24330.00,0.00,24330.00,0,0,0,24330.00,0.00,24330.00,0,0,0,24330.00,0.00,24330.00,0,0,0,24330.00,0.00,24330.00,0,0,0,24330.00,0.00,24330.00,0,0,0,24330.00,0.00,24330.00,0,0,0
SCN-07-NEAR-MISS-0022,INC-SCN-07-NEAR-MISS-0022,2026-09-07T20:19:00+00:00,19325.00,19325.00,19325.00,0.00,15147.91,19325.00,4177.09,1,2,1,1,0,0,29288.00,29288.00,0.00,5822.91,1.0,19325.00,0.00,19325.00,0,0,0,19325.00,0.00,19325.00,1,1,0,19325.00,0.00,19325.00,1,1,0,19325.00,0.00,19325.00,1,1,0,19325.00,0.00,19325.00,1,1,0,19325.00,0.00,19325.00,1,1,0
SCN-07-NEAR-MISS-0023,INC-SCN-07-NEAR-MISS-0023,2026-09-07T20:34:00+00:00,32524.00,32524.00,32524.00,0.00,25432.99,32524.00,7091.01,1,2,1,1,0,0,49362.00,49362.00,0.00,2908.99,1.0,32524.00,0.00,32524.00,0,0,0,32524.00,0.00,32524.00,1,1,0,32524.00,0.00,32524.00,1,1,0,32524.00,0.00,32524.00,1,1,0,32524.00,0.00,32524.00,1,1,0,32524.00,0.00,32524.00,1,1,0
SCN-07-NEAR-MISS-0024,INC-SCN-07-NEAR-MISS-0024,2026-09-07T20:49:00+00:00,36053.00,36053.00,36053.00,0.00,29088.86,36053.00,6964.14,1,2,1,1,0,0,53917.00,53917.00,0.00,3035.86,1.0,36053.00,0.00,36053.00,0,0,0,36053.00,0.00,36053.00,1,1,0,36053.00,0.00,36053.00,1,1,0,36053.00,0.00,36053.00,1,1,0,36053.00,0.00,36053.00,1,1,0,36053.00,0.00,36053.00,1,1,0
SCN-07-NEAR-MISS-0025,INC-SCN-07-NEAR-MISS-0025,2026-09-07T21:04:00+00:00,34338.00,34338.00,34338.00,0.00,27919.08,34338.00,6418.92,1,2,1,1,0,0,50567.00,50567.00,0.00,3581.08,1.0,34338.00,0.00,34338.00,0,0,0,34338.00,0.00,34338.00,1,1,0,34338.00,0.00,34338.00,1,1,0,34338.00,0.00,34338.00,1,1,0,34338.00,0.00,34338.00,1,1,0,34338.00,0.00,34338.00,1,1,0
SCN-07-NEAR-MISS-0026,INC-SCN-07-NEAR-MISS-0026,2026-09-07T21:19:00+00:00,28461.00,28461.00,28461.00,0.00,28461.00,28461.00,0.00,1,1,0,0,0,0,28461.00,28461.00,0.00,0.00,1.0,28461.00,0.00,28461.00,0,0,0,28461.00,0.00,28461.00,0,0,0,28461.00,0.00,28461.00,0,0,0,28461.00,0.00,28461.00,0,0,0,28461.00,0.00,28461.00,0,0,0,28461.00,0.00,28461.00,0,0,0
SCN-07-NEAR-MISS-0027,INC-SCN-07-NEAR-MISS-0027,2026-09-07T21:34:00+00:00,26485.00,26485.00,26485.00,0.00,20845.12,20845.12,0.00,1,1,0,0,0,0,26485.00,26485.00,0.00,0.00,0.787054,26485.00,0.00,26485.00,0,0,0,26485.00,0.00,26485.00,0,0,0,26485.00,0.00,26485.00,0,0,0,26485.00,0.00,26485.00,0,0,0,26485.00,0.00,26485.00,0,0,0,26485.00,0.00,26485.00,0,0,0
SCN-07-NEAR-MISS-0028,INC-SCN-07-NEAR-MISS-0028,2026-09-07T21:49:00+00:00,20510.00,20510.00,20510.00,0.00,16044.46,16044.46,0.00,1,1,0,0,0,0,20510.00,20510.00,0.00,0.00,0.782275,20510.00,0.00,20510.00,0,0,0,20510.00,0.00,20510.00,0,0,0,20510.00,0.00,20510.00,0,0,0,20510.00,0.00,20510.00,0,0,0,20510.00,0.00,20510.00,0,0,0,20510.00,0.00,20510.00,0,0,0
SCN-07-NEAR-MISS-0029,INC-SCN-07-NEAR-MISS-0029,2026-09-07T22:04:00+00:00,36489.00,36489.00,36489.00,0.00,29717.74,29717.74,0.00,1,1,0,0,0,0,36489.00,36489.00,0.00,0.00,0.81443,36489.00,0.00,36489.00,0,0,0,36489.00,0.00,36489.00,0,0,0,36489.00,0.00,36489.00,0,0,0,36489.00,0.00,36489.00,0,0,0,36489.00,0.00,36489.00,0,0,0,36489.00,0.00,36489.00,0,0,0
SCN-07-NEAR-MISS-0030,INC-SCN-07-NEAR-MISS-0030,2026-09-07T22:19:00+00:00,30264.00,30264.00,30264.00,0.00,23579.18,23579.18,0.00,1,1,0,0,0,0,30264.00,30264.00,0.00,0.00,0.779116,30264.00,0.00,30264.00,0,0,0,30264.00,0.00,30264.00,0,0,0,30264.00,0.00,30264.00,0,0,0,30264.00,0.00,30264.00,0,0,0,30264.00,0.00,30264.00,0,0,0,30264.00,0.00,30264.00,0,0,0
SCN-07-NEAR-MISS-0031,INC-SCN-07-NEAR-MISS-0031,2026-09-07T22:34:00+00:00,27844.00,27844.00,27844.00,0.00,22917.02,22917.02,0.00,1,1,0,0,0,0,27844.00,27844.00,0.00,0.00,0.823051,27844.00,0.00,27844.00,0,0,0,27844.00,0.00,27844.00,0,0,0,27844.00,0.00,27844.00,0,0,0,27844.00,0.00,27844.00,0,0,0,27844.00,0.00,27844.00,0,0,0,27844.00,0.00,27844.00,0,0,0
SCN-07-NEAR-MISS-0032,INC-SCN-07-NEAR-MISS-0032,2026-09-07T22:49:00+00:00,22631.00,22631.00,22631.00,0.00,18481.77,22631.00,4149.23,1,2,1,1,0,0,31780.00,31780.00,0.00,5850.77,1.0,22631.00,0.00,22631.00,0,0,0,22631.00,0.00,22631.00,1,1,0,22631.00,0.00,22631.00,1,1,0,22631.00,0.00,22631.00,1,1,0,22631.00,0.00,22631.00,1,1,0,22631.00,0.00,22631.00,1,1,0
SCN-07-NEAR-MISS-0033,INC-SCN-07-NEAR-MISS-0033,2026-09-07T23:04:00+00:00,34651.00,34651.00,34651.00,0.00,28005.08,34651.00,6645.92,1,2,1,1,0,0,49646.00,49646.00,0.00,3354.08,1.0,34651.00,0.00,34651.00,0,0,0,34651.00,0.00,34651.00,1,1,0,34651.00,0.00,34651.00,1,1,0,34651.00,0.00,34651.00,1,1,0,34651.00,0.00,34651.00,1,1,0,34651.00,0.00,34651.00,1,1,0
SCN-07-NEAR-MISS-0034,INC-SCN-07-NEAR-MISS-0034,2026-09-07T23:19:00+00:00,18989.00,18989.00,18989.00,0.00,15840.17,18989.00,3148.83,1,2,1,1,0,0,26599.00,26599.00,0.00,6851.17,1.0,18989.00,0.00,18989.00,0,0,0,18989.00,0.00,18989.00,1,1,0,18989.00,0.00,18989.00,1,1,0,18989.00,0.00,18989.00,1,1,0,18989.00,0.00,18989.00,1,1,0,18989.00,0.00,18989.00,1,1,0
SCN-07-NEAR-MISS-0035,INC-SCN-07-NEAR-MISS-0035,2026-09-07T23:34:00+00:00,23410.00,23410.00,23410.00,0.00,18965.17,23410.00,4444.83,1,2,1,1,0,0,34876.00,34876.00,0.00,5555.17,1.0,23410.00,0.00,23410.00,0,0,0,23410.00,0.00,23410.00,1,1,0,23410.00,0.00,23410.00,1,1,0,23410.00,0.00,23410.00,1,1,0,23410.00,0.00,23410.00,1,1,0,23410.00,0.00,23410.00,1,1,0
SCN-07-NEAR-MISS-0036,INC-SCN-07-NEAR-MISS-0036,2026-09-07T23:49:00+00:00,28036.00,28036.00,28036.00,0.00,22927.84,28036.00,5108.16,1,2,1,1,0,0,39044.00,39044.00,0.00,4891.84,1.0,28036.00,0.00,28036.00,0,0,0,28036.00,0.00,28036.00,1,1,0,28036.00,0.00,28036.00,1,1,0,28036.00,0.00,28036.00,1,1,0,28036.00,0.00,28036.00,1,1,0,28036.00,0.00,28036.00,1,1,0
SCN-07-NEAR-MISS-0037,INC-SCN-07-NEAR-MISS-0037,2026-09-08T00:04:00+00:00,28000.00,28000.00,28000.00,0.00,23304.67,28000.00,4695.33,1,2,1,1,0,0,40040.00,40040.00,0.00,5304.67,1.0,28000.00,0.00,28000.00,0,0,0,28000.00,0.00,28000.00,1,1,0,28000.00,0.00,28000.00,1,1,0,28000.00,0.00,28000.00,1,1,0,28000.00,0.00,28000.00,1,1,0,28000.00,0.00,28000.00,1,1,0
SCN-07-NEAR-MISS-0038,INC-SCN-07-NEAR-MISS-0038,2026-09-08T00:19:00+00:00,23874.00,23874.00,23874.00,0.00,19700.51,23874.00,4173.49,1,2,1,1,0,0,33412.00,33412.00,0.00,5826.51,1.0,23874.00,0.00,23874.00,0,0,0,23874.00,0.00,23874.00,1,1,0,23874.00,0.00,23874.00,1,1,0,23874.00,0.00,23874.00,1,1,0,23874.00,0.00,23874.00,1,1,0,23874.00,0.00,23874.00,1,1,0
SCN-07-NEAR-MISS-0039,INC-SCN-07-NEAR-MISS-0039,2026-09-08T00:34:00+00:00,35138.00,35138.00,35138.00,0.00,29651.12,35138.00,5486.88,1,2,1,1,0,0,49435.00,49435.00,0.00,4513.12,1.0,35138.00,0.00,35138.00,0,0,0,35138.00,0.00,35138.00,1,1,0,35138.00,0.00,35138.00,1,1,0,35138.00,0.00,35138.00,1,1,0,35138.00,0.00,35138.00,1,1,0,35138.00,0.00,35138.00,1,1,0
SCN-07-NEAR-MISS-0040,INC-SCN-07-NEAR-MISS-0040,2026-09-08T00:49:00+00:00,28046.00,28046.00,28046.00,0.00,22016.06,28046.00,6029.94,1,2,1,1,0,0,41423.00,41423.00,0.00,3970.06,1.0,28046.00,0.00,28046.00,0,0,0,28046.00,0.00,28046.00,1,1,0,28046.00,0.00,28046.00,1,1,0,28046.00,0.00,28046.00,1,1,0,28046.00,0.00,28046.00,1,1,0,28046.00,0.00,28046.00,1,1,0
SCN-07-NEAR-MISS-0041,INC-SCN-07-NEAR-MISS-0041,2026-09-08T01:04:00+00:00,37612.00,37612.00,37612.00,0.00,31443.45,37612.00,6168.55,1,2,1,1,0,0,52266.00,52266.00,0.00,3831.45,1.0,37612.00,0.00,37612.00,0,0,0,37612.00,0.00,37612.00,1,1,0,37612.00,0.00,37612.00,1,1,0,37612.00,0.00,37612.00,1,1,0,37612.00,0.00,37612.00,1,1,0,37612.00,0.00,37612.00,1,1,0
SCN-07-NEAR-MISS-0042,INC-SCN-07-NEAR-MISS-0042,2026-09-08T01:19:00+00:00,30613.00,30613.00,30613.00,0.00,24575.18,30613.00,6037.82,1,2,1,1,0,0,44601.00,44601.00,0.00,3962.18,1.0,30613.00,0.00,30613.00,0,0,0,30613.00,0.00,30613.00,1,1,0,30613.00,0.00,30613.00,1,1,0,30613.00,0.00,30613.00,1,1,0,30613.00,0.00,30613.00,1,1,0,30613.00,0.00,30613.00,1,1,0
SCN-07-NEAR-MISS-0043,INC-SCN-07-NEAR-MISS-0043,2026-09-08T01:34:00+00:00,23699.00,23699.00,23699.00,0.00,19525.25,23699.00,4173.75,1,2,1,1,0,0,32767.00,32767.00,0.00,5826.25,1.0,23699.00,0.00,23699.00,0,0,0,23699.00,0.00,23699.00,1,1,0,23699.00,0.00,23699.00,1,1,0,23699.00,0.00,23699.00,1,1,0,23699.00,0.00,23699.00,1,1,0,23699.00,0.00,23699.00,1,1,0
SCN-07-NEAR-MISS-0044,INC-SCN-07-NEAR-MISS-0044,2026-09-08T01:49:00+00:00,22355.00,22355.00,22355.00,0.00,18506.23,18506.23,0.00,1,1,0,0,0,0,22355.00,22355.00,0.00,0.00,0.827834,22355.00,0.00,22355.00,0,0,0,22355.00,0.00,22355.00,0,0,0,22355.00,0.00,22355.00,0,0,0,22355.00,0.00,22355.00,0,0,0,22355.00,0.00,22355.00,0,0,0,22355.00,0.00,22355.00,0,0,0
SCN-07-NEAR-MISS-0045,INC-SCN-07-NEAR-MISS-0045,2026-09-08T02:04:00+00:00,20099.00,20099.00,20099.00,0.00,16435.47,20099.00,3663.53,1,2,1,1,0,0,28706.00,28706.00,0.00,6336.47,1.0,20099.00,0.00,20099.00,0,0,0,20099.00,0.00,20099.00,1,1,0,20099.00,0.00,20099.00,1,1,0,20099.00,0.00,20099.00,1,1,0,20099.00,0.00,20099.00,1,1,0,20099.00,0.00,20099.00,1,1,0
SCN-07-NEAR-MISS-0046,INC-SCN-07-NEAR-MISS-0046,2026-09-08T02:19:00+00:00,28566.00,28566.00,28566.00,0.00,22940.02,28566.00,5625.98,1,2,1,1,0,0,41041.00,41041.00,0.00,4374.02,1.0,28566.00,0.00,28566.00,0,0,0,28566.00,0.00,28566.00,1,1,0,28566.00,0.00,28566.00,1,1,0,28566.00,0.00,28566.00,1,1,0,28566.00,0.00,28566.00,1,1,0,28566.00,0.00,28566.00,1,1,0
SCN-07-NEAR-MISS-0047,INC-SCN-07-NEAR-MISS-0047,2026-09-08T02:34:00+00:00,20559.00,20559.00,20559.00,0.00,17437.80,20559.00,3121.20,1,2,1,1,0,0,28898.00,28898.00,0.00,6878.80,1.0,20559.00,0.00,20559.00,0,0,0,20559.00,0.00,20559.00,1,1,0,20559.00,0.00,20559.00,1,1,0,20559.00,0.00,20559.00,1,1,0,20559.00,0.00,20559.00,1,1,0,20559.00,0.00,20559.00,1,1,0
SCN-07-NEAR-MISS-0048,INC-SCN-07-NEAR-MISS-0048,2026-09-08T02:49:00+00:00,28913.00,28913.00,28913.00,0.00,23478.67,28913.00,5434.33,1,2,1,1,0,0,40694.00,40694.00,0.00,4565.67,1.0,28913.00,0.00,28913.00,0,0,0,28913.00,0.00,28913.00,1,1,0,28913.00,0.00,28913.00,1,1,0,28913.00,0.00,28913.00,1,1,0,28913.00,0.00,28913.00,1,1,0,28913.00,0.00,28913.00,1,1,0
SCN-07-NEAR-MISS-0049,INC-SCN-07-NEAR-MISS-0049,2026-09-08T03:04:00+00:00,28990.00,28990.00,28990.00,0.00,23302.47,28990.00,5687.53,1,2,1,1,0,0,44086.00,44086.00,0.00,4312.47,1.0,28990.00,0.00,28990.00,0,0,0,28990.00,0.00,28990.00,1,1,0,28990.00,0.00,28990.00,1,1,0,28990.00,0.00,28990.00,1,1,0,28990.00,0.00,28990.00,1,1,0,28990.00,0.00,28990.00,1,1,0
SCN-07-NEAR-MISS-0050,INC-SCN-07-NEAR-MISS-0050,2026-09-08T03:19:00+00:00,32260.00,32260.00,32260.00,0.00,32260.00,32260.00,0.00,1,1,0,0,0,0,32260.00,32260.00,0.00,0.00,1.0,32260.00,0.00,32260.00,0,0,0,32260.00,0.00,32260.00,0,0,0,32260.00,0.00,32260.00,0,0,0,32260.00,0.00,32260.00,0,0,0,32260.00,0.00,32260.00,0,0,0,32260.00,0.00,32260.00,0,0,0
SCN-07-NEAR-MISS-0051,INC-SCN-07-NEAR-MISS-0051,2026-09-08T03:34:00+00:00,18629.00,18629.00,18629.00,0.00,15886.35,18629.00,2742.65,1,2,1,1,0,0,25751.00,25751.00,0.00,7257.35,1.0,18629.00,0.00,18629.00,0,0,0,18629.00,0.00,18629.00,1,1,0,18629.00,0.00,18629.00,1,1,0,18629.00,0.00,18629.00,1,1,0,18629.00,0.00,18629.00,1,1,0,18629.00,0.00,18629.00,1,1,0
SCN-07-NEAR-MISS-0052,INC-SCN-07-NEAR-MISS-0052,2026-09-08T03:49:00+00:00,32718.00,32718.00,32718.00,0.00,25961.02,32718.00,6756.98,1,2,1,1,0,0,50096.00,50096.00,0.00,3243.02,1.0,32718.00,0.00,32718.00,0,0,0,32718.00,0.00,32718.00,1,1,0,32718.00,0.00,32718.00,1,1,0,32718.00,0.00,32718.00,1,1,0,32718.00,0.00,32718.00,1,1,0,32718.00,0.00,32718.00,1,1,0
SCN-07-NEAR-MISS-0053,INC-SCN-07-NEAR-MISS-0053,2026-09-08T04:04:00+00:00,33476.00,33476.00,33476.00,0.00,28196.95,28196.95,0.00,1,1,0,0,0,0,33476.00,33476.00,0.00,0.00,0.842303,33476.00,0.00,33476.00,0,0,0,33476.00,0.00,33476.00,0,0,0,33476.00,0.00,33476.00,0,0,0,33476.00,0.00,33476.00,0,0,0,33476.00,0.00,33476.00,0,0,0,33476.00,0.00,33476.00,0,0,0
SCN-07-NEAR-MISS-0054,INC-SCN-07-NEAR-MISS-0054,2026-09-08T04:19:00+00:00,33697.00,33697.00,33697.00,0.00,28092.03,33697.00,5604.97,1,2,1,1,0,0,47976.00,47976.00,0.00,4395.03,1.0,33697.00,0.00,33697.00,0,0,0,33697.00,0.00,33697.00,1,1,0,33697.00,0.00,33697.00,1,1,0,33697.00,0.00,33697.00,1,1,0,33697.00,0.00,33697.00,1,1,0,33697.00,0.00,33697.00,1,1,0
SCN-07-NEAR-MISS-0055,INC-SCN-07-NEAR-MISS-0055,2026-09-08T04:34:00+00:00,21554.00,21554.00,21554.00,0.00,18337.76,18337.76,0.00,1,1,0,0,0,0,21554.00,21554.00,0.00,0.00,0.850782,21554.00,0.00,21554.00,0,0,0,21554.00,0.00,21554.00,0,0,0,21554.00,0.00,21554.00,0,0,0,21554.00,0.00,21554.00,0,0,0,21554.00,0.00,21554.00,0,0,0,21554.00,0.00,21554.00,0,0,0
SCN-07-NEAR-MISS-0056,INC-SCN-07-NEAR-MISS-0056,2026-09-08T04:49:00+00:00,33696.00,33696.00,33696.00,0.00,27062.81,33696.00,6633.19,1,2,1,1,0,0,49227.00,49227.00,0.00,3366.81,1.0,33696.00,0.00,33696.00,0,0,0,33696.00,0.00,33696.00,1,1,0,33696.00,0.00,33696.00,1,1,0,33696.00,0.00,33696.00,1,1,0,33696.00,0.00,33696.00,1,1,0,33696.00,0.00,33696.00,1,1,0
SCN-07-NEAR-MISS-0057,INC-SCN-07-NEAR-MISS-0057,2026-09-08T05:04:00+00:00,25435.00,25435.00,25435.00,0.00,20423.44,25435.00,5011.56,1,2,1,1,0,0,37925.00,37925.00,0.00,4988.44,1.0,25435.00,0.00,25435.00,0,0,0,25435.00,0.00,25435.00,1,1,0,25435.00,0.00,25435.00,1,1,0,25435.00,0.00,25435.00,1,1,0,25435.00,0.00,25435.00,1,1,0,25435.00,0.00,25435.00,1,1,0
SCN-07-NEAR-MISS-0058,INC-SCN-07-NEAR-MISS-0058,2026-09-08T05:19:00+00:00,19322.00,19322.00,19322.00,0.00,15525.65,19322.00,3796.35,1,2,1,1,0,0,29565.00,29565.00,0.00,6203.65,1.0,19322.00,0.00,19322.00,0,0,0,19322.00,0.00,19322.00,1,1,0,19322.00,0.00,19322.00,1,1,0,19322.00,0.00,19322.00,1,1,0,19322.00,0.00,19322.00,1,1,0,19322.00,0.00,19322.00,1,1,0
SCN-07-NEAR-MISS-0059,INC-SCN-07-NEAR-MISS-0059,2026-09-08T05:34:00+00:00,37384.00,37384.00,37384.00,0.00,30032.38,37384.00,7351.62,1,2,1,1,0,0,55884.00,55884.00,0.00,2648.38,1.0,37384.00,0.00,37384.00,0,0,0,37384.00,0.00,37384.00,1,1,0,37384.00,0.00,37384.00,1,1,0,37384.00,0.00,37384.00,1,1,0,37384.00,0.00,37384.00,1,1,0,37384.00,0.00,37384.00,1,1,0
SCN-07-NEAR-MISS-0060,INC-SCN-07-NEAR-MISS-0060,2026-09-08T05:49:00+00:00,30632.00,30632.00,30632.00,0.00,25713.47,30632.00,4918.53,1,2,1,1,0,0,43442.00,43442.00,0.00,5081.47,1.0,30632.00,0.00,30632.00,0,0,0,30632.00,0.00,30632.00,1,1,0,30632.00,0.00,30632.00,1,1,0,30632.00,0.00,30632.00,1,1,0,30632.00,0.00,30632.00,1,1,0,30632.00,0.00,30632.00,1,1,0
SCN-07-NEAR-MISS-0061,INC-SCN-07-NEAR-MISS-0061,2026-09-08T06:04:00+00:00,21251.00,21251.00,21251.00,0.00,16332.41,21251.00,4918.59,1,2,1,1,0,0,32301.00,32301.00,0.00,5081.41,1.0,21251.00,0.00,21251.00,0,0,0,21251.00,0.00,21251.00,1,1,0,21251.00,0.00,21251.00,1,1,0,21251.00,0.00,21251.00,1,1,0,21251.00,0.00,21251.00,1,1,0,21251.00,0.00,21251.00,1,1,0
SCN-07-NEAR-MISS-0062,INC-SCN-07-NEAR-MISS-0062,2026-09-08T06:19:00+00:00,35102.00,35102.00,35102.00,0.00,27581.33,35102.00,7520.67,1,2,1,1,0,0,51918.00,51918.00,0.00,2479.33,1.0,35102.00,0.00,35102.00,0,0,0,35102.00,0.00,35102.00,1,1,0,35102.00,0.00,35102.00,1,1,0,35102.00,0.00,35102.00,1,1,0,35102.00,0.00,35102.00,1,1,0,35102.00,0.00,35102.00,1,1,0
SCN-07-NEAR-MISS-0063,INC-SCN-07-NEAR-MISS-0063,2026-09-08T06:34:00+00:00,25926.00,25926.00,25926.00,0.00,25926.00,25926.00,0.00,1,1,0,0,0,0,25926.00,25926.00,0.00,0.00,1.0,25926.00,0.00,25926.00,0,0,0,25926.00,0.00,25926.00,0,0,0,25926.00,0.00,25926.00,0,0,0,25926.00,0.00,25926.00,0,0,0,25926.00,0.00,25926.00,0,0,0,25926.00,0.00,25926.00,0,0,0
SCN-07-NEAR-MISS-0064,INC-SCN-07-NEAR-MISS-0064,2026-09-08T06:49:00+00:00,37220.00,37220.00,37220.00,0.00,29253.53,37220.00,7966.47,1,2,1,1,0,0,56011.00,56011.00,0.00,2033.53,1.0,37220.00,0.00,37220.00,0,0,0,37220.00,0.00,37220.00,1,1,0,37220.00,0.00,37220.00,1,1,0,37220.00,0.00,37220.00,1,1,0,37220.00,0.00,37220.00,1,1,0,37220.00,0.00,37220.00,1,1,0
SCN-07-NEAR-MISS-0065,INC-SCN-07-NEAR-MISS-0065,2026-09-08T07:04:00+00:00,34401.00,34401.00,34401.00,0.00,27984.31,27984.31,0.00,1,1,0,0,0,0,34401.00,34401.00,0.00,0.00,0.813474,34401.00,0.00,34401.00,0,0,0,34401.00,0.00,34401.00,0,0,0,34401.00,0.00,34401.00,0,0,0,34401.00,0.00,34401.00,0,0,0,34401.00,0.00,34401.00,0,0,0,34401.00,0.00,34401.00,0,0,0
SCN-07-NEAR-MISS-0066,INC-SCN-07-NEAR-MISS-0066,2026-09-08T07:19:00+00:00,18465.00,18465.00,18465.00,0.00,14888.77,18465.00,3576.23,1,2,1,1,0,0,27574.00,27574.00,0.00,6423.77,1.0,18465.00,0.00,18465.00,0,0,0,18465.00,0.00,18465.00,1,1,0,18465.00,0.00,18465.00,1,1,0,18465.00,0.00,18465.00,1,1,0,18465.00,0.00,18465.00,1,1,0,18465.00,0.00,18465.00,1,1,0
SCN-07-NEAR-MISS-0067,INC-SCN-07-NEAR-MISS-0067,2026-09-08T07:34:00+00:00,27616.00,27616.00,27616.00,0.00,22176.86,27616.00,5439.14,1,2,1,1,0,0,39445.00,39445.00,0.00,4560.86,1.0,27616.00,0.00,27616.00,0,0,0,27616.00,0.00,27616.00,1,1,0,27616.00,0.00,27616.00,1,1,0,27616.00,0.00,27616.00,1,1,0,27616.00,0.00,27616.00,1,1,0,27616.00,0.00,27616.00,1,1,0
SCN-07-NEAR-MISS-0068,INC-SCN-07-NEAR-MISS-0068,2026-09-08T07:49:00+00:00,30499.00,30499.00,30499.00,0.00,25579.97,25579.97,0.00,1,1,0,0,0,0,30499.00,30499.00,0.00,0.00,0.838715,30499.00,0.00,30499.00,0,0,0,30499.00,0.00,30499.00,0,0,0,30499.00,0.00,30499.00,0,0,0,30499.00,0.00,30499.00,0,0,0,30499.00,0.00,30499.00,0,0,0,30499.00,0.00,30499.00,0,0,0
SCN-07-NEAR-MISS-0069,INC-SCN-07-NEAR-MISS-0069,2026-09-08T08:04:00+00:00,36078.00,36078.00,36078.00,0.00,29526.79,29526.79,0.00,1,1,0,0,0,0,36078.00,36078.00,0.00,0.00,0.818415,36078.00,0.00,36078.00,0,0,0,36078.00,0.00,36078.00,0,0,0,36078.00,0.00,36078.00,0,0,0,36078.00,0.00,36078.00,0,0,0,36078.00,0.00,36078.00,0,0,0,36078.00,0.00,36078.00,0,0,0
SCN-07-NEAR-MISS-0070,INC-SCN-07-NEAR-MISS-0070,2026-09-08T08:19:00+00:00,35531.00,35531.00,35531.00,0.00,30342.20,35531.00,5188.80,1,2,1,1,0,0,49484.00,49484.00,0.00,4811.20,1.0,35531.00,0.00,35531.00,0,0,0,35531.00,0.00,35531.00,1,1,0,35531.00,0.00,35531.00,1,1,0,35531.00,0.00,35531.00,1,1,0,35531.00,0.00,35531.00,1,1,0,35531.00,0.00,35531.00,1,1,0
SCN-07-NEAR-MISS-0071,INC-SCN-07-NEAR-MISS-0071,2026-09-08T08:34:00+00:00,30268.00,30268.00,30268.00,0.00,23270.26,30268.00,6997.74,1,2,1,1,0,0,45975.00,45975.00,0.00,3002.26,1.0,30268.00,0.00,30268.00,0,0,0,30268.00,0.00,30268.00,1,1,0,30268.00,0.00,30268.00,1,1,0,30268.00,0.00,30268.00,1,1,0,30268.00,0.00,30268.00,1,1,0,30268.00,0.00,30268.00,1,1,0
SCN-07-NEAR-MISS-0072,INC-SCN-07-NEAR-MISS-0072,2026-09-08T08:49:00+00:00,29952.00,29952.00,29952.00,0.00,24536.00,29952.00,5416.00,1,2,1,1,0,0,42636.00,42636.00,0.00,4584.00,1.0,29952.00,0.00,29952.00,0,0,0,29952.00,0.00,29952.00,1,1,0,29952.00,0.00,29952.00,1,1,0,29952.00,0.00,29952.00,1,1,0,29952.00,0.00,29952.00,1,1,0,29952.00,0.00,29952.00,1,1,0
SCN-07-NEAR-MISS-0073,INC-SCN-07-NEAR-MISS-0073,2026-09-08T09:04:00+00:00,36158.00,36158.00,36158.00,0.00,27906.13,36158.00,8251.87,1,2,1,1,0,0,53851.00,53851.00,0.00,1748.13,1.0,36158.00,0.00,36158.00,0,0,0,36158.00,0.00,36158.00,1,1,0,36158.00,0.00,36158.00,1,1,0,36158.00,0.00,36158.00,1,1,0,36158.00,0.00,36158.00,1,1,0,36158.00,0.00,36158.00,1,1,0
SCN-07-NEAR-MISS-0074,INC-SCN-07-NEAR-MISS-0074,2026-09-08T09:19:00+00:00,21113.00,21113.00,21113.00,0.00,16823.36,21113.00,4289.64,1,2,1,1,0,0,31478.00,31478.00,0.00,5710.36,1.0,21113.00,0.00,21113.00,0,0,0,21113.00,0.00,21113.00,1,1,0,21113.00,0.00,21113.00,1,1,0,21113.00,0.00,21113.00,1,1,0,21113.00,0.00,21113.00,1,1,0,21113.00,0.00,21113.00,1,1,0
SCN-07-NEAR-MISS-0075,INC-SCN-07-NEAR-MISS-0075,2026-09-08T09:34:00+00:00,29526.00,29526.00,29526.00,0.00,22842.17,29526.00,6683.83,1,2,1,1,0,0,45319.00,45319.00,0.00,3316.17,1.0,29526.00,0.00,29526.00,0,0,0,29526.00,0.00,29526.00,1,1,0,29526.00,0.00,29526.00,1,1,0,29526.00,0.00,29526.00,1,1,0,29526.00,0.00,29526.00,1,1,0,29526.00,0.00,29526.00,1,1,0
SCN-07-NEAR-MISS-0076,INC-SCN-07-NEAR-MISS-0076,2026-09-08T09:49:00+00:00,26507.00,26507.00,26507.00,0.00,21992.48,26507.00,4514.52,1,2,1,1,0,0,37868.00,37868.00,0.00,5485.48,1.0,26507.00,0.00,26507.00,0,0,0,26507.00,0.00,26507.00,1,1,0,26507.00,0.00,26507.00,1,1,0,26507.00,0.00,26507.00,1,1,0,26507.00,0.00,26507.00,1,1,0,26507.00,0.00,26507.00,1,1,0
SCN-07-NEAR-MISS-0077,INC-SCN-07-NEAR-MISS-0077,2026-09-08T10:04:00+00:00,26406.00,26406.00,26406.00,0.00,20996.31,26406.00,5409.69,1,2,1,1,0,0,39794.00,39794.00,0.00,4590.31,1.0,26406.00,0.00,26406.00,0,0,0,26406.00,0.00,26406.00,1,1,0,26406.00,0.00,26406.00,1,1,0,26406.00,0.00,26406.00,1,1,0,26406.00,0.00,26406.00,1,1,0,26406.00,0.00,26406.00,1,1,0
SCN-07-NEAR-MISS-0078,INC-SCN-07-NEAR-MISS-0078,2026-09-08T10:19:00+00:00,29526.00,29526.00,29526.00,0.00,25029.97,29526.00,4496.03,1,2,1,1,0,0,41714.00,41714.00,0.00,5503.97,1.0,29526.00,0.00,29526.00,0,0,0,29526.00,0.00,29526.00,1,1,0,29526.00,0.00,29526.00,1,1,0,29526.00,0.00,29526.00,1,1,0,29526.00,0.00,29526.00,1,1,0,29526.00,0.00,29526.00,1,1,0
SCN-07-NEAR-MISS-0079,INC-SCN-07-NEAR-MISS-0079,2026-09-08T10:34:00+00:00,29144.00,29144.00,29144.00,0.00,24381.24,29144.00,4762.76,1,2,1,1,0,0,41709.00,41709.00,0.00,5237.24,1.0,29144.00,0.00,29144.00,0,0,0,29144.00,0.00,29144.00,1,1,0,29144.00,0.00,29144.00,1,1,0,29144.00,0.00,29144.00,1,1,0,29144.00,0.00,29144.00,1,1,0,29144.00,0.00,29144.00,1,1,0
SCN-07-NEAR-MISS-0080,INC-SCN-07-NEAR-MISS-0080,2026-09-08T10:49:00+00:00,23976.00,23976.00,23976.00,0.00,19194.11,23976.00,4781.89,1,2,1,1,0,0,36485.00,36485.00,0.00,5218.11,1.0,23976.00,0.00,23976.00,0,0,0,23976.00,0.00,23976.00,1,1,0,23976.00,0.00,23976.00,1,1,0,23976.00,0.00,23976.00,1,1,0,23976.00,0.00,23976.00,1,1,0,23976.00,0.00,23976.00,1,1,0
SCN-07-NEAR-MISS-0081,INC-SCN-07-NEAR-MISS-0081,2026-09-08T11:04:00+00:00,20901.00,20901.00,20901.00,0.00,17535.75,20901.00,3365.25,1,2,1,1,0,0,28827.00,28827.00,0.00,6634.75,1.0,20901.00,0.00,20901.00,0,0,0,20901.00,0.00,20901.00,1,1,0,20901.00,0.00,20901.00,1,1,0,20901.00,0.00,20901.00,1,1,0,20901.00,0.00,20901.00,1,1,0,20901.00,0.00,20901.00,1,1,0
SCN-07-NEAR-MISS-0082,INC-SCN-07-NEAR-MISS-0082,2026-09-08T11:19:00+00:00,31190.00,31190.00,31190.00,0.00,25774.96,31190.00,5415.04,1,2,1,1,0,0,43038.00,43038.00,0.00,4584.96,1.0,31190.00,0.00,31190.00,0,0,0,31190.00,0.00,31190.00,1,1,0,31190.00,0.00,31190.00,1,1,0,31190.00,0.00,31190.00,1,1,0,31190.00,0.00,31190.00,1,1,0,31190.00,0.00,31190.00,1,1,0
SCN-07-NEAR-MISS-0083,INC-SCN-07-NEAR-MISS-0083,2026-09-08T11:34:00+00:00,29356.00,29356.00,29356.00,0.00,23645.23,29356.00,5710.77,1,2,1,1,0,0,43873.00,43873.00,0.00,4289.23,1.0,29356.00,0.00,29356.00,0,0,0,29356.00,0.00,29356.00,1,1,0,29356.00,0.00,29356.00,1,1,0,29356.00,0.00,29356.00,1,1,0,29356.00,0.00,29356.00,1,1,0,29356.00,0.00,29356.00,1,1,0
SCN-07-NEAR-MISS-0084,INC-SCN-07-NEAR-MISS-0084,2026-09-08T11:49:00+00:00,26266.00,26266.00,26266.00,0.00,22086.66,26266.00,4179.34,1,2,1,1,0,0,37326.00,37326.00,0.00,5820.66,1.0,26266.00,0.00,26266.00,0,0,0,26266.00,0.00,26266.00,1,1,0,26266.00,0.00,26266.00,1,1,0,26266.00,0.00,26266.00,1,1,0,26266.00,0.00,26266.00,1,1,0,26266.00,0.00,26266.00,1,1,0
SCN-07-NEAR-MISS-0085,INC-SCN-07-NEAR-MISS-0085,2026-09-08T12:04:00+00:00,32922.00,32922.00,32922.00,0.00,32922.00,32922.00,0.00,1,1,0,0,0,0,32922.00,32922.00,0.00,0.00,1.0,32922.00,0.00,32922.00,0,0,0,32922.00,0.00,32922.00,0,0,0,32922.00,0.00,32922.00,0,0,0,32922.00,0.00,32922.00,0,0,0,32922.00,0.00,32922.00,0,0,0,32922.00,0.00,32922.00,0,0,0
SCN-07-NEAR-MISS-0086,INC-SCN-07-NEAR-MISS-0086,2026-09-08T12:19:00+00:00,29061.00,29061.00,29061.00,0.00,22695.43,29061.00,6365.57,1,2,1,1,0,0,43272.00,43272.00,0.00,3634.43,1.0,29061.00,0.00,29061.00,0,0,0,29061.00,0.00,29061.00,1,1,0,29061.00,0.00,29061.00,1,1,0,29061.00,0.00,29061.00,1,1,0,29061.00,0.00,29061.00,1,1,0,29061.00,0.00,29061.00,1,1,0
SCN-07-NEAR-MISS-0087,INC-SCN-07-NEAR-MISS-0087,2026-09-08T12:34:00+00:00,28421.00,28421.00,28421.00,0.00,22421.48,28421.00,5999.52,1,2,1,1,0,0,41907.00,41907.00,0.00,4000.48,1.0,28421.00,0.00,28421.00,0,0,0,28421.00,0.00,28421.00,1,1,0,28421.00,0.00,28421.00,1,1,0,28421.00,0.00,28421.00,1,1,0,28421.00,0.00,28421.00,1,1,0,28421.00,0.00,28421.00,1,1,0
SCN-07-NEAR-MISS-0088,INC-SCN-07-NEAR-MISS-0088,2026-09-08T12:49:00+00:00,29162.00,29162.00,29162.00,0.00,24419.68,29162.00,4742.32,1,2,1,1,0,0,41566.00,41566.00,0.00,5257.68,1.0,29162.00,0.00,29162.00,0,0,0,29162.00,0.00,29162.00,1,1,0,29162.00,0.00,29162.00,1,1,0,29162.00,0.00,29162.00,1,1,0,29162.00,0.00,29162.00,1,1,0,29162.00,0.00,29162.00,1,1,0
SCN-07-NEAR-MISS-0089,INC-SCN-07-NEAR-MISS-0089,2026-09-08T13:04:00+00:00,33945.00,33945.00,33945.00,0.00,28937.13,33945.00,5007.87,1,2,1,1,0,0,47099.00,47099.00,0.00,4992.13,1.0,33945.00,0.00,33945.00,0,0,0,33945.00,0.00,33945.00,1,1,0,33945.00,0.00,33945.00,1,1,0,33945.00,0.00,33945.00,1,1,0,33945.00,0.00,33945.00,1,1,0,33945.00,0.00,33945.00,1,1,0
SCN-07-NEAR-MISS-0090,INC-SCN-07-NEAR-MISS-0090,2026-09-08T13:19:00+00:00,23731.00,23731.00,23731.00,0.00,23731.00,23731.00,0.00,1,1,0,0,0,0,23731.00,23731.00,0.00,0.00,1.0,23731.00,0.00,23731.00,0,0,0,23731.00,0.00,23731.00,0,0,0,23731.00,0.00,23731.00,0,0,0,23731.00,0.00,23731.00,0,0,0,23731.00,0.00,23731.00,0,0,0,23731.00,0.00,23731.00,0,0,0
SCN-07-NEAR-MISS-0091,INC-SCN-07-NEAR-MISS-0091,2026-09-08T13:34:00+00:00,29013.00,29013.00,29013.00,0.00,29013.00,29013.00,0.00,1,1,0,0,0,0,29013.00,29013.00,0.00,0.00,1.0,29013.00,0.00,29013.00,0,0,0,29013.00,0.00,29013.00,0,0,0,29013.00,0.00,29013.00,0,0,0,29013.00,0.00,29013.00,0,0,0,29013.00,0.00,29013.00,0,0,0,29013.00,0.00,29013.00,0,0,0
SCN-07-NEAR-MISS-0092,INC-SCN-07-NEAR-MISS-0092,2026-09-08T13:49:00+00:00,29249.00,29249.00,29249.00,0.00,29249.00,29249.00,0.00,1,1,0,0,0,0,29249.00,29249.00,0.00,0.00,1.0,29249.00,0.00,29249.00,0,0,0,29249.00,0.00,29249.00,0,0,0,29249.00,0.00,29249.00,0,0,0,29249.00,0.00,29249.00,0,0,0,29249.00,0.00,29249.00,0,0,0,29249.00,0.00,29249.00,0,0,0
SCN-07-NEAR-MISS-0093,INC-SCN-07-NEAR-MISS-0093,2026-09-08T14:04:00+00:00,25190.00,25190.00,25190.00,0.00,20562.99,20562.99,0.00,1,1,0,0,0,0,25190.00,25190.00,0.00,0.00,0.816316,25190.00,0.00,25190.00,0,0,0,25190.00,0.00,25190.00,0,0,0,25190.00,0.00,25190.00,0,0,0,25190.00,0.00,25190.00,0,0,0,25190.00,0.00,25190.00,0,0,0,25190.00,0.00,25190.00,0,0,0
SCN-07-NEAR-MISS-0094,INC-SCN-07-NEAR-MISS-0094,2026-09-08T14:19:00+00:00,20109.00,20109.00,20109.00,0.00,16013.53,16013.53,0.00,1,1,0,0,0,0,20109.00,20109.00,0.00,0.00,0.796336,20109.00,0.00,20109.00,0,0,0,20109.00,0.00,20109.00,0,0,0,20109.00,0.00,20109.00,0,0,0,20109.00,0.00,20109.00,0,0,0,20109.00,0.00,20109.00,0,0,0,20109.00,0.00,20109.00,0,0,0
SCN-07-NEAR-MISS-0095,INC-SCN-07-NEAR-MISS-0095,2026-09-08T14:34:00+00:00,29693.00,29693.00,29693.00,0.00,23616.44,29693.00,6076.56,1,2,1,1,0,0,43038.00,43038.00,0.00,3923.44,1.0,29693.00,0.00,29693.00,0,0,0,29693.00,0.00,29693.00,1,1,0,29693.00,0.00,29693.00,1,1,0,29693.00,0.00,29693.00,1,1,0,29693.00,0.00,29693.00,1,1,0,29693.00,0.00,29693.00,1,1,0
SCN-07-NEAR-MISS-0096,INC-SCN-07-NEAR-MISS-0096,2026-09-08T14:49:00+00:00,35534.00,35534.00,35534.00,0.00,29690.84,35534.00,5843.16,1,2,1,1,0,0,49779.00,49779.00,0.00,4156.84,1.0,35534.00,0.00,35534.00,0,0,0,35534.00,0.00,35534.00,1,1,0,35534.00,0.00,35534.00,1,1,0,35534.00,0.00,35534.00,1,1,0,35534.00,0.00,35534.00,1,1,0,35534.00,0.00,35534.00,1,1,0
SCN-07-NEAR-MISS-0097,INC-SCN-07-NEAR-MISS-0097,2026-09-08T15:04:00+00:00,30967.00,30967.00,30967.00,0.00,25913.80,30967.00,5053.20,1,2,1,1,0,0,44267.00,44267.00,0.00,4946.80,1.0,30967.00,0.00,30967.00,0,0,0,30967.00,0.00,30967.00,1,1,0,30967.00,0.00,30967.00,1,1,0,30967.00,0.00,30967.00,1,1,0,30967.00,0.00,30967.00,1,1,0,30967.00,0.00,30967.00,1,1,0
SCN-07-NEAR-MISS-0098,INC-SCN-07-NEAR-MISS-0098,2026-09-08T15:19:00+00:00,35657.00,35657.00,35657.00,0.00,28092.33,35657.00,7564.67,1,2,1,1,0,0,52526.00,52526.00,0.00,2435.33,1.0,35657.00,0.00,35657.00,0,0,0,35657.00,0.00,35657.00,1,1,0,35657.00,0.00,35657.00,1,1,0,35657.00,0.00,35657.00,1,1,0,35657.00,0.00,35657.00,1,1,0,35657.00,0.00,35657.00,1,1,0
SCN-07-NEAR-MISS-0099,INC-SCN-07-NEAR-MISS-0099,2026-09-08T15:34:00+00:00,27951.00,27951.00,27951.00,0.00,22953.76,27951.00,4997.24,1,2,1,1,0,0,40891.00,40891.00,0.00,5002.76,1.0,27951.00,0.00,27951.00,0,0,0,27951.00,0.00,27951.00,1,1,0,27951.00,0.00,27951.00,1,1,0,27951.00,0.00,27951.00,1,1,0,27951.00,0.00,27951.00,1,1,0,27951.00,0.00,27951.00,1,1,0
SCN-07-NEAR-MISS-0100,INC-SCN-07-NEAR-MISS-0100,2026-09-08T15:49:00+00:00,20045.00,20045.00,20045.00,0.00,16207.40,16207.40,0.00,1,1,0,0,0,0,20045.00,20045.00,0.00,0.00,0.808551,20045.00,0.00,20045.00,0,0,0,20045.00,0.00,20045.00,0,0,0,20045.00,0.00,20045.00,0,0,0,20045.00,0.00,20045.00,0,0,0,20045.00,0.00,20045.00,0,0,0,20045.00,0.00,20045.00,0,0,0
SCN-08-WRONG-RECIPIENT-0001,INC-SCN-08-WRONG-RECIPIENT-0001,2026-09-08T16:04:00+00:00,14284.00,14284.00,14284.00,0.00,14284.00,14284.00,0.00,1,1,0,0,0,0,14284.00,14284.00,0.00,0.00,1.0,14284.00,0.00,14284.00,0,0,0,14284.00,0.00,14284.00,0,0,0,14284.00,0.00,14284.00,0,0,0,14284.00,0.00,14284.00,0,0,0,14284.00,0.00,14284.00,0,0,0,14284.00,0.00,14284.00,0,0,0
SCN-08-WRONG-RECIPIENT-0002,INC-SCN-08-WRONG-RECIPIENT-0002,2026-09-08T16:19:00+00:00,15164.00,15164.00,15164.00,0.00,15164.00,15164.00,0.00,1,1,0,0,0,0,15164.00,15164.00,0.00,0.00,1.0,15164.00,0.00,15164.00,0,0,0,15164.00,0.00,15164.00,0,0,0,15164.00,0.00,15164.00,0,0,0,15164.00,0.00,15164.00,0,0,0,15164.00,0.00,15164.00,0,0,0,15164.00,0.00,15164.00,0,0,0
SCN-08-WRONG-RECIPIENT-0003,INC-SCN-08-WRONG-RECIPIENT-0003,2026-09-08T16:34:00+00:00,12577.00,12577.00,12577.00,0.00,12577.00,12577.00,0.00,1,1,0,0,0,0,12577.00,12577.00,0.00,0.00,1.0,12577.00,0.00,12577.00,0,0,0,12577.00,0.00,12577.00,0,0,0,12577.00,0.00,12577.00,0,0,0,12577.00,0.00,12577.00,0,0,0,12577.00,0.00,12577.00,0,0,0,12577.00,0.00,12577.00,0,0,0
SCN-08-WRONG-RECIPIENT-0004,INC-SCN-08-WRONG-RECIPIENT-0004,2026-09-08T16:49:00+00:00,14999.00,14999.00,14999.00,0.00,14999.00,14999.00,0.00,1,1,0,0,0,0,14999.00,14999.00,0.00,0.00,1.0,14999.00,0.00,14999.00,0,0,0,14999.00,0.00,14999.00,0,0,0,14999.00,0.00,14999.00,0,0,0,14999.00,0.00,14999.00,0,0,0,14999.00,0.00,14999.00,0,0,0,14999.00,0.00,14999.00,0,0,0
SCN-08-WRONG-RECIPIENT-0005,INC-SCN-08-WRONG-RECIPIENT-0005,2026-09-08T17:04:00+00:00,14897.00,14897.00,14897.00,0.00,14897.00,14897.00,0.00,1,1,0,0,0,0,14897.00,14897.00,0.00,0.00,1.0,14897.00,0.00,14897.00,0,0,0,14897.00,0.00,14897.00,0,0,0,14897.00,0.00,14897.00,0,0,0,14897.00,0.00,14897.00,0,0,0,14897.00,0.00,14897.00,0,0,0,14897.00,0.00,14897.00,0,0,0
SCN-08-WRONG-RECIPIENT-0006,INC-SCN-08-WRONG-RECIPIENT-0006,2026-09-08T17:19:00+00:00,12050.00,12050.00,12050.00,0.00,12050.00,12050.00,0.00,1,1,0,0,0,0,12050.00,12050.00,0.00,0.00,1.0,12050.00,0.00,12050.00,0,0,0,12050.00,0.00,12050.00,0,0,0,12050.00,0.00,12050.00,0,0,0,12050.00,0.00,12050.00,0,0,0,12050.00,0.00,12050.00,0,0,0,12050.00,0.00,12050.00,0,0,0
SCN-08-WRONG-RECIPIENT-0007,INC-SCN-08-WRONG-RECIPIENT-0007,2026-09-08T17:34:00+00:00,13013.00,13013.00,13013.00,0.00,13013.00,13013.00,0.00,1,1,0,0,0,0,13013.00,13013.00,0.00,0.00,1.0,13013.00,0.00,13013.00,0,0,0,13013.00,0.00,13013.00,0,0,0,13013.00,0.00,13013.00,0,0,0,13013.00,0.00,13013.00,0,0,0,13013.00,0.00,13013.00,0,0,0,13013.00,0.00,13013.00,0,0,0
SCN-08-WRONG-RECIPIENT-0008,INC-SCN-08-WRONG-RECIPIENT-0008,2026-09-08T17:49:00+00:00,14698.00,14698.00,14698.00,0.00,14698.00,14698.00,0.00,1,1,0,0,0,0,14698.00,14698.00,0.00,0.00,1.0,14698.00,0.00,14698.00,0,0,0,14698.00,0.00,14698.00,0,0,0,14698.00,0.00,14698.00,0,0,0,14698.00,0.00,14698.00,0,0,0,14698.00,0.00,14698.00,0,0,0,14698.00,0.00,14698.00,0,0,0
SCN-08-WRONG-RECIPIENT-0009,INC-SCN-08-WRONG-RECIPIENT-0009,2026-09-08T18:04:00+00:00,9129.00,9129.00,9129.00,0.00,9129.00,9129.00,0.00,1,1,0,0,0,0,9129.00,9129.00,871.00,871.00,1.0,9129.00,0.00,9129.00,0,0,0,9129.00,0.00,9129.00,0,0,0,9129.00,0.00,9129.00,0,0,0,9129.00,0.00,9129.00,0,0,0,9129.00,0.00,9129.00,0,0,0,9129.00,0.00,9129.00,0,0,0
SCN-08-WRONG-RECIPIENT-0010,INC-SCN-08-WRONG-RECIPIENT-0010,2026-09-08T18:19:00+00:00,11683.00,11683.00,11683.00,0.00,11683.00,11683.00,0.00,1,1,0,0,0,0,11683.00,11683.00,0.00,0.00,1.0,11683.00,0.00,11683.00,0,0,0,11683.00,0.00,11683.00,0,0,0,11683.00,0.00,11683.00,0,0,0,11683.00,0.00,11683.00,0,0,0,11683.00,0.00,11683.00,0,0,0,11683.00,0.00,11683.00,0,0,0
SCN-08-WRONG-RECIPIENT-0011,INC-SCN-08-WRONG-RECIPIENT-0011,2026-09-08T18:34:00+00:00,15361.00,15361.00,15361.00,0.00,15361.00,15361.00,0.00,1,1,0,0,0,0,15361.00,15361.00,0.00,0.00,1.0,15361.00,0.00,15361.00,0,0,0,15361.00,0.00,15361.00,0,0,0,15361.00,0.00,15361.00,0,0,0,15361.00,0.00,15361.00,0,0,0,15361.00,0.00,15361.00,0,0,0,15361.00,0.00,15361.00,0,0,0
SCN-08-WRONG-RECIPIENT-0012,INC-SCN-08-WRONG-RECIPIENT-0012,2026-09-08T18:49:00+00:00,15507.00,15507.00,15507.00,0.00,15507.00,15507.00,0.00,1,1,0,0,0,0,15507.00,15507.00,0.00,0.00,1.0,15507.00,0.00,15507.00,0,0,0,15507.00,0.00,15507.00,0,0,0,15507.00,0.00,15507.00,0,0,0,15507.00,0.00,15507.00,0,0,0,15507.00,0.00,15507.00,0,0,0,15507.00,0.00,15507.00,0,0,0
SCN-08-WRONG-RECIPIENT-0013,INC-SCN-08-WRONG-RECIPIENT-0013,2026-09-08T19:04:00+00:00,10561.00,10561.00,10561.00,0.00,10561.00,10561.00,0.00,1,1,0,0,0,0,10561.00,10561.00,0.00,0.00,1.0,10561.00,0.00,10561.00,0,0,0,10561.00,0.00,10561.00,0,0,0,10561.00,0.00,10561.00,0,0,0,10561.00,0.00,10561.00,0,0,0,10561.00,0.00,10561.00,0,0,0,10561.00,0.00,10561.00,0,0,0
SCN-08-WRONG-RECIPIENT-0014,INC-SCN-08-WRONG-RECIPIENT-0014,2026-09-08T19:19:00+00:00,13699.00,13699.00,13699.00,0.00,13699.00,13699.00,0.00,1,1,0,0,0,0,13699.00,13699.00,0.00,0.00,1.0,13699.00,0.00,13699.00,0,0,0,13699.00,0.00,13699.00,0,0,0,13699.00,0.00,13699.00,0,0,0,13699.00,0.00,13699.00,0,0,0,13699.00,0.00,13699.00,0,0,0,13699.00,0.00,13699.00,0,0,0
SCN-08-WRONG-RECIPIENT-0015,INC-SCN-08-WRONG-RECIPIENT-0015,2026-09-08T19:34:00+00:00,9108.00,9108.00,9108.00,0.00,9108.00,9108.00,0.00,1,1,0,0,0,0,9108.00,9108.00,892.00,892.00,1.0,9108.00,0.00,9108.00,0,0,0,9108.00,0.00,9108.00,0,0,0,9108.00,0.00,9108.00,0,0,0,9108.00,0.00,9108.00,0,0,0,9108.00,0.00,9108.00,0,0,0,9108.00,0.00,9108.00,0,0,0
SCN-08-WRONG-RECIPIENT-0016,INC-SCN-08-WRONG-RECIPIENT-0016,2026-09-08T19:49:00+00:00,8063.00,8063.00,8063.00,0.00,8063.00,8063.00,0.00,1,1,0,0,0,0,8063.00,8063.00,1937.00,1937.00,1.0,8063.00,0.00,8063.00,0,0,0,8063.00,0.00,8063.00,0,0,0,8063.00,0.00,8063.00,0,0,0,8063.00,0.00,8063.00,0,0,0,8063.00,0.00,8063.00,0,0,0,8063.00,0.00,8063.00,0,0,0
SCN-08-WRONG-RECIPIENT-0017,INC-SCN-08-WRONG-RECIPIENT-0017,2026-09-08T20:04:00+00:00,10837.00,10837.00,10837.00,0.00,10837.00,10837.00,0.00,1,1,0,0,0,0,10837.00,10837.00,0.00,0.00,1.0,10837.00,0.00,10837.00,0,0,0,10837.00,0.00,10837.00,0,0,0,10837.00,0.00,10837.00,0,0,0,10837.00,0.00,10837.00,0,0,0,10837.00,0.00,10837.00,0,0,0,10837.00,0.00,10837.00,0,0,0
SCN-08-WRONG-RECIPIENT-0018,INC-SCN-08-WRONG-RECIPIENT-0018,2026-09-08T20:19:00+00:00,15091.00,15091.00,15091.00,0.00,15091.00,15091.00,0.00,1,1,0,0,0,0,15091.00,15091.00,0.00,0.00,1.0,15091.00,0.00,15091.00,0,0,0,15091.00,0.00,15091.00,0,0,0,15091.00,0.00,15091.00,0,0,0,15091.00,0.00,15091.00,0,0,0,15091.00,0.00,15091.00,0,0,0,15091.00,0.00,15091.00,0,0,0
SCN-08-WRONG-RECIPIENT-0019,INC-SCN-08-WRONG-RECIPIENT-0019,2026-09-08T20:34:00+00:00,13140.00,13140.00,13140.00,0.00,13140.00,13140.00,0.00,1,1,0,0,0,0,13140.00,13140.00,0.00,0.00,1.0,13140.00,0.00,13140.00,0,0,0,13140.00,0.00,13140.00,0,0,0,13140.00,0.00,13140.00,0,0,0,13140.00,0.00,13140.00,0,0,0,13140.00,0.00,13140.00,0,0,0,13140.00,0.00,13140.00,0,0,0
SCN-08-WRONG-RECIPIENT-0020,INC-SCN-08-WRONG-RECIPIENT-0020,2026-09-08T20:49:00+00:00,10306.00,10306.00,10306.00,0.00,10306.00,10306.00,0.00,1,1,0,0,0,0,10306.00,10306.00,0.00,0.00,1.0,10306.00,0.00,10306.00,0,0,0,10306.00,0.00,10306.00,0,0,0,10306.00,0.00,10306.00,0,0,0,10306.00,0.00,10306.00,0,0,0,10306.00,0.00,10306.00,0,0,0,10306.00,0.00,10306.00,0,0,0
SCN-08-WRONG-RECIPIENT-0021,INC-SCN-08-WRONG-RECIPIENT-0021,2026-09-08T21:04:00+00:00,13425.00,13425.00,13425.00,0.00,13425.00,13425.00,0.00,1,1,0,0,0,0,13425.00,13425.00,0.00,0.00,1.0,13425.00,0.00,13425.00,0,0,0,13425.00,0.00,13425.00,0,0,0,13425.00,0.00,13425.00,0,0,0,13425.00,0.00,13425.00,0,0,0,13425.00,0.00,13425.00,0,0,0,13425.00,0.00,13425.00,0,0,0
SCN-08-WRONG-RECIPIENT-0022,INC-SCN-08-WRONG-RECIPIENT-0022,2026-09-08T21:19:00+00:00,15374.00,15374.00,15374.00,0.00,15374.00,15374.00,0.00,1,1,0,0,0,0,15374.00,15374.00,0.00,0.00,1.0,15374.00,0.00,15374.00,0,0,0,15374.00,0.00,15374.00,0,0,0,15374.00,0.00,15374.00,0,0,0,15374.00,0.00,15374.00,0,0,0,15374.00,0.00,15374.00,0,0,0,15374.00,0.00,15374.00,0,0,0
SCN-08-WRONG-RECIPIENT-0023,INC-SCN-08-WRONG-RECIPIENT-0023,2026-09-08T21:34:00+00:00,10734.00,10734.00,10734.00,0.00,10734.00,10734.00,0.00,1,1,0,0,0,0,10734.00,10734.00,0.00,0.00,1.0,10734.00,0.00,10734.00,0,0,0,10734.00,0.00,10734.00,0,0,0,10734.00,0.00,10734.00,0,0,0,10734.00,0.00,10734.00,0,0,0,10734.00,0.00,10734.00,0,0,0,10734.00,0.00,10734.00,0,0,0
SCN-08-WRONG-RECIPIENT-0024,INC-SCN-08-WRONG-RECIPIENT-0024,2026-09-08T21:49:00+00:00,9150.00,9150.00,9150.00,0.00,9150.00,9150.00,0.00,1,1,0,0,0,0,9150.00,9150.00,850.00,850.00,1.0,9150.00,0.00,9150.00,0,0,0,9150.00,0.00,9150.00,0,0,0,9150.00,0.00,9150.00,0,0,0,9150.00,0.00,9150.00,0,0,0,9150.00,0.00,9150.00,0,0,0,9150.00,0.00,9150.00,0,0,0
SCN-08-WRONG-RECIPIENT-0025,INC-SCN-08-WRONG-RECIPIENT-0025,2026-09-08T22:04:00+00:00,11069.00,11069.00,11069.00,0.00,11069.00,11069.00,0.00,1,1,0,0,0,0,11069.00,11069.00,0.00,0.00,1.0,11069.00,0.00,11069.00,0,0,0,11069.00,0.00,11069.00,0,0,0,11069.00,0.00,11069.00,0,0,0,11069.00,0.00,11069.00,0,0,0,11069.00,0.00,11069.00,0,0,0,11069.00,0.00,11069.00,0,0,0
SCN-08-WRONG-RECIPIENT-0026,INC-SCN-08-WRONG-RECIPIENT-0026,2026-09-08T22:19:00+00:00,8454.00,8454.00,8454.00,0.00,8454.00,8454.00,0.00,1,1,0,0,0,0,8454.00,8454.00,1546.00,1546.00,1.0,8454.00,0.00,8454.00,0,0,0,8454.00,0.00,8454.00,0,0,0,8454.00,0.00,8454.00,0,0,0,8454.00,0.00,8454.00,0,0,0,8454.00,0.00,8454.00,0,0,0,8454.00,0.00,8454.00,0,0,0
SCN-08-WRONG-RECIPIENT-0027,INC-SCN-08-WRONG-RECIPIENT-0027,2026-09-08T22:34:00+00:00,16085.00,16085.00,16085.00,0.00,16085.00,16085.00,0.00,1,1,0,0,0,0,16085.00,16085.00,0.00,0.00,1.0,16085.00,0.00,16085.00,0,0,0,16085.00,0.00,16085.00,0,0,0,16085.00,0.00,16085.00,0,0,0,16085.00,0.00,16085.00,0,0,0,16085.00,0.00,16085.00,0,0,0,16085.00,0.00,16085.00,0,0,0
SCN-08-WRONG-RECIPIENT-0028,INC-SCN-08-WRONG-RECIPIENT-0028,2026-09-08T22:49:00+00:00,10459.00,10459.00,10459.00,0.00,10459.00,10459.00,0.00,1,1,0,0,0,0,10459.00,10459.00,0.00,0.00,1.0,10459.00,0.00,10459.00,0,0,0,10459.00,0.00,10459.00,0,0,0,10459.00,0.00,10459.00,0,0,0,10459.00,0.00,10459.00,0,0,0,10459.00,0.00,10459.00,0,0,0,10459.00,0.00,10459.00,0,0,0
SCN-08-WRONG-RECIPIENT-0029,INC-SCN-08-WRONG-RECIPIENT-0029,2026-09-08T23:04:00+00:00,15060.00,15060.00,15060.00,0.00,15060.00,15060.00,0.00,1,1,0,0,0,0,15060.00,15060.00,0.00,0.00,1.0,15060.00,0.00,15060.00,0,0,0,15060.00,0.00,15060.00,0,0,0,15060.00,0.00,15060.00,0,0,0,15060.00,0.00,15060.00,0,0,0,15060.00,0.00,15060.00,0,0,0,15060.00,0.00,15060.00,0,0,0
SCN-08-WRONG-RECIPIENT-0030,INC-SCN-08-WRONG-RECIPIENT-0030,2026-09-08T23:19:00+00:00,12174.00,12174.00,12174.00,0.00,12174.00,12174.00,0.00,1,1,0,0,0,0,12174.00,12174.00,0.00,0.00,1.0,12174.00,0.00,12174.00,0,0,0,12174.00,0.00,12174.00,0,0,0,12174.00,0.00,12174.00,0,0,0,12174.00,0.00,12174.00,0,0,0,12174.00,0.00,12174.00,0,0,0,12174.00,0.00,12174.00,0,0,0
SCN-08-WRONG-RECIPIENT-0031,INC-SCN-08-WRONG-RECIPIENT-0031,2026-09-08T23:34:00+00:00,8856.00,8856.00,8856.00,0.00,8856.00,8856.00,0.00,1,1,0,0,0,0,8856.00,8856.00,1144.00,1144.00,1.0,8856.00,0.00,8856.00,0,0,0,8856.00,0.00,8856.00,0,0,0,8856.00,0.00,8856.00,0,0,0,8856.00,0.00,8856.00,0,0,0,8856.00,0.00,8856.00,0,0,0,8856.00,0.00,8856.00,0,0,0
SCN-08-WRONG-RECIPIENT-0032,INC-SCN-08-WRONG-RECIPIENT-0032,2026-09-08T23:49:00+00:00,9636.00,9636.00,9636.00,0.00,9636.00,9636.00,0.00,1,1,0,0,0,0,9636.00,9636.00,364.00,364.00,1.0,9636.00,0.00,9636.00,0,0,0,9636.00,0.00,9636.00,0,0,0,9636.00,0.00,9636.00,0,0,0,9636.00,0.00,9636.00,0,0,0,9636.00,0.00,9636.00,0,0,0,9636.00,0.00,9636.00,0,0,0
SCN-08-WRONG-RECIPIENT-0033,INC-SCN-08-WRONG-RECIPIENT-0033,2026-09-09T00:04:00+00:00,9195.00,9195.00,9195.00,0.00,9195.00,9195.00,0.00,1,1,0,0,0,0,9195.00,9195.00,805.00,805.00,1.0,9195.00,0.00,9195.00,0,0,0,9195.00,0.00,9195.00,0,0,0,9195.00,0.00,9195.00,0,0,0,9195.00,0.00,9195.00,0,0,0,9195.00,0.00,9195.00,0,0,0,9195.00,0.00,9195.00,0,0,0
SCN-08-WRONG-RECIPIENT-0034,INC-SCN-08-WRONG-RECIPIENT-0034,2026-09-09T00:19:00+00:00,15963.00,15963.00,15963.00,0.00,15963.00,15963.00,0.00,1,1,0,0,0,0,15963.00,15963.00,0.00,0.00,1.0,15963.00,0.00,15963.00,0,0,0,15963.00,0.00,15963.00,0,0,0,15963.00,0.00,15963.00,0,0,0,15963.00,0.00,15963.00,0,0,0,15963.00,0.00,15963.00,0,0,0,15963.00,0.00,15963.00,0,0,0
SCN-08-WRONG-RECIPIENT-0035,INC-SCN-08-WRONG-RECIPIENT-0035,2026-09-09T00:34:00+00:00,7936.00,7936.00,7936.00,0.00,7936.00,7936.00,0.00,1,1,0,0,0,0,7936.00,7936.00,2064.00,2064.00,1.0,7936.00,0.00,7936.00,0,0,0,7936.00,0.00,7936.00,0,0,0,7936.00,0.00,7936.00,0,0,0,7936.00,0.00,7936.00,0,0,0,7936.00,0.00,7936.00,0,0,0,7936.00,0.00,7936.00,0,0,0
SCN-08-WRONG-RECIPIENT-0036,INC-SCN-08-WRONG-RECIPIENT-0036,2026-09-09T00:49:00+00:00,13674.00,13674.00,13674.00,0.00,13674.00,13674.00,0.00,1,1,0,0,0,0,13674.00,13674.00,0.00,0.00,1.0,13674.00,0.00,13674.00,0,0,0,13674.00,0.00,13674.00,0,0,0,13674.00,0.00,13674.00,0,0,0,13674.00,0.00,13674.00,0,0,0,13674.00,0.00,13674.00,0,0,0,13674.00,0.00,13674.00,0,0,0
SCN-08-WRONG-RECIPIENT-0037,INC-SCN-08-WRONG-RECIPIENT-0037,2026-09-09T01:04:00+00:00,10759.00,10759.00,10759.00,0.00,10759.00,10759.00,0.00,1,1,0,0,0,0,10759.00,10759.00,0.00,0.00,1.0,10759.00,0.00,10759.00,0,0,0,10759.00,0.00,10759.00,0,0,0,10759.00,0.00,10759.00,0,0,0,10759.00,0.00,10759.00,0,0,0,10759.00,0.00,10759.00,0,0,0,10759.00,0.00,10759.00,0,0,0
SCN-08-WRONG-RECIPIENT-0038,INC-SCN-08-WRONG-RECIPIENT-0038,2026-09-09T01:19:00+00:00,8752.00,8752.00,8752.00,0.00,8752.00,8752.00,0.00,1,1,0,0,0,0,8752.00,8752.00,1248.00,1248.00,1.0,8752.00,0.00,8752.00,0,0,0,8752.00,0.00,8752.00,0,0,0,8752.00,0.00,8752.00,0,0,0,8752.00,0.00,8752.00,0,0,0,8752.00,0.00,8752.00,0,0,0,8752.00,0.00,8752.00,0,0,0
SCN-08-WRONG-RECIPIENT-0039,INC-SCN-08-WRONG-RECIPIENT-0039,2026-09-09T01:34:00+00:00,12797.00,12797.00,12797.00,0.00,12797.00,12797.00,0.00,1,1,0,0,0,0,12797.00,12797.00,0.00,0.00,1.0,12797.00,0.00,12797.00,0,0,0,12797.00,0.00,12797.00,0,0,0,12797.00,0.00,12797.00,0,0,0,12797.00,0.00,12797.00,0,0,0,12797.00,0.00,12797.00,0,0,0,12797.00,0.00,12797.00,0,0,0
SCN-08-WRONG-RECIPIENT-0040,INC-SCN-08-WRONG-RECIPIENT-0040,2026-09-09T01:49:00+00:00,13584.00,13584.00,13584.00,0.00,13584.00,13584.00,0.00,1,1,0,0,0,0,13584.00,13584.00,0.00,0.00,1.0,13584.00,0.00,13584.00,0,0,0,13584.00,0.00,13584.00,0,0,0,13584.00,0.00,13584.00,0,0,0,13584.00,0.00,13584.00,0,0,0,13584.00,0.00,13584.00,0,0,0,13584.00,0.00,13584.00,0,0,0
SCN-08-WRONG-RECIPIENT-0041,INC-SCN-08-WRONG-RECIPIENT-0041,2026-09-09T02:04:00+00:00,15571.00,15571.00,15571.00,0.00,15571.00,15571.00,0.00,1,1,0,0,0,0,15571.00,15571.00,0.00,0.00,1.0,15571.00,0.00,15571.00,0,0,0,15571.00,0.00,15571.00,0,0,0,15571.00,0.00,15571.00,0,0,0,15571.00,0.00,15571.00,0,0,0,15571.00,0.00,15571.00,0,0,0,15571.00,0.00,15571.00,0,0,0
SCN-08-WRONG-RECIPIENT-0042,INC-SCN-08-WRONG-RECIPIENT-0042,2026-09-09T02:19:00+00:00,8672.00,8672.00,8672.00,0.00,8672.00,8672.00,0.00,1,1,0,0,0,0,8672.00,8672.00,1328.00,1328.00,1.0,8672.00,0.00,8672.00,0,0,0,8672.00,0.00,8672.00,0,0,0,8672.00,0.00,8672.00,0,0,0,8672.00,0.00,8672.00,0,0,0,8672.00,0.00,8672.00,0,0,0,8672.00,0.00,8672.00,0,0,0
SCN-08-WRONG-RECIPIENT-0043,INC-SCN-08-WRONG-RECIPIENT-0043,2026-09-09T02:34:00+00:00,11970.00,11970.00,11970.00,0.00,11970.00,11970.00,0.00,1,1,0,0,0,0,11970.00,11970.00,0.00,0.00,1.0,11970.00,0.00,11970.00,0,0,0,11970.00,0.00,11970.00,0,0,0,11970.00,0.00,11970.00,0,0,0,11970.00,0.00,11970.00,0,0,0,11970.00,0.00,11970.00,0,0,0,11970.00,0.00,11970.00,0,0,0
SCN-08-WRONG-RECIPIENT-0044,INC-SCN-08-WRONG-RECIPIENT-0044,2026-09-09T02:49:00+00:00,11530.00,11530.00,11530.00,0.00,11530.00,11530.00,0.00,1,1,0,0,0,0,11530.00,11530.00,0.00,0.00,1.0,11530.00,0.00,11530.00,0,0,0,11530.00,0.00,11530.00,0,0,0,11530.00,0.00,11530.00,0,0,0,11530.00,0.00,11530.00,0,0,0,11530.00,0.00,11530.00,0,0,0,11530.00,0.00,11530.00,0,0,0
SCN-08-WRONG-RECIPIENT-0045,INC-SCN-08-WRONG-RECIPIENT-0045,2026-09-09T03:04:00+00:00,11333.00,11333.00,11333.00,0.00,11333.00,11333.00,0.00,1,1,0,0,0,0,11333.00,11333.00,0.00,0.00,1.0,11333.00,0.00,11333.00,0,0,0,11333.00,0.00,11333.00,0,0,0,11333.00,0.00,11333.00,0,0,0,11333.00,0.00,11333.00,0,0,0,11333.00,0.00,11333.00,0,0,0,11333.00,0.00,11333.00,0,0,0
SCN-08-WRONG-RECIPIENT-0046,INC-SCN-08-WRONG-RECIPIENT-0046,2026-09-09T03:19:00+00:00,9443.00,9443.00,9443.00,0.00,9443.00,9443.00,0.00,1,1,0,0,0,0,9443.00,9443.00,557.00,557.00,1.0,9443.00,0.00,9443.00,0,0,0,9443.00,0.00,9443.00,0,0,0,9443.00,0.00,9443.00,0,0,0,9443.00,0.00,9443.00,0,0,0,9443.00,0.00,9443.00,0,0,0,9443.00,0.00,9443.00,0,0,0
SCN-08-WRONG-RECIPIENT-0047,INC-SCN-08-WRONG-RECIPIENT-0047,2026-09-09T03:34:00+00:00,15478.00,15478.00,15478.00,0.00,15478.00,15478.00,0.00,1,1,0,0,0,0,15478.00,15478.00,0.00,0.00,1.0,15478.00,0.00,15478.00,0,0,0,15478.00,0.00,15478.00,0,0,0,15478.00,0.00,15478.00,0,0,0,15478.00,0.00,15478.00,0,0,0,15478.00,0.00,15478.00,0,0,0,15478.00,0.00,15478.00,0,0,0
SCN-08-WRONG-RECIPIENT-0048,INC-SCN-08-WRONG-RECIPIENT-0048,2026-09-09T03:49:00+00:00,14026.00,14026.00,14026.00,0.00,14026.00,14026.00,0.00,1,1,0,0,0,0,14026.00,14026.00,0.00,0.00,1.0,14026.00,0.00,14026.00,0,0,0,14026.00,0.00,14026.00,0,0,0,14026.00,0.00,14026.00,0,0,0,14026.00,0.00,14026.00,0,0,0,14026.00,0.00,14026.00,0,0,0,14026.00,0.00,14026.00,0,0,0
SCN-08-WRONG-RECIPIENT-0049,INC-SCN-08-WRONG-RECIPIENT-0049,2026-09-09T04:04:00+00:00,10182.00,10182.00,10182.00,0.00,10182.00,10182.00,0.00,1,1,0,0,0,0,10182.00,10182.00,0.00,0.00,1.0,10182.00,0.00,10182.00,0,0,0,10182.00,0.00,10182.00,0,0,0,10182.00,0.00,10182.00,0,0,0,10182.00,0.00,10182.00,0,0,0,10182.00,0.00,10182.00,0,0,0,10182.00,0.00,10182.00,0,0,0
SCN-08-WRONG-RECIPIENT-0050,INC-SCN-08-WRONG-RECIPIENT-0050,2026-09-09T04:19:00+00:00,14479.00,14479.00,14479.00,0.00,14479.00,14479.00,0.00,1,1,0,0,0,0,14479.00,14479.00,0.00,0.00,1.0,14479.00,0.00,14479.00,0,0,0,14479.00,0.00,14479.00,0,0,0,14479.00,0.00,14479.00,0,0,0,14479.00,0.00,14479.00,0,0,0,14479.00,0.00,14479.00,0,0,0,14479.00,0.00,14479.00,0,0,0
SCN-08-WRONG-RECIPIENT-0051,INC-SCN-08-WRONG-RECIPIENT-0051,2026-09-09T04:34:00+00:00,11282.00,11282.00,11282.00,0.00,11282.00,11282.00,0.00,1,1,0,0,0,0,11282.00,11282.00,0.00,0.00,1.0,11282.00,0.00,11282.00,0,0,0,11282.00,0.00,11282.00,0,0,0,11282.00,0.00,11282.00,0,0,0,11282.00,0.00,11282.00,0,0,0,11282.00,0.00,11282.00,0,0,0,11282.00,0.00,11282.00,0,0,0
SCN-08-WRONG-RECIPIENT-0052,INC-SCN-08-WRONG-RECIPIENT-0052,2026-09-09T04:49:00+00:00,14660.00,14660.00,14660.00,0.00,14660.00,14660.00,0.00,1,1,0,0,0,0,14660.00,14660.00,0.00,0.00,1.0,14660.00,0.00,14660.00,0,0,0,14660.00,0.00,14660.00,0,0,0,14660.00,0.00,14660.00,0,0,0,14660.00,0.00,14660.00,0,0,0,14660.00,0.00,14660.00,0,0,0,14660.00,0.00,14660.00,0,0,0
SCN-08-WRONG-RECIPIENT-0053,INC-SCN-08-WRONG-RECIPIENT-0053,2026-09-09T05:04:00+00:00,15857.00,15857.00,15857.00,0.00,15857.00,15857.00,0.00,1,1,0,0,0,0,15857.00,15857.00,0.00,0.00,1.0,15857.00,0.00,15857.00,0,0,0,15857.00,0.00,15857.00,0,0,0,15857.00,0.00,15857.00,0,0,0,15857.00,0.00,15857.00,0,0,0,15857.00,0.00,15857.00,0,0,0,15857.00,0.00,15857.00,0,0,0
SCN-08-WRONG-RECIPIENT-0054,INC-SCN-08-WRONG-RECIPIENT-0054,2026-09-09T05:19:00+00:00,9418.00,9418.00,9418.00,0.00,9418.00,9418.00,0.00,1,1,0,0,0,0,9418.00,9418.00,582.00,582.00,1.0,9418.00,0.00,9418.00,0,0,0,9418.00,0.00,9418.00,0,0,0,9418.00,0.00,9418.00,0,0,0,9418.00,0.00,9418.00,0,0,0,9418.00,0.00,9418.00,0,0,0,9418.00,0.00,9418.00,0,0,0
SCN-08-WRONG-RECIPIENT-0055,INC-SCN-08-WRONG-RECIPIENT-0055,2026-09-09T05:34:00+00:00,12654.00,12654.00,12654.00,0.00,12654.00,12654.00,0.00,1,1,0,0,0,0,12654.00,12654.00,0.00,0.00,1.0,12654.00,0.00,12654.00,0,0,0,12654.00,0.00,12654.00,0,0,0,12654.00,0.00,12654.00,0,0,0,12654.00,0.00,12654.00,0,0,0,12654.00,0.00,12654.00,0,0,0,12654.00,0.00,12654.00,0,0,0
SCN-08-WRONG-RECIPIENT-0056,INC-SCN-08-WRONG-RECIPIENT-0056,2026-09-09T05:49:00+00:00,9259.00,9259.00,9259.00,0.00,9259.00,9259.00,0.00,1,1,0,0,0,0,9259.00,9259.00,741.00,741.00,1.0,9259.00,0.00,9259.00,0,0,0,9259.00,0.00,9259.00,0,0,0,9259.00,0.00,9259.00,0,0,0,9259.00,0.00,9259.00,0,0,0,9259.00,0.00,9259.00,0,0,0,9259.00,0.00,9259.00,0,0,0
SCN-08-WRONG-RECIPIENT-0057,INC-SCN-08-WRONG-RECIPIENT-0057,2026-09-09T06:04:00+00:00,8636.00,8636.00,8636.00,0.00,8636.00,8636.00,0.00,1,1,0,0,0,0,8636.00,8636.00,1364.00,1364.00,1.0,8636.00,0.00,8636.00,0,0,0,8636.00,0.00,8636.00,0,0,0,8636.00,0.00,8636.00,0,0,0,8636.00,0.00,8636.00,0,0,0,8636.00,0.00,8636.00,0,0,0,8636.00,0.00,8636.00,0,0,0
SCN-08-WRONG-RECIPIENT-0058,INC-SCN-08-WRONG-RECIPIENT-0058,2026-09-09T06:19:00+00:00,14388.00,14388.00,14388.00,0.00,14388.00,14388.00,0.00,1,1,0,0,0,0,14388.00,14388.00,0.00,0.00,1.0,14388.00,0.00,14388.00,0,0,0,14388.00,0.00,14388.00,0,0,0,14388.00,0.00,14388.00,0,0,0,14388.00,0.00,14388.00,0,0,0,14388.00,0.00,14388.00,0,0,0,14388.00,0.00,14388.00,0,0,0
SCN-08-WRONG-RECIPIENT-0059,INC-SCN-08-WRONG-RECIPIENT-0059,2026-09-09T06:34:00+00:00,12444.00,12444.00,12444.00,0.00,12444.00,12444.00,0.00,1,1,0,0,0,0,12444.00,12444.00,0.00,0.00,1.0,12444.00,0.00,12444.00,0,0,0,12444.00,0.00,12444.00,0,0,0,12444.00,0.00,12444.00,0,0,0,12444.00,0.00,12444.00,0,0,0,12444.00,0.00,12444.00,0,0,0,12444.00,0.00,12444.00,0,0,0
SCN-08-WRONG-RECIPIENT-0060,INC-SCN-08-WRONG-RECIPIENT-0060,2026-09-09T06:49:00+00:00,11474.00,11474.00,11474.00,0.00,11474.00,11474.00,0.00,1,1,0,0,0,0,11474.00,11474.00,0.00,0.00,1.0,11474.00,0.00,11474.00,0,0,0,11474.00,0.00,11474.00,0,0,0,11474.00,0.00,11474.00,0,0,0,11474.00,0.00,11474.00,0,0,0,11474.00,0.00,11474.00,0,0,0,11474.00,0.00,11474.00,0,0,0
SCN-08-WRONG-RECIPIENT-0061,INC-SCN-08-WRONG-RECIPIENT-0061,2026-09-09T07:04:00+00:00,13744.00,13744.00,13744.00,0.00,13744.00,13744.00,0.00,1,1,0,0,0,0,13744.00,13744.00,0.00,0.00,1.0,13744.00,0.00,13744.00,0,0,0,13744.00,0.00,13744.00,0,0,0,13744.00,0.00,13744.00,0,0,0,13744.00,0.00,13744.00,0,0,0,13744.00,0.00,13744.00,0,0,0,13744.00,0.00,13744.00,0,0,0
SCN-08-WRONG-RECIPIENT-0062,INC-SCN-08-WRONG-RECIPIENT-0062,2026-09-09T07:19:00+00:00,14036.00,14036.00,14036.00,0.00,14036.00,14036.00,0.00,1,1,0,0,0,0,14036.00,14036.00,0.00,0.00,1.0,14036.00,0.00,14036.00,0,0,0,14036.00,0.00,14036.00,0,0,0,14036.00,0.00,14036.00,0,0,0,14036.00,0.00,14036.00,0,0,0,14036.00,0.00,14036.00,0,0,0,14036.00,0.00,14036.00,0,0,0
SCN-08-WRONG-RECIPIENT-0063,INC-SCN-08-WRONG-RECIPIENT-0063,2026-09-09T07:34:00+00:00,10808.00,10808.00,10808.00,0.00,10808.00,10808.00,0.00,1,1,0,0,0,0,10808.00,10808.00,0.00,0.00,1.0,10808.00,0.00,10808.00,0,0,0,10808.00,0.00,10808.00,0,0,0,10808.00,0.00,10808.00,0,0,0,10808.00,0.00,10808.00,0,0,0,10808.00,0.00,10808.00,0,0,0,10808.00,0.00,10808.00,0,0,0
SCN-08-WRONG-RECIPIENT-0064,INC-SCN-08-WRONG-RECIPIENT-0064,2026-09-09T07:49:00+00:00,12298.00,12298.00,12298.00,0.00,12298.00,12298.00,0.00,1,1,0,0,0,0,12298.00,12298.00,0.00,0.00,1.0,12298.00,0.00,12298.00,0,0,0,12298.00,0.00,12298.00,0,0,0,12298.00,0.00,12298.00,0,0,0,12298.00,0.00,12298.00,0,0,0,12298.00,0.00,12298.00,0,0,0,12298.00,0.00,12298.00,0,0,0
SCN-08-WRONG-RECIPIENT-0065,INC-SCN-08-WRONG-RECIPIENT-0065,2026-09-09T08:04:00+00:00,14271.00,14271.00,14271.00,0.00,14271.00,14271.00,0.00,1,1,0,0,0,0,14271.00,14271.00,0.00,0.00,1.0,14271.00,0.00,14271.00,0,0,0,14271.00,0.00,14271.00,0,0,0,14271.00,0.00,14271.00,0,0,0,14271.00,0.00,14271.00,0,0,0,14271.00,0.00,14271.00,0,0,0,14271.00,0.00,14271.00,0,0,0
SCN-08-WRONG-RECIPIENT-0066,INC-SCN-08-WRONG-RECIPIENT-0066,2026-09-09T08:19:00+00:00,13070.00,13070.00,13070.00,0.00,13070.00,13070.00,0.00,1,1,0,0,0,0,13070.00,13070.00,0.00,0.00,1.0,13070.00,0.00,13070.00,0,0,0,13070.00,0.00,13070.00,0,0,0,13070.00,0.00,13070.00,0,0,0,13070.00,0.00,13070.00,0,0,0,13070.00,0.00,13070.00,0,0,0,13070.00,0.00,13070.00,0,0,0
SCN-08-WRONG-RECIPIENT-0067,INC-SCN-08-WRONG-RECIPIENT-0067,2026-09-09T08:34:00+00:00,11657.00,11657.00,11657.00,0.00,11657.00,11657.00,0.00,1,1,0,0,0,0,11657.00,11657.00,0.00,0.00,1.0,11657.00,0.00,11657.00,0,0,0,11657.00,0.00,11657.00,0,0,0,11657.00,0.00,11657.00,0,0,0,11657.00,0.00,11657.00,0,0,0,11657.00,0.00,11657.00,0,0,0,11657.00,0.00,11657.00,0,0,0
SCN-08-WRONG-RECIPIENT-0068,INC-SCN-08-WRONG-RECIPIENT-0068,2026-09-09T08:49:00+00:00,15315.00,15315.00,15315.00,0.00,15315.00,15315.00,0.00,1,1,0,0,0,0,15315.00,15315.00,0.00,0.00,1.0,15315.00,0.00,15315.00,0,0,0,15315.00,0.00,15315.00,0,0,0,15315.00,0.00,15315.00,0,0,0,15315.00,0.00,15315.00,0,0,0,15315.00,0.00,15315.00,0,0,0,15315.00,0.00,15315.00,0,0,0
SCN-08-WRONG-RECIPIENT-0069,INC-SCN-08-WRONG-RECIPIENT-0069,2026-09-09T09:04:00+00:00,14842.00,14842.00,14842.00,0.00,14842.00,14842.00,0.00,1,1,0,0,0,0,14842.00,14842.00,0.00,0.00,1.0,14842.00,0.00,14842.00,0,0,0,14842.00,0.00,14842.00,0,0,0,14842.00,0.00,14842.00,0,0,0,14842.00,0.00,14842.00,0,0,0,14842.00,0.00,14842.00,0,0,0,14842.00,0.00,14842.00,0,0,0
SCN-08-WRONG-RECIPIENT-0070,INC-SCN-08-WRONG-RECIPIENT-0070,2026-09-09T09:19:00+00:00,8418.00,8418.00,8418.00,0.00,8418.00,8418.00,0.00,1,1,0,0,0,0,8418.00,8418.00,1582.00,1582.00,1.0,8418.00,0.00,8418.00,0,0,0,8418.00,0.00,8418.00,0,0,0,8418.00,0.00,8418.00,0,0,0,8418.00,0.00,8418.00,0,0,0,8418.00,0.00,8418.00,0,0,0,8418.00,0.00,8418.00,0,0,0
SCN-08-WRONG-RECIPIENT-0071,INC-SCN-08-WRONG-RECIPIENT-0071,2026-09-09T09:34:00+00:00,10952.00,10952.00,10952.00,0.00,10952.00,10952.00,0.00,1,1,0,0,0,0,10952.00,10952.00,0.00,0.00,1.0,10952.00,0.00,10952.00,0,0,0,10952.00,0.00,10952.00,0,0,0,10952.00,0.00,10952.00,0,0,0,10952.00,0.00,10952.00,0,0,0,10952.00,0.00,10952.00,0,0,0,10952.00,0.00,10952.00,0,0,0
SCN-08-WRONG-RECIPIENT-0072,INC-SCN-08-WRONG-RECIPIENT-0072,2026-09-09T09:49:00+00:00,9310.00,9310.00,9310.00,0.00,9310.00,9310.00,0.00,1,1,0,0,0,0,9310.00,9310.00,690.00,690.00,1.0,9310.00,0.00,9310.00,0,0,0,9310.00,0.00,9310.00,0,0,0,9310.00,0.00,9310.00,0,0,0,9310.00,0.00,9310.00,0,0,0,9310.00,0.00,9310.00,0,0,0,9310.00,0.00,9310.00,0,0,0
SCN-08-WRONG-RECIPIENT-0073,INC-SCN-08-WRONG-RECIPIENT-0073,2026-09-09T10:04:00+00:00,12896.00,12896.00,12896.00,0.00,12896.00,12896.00,0.00,1,1,0,0,0,0,12896.00,12896.00,0.00,0.00,1.0,12896.00,0.00,12896.00,0,0,0,12896.00,0.00,12896.00,0,0,0,12896.00,0.00,12896.00,0,0,0,12896.00,0.00,12896.00,0,0,0,12896.00,0.00,12896.00,0,0,0,12896.00,0.00,12896.00,0,0,0
SCN-08-WRONG-RECIPIENT-0074,INC-SCN-08-WRONG-RECIPIENT-0074,2026-09-09T10:19:00+00:00,11865.00,11865.00,11865.00,0.00,11865.00,11865.00,0.00,1,1,0,0,0,0,11865.00,11865.00,0.00,0.00,1.0,11865.00,0.00,11865.00,0,0,0,11865.00,0.00,11865.00,0,0,0,11865.00,0.00,11865.00,0,0,0,11865.00,0.00,11865.00,0,0,0,11865.00,0.00,11865.00,0,0,0,11865.00,0.00,11865.00,0,0,0
SCN-08-WRONG-RECIPIENT-0075,INC-SCN-08-WRONG-RECIPIENT-0075,2026-09-09T10:34:00+00:00,14030.00,14030.00,14030.00,0.00,14030.00,14030.00,0.00,1,1,0,0,0,0,14030.00,14030.00,0.00,0.00,1.0,14030.00,0.00,14030.00,0,0,0,14030.00,0.00,14030.00,0,0,0,14030.00,0.00,14030.00,0,0,0,14030.00,0.00,14030.00,0,0,0,14030.00,0.00,14030.00,0,0,0,14030.00,0.00,14030.00,0,0,0
SCN-08-WRONG-RECIPIENT-0076,INC-SCN-08-WRONG-RECIPIENT-0076,2026-09-09T10:49:00+00:00,7994.00,7994.00,7994.00,0.00,7994.00,7994.00,0.00,1,1,0,0,0,0,7994.00,7994.00,2006.00,2006.00,1.0,7994.00,0.00,7994.00,0,0,0,7994.00,0.00,7994.00,0,0,0,7994.00,0.00,7994.00,0,0,0,7994.00,0.00,7994.00,0,0,0,7994.00,0.00,7994.00,0,0,0,7994.00,0.00,7994.00,0,0,0
SCN-08-WRONG-RECIPIENT-0077,INC-SCN-08-WRONG-RECIPIENT-0077,2026-09-09T11:04:00+00:00,8764.00,8764.00,8764.00,0.00,8764.00,8764.00,0.00,1,1,0,0,0,0,8764.00,8764.00,1236.00,1236.00,1.0,8764.00,0.00,8764.00,0,0,0,8764.00,0.00,8764.00,0,0,0,8764.00,0.00,8764.00,0,0,0,8764.00,0.00,8764.00,0,0,0,8764.00,0.00,8764.00,0,0,0,8764.00,0.00,8764.00,0,0,0
SCN-08-WRONG-RECIPIENT-0078,INC-SCN-08-WRONG-RECIPIENT-0078,2026-09-09T11:19:00+00:00,13913.00,13913.00,13913.00,0.00,13913.00,13913.00,0.00,1,1,0,0,0,0,13913.00,13913.00,0.00,0.00,1.0,13913.00,0.00,13913.00,0,0,0,13913.00,0.00,13913.00,0,0,0,13913.00,0.00,13913.00,0,0,0,13913.00,0.00,13913.00,0,0,0,13913.00,0.00,13913.00,0,0,0,13913.00,0.00,13913.00,0,0,0
SCN-08-WRONG-RECIPIENT-0079,INC-SCN-08-WRONG-RECIPIENT-0079,2026-09-09T11:34:00+00:00,15807.00,15807.00,15807.00,0.00,15807.00,15807.00,0.00,1,1,0,0,0,0,15807.00,15807.00,0.00,0.00,1.0,15807.00,0.00,15807.00,0,0,0,15807.00,0.00,15807.00,0,0,0,15807.00,0.00,15807.00,0,0,0,15807.00,0.00,15807.00,0,0,0,15807.00,0.00,15807.00,0,0,0,15807.00,0.00,15807.00,0,0,0
SCN-08-WRONG-RECIPIENT-0080,INC-SCN-08-WRONG-RECIPIENT-0080,2026-09-09T11:49:00+00:00,14060.00,14060.00,14060.00,0.00,14060.00,14060.00,0.00,1,1,0,0,0,0,14060.00,14060.00,0.00,0.00,1.0,14060.00,0.00,14060.00,0,0,0,14060.00,0.00,14060.00,0,0,0,14060.00,0.00,14060.00,0,0,0,14060.00,0.00,14060.00,0,0,0,14060.00,0.00,14060.00,0,0,0,14060.00,0.00,14060.00,0,0,0
SCN-08-WRONG-RECIPIENT-0081,INC-SCN-08-WRONG-RECIPIENT-0081,2026-09-09T12:04:00+00:00,9422.00,9422.00,9422.00,0.00,9422.00,9422.00,0.00,1,1,0,0,0,0,9422.00,9422.00,578.00,578.00,1.0,9422.00,0.00,9422.00,0,0,0,9422.00,0.00,9422.00,0,0,0,9422.00,0.00,9422.00,0,0,0,9422.00,0.00,9422.00,0,0,0,9422.00,0.00,9422.00,0,0,0,9422.00,0.00,9422.00,0,0,0
SCN-08-WRONG-RECIPIENT-0082,INC-SCN-08-WRONG-RECIPIENT-0082,2026-09-09T12:19:00+00:00,10161.00,10161.00,10161.00,0.00,10161.00,10161.00,0.00,1,1,0,0,0,0,10161.00,10161.00,0.00,0.00,1.0,10161.00,0.00,10161.00,0,0,0,10161.00,0.00,10161.00,0,0,0,10161.00,0.00,10161.00,0,0,0,10161.00,0.00,10161.00,0,0,0,10161.00,0.00,10161.00,0,0,0,10161.00,0.00,10161.00,0,0,0
SCN-08-WRONG-RECIPIENT-0083,INC-SCN-08-WRONG-RECIPIENT-0083,2026-09-09T12:34:00+00:00,10417.00,10417.00,10417.00,0.00,10417.00,10417.00,0.00,1,1,0,0,0,0,10417.00,10417.00,0.00,0.00,1.0,10417.00,0.00,10417.00,0,0,0,10417.00,0.00,10417.00,0,0,0,10417.00,0.00,10417.00,0,0,0,10417.00,0.00,10417.00,0,0,0,10417.00,0.00,10417.00,0,0,0,10417.00,0.00,10417.00,0,0,0
SCN-08-WRONG-RECIPIENT-0084,INC-SCN-08-WRONG-RECIPIENT-0084,2026-09-09T12:49:00+00:00,15216.00,15216.00,15216.00,0.00,15216.00,15216.00,0.00,1,1,0,0,0,0,15216.00,15216.00,0.00,0.00,1.0,15216.00,0.00,15216.00,0,0,0,15216.00,0.00,15216.00,0,0,0,15216.00,0.00,15216.00,0,0,0,15216.00,0.00,15216.00,0,0,0,15216.00,0.00,15216.00,0,0,0,15216.00,0.00,15216.00,0,0,0
SCN-08-WRONG-RECIPIENT-0085,INC-SCN-08-WRONG-RECIPIENT-0085,2026-09-09T13:04:00+00:00,13032.00,13032.00,13032.00,0.00,13032.00,13032.00,0.00,1,1,0,0,0,0,13032.00,13032.00,0.00,0.00,1.0,13032.00,0.00,13032.00,0,0,0,13032.00,0.00,13032.00,0,0,0,13032.00,0.00,13032.00,0,0,0,13032.00,0.00,13032.00,0,0,0,13032.00,0.00,13032.00,0,0,0,13032.00,0.00,13032.00,0,0,0
SCN-08-WRONG-RECIPIENT-0086,INC-SCN-08-WRONG-RECIPIENT-0086,2026-09-09T13:19:00+00:00,10941.00,10941.00,10941.00,0.00,10941.00,10941.00,0.00,1,1,0,0,0,0,10941.00,10941.00,0.00,0.00,1.0,10941.00,0.00,10941.00,0,0,0,10941.00,0.00,10941.00,0,0,0,10941.00,0.00,10941.00,0,0,0,10941.00,0.00,10941.00,0,0,0,10941.00,0.00,10941.00,0,0,0,10941.00,0.00,10941.00,0,0,0
SCN-08-WRONG-RECIPIENT-0087,INC-SCN-08-WRONG-RECIPIENT-0087,2026-09-09T13:34:00+00:00,8084.00,8084.00,8084.00,0.00,8084.00,8084.00,0.00,1,1,0,0,0,0,8084.00,8084.00,1916.00,1916.00,1.0,8084.00,0.00,8084.00,0,0,0,8084.00,0.00,8084.00,0,0,0,8084.00,0.00,8084.00,0,0,0,8084.00,0.00,8084.00,0,0,0,8084.00,0.00,8084.00,0,0,0,8084.00,0.00,8084.00,0,0,0
SCN-08-WRONG-RECIPIENT-0088,INC-SCN-08-WRONG-RECIPIENT-0088,2026-09-09T13:49:00+00:00,14744.00,14744.00,14744.00,0.00,14744.00,14744.00,0.00,1,1,0,0,0,0,14744.00,14744.00,0.00,0.00,1.0,14744.00,0.00,14744.00,0,0,0,14744.00,0.00,14744.00,0,0,0,14744.00,0.00,14744.00,0,0,0,14744.00,0.00,14744.00,0,0,0,14744.00,0.00,14744.00,0,0,0,14744.00,0.00,14744.00,0,0,0
SCN-08-WRONG-RECIPIENT-0089,INC-SCN-08-WRONG-RECIPIENT-0089,2026-09-09T14:04:00+00:00,8051.00,8051.00,8051.00,0.00,8051.00,8051.00,0.00,1,1,0,0,0,0,8051.00,8051.00,1949.00,1949.00,1.0,8051.00,0.00,8051.00,0,0,0,8051.00,0.00,8051.00,0,0,0,8051.00,0.00,8051.00,0,0,0,8051.00,0.00,8051.00,0,0,0,8051.00,0.00,8051.00,0,0,0,8051.00,0.00,8051.00,0,0,0
SCN-08-WRONG-RECIPIENT-0090,INC-SCN-08-WRONG-RECIPIENT-0090,2026-09-09T14:19:00+00:00,10805.00,10805.00,10805.00,0.00,10805.00,10805.00,0.00,1,1,0,0,0,0,10805.00,10805.00,0.00,0.00,1.0,10805.00,0.00,10805.00,0,0,0,10805.00,0.00,10805.00,0,0,0,10805.00,0.00,10805.00,0,0,0,10805.00,0.00,10805.00,0,0,0,10805.00,0.00,10805.00,0,0,0,10805.00,0.00,10805.00,0,0,0
SCN-08-WRONG-RECIPIENT-0091,INC-SCN-08-WRONG-RECIPIENT-0091,2026-09-09T14:34:00+00:00,14348.00,14348.00,14348.00,0.00,14348.00,14348.00,0.00,1,1,0,0,0,0,14348.00,14348.00,0.00,0.00,1.0,14348.00,0.00,14348.00,0,0,0,14348.00,0.00,14348.00,0,0,0,14348.00,0.00,14348.00,0,0,0,14348.00,0.00,14348.00,0,0,0,14348.00,0.00,14348.00,0,0,0,14348.00,0.00,14348.00,0,0,0
SCN-08-WRONG-RECIPIENT-0092,INC-SCN-08-WRONG-RECIPIENT-0092,2026-09-09T14:49:00+00:00,10563.00,10563.00,10563.00,0.00,10563.00,10563.00,0.00,1,1,0,0,0,0,10563.00,10563.00,0.00,0.00,1.0,10563.00,0.00,10563.00,0,0,0,10563.00,0.00,10563.00,0,0,0,10563.00,0.00,10563.00,0,0,0,10563.00,0.00,10563.00,0,0,0,10563.00,0.00,10563.00,0,0,0,10563.00,0.00,10563.00,0,0,0
SCN-08-WRONG-RECIPIENT-0093,INC-SCN-08-WRONG-RECIPIENT-0093,2026-09-09T15:04:00+00:00,12518.00,12518.00,12518.00,0.00,12518.00,12518.00,0.00,1,1,0,0,0,0,12518.00,12518.00,0.00,0.00,1.0,12518.00,0.00,12518.00,0,0,0,12518.00,0.00,12518.00,0,0,0,12518.00,0.00,12518.00,0,0,0,12518.00,0.00,12518.00,0,0,0,12518.00,0.00,12518.00,0,0,0,12518.00,0.00,12518.00,0,0,0
SCN-08-WRONG-RECIPIENT-0094,INC-SCN-08-WRONG-RECIPIENT-0094,2026-09-09T15:19:00+00:00,8665.00,8665.00,8665.00,0.00,8665.00,8665.00,0.00,1,1,0,0,0,0,8665.00,8665.00,1335.00,1335.00,1.0,8665.00,0.00,8665.00,0,0,0,8665.00,0.00,8665.00,0,0,0,8665.00,0.00,8665.00,0,0,0,8665.00,0.00,8665.00,0,0,0,8665.00,0.00,8665.00,0,0,0,8665.00,0.00,8665.00,0,0,0
SCN-08-WRONG-RECIPIENT-0095,INC-SCN-08-WRONG-RECIPIENT-0095,2026-09-09T15:34:00+00:00,15023.00,15023.00,15023.00,0.00,15023.00,15023.00,0.00,1,1,0,0,0,0,15023.00,15023.00,0.00,0.00,1.0,15023.00,0.00,15023.00,0,0,0,15023.00,0.00,15023.00,0,0,0,15023.00,0.00,15023.00,0,0,0,15023.00,0.00,15023.00,0,0,0,15023.00,0.00,15023.00,0,0,0,15023.00,0.00,15023.00,0,0,0
SCN-08-WRONG-RECIPIENT-0096,INC-SCN-08-WRONG-RECIPIENT-0096,2026-09-09T15:49:00+00:00,14152.00,14152.00,14152.00,0.00,14152.00,14152.00,0.00,1,1,0,0,0,0,14152.00,14152.00,0.00,0.00,1.0,14152.00,0.00,14152.00,0,0,0,14152.00,0.00,14152.00,0,0,0,14152.00,0.00,14152.00,0,0,0,14152.00,0.00,14152.00,0,0,0,14152.00,0.00,14152.00,0,0,0,14152.00,0.00,14152.00,0,0,0
SCN-08-WRONG-RECIPIENT-0097,INC-SCN-08-WRONG-RECIPIENT-0097,2026-09-09T16:04:00+00:00,14543.00,14543.00,14543.00,0.00,14543.00,14543.00,0.00,1,1,0,0,0,0,14543.00,14543.00,0.00,0.00,1.0,14543.00,0.00,14543.00,0,0,0,14543.00,0.00,14543.00,0,0,0,14543.00,0.00,14543.00,0,0,0,14543.00,0.00,14543.00,0,0,0,14543.00,0.00,14543.00,0,0,0,14543.00,0.00,14543.00,0,0,0
SCN-08-WRONG-RECIPIENT-0098,INC-SCN-08-WRONG-RECIPIENT-0098,2026-09-09T16:19:00+00:00,8842.00,8842.00,8842.00,0.00,8842.00,8842.00,0.00,1,1,0,0,0,0,8842.00,8842.00,1158.00,1158.00,1.0,8842.00,0.00,8842.00,0,0,0,8842.00,0.00,8842.00,0,0,0,8842.00,0.00,8842.00,0,0,0,8842.00,0.00,8842.00,0,0,0,8842.00,0.00,8842.00,0,0,0,8842.00,0.00,8842.00,0,0,0
SCN-08-WRONG-RECIPIENT-0099,INC-SCN-08-WRONG-RECIPIENT-0099,2026-09-09T16:34:00+00:00,12642.00,12642.00,12642.00,0.00,12642.00,12642.00,0.00,1,1,0,0,0,0,12642.00,12642.00,0.00,0.00,1.0,12642.00,0.00,12642.00,0,0,0,12642.00,0.00,12642.00,0,0,0,12642.00,0.00,12642.00,0,0,0,12642.00,0.00,12642.00,0,0,0,12642.00,0.00,12642.00,0,0,0,12642.00,0.00,12642.00,0,0,0
SCN-08-WRONG-RECIPIENT-0100,INC-SCN-08-WRONG-RECIPIENT-0100,2026-09-09T16:49:00+00:00,16099.00,16099.00,16099.00,0.00,16099.00,16099.00,0.00,1,1,0,0,0,0,16099.00,16099.00,0.00,0.00,1.0,16099.00,0.00,16099.00,0,0,0,16099.00,0.00,16099.00,0,0,0,16099.00,0.00,16099.00,0,0,0,16099.00,0.00,16099.00,0,0,0,16099.00,0.00,16099.00,0,0,0,16099.00,0.00,16099.00,0,0,0
SCN-09-LEGIT-RELAY-0001,INC-SCN-09-LEGIT-RELAY-0001,2026-09-09T17:04:00+00:00,16775.00,16775.00,16775.00,0.00,13241.79,16775.00,3533.21,1,2,1,1,0,0,24269.00,24269.00,0.00,6466.79,1.0,16775.00,0.00,16775.00,0,0,0,16775.00,0.00,16775.00,1,1,0,16775.00,0.00,16775.00,1,1,0,16775.00,0.00,16775.00,1,1,0,16775.00,0.00,16775.00,1,1,0,16775.00,0.00,16775.00,1,1,0
SCN-09-LEGIT-RELAY-0002,INC-SCN-09-LEGIT-RELAY-0002,2026-09-09T17:19:00+00:00,21197.00,21197.00,21197.00,0.00,16914.07,21197.00,4282.93,1,2,1,1,0,0,30563.00,30563.00,0.00,5717.07,1.0,21197.00,0.00,21197.00,0,0,0,21197.00,0.00,21197.00,1,1,0,21197.00,0.00,21197.00,2,2,0,21197.00,0.00,21197.00,2,2,0,21197.00,0.00,21197.00,2,2,0,21197.00,0.00,21197.00,2,2,0
SCN-09-LEGIT-RELAY-0003,INC-SCN-09-LEGIT-RELAY-0003,2026-09-09T17:34:00+00:00,19487.00,19487.00,19487.00,0.00,19487.00,19487.00,0.00,1,1,0,0,0,0,19487.00,19487.00,0.00,0.00,1.0,19487.00,0.00,19487.00,0,0,0,19487.00,0.00,19487.00,0,0,0,19487.00,0.00,19487.00,0,0,0,19487.00,0.00,19487.00,0,0,0,19487.00,0.00,19487.00,0,0,0,19487.00,0.00,19487.00,0,0,0
SCN-09-LEGIT-RELAY-0004,INC-SCN-09-LEGIT-RELAY-0004,2026-09-09T17:49:00+00:00,13844.00,13844.00,13844.00,0.00,10664.70,13844.00,3179.30,1,2,1,1,0,0,20565.00,20565.00,0.00,6820.70,1.0,13844.00,0.00,13844.00,0,0,0,13844.00,0.00,13844.00,1,1,0,13844.00,0.00,13844.00,2,2,0,13844.00,0.00,13844.00,2,2,0,13844.00,0.00,13844.00,2,2,0,13844.00,0.00,13844.00,2,2,0
SCN-09-LEGIT-RELAY-0005,INC-SCN-09-LEGIT-RELAY-0005,2026-09-09T18:04:00+00:00,12646.00,12646.00,12646.00,0.00,10343.60,12646.00,2302.40,1,2,1,1,0,0,17584.00,17584.00,0.00,7697.60,1.0,12646.00,0.00,12646.00,0,0,0,12646.00,0.00,12646.00,1,1,0,12646.00,0.00,12646.00,2,2,0,12646.00,0.00,12646.00,2,2,0,12646.00,0.00,12646.00,2,2,0,12646.00,0.00,12646.00,2,2,0
SCN-09-LEGIT-RELAY-0006,INC-SCN-09-LEGIT-RELAY-0006,2026-09-09T18:19:00+00:00,23870.00,23870.00,23870.00,0.00,18974.51,23870.00,4895.49,1,2,1,1,0,0,34113.00,34113.00,0.00,5104.51,1.0,23870.00,0.00,23870.00,0,0,0,23870.00,0.00,23870.00,1,1,0,23870.00,0.00,23870.00,2,2,0,23870.00,0.00,23870.00,2,2,0,23870.00,0.00,23870.00,2,2,0,23870.00,0.00,23870.00,2,2,0
SCN-09-LEGIT-RELAY-0007,INC-SCN-09-LEGIT-RELAY-0007,2026-09-09T18:34:00+00:00,15433.00,15433.00,15433.00,0.00,11634.92,15433.00,3798.08,1,2,1,1,0,0,22361.00,22361.00,0.00,6201.92,1.0,15433.00,0.00,15433.00,0,0,0,15433.00,0.00,15433.00,2,2,0,15433.00,0.00,15433.00,2,2,0,15433.00,0.00,15433.00,2,2,0,15433.00,0.00,15433.00,2,2,0,15433.00,0.00,15433.00,2,2,0
SCN-09-LEGIT-RELAY-0008,INC-SCN-09-LEGIT-RELAY-0008,2026-09-09T18:49:00+00:00,22013.00,22013.00,22013.00,0.00,17140.68,22013.00,4872.32,1,2,1,1,0,0,31668.00,31668.00,0.00,5127.68,1.0,22013.00,0.00,22013.00,0,0,0,22013.00,0.00,22013.00,1,1,0,22013.00,0.00,22013.00,2,2,0,22013.00,0.00,22013.00,2,2,0,22013.00,0.00,22013.00,2,2,0,22013.00,0.00,22013.00,2,2,0
SCN-09-LEGIT-RELAY-0009,INC-SCN-09-LEGIT-RELAY-0009,2026-09-09T19:04:00+00:00,23218.00,23218.00,23218.00,0.00,23218.00,23218.00,0.00,1,1,0,0,0,0,23218.00,23218.00,0.00,0.00,1.0,23218.00,0.00,23218.00,0,0,0,23218.00,0.00,23218.00,1,1,0,23218.00,0.00,23218.00,2,2,0,23218.00,0.00,23218.00,2,2,0,23218.00,0.00,23218.00,2,2,0,23218.00,0.00,23218.00,2,2,0
SCN-09-LEGIT-RELAY-0010,INC-SCN-09-LEGIT-RELAY-0010,2026-09-09T19:19:00+00:00,19870.00,19870.00,19870.00,0.00,15997.77,19870.00,3872.23,1,2,1,1,0,0,27541.00,27541.00,0.00,6127.77,1.0,19870.00,0.00,19870.00,0,0,0,19870.00,0.00,19870.00,2,2,0,19870.00,0.00,19870.00,2,2,0,19870.00,0.00,19870.00,2,2,0,19870.00,0.00,19870.00,2,2,0,19870.00,0.00,19870.00,2,2,0
SCN-09-LEGIT-RELAY-0011,INC-SCN-09-LEGIT-RELAY-0011,2026-09-09T19:34:00+00:00,12759.00,12759.00,12759.00,0.00,9802.24,12759.00,2956.76,1,2,1,1,0,0,18197.00,18197.00,197.76,7241.00,1.0,12759.00,0.00,12759.00,0,0,0,12759.00,0.00,12759.00,1,1,0,12759.00,0.00,12759.00,1,1,0,12759.00,0.00,12759.00,1,1,0,12759.00,0.00,12759.00,1,1,0,12759.00,0.00,12759.00,1,1,0
SCN-09-LEGIT-RELAY-0012,INC-SCN-09-LEGIT-RELAY-0012,2026-09-09T19:49:00+00:00,17025.00,17025.00,17025.00,0.00,13676.79,17025.00,3348.21,1,2,1,1,0,0,24336.00,24336.00,0.00,6651.79,1.0,17025.00,0.00,17025.00,0,0,0,17025.00,0.00,17025.00,1,1,0,17025.00,0.00,17025.00,2,2,0,17025.00,0.00,17025.00,2,2,0,17025.00,0.00,17025.00,2,2,0,17025.00,0.00,17025.00,2,2,0
SCN-09-LEGIT-RELAY-0013,INC-SCN-09-LEGIT-RELAY-0013,2026-09-09T20:04:00+00:00,12150.00,12150.00,12150.00,0.00,12150.00,12150.00,0.00,1,1,0,0,0,0,12150.00,12150.00,0.00,0.00,1.0,12150.00,0.00,12150.00,0,0,0,12150.00,0.00,12150.00,0,0,0,12150.00,0.00,12150.00,0,0,0,12150.00,0.00,12150.00,0,0,0,12150.00,0.00,12150.00,0,0,0,12150.00,0.00,12150.00,0,0,0
SCN-09-LEGIT-RELAY-0014,INC-SCN-09-LEGIT-RELAY-0014,2026-09-09T20:19:00+00:00,22782.00,22782.00,22782.00,0.00,18204.02,22782.00,4577.98,1,2,1,1,0,0,31944.00,31944.00,0.00,5422.02,1.0,22782.00,0.00,22782.00,0,0,0,22782.00,0.00,22782.00,1,1,0,22782.00,0.00,22782.00,2,2,0,22782.00,0.00,22782.00,2,2,0,22782.00,0.00,22782.00,2,2,0,22782.00,0.00,22782.00,2,2,0
SCN-09-LEGIT-RELAY-0015,INC-SCN-09-LEGIT-RELAY-0015,2026-09-09T20:34:00+00:00,15547.00,15547.00,15547.00,0.00,12731.20,15547.00,2815.80,1,2,1,1,0,0,21150.00,21150.00,0.00,7184.20,1.0,15547.00,0.00,15547.00,0,0,0,15547.00,0.00,15547.00,1,1,0,15547.00,0.00,15547.00,1,1,0,15547.00,0.00,15547.00,2,2,0,15547.00,0.00,15547.00,2,2,0,15547.00,0.00,15547.00,2,2,0
SCN-09-LEGIT-RELAY-0016,INC-SCN-09-LEGIT-RELAY-0016,2026-09-09T20:49:00+00:00,15024.00,15024.00,15024.00,0.00,11446.04,15024.00,3577.96,1,2,1,1,0,0,21621.00,21621.00,0.00,6422.04,1.0,15024.00,0.00,15024.00,0,0,0,15024.00,0.00,15024.00,1,1,0,15024.00,0.00,15024.00,2,2,0,15024.00,0.00,15024.00,2,2,0,15024.00,0.00,15024.00,2,2,0,15024.00,0.00,15024.00,2,2,0
SCN-09-LEGIT-RELAY-0017,INC-SCN-09-LEGIT-RELAY-0017,2026-09-09T21:04:00+00:00,24179.00,24179.00,24179.00,0.00,19883.72,24179.00,4295.28,1,2,1,1,0,0,33173.00,33173.00,0.00,5704.72,1.0,24179.00,0.00,24179.00,0,0,0,24179.00,0.00,24179.00,1,1,0,24179.00,0.00,24179.00,2,2,0,24179.00,0.00,24179.00,2,2,0,24179.00,0.00,24179.00,2,2,0,24179.00,0.00,24179.00,2,2,0
SCN-09-LEGIT-RELAY-0018,INC-SCN-09-LEGIT-RELAY-0018,2026-09-09T21:19:00+00:00,17830.00,17830.00,17830.00,0.00,17830.00,17830.00,0.00,1,1,0,0,0,0,17830.00,17830.00,0.00,0.00,1.0,17830.00,0.00,17830.00,0,0,0,17830.00,0.00,17830.00,0,0,0,17830.00,0.00,17830.00,0,0,0,17830.00,0.00,17830.00,0,0,0,17830.00,0.00,17830.00,0,0,0,17830.00,0.00,17830.00,0,0,0
SCN-09-LEGIT-RELAY-0019,INC-SCN-09-LEGIT-RELAY-0019,2026-09-09T21:34:00+00:00,13121.00,13121.00,13121.00,0.00,9686.36,13121.00,3434.64,1,2,1,1,0,0,19639.00,19639.00,313.64,6879.00,1.0,13121.00,0.00,13121.00,0,0,0,13121.00,0.00,13121.00,1,1,0,13121.00,0.00,13121.00,2,2,0,13121.00,0.00,13121.00,2,2,0,13121.00,0.00,13121.00,2,2,0,13121.00,0.00,13121.00,2,2,0
SCN-09-LEGIT-RELAY-0020,INC-SCN-09-LEGIT-RELAY-0020,2026-09-09T21:49:00+00:00,16229.00,16229.00,16229.00,0.00,16229.00,16229.00,0.00,1,1,0,0,0,0,16229.00,16229.00,0.00,0.00,1.0,16229.00,0.00,16229.00,0,0,0,16229.00,0.00,16229.00,1,1,0,16229.00,0.00,16229.00,2,2,0,16229.00,0.00,16229.00,2,2,0,16229.00,0.00,16229.00,2,2,0,16229.00,0.00,16229.00,2,2,0
SCN-09-LEGIT-RELAY-0021,INC-SCN-09-LEGIT-RELAY-0021,2026-09-09T22:04:00+00:00,15043.00,15043.00,15043.00,0.00,11839.08,15043.00,3203.92,1,2,1,1,0,0,21250.00,21250.00,0.00,6796.08,1.0,15043.00,0.00,15043.00,0,0,0,15043.00,0.00,15043.00,1,1,0,15043.00,0.00,15043.00,2,2,0,15043.00,0.00,15043.00,2,2,0,15043.00,0.00,15043.00,2,2,0,15043.00,0.00,15043.00,2,2,0
SCN-09-LEGIT-RELAY-0022,INC-SCN-09-LEGIT-RELAY-0022,2026-09-09T22:19:00+00:00,17433.00,17433.00,17433.00,0.00,13483.24,17433.00,3949.76,1,2,1,1,0,0,26070.00,26070.00,0.00,6050.24,1.0,17433.00,0.00,17433.00,0,0,0,17433.00,0.00,17433.00,1,1,0,17433.00,0.00,17433.00,2,2,0,17433.00,0.00,17433.00,2,2,0,17433.00,0.00,17433.00,2,2,0,17433.00,0.00,17433.00,2,2,0
SCN-09-LEGIT-RELAY-0023,INC-SCN-09-LEGIT-RELAY-0023,2026-09-09T22:34:00+00:00,15526.00,15526.00,15526.00,0.00,12722.41,15526.00,2803.59,1,2,1,1,0,0,21055.00,21055.00,0.00,7196.41,1.0,15526.00,0.00,15526.00,0,0,0,15526.00,0.00,15526.00,1,1,0,15526.00,0.00,15526.00,2,2,0,15526.00,0.00,15526.00,2,2,0,15526.00,0.00,15526.00,2,2,0,15526.00,0.00,15526.00,2,2,0
SCN-09-LEGIT-RELAY-0024,INC-SCN-09-LEGIT-RELAY-0024,2026-09-09T22:49:00+00:00,14868.00,14868.00,14868.00,0.00,11825.72,14868.00,3042.28,1,2,1,1,0,0,21556.00,21556.00,0.00,6957.72,1.0,14868.00,0.00,14868.00,0,0,0,14868.00,0.00,14868.00,1,1,0,14868.00,0.00,14868.00,2,2,0,14868.00,0.00,14868.00,2,2,0,14868.00,0.00,14868.00,2,2,0,14868.00,0.00,14868.00,2,2,0
SCN-09-LEGIT-RELAY-0025,INC-SCN-09-LEGIT-RELAY-0025,2026-09-09T23:04:00+00:00,12717.00,12717.00,12717.00,0.00,9567.16,12717.00,3149.84,1,2,1,1,0,0,18716.00,18716.00,432.84,7283.00,1.0,12717.00,0.00,12717.00,0,0,0,12717.00,0.00,12717.00,1,1,0,12717.00,0.00,12717.00,2,2,0,12717.00,0.00,12717.00,2,2,0,12717.00,0.00,12717.00,2,2,0,12717.00,0.00,12717.00,2,2,0
SCN-09-LEGIT-RELAY-0026,INC-SCN-09-LEGIT-RELAY-0026,2026-09-09T23:19:00+00:00,18805.00,18805.00,18805.00,0.00,14166.04,18805.00,4638.96,1,2,1,1,0,0,27314.00,27314.00,0.00,5361.04,1.0,18805.00,0.00,18805.00,0,0,0,18805.00,0.00,18805.00,1,1,0,18805.00,0.00,18805.00,2,2,0,18805.00,0.00,18805.00,2,2,0,18805.00,0.00,18805.00,2,2,0,18805.00,0.00,18805.00,2,2,0
SCN-09-LEGIT-RELAY-0027,INC-SCN-09-LEGIT-RELAY-0027,2026-09-09T23:34:00+00:00,18577.00,18577.00,18577.00,0.00,15111.08,18577.00,3465.92,1,2,1,1,0,0,25465.00,25465.00,0.00,6534.08,1.0,18577.00,0.00,18577.00,0,0,0,18577.00,0.00,18577.00,1,1,0,18577.00,0.00,18577.00,2,2,0,18577.00,0.00,18577.00,2,2,0,18577.00,0.00,18577.00,2,2,0,18577.00,0.00,18577.00,2,2,0
SCN-09-LEGIT-RELAY-0028,INC-SCN-09-LEGIT-RELAY-0028,2026-09-09T23:49:00+00:00,16869.00,16869.00,16869.00,0.00,13393.06,16869.00,3475.94,1,2,1,1,0,0,23838.00,23838.00,0.00,6524.06,1.0,16869.00,0.00,16869.00,0,0,0,16869.00,0.00,16869.00,1,1,0,16869.00,0.00,16869.00,2,2,0,16869.00,0.00,16869.00,2,2,0,16869.00,0.00,16869.00,2,2,0,16869.00,0.00,16869.00,2,2,0
SCN-09-LEGIT-RELAY-0029,INC-SCN-09-LEGIT-RELAY-0029,2026-09-10T00:04:00+00:00,18826.00,18826.00,18826.00,0.00,15232.06,18826.00,3593.94,1,2,1,1,0,0,26553.00,26553.00,0.00,6406.06,1.0,18826.00,0.00,18826.00,0,0,0,18826.00,0.00,18826.00,1,1,0,18826.00,0.00,18826.00,1,1,0,18826.00,0.00,18826.00,1,1,0,18826.00,0.00,18826.00,1,1,0,18826.00,0.00,18826.00,1,1,0
SCN-09-LEGIT-RELAY-0030,INC-SCN-09-LEGIT-RELAY-0030,2026-09-10T00:19:00+00:00,12389.00,12389.00,12389.00,0.00,10234.17,12389.00,2154.83,1,2,1,1,0,0,16906.00,16906.00,0.00,7845.17,1.0,12389.00,0.00,12389.00,0,0,0,12389.00,0.00,12389.00,1,1,0,12389.00,0.00,12389.00,2,2,0,12389.00,0.00,12389.00,2,2,0,12389.00,0.00,12389.00,2,2,0,12389.00,0.00,12389.00,2,2,0
SCN-09-LEGIT-RELAY-0031,INC-SCN-09-LEGIT-RELAY-0031,2026-09-10T00:34:00+00:00,12368.00,12368.00,12368.00,0.00,9640.81,12368.00,2727.19,1,2,1,1,0,0,17616.00,17616.00,359.19,7632.00,1.0,12368.00,0.00,12368.00,0,0,0,12368.00,0.00,12368.00,1,1,0,12368.00,0.00,12368.00,2,2,0,12368.00,0.00,12368.00,2,2,0,12368.00,0.00,12368.00,2,2,0,12368.00,0.00,12368.00,2,2,0
SCN-09-LEGIT-RELAY-0032,INC-SCN-09-LEGIT-RELAY-0032,2026-09-10T00:49:00+00:00,17810.00,17810.00,17810.00,0.00,14131.37,17810.00,3678.63,1,2,1,1,0,0,25657.00,25657.00,0.00,6321.37,1.0,17810.00,0.00,17810.00,0,0,0,17810.00,0.00,17810.00,1,1,0,17810.00,0.00,17810.00,2,2,0,17810.00,0.00,17810.00,2,2,0,17810.00,0.00,17810.00,2,2,0,17810.00,0.00,17810.00,2,2,0
SCN-09-LEGIT-RELAY-0033,INC-SCN-09-LEGIT-RELAY-0033,2026-09-10T01:04:00+00:00,13235.00,13235.00,13235.00,0.00,10155.63,13235.00,3079.37,1,2,1,1,0,0,19538.00,19538.00,0.00,6920.63,1.0,13235.00,0.00,13235.00,0,0,0,13235.00,0.00,13235.00,1,1,0,13235.00,0.00,13235.00,2,2,0,13235.00,0.00,13235.00,2,2,0,13235.00,0.00,13235.00,2,2,0,13235.00,0.00,13235.00,2,2,0
SCN-09-LEGIT-RELAY-0034,INC-SCN-09-LEGIT-RELAY-0034,2026-09-10T01:19:00+00:00,14029.00,14029.00,14029.00,0.00,11065.58,14029.00,2963.42,1,2,1,1,0,0,20500.00,20500.00,0.00,7036.58,1.0,14029.00,0.00,14029.00,0,0,0,14029.00,0.00,14029.00,1,1,0,14029.00,0.00,14029.00,2,2,0,14029.00,0.00,14029.00,2,2,0,14029.00,0.00,14029.00,2,2,0,14029.00,0.00,14029.00,2,2,0
SCN-09-LEGIT-RELAY-0035,INC-SCN-09-LEGIT-RELAY-0035,2026-09-10T01:34:00+00:00,16629.00,16629.00,16629.00,0.00,13232.61,16629.00,3396.39,1,2,1,1,0,0,23509.00,23509.00,0.00,6603.61,1.0,16629.00,0.00,16629.00,0,0,0,16629.00,0.00,16629.00,1,1,0,16629.00,0.00,16629.00,1,1,0,16629.00,0.00,16629.00,1,1,0,16629.00,0.00,16629.00,1,1,0,16629.00,0.00,16629.00,1,1,0
SCN-09-LEGIT-RELAY-0036,INC-SCN-09-LEGIT-RELAY-0036,2026-09-10T01:49:00+00:00,19828.00,19828.00,19828.00,0.00,15432.53,19828.00,4395.47,1,2,1,1,0,0,29466.00,29466.00,0.00,5604.53,1.0,19828.00,0.00,19828.00,0,0,0,19828.00,0.00,19828.00,1,1,0,19828.00,0.00,19828.00,2,2,0,19828.00,0.00,19828.00,2,2,0,19828.00,0.00,19828.00,2,2,0,19828.00,0.00,19828.00,2,2,0
SCN-09-LEGIT-RELAY-0037,INC-SCN-09-LEGIT-RELAY-0037,2026-09-10T02:04:00+00:00,18040.00,18040.00,18040.00,0.00,14931.79,18040.00,3108.21,1,2,1,1,0,0,24524.00,24524.00,0.00,6891.79,1.0,18040.00,0.00,18040.00,0,0,0,18040.00,0.00,18040.00,1,1,0,18040.00,0.00,18040.00,2,2,0,18040.00,0.00,18040.00,2,2,0,18040.00,0.00,18040.00,2,2,0,18040.00,0.00,18040.00,2,2,0
SCN-09-LEGIT-RELAY-0038,INC-SCN-09-LEGIT-RELAY-0038,2026-09-10T02:19:00+00:00,21309.00,21309.00,21309.00,0.00,16923.85,21309.00,4385.15,1,2,1,1,0,0,30829.00,30829.00,0.00,5614.85,1.0,21309.00,0.00,21309.00,0,0,0,21309.00,0.00,21309.00,1,1,0,21309.00,0.00,21309.00,2,2,0,21309.00,0.00,21309.00,2,2,0,21309.00,0.00,21309.00,2,2,0,21309.00,0.00,21309.00,2,2,0
SCN-09-LEGIT-RELAY-0039,INC-SCN-09-LEGIT-RELAY-0039,2026-09-10T02:34:00+00:00,13331.00,13331.00,13331.00,0.00,10121.99,13331.00,3209.01,1,2,1,1,0,0,19231.00,19231.00,0.00,6790.99,1.0,13331.00,0.00,13331.00,0,0,0,13331.00,0.00,13331.00,1,1,0,13331.00,0.00,13331.00,2,2,0,13331.00,0.00,13331.00,2,2,0,13331.00,0.00,13331.00,2,2,0,13331.00,0.00,13331.00,2,2,0
SCN-09-LEGIT-RELAY-0040,INC-SCN-09-LEGIT-RELAY-0040,2026-09-10T02:49:00+00:00,17703.00,17703.00,17703.00,0.00,17703.00,17703.00,0.00,1,1,0,0,0,0,17703.00,17703.00,0.00,0.00,1.0,17703.00,0.00,17703.00,0,0,0,17703.00,0.00,17703.00,1,1,0,17703.00,0.00,17703.00,2,2,0,17703.00,0.00,17703.00,2,2,0,17703.00,0.00,17703.00,2,2,0,17703.00,0.00,17703.00,2,2,0
SCN-09-LEGIT-RELAY-0041,INC-SCN-09-LEGIT-RELAY-0041,2026-09-10T03:04:00+00:00,19410.00,19410.00,19410.00,0.00,15074.34,19410.00,4335.66,1,2,1,1,0,0,28426.00,28426.00,0.00,5664.34,1.0,19410.00,0.00,19410.00,0,0,0,19410.00,0.00,19410.00,1,1,0,19410.00,0.00,19410.00,2,2,0,19410.00,0.00,19410.00,2,2,0,19410.00,0.00,19410.00,2,2,0,19410.00,0.00,19410.00,2,2,0
SCN-09-LEGIT-RELAY-0042,INC-SCN-09-LEGIT-RELAY-0042,2026-09-10T03:19:00+00:00,18930.00,18930.00,18930.00,0.00,14967.12,18930.00,3962.88,1,2,1,1,0,0,26368.00,26368.00,0.00,6037.12,1.0,18930.00,0.00,18930.00,0,0,0,18930.00,0.00,18930.00,2,2,0,18930.00,0.00,18930.00,2,2,0,18930.00,0.00,18930.00,2,2,0,18930.00,0.00,18930.00,2,2,0,18930.00,0.00,18930.00,2,2,0
SCN-09-LEGIT-RELAY-0043,INC-SCN-09-LEGIT-RELAY-0043,2026-09-10T03:34:00+00:00,20125.00,20125.00,20125.00,0.00,16239.20,20125.00,3885.80,1,2,1,1,0,0,28254.00,28254.00,0.00,6114.20,1.0,20125.00,0.00,20125.00,0,0,0,20125.00,0.00,20125.00,1,1,0,20125.00,0.00,20125.00,2,2,0,20125.00,0.00,20125.00,2,2,0,20125.00,0.00,20125.00,2,2,0,20125.00,0.00,20125.00,2,2,0
SCN-09-LEGIT-RELAY-0044,INC-SCN-09-LEGIT-RELAY-0044,2026-09-10T03:49:00+00:00,17952.00,17952.00,17952.00,0.00,14283.27,17952.00,3668.73,1,2,1,1,0,0,25183.00,25183.00,0.00,6331.27,1.0,17952.00,0.00,17952.00,0,0,0,17952.00,0.00,17952.00,1,1,0,17952.00,0.00,17952.00,2,2,0,17952.00,0.00,17952.00,2,2,0,17952.00,0.00,17952.00,2,2,0,17952.00,0.00,17952.00,2,2,0
SCN-09-LEGIT-RELAY-0045,INC-SCN-09-LEGIT-RELAY-0045,2026-09-10T04:04:00+00:00,12685.00,12685.00,12685.00,0.00,10435.90,12685.00,2249.10,1,2,1,1,0,0,17563.00,17563.00,0.00,7750.90,1.0,12685.00,0.00,12685.00,0,0,0,12685.00,0.00,12685.00,1,1,0,12685.00,0.00,12685.00,2,2,0,12685.00,0.00,12685.00,2,2,0,12685.00,0.00,12685.00,2,2,0,12685.00,0.00,12685.00,2,2,0
SCN-09-LEGIT-RELAY-0046,INC-SCN-09-LEGIT-RELAY-0046,2026-09-10T04:19:00+00:00,12556.00,12556.00,12556.00,0.00,9550.47,12556.00,3005.53,1,2,1,1,0,0,18034.00,18034.00,449.53,7444.00,1.0,12556.00,0.00,12556.00,0,0,0,12556.00,0.00,12556.00,1,1,0,12556.00,0.00,12556.00,1,1,0,12556.00,0.00,12556.00,2,2,0,12556.00,0.00,12556.00,2,2,0,12556.00,0.00,12556.00,2,2,0
SCN-09-LEGIT-RELAY-0047,INC-SCN-09-LEGIT-RELAY-0047,2026-09-10T04:34:00+00:00,17634.00,17634.00,17634.00,0.00,14133.95,17634.00,3500.05,1,2,1,1,0,0,24700.00,24700.00,0.00,6499.95,1.0,17634.00,0.00,17634.00,0,0,0,17634.00,0.00,17634.00,1,1,0,17634.00,0.00,17634.00,2,2,0,17634.00,0.00,17634.00,2,2,0,17634.00,0.00,17634.00,2,2,0,17634.00,0.00,17634.00,2,2,0
SCN-09-LEGIT-RELAY-0048,INC-SCN-09-LEGIT-RELAY-0048,2026-09-10T04:49:00+00:00,20058.00,20058.00,20058.00,0.00,15554.81,20058.00,4503.19,1,2,1,1,0,0,29931.00,29931.00,0.00,5496.81,1.0,20058.00,0.00,20058.00,0,0,0,20058.00,0.00,20058.00,1,1,0,20058.00,0.00,20058.00,2,2,0,20058.00,0.00,20058.00,2,2,0,20058.00,0.00,20058.00,2,2,0,20058.00,0.00,20058.00,2,2,0
SCN-09-LEGIT-RELAY-0049,INC-SCN-09-LEGIT-RELAY-0049,2026-09-10T05:04:00+00:00,19417.00,19417.00,19417.00,0.00,15630.76,19417.00,3786.24,1,2,1,1,0,0,27001.00,27001.00,0.00,6213.76,1.0,19417.00,0.00,19417.00,0,0,0,19417.00,0.00,19417.00,1,1,0,19417.00,0.00,19417.00,1,1,0,19417.00,0.00,19417.00,1,1,0,19417.00,0.00,19417.00,1,1,0,19417.00,0.00,19417.00,1,1,0
SCN-09-LEGIT-RELAY-0050,INC-SCN-09-LEGIT-RELAY-0050,2026-09-10T05:19:00+00:00,15523.00,15523.00,15523.00,0.00,12839.67,15523.00,2683.33,1,2,1,1,0,0,21085.00,21085.00,0.00,7316.67,1.0,15523.00,0.00,15523.00,0,0,0,15523.00,0.00,15523.00,1,1,0,15523.00,0.00,15523.00,2,2,0,15523.00,0.00,15523.00,2,2,0,15523.00,0.00,15523.00,2,2,0,15523.00,0.00,15523.00,2,2,0
SCN-09-LEGIT-RELAY-0051,INC-SCN-09-LEGIT-RELAY-0051,2026-09-10T05:34:00+00:00,12357.00,12357.00,12357.00,0.00,9729.47,12357.00,2627.53,1,2,1,1,0,0,17473.00,17473.00,270.53,7643.00,1.0,12357.00,0.00,12357.00,0,0,0,12357.00,0.00,12357.00,1,1,0,12357.00,0.00,12357.00,2,2,0,12357.00,0.00,12357.00,2,2,0,12357.00,0.00,12357.00,2,2,0,12357.00,0.00,12357.00,2,2,0
SCN-09-LEGIT-RELAY-0052,INC-SCN-09-LEGIT-RELAY-0052,2026-09-10T05:49:00+00:00,12430.00,12430.00,12430.00,0.00,9249.41,12430.00,3180.59,1,2,1,1,0,0,18174.00,18174.00,750.59,7570.00,1.0,12430.00,0.00,12430.00,0,0,0,12430.00,0.00,12430.00,1,1,0,12430.00,0.00,12430.00,2,2,0,12430.00,0.00,12430.00,2,2,0,12430.00,0.00,12430.00,2,2,0,12430.00,0.00,12430.00,2,2,0
SCN-09-LEGIT-RELAY-0053,INC-SCN-09-LEGIT-RELAY-0053,2026-09-10T06:04:00+00:00,12665.00,12665.00,12665.00,0.00,10105.59,12665.00,2559.41,1,2,1,1,0,0,17762.00,17762.00,0.00,7440.59,1.0,12665.00,0.00,12665.00,0,0,0,12665.00,0.00,12665.00,2,2,0,12665.00,0.00,12665.00,2,2,0,12665.00,0.00,12665.00,2,2,0,12665.00,0.00,12665.00,2,2,0,12665.00,0.00,12665.00,2,2,0
SCN-09-LEGIT-RELAY-0054,INC-SCN-09-LEGIT-RELAY-0054,2026-09-10T06:19:00+00:00,14853.00,14853.00,14853.00,0.00,12014.98,14853.00,2838.02,1,2,1,1,0,0,20847.00,20847.00,0.00,7161.98,1.0,14853.00,0.00,14853.00,0,0,0,14853.00,0.00,14853.00,1,1,0,14853.00,0.00,14853.00,2,2,0,14853.00,0.00,14853.00,2,2,0,14853.00,0.00,14853.00,2,2,0,14853.00,0.00,14853.00,2,2,0
SCN-09-LEGIT-RELAY-0055,INC-SCN-09-LEGIT-RELAY-0055,2026-09-10T06:34:00+00:00,18338.00,18338.00,18338.00,0.00,14847.61,18338.00,3490.39,1,2,1,1,0,0,24905.00,24905.00,0.00,6509.61,1.0,18338.00,0.00,18338.00,0,0,0,18338.00,0.00,18338.00,1,1,0,18338.00,0.00,18338.00,2,2,0,18338.00,0.00,18338.00,2,2,0,18338.00,0.00,18338.00,2,2,0,18338.00,0.00,18338.00,2,2,0
SCN-09-LEGIT-RELAY-0056,INC-SCN-09-LEGIT-RELAY-0056,2026-09-10T06:49:00+00:00,14605.00,14605.00,14605.00,0.00,11122.82,14605.00,3482.18,1,2,1,1,0,0,21505.00,21505.00,0.00,6517.82,1.0,14605.00,0.00,14605.00,0,0,0,14605.00,0.00,14605.00,1,1,0,14605.00,0.00,14605.00,2,2,0,14605.00,0.00,14605.00,2,2,0,14605.00,0.00,14605.00,2,2,0,14605.00,0.00,14605.00,2,2,0
SCN-09-LEGIT-RELAY-0057,INC-SCN-09-LEGIT-RELAY-0057,2026-09-10T07:04:00+00:00,12125.00,12125.00,12125.00,0.00,9874.12,12125.00,2250.88,1,2,1,1,0,0,16523.00,16523.00,125.88,7875.00,1.0,12125.00,0.00,12125.00,0,0,0,12125.00,0.00,12125.00,1,1,0,12125.00,0.00,12125.00,2,2,0,12125.00,0.00,12125.00,2,2,0,12125.00,0.00,12125.00,2,2,0,12125.00,0.00,12125.00,2,2,0
SCN-09-LEGIT-RELAY-0058,INC-SCN-09-LEGIT-RELAY-0058,2026-09-10T07:19:00+00:00,14024.00,14024.00,14024.00,0.00,14024.00,14024.00,0.00,1,1,0,0,0,0,14024.00,14024.00,0.00,0.00,1.0,14024.00,0.00,14024.00,0,0,0,14024.00,0.00,14024.00,0,0,0,14024.00,0.00,14024.00,0,0,0,14024.00,0.00,14024.00,0,0,0,14024.00,0.00,14024.00,0,0,0,14024.00,0.00,14024.00,0,0,0
SCN-09-LEGIT-RELAY-0059,INC-SCN-09-LEGIT-RELAY-0059,2026-09-10T07:34:00+00:00,23134.00,23134.00,23134.00,0.00,23134.00,23134.00,0.00,1,1,0,0,0,0,23134.00,23134.00,0.00,0.00,1.0,23134.00,0.00,23134.00,0,0,0,23134.00,0.00,23134.00,1,1,0,23134.00,0.00,23134.00,2,2,0,23134.00,0.00,23134.00,2,2,0,23134.00,0.00,23134.00,2,2,0,23134.00,0.00,23134.00,2,2,0
SCN-09-LEGIT-RELAY-0060,INC-SCN-09-LEGIT-RELAY-0060,2026-09-10T07:49:00+00:00,16590.00,16590.00,16590.00,0.00,16590.00,16590.00,0.00,1,1,0,0,0,0,16590.00,16590.00,0.00,0.00,1.0,16590.00,0.00,16590.00,0,0,0,16590.00,0.00,16590.00,1,1,0,16590.00,0.00,16590.00,2,2,0,16590.00,0.00,16590.00,2,2,0,16590.00,0.00,16590.00,2,2,0,16590.00,0.00,16590.00,2,2,0
SCN-09-LEGIT-RELAY-0061,INC-SCN-09-LEGIT-RELAY-0061,2026-09-10T08:04:00+00:00,23351.00,23351.00,23351.00,0.00,23351.00,23351.00,0.00,1,1,0,0,0,0,23351.00,23351.00,0.00,0.00,1.0,23351.00,0.00,23351.00,0,0,0,23351.00,0.00,23351.00,0,0,0,23351.00,0.00,23351.00,0,0,0,23351.00,0.00,23351.00,0,0,0,23351.00,0.00,23351.00,0,0,0,23351.00,0.00,23351.00,0,0,0
SCN-09-LEGIT-RELAY-0062,INC-SCN-09-LEGIT-RELAY-0062,2026-09-10T08:19:00+00:00,19456.00,19456.00,19456.00,0.00,14642.25,19456.00,4813.75,1,2,1,1,0,0,28630.00,28630.00,0.00,5186.25,1.0,19456.00,0.00,19456.00,0,0,0,19456.00,0.00,19456.00,1,1,0,19456.00,0.00,19456.00,2,2,0,19456.00,0.00,19456.00,2,2,0,19456.00,0.00,19456.00,2,2,0,19456.00,0.00,19456.00,2,2,0
SCN-09-LEGIT-RELAY-0063,INC-SCN-09-LEGIT-RELAY-0063,2026-09-10T08:34:00+00:00,17243.00,17243.00,17243.00,0.00,13222.23,17243.00,4020.77,1,2,1,1,0,0,25462.00,25462.00,0.00,5979.23,1.0,17243.00,0.00,17243.00,0,0,0,17243.00,0.00,17243.00,1,1,0,17243.00,0.00,17243.00,2,2,0,17243.00,0.00,17243.00,2,2,0,17243.00,0.00,17243.00,2,2,0,17243.00,0.00,17243.00,2,2,0
SCN-09-LEGIT-RELAY-0064,INC-SCN-09-LEGIT-RELAY-0064,2026-09-10T08:49:00+00:00,13966.00,13966.00,13966.00,0.00,13966.00,13966.00,0.00,1,1,0,0,0,0,13966.00,13966.00,0.00,0.00,1.0,13966.00,0.00,13966.00,0,0,0,13966.00,0.00,13966.00,1,1,0,13966.00,0.00,13966.00,2,2,0,13966.00,0.00,13966.00,2,2,0,13966.00,0.00,13966.00,2,2,0,13966.00,0.00,13966.00,2,2,0
SCN-09-LEGIT-RELAY-0065,INC-SCN-09-LEGIT-RELAY-0065,2026-09-10T09:04:00+00:00,22543.00,22543.00,22543.00,0.00,22543.00,22543.00,0.00,1,1,0,0,0,0,22543.00,22543.00,0.00,0.00,1.0,22543.00,0.00,22543.00,0,0,0,22543.00,0.00,22543.00,0,0,0,22543.00,0.00,22543.00,0,0,0,22543.00,0.00,22543.00,0,0,0,22543.00,0.00,22543.00,0,0,0,22543.00,0.00,22543.00,0,0,0
SCN-09-LEGIT-RELAY-0066,INC-SCN-09-LEGIT-RELAY-0066,2026-09-10T09:19:00+00:00,16152.00,16152.00,16152.00,0.00,13154.39,16152.00,2997.61,1,2,1,1,0,0,21993.00,21993.00,0.00,7002.39,1.0,16152.00,0.00,16152.00,0,0,0,16152.00,0.00,16152.00,1,1,0,16152.00,0.00,16152.00,2,2,0,16152.00,0.00,16152.00,2,2,0,16152.00,0.00,16152.00,2,2,0,16152.00,0.00,16152.00,2,2,0
SCN-09-LEGIT-RELAY-0067,INC-SCN-09-LEGIT-RELAY-0067,2026-09-10T09:34:00+00:00,19788.00,19788.00,19788.00,0.00,15556.27,19788.00,4231.73,1,2,1,1,0,0,29053.00,29053.00,0.00,5768.27,1.0,19788.00,0.00,19788.00,0,0,0,19788.00,0.00,19788.00,1,1,0,19788.00,0.00,19788.00,2,2,0,19788.00,0.00,19788.00,2,2,0,19788.00,0.00,19788.00,2,2,0,19788.00,0.00,19788.00,2,2,0
SCN-09-LEGIT-RELAY-0068,INC-SCN-09-LEGIT-RELAY-0068,2026-09-10T09:49:00+00:00,12262.00,12262.00,12262.00,0.00,9599.43,12262.00,2662.57,1,2,1,1,0,0,17674.00,17674.00,400.57,7738.00,1.0,12262.00,0.00,12262.00,0,0,0,12262.00,0.00,12262.00,1,1,0,12262.00,0.00,12262.00,2,2,0,12262.00,0.00,12262.00,2,2,0,12262.00,0.00,12262.00,2,2,0,12262.00,0.00,12262.00,2,2,0
SCN-09-LEGIT-RELAY-0069,INC-SCN-09-LEGIT-RELAY-0069,2026-09-10T10:04:00+00:00,22167.00,22167.00,22167.00,0.00,17072.77,22167.00,5094.23,1,2,1,1,0,0,33243.00,33243.00,0.00,4905.77,1.0,22167.00,0.00,22167.00,0,0,0,22167.00,0.00,22167.00,1,1,0,22167.00,0.00,22167.00,1,1,0,22167.00,0.00,22167.00,1,1,0,22167.00,0.00,22167.00,1,1,0,22167.00,0.00,22167.00,1,1,0
SCN-09-LEGIT-RELAY-0070,INC-SCN-09-LEGIT-RELAY-0070,2026-09-10T10:19:00+00:00,18938.00,18938.00,18938.00,0.00,14366.05,18938.00,4571.95,1,2,1,1,0,0,27974.00,27974.00,0.00,5428.05,1.0,18938.00,0.00,18938.00,0,0,0,18938.00,0.00,18938.00,1,1,0,18938.00,0.00,18938.00,2,2,0,18938.00,0.00,18938.00,2,2,0,18938.00,0.00,18938.00,2,2,0,18938.00,0.00,18938.00,2,2,0
SCN-09-LEGIT-RELAY-0071,INC-SCN-09-LEGIT-RELAY-0071,2026-09-10T10:34:00+00:00,15393.00,15393.00,15393.00,0.00,12419.89,15393.00,2973.11,1,2,1,1,0,0,21616.00,21616.00,0.00,7026.89,1.0,15393.00,0.00,15393.00,0,0,0,15393.00,0.00,15393.00,1,1,0,15393.00,0.00,15393.00,2,2,0,15393.00,0.00,15393.00,2,2,0,15393.00,0.00,15393.00,2,2,0,15393.00,0.00,15393.00,2,2,0
SCN-09-LEGIT-RELAY-0072,INC-SCN-09-LEGIT-RELAY-0072,2026-09-10T10:49:00+00:00,16135.00,16135.00,16135.00,0.00,12290.97,16135.00,3844.03,1,2,1,1,0,0,23247.00,23247.00,0.00,6155.97,1.0,16135.00,0.00,16135.00,0,0,0,16135.00,0.00,16135.00,1,1,0,16135.00,0.00,16135.00,2,2,0,16135.00,0.00,16135.00,2,2,0,16135.00,0.00,16135.00,2,2,0,16135.00,0.00,16135.00,2,2,0
SCN-09-LEGIT-RELAY-0073,INC-SCN-09-LEGIT-RELAY-0073,2026-09-10T11:04:00+00:00,16836.00,16836.00,16836.00,0.00,13577.06,16836.00,3258.94,1,2,1,1,0,0,23453.00,23453.00,0.00,6741.06,1.0,16836.00,0.00,16836.00,0,0,0,16836.00,0.00,16836.00,1,1,0,16836.00,0.00,16836.00,2,2,0,16836.00,0.00,16836.00,2,2,0,16836.00,0.00,16836.00,2,2,0,16836.00,0.00,16836.00,2,2,0
SCN-09-LEGIT-RELAY-0074,INC-SCN-09-LEGIT-RELAY-0074,2026-09-10T11:19:00+00:00,23038.00,23038.00,23038.00,0.00,23038.00,23038.00,0.00,1,1,0,0,0,0,23038.00,23038.00,0.00,0.00,1.0,23038.00,0.00,23038.00,0,0,0,23038.00,0.00,23038.00,0,0,0,23038.00,0.00,23038.00,0,0,0,23038.00,0.00,23038.00,0,0,0,23038.00,0.00,23038.00,0,0,0,23038.00,0.00,23038.00,0,0,0
SCN-09-LEGIT-RELAY-0075,INC-SCN-09-LEGIT-RELAY-0075,2026-09-10T11:34:00+00:00,17136.00,17136.00,17136.00,0.00,13069.28,17136.00,4066.72,1,2,1,1,0,0,25362.00,25362.00,0.00,5933.28,1.0,17136.00,0.00,17136.00,0,0,0,17136.00,0.00,17136.00,1,1,0,17136.00,0.00,17136.00,2,2,0,17136.00,0.00,17136.00,2,2,0,17136.00,0.00,17136.00,2,2,0,17136.00,0.00,17136.00,2,2,0
SCN-09-LEGIT-RELAY-0076,INC-SCN-09-LEGIT-RELAY-0076,2026-09-10T11:49:00+00:00,23008.00,23008.00,23008.00,0.00,23008.00,23008.00,0.00,1,1,0,0,0,0,23008.00,23008.00,0.00,0.00,1.0,23008.00,0.00,23008.00,0,0,0,23008.00,0.00,23008.00,1,1,0,23008.00,0.00,23008.00,1,1,0,23008.00,0.00,23008.00,1,1,0,23008.00,0.00,23008.00,1,1,0,23008.00,0.00,23008.00,1,1,0
SCN-09-LEGIT-RELAY-0077,INC-SCN-09-LEGIT-RELAY-0077,2026-09-10T12:04:00+00:00,17367.00,17367.00,17367.00,0.00,13860.66,17367.00,3506.34,1,2,1,1,0,0,23796.00,23796.00,0.00,6493.66,1.0,17367.00,0.00,17367.00,0,0,0,17367.00,0.00,17367.00,1,1,0,17367.00,0.00,17367.00,2,2,0,17367.00,0.00,17367.00,2,2,0,17367.00,0.00,17367.00,2,2,0,17367.00,0.00,17367.00,2,2,0
SCN-09-LEGIT-RELAY-0078,INC-SCN-09-LEGIT-RELAY-0078,2026-09-10T12:19:00+00:00,16360.00,16360.00,16360.00,0.00,12758.65,16360.00,3601.35,1,2,1,1,0,0,23334.00,23334.00,0.00,6398.65,1.0,16360.00,0.00,16360.00,0,0,0,16360.00,0.00,16360.00,1,1,0,16360.00,0.00,16360.00,2,2,0,16360.00,0.00,16360.00,2,2,0,16360.00,0.00,16360.00,2,2,0,16360.00,0.00,16360.00,2,2,0
SCN-09-LEGIT-RELAY-0079,INC-SCN-09-LEGIT-RELAY-0079,2026-09-10T12:34:00+00:00,19006.00,19006.00,19006.00,0.00,15562.87,19006.00,3443.13,1,2,1,1,0,0,26566.00,26566.00,0.00,6556.87,1.0,19006.00,0.00,19006.00,0,0,0,19006.00,0.00,19006.00,1,1,0,19006.00,0.00,19006.00,2,2,0,19006.00,0.00,19006.00,2,2,0,19006.00,0.00,19006.00,2,2,0,19006.00,0.00,19006.00,2,2,0
SCN-09-LEGIT-RELAY-0080,INC-SCN-09-LEGIT-RELAY-0080,2026-09-10T12:49:00+00:00,18947.00,18947.00,18947.00,0.00,15731.57,18947.00,3215.43,1,2,1,1,0,0,25915.00,25915.00,0.00,6784.57,1.0,18947.00,0.00,18947.00,0,0,0,18947.00,0.00,18947.00,1,1,0,18947.00,0.00,18947.00,2,2,0,18947.00,0.00,18947.00,2,2,0,18947.00,0.00,18947.00,2,2,0,18947.00,0.00,18947.00,2,2,0
SCN-09-LEGIT-RELAY-0081,INC-SCN-09-LEGIT-RELAY-0081,2026-09-10T13:04:00+00:00,23349.00,23349.00,23349.00,0.00,17837.91,23349.00,5511.09,1,2,1,1,0,0,34459.00,34459.00,0.00,4488.91,1.0,23349.00,0.00,23349.00,0,0,0,23349.00,0.00,23349.00,1,1,0,23349.00,0.00,23349.00,2,2,0,23349.00,0.00,23349.00,2,2,0,23349.00,0.00,23349.00,2,2,0,23349.00,0.00,23349.00,2,2,0
SCN-09-LEGIT-RELAY-0082,INC-SCN-09-LEGIT-RELAY-0082,2026-09-10T13:19:00+00:00,22190.00,22190.00,22190.00,0.00,16947.17,22190.00,5242.83,1,2,1,1,0,0,31857.00,31857.00,0.00,4757.17,1.0,22190.00,0.00,22190.00,0,0,0,22190.00,0.00,22190.00,1,1,0,22190.00,0.00,22190.00,2,2,0,22190.00,0.00,22190.00,2,2,0,22190.00,0.00,22190.00,2,2,0,22190.00,0.00,22190.00,2,2,0
SCN-09-LEGIT-RELAY-0083,INC-SCN-09-LEGIT-RELAY-0083,2026-09-10T13:34:00+00:00,17300.00,17300.00,17300.00,0.00,17300.00,17300.00,0.00,1,1,0,0,0,0,17300.00,17300.00,0.00,0.00,1.0,17300.00,0.00,17300.00,0,0,0,17300.00,0.00,17300.00,1,1,0,17300.00,0.00,17300.00,2,2,0,17300.00,0.00,17300.00,2,2,0,17300.00,0.00,17300.00,2,2,0,17300.00,0.00,17300.00,2,2,0
SCN-09-LEGIT-RELAY-0084,INC-SCN-09-LEGIT-RELAY-0084,2026-09-10T13:49:00+00:00,18089.00,18089.00,18089.00,0.00,14204.84,18089.00,3884.16,1,2,1,1,0,0,26529.00,26529.00,0.00,6115.84,1.0,18089.00,0.00,18089.00,0,0,0,18089.00,0.00,18089.00,1,1,0,18089.00,0.00,18089.00,2,2,0,18089.00,0.00,18089.00,2,2,0,18089.00,0.00,18089.00,2,2,0,18089.00,0.00,18089.00,2,2,0
SCN-09-LEGIT-RELAY-0085,INC-SCN-09-LEGIT-RELAY-0085,2026-09-10T14:04:00+00:00,22302.00,22302.00,22302.00,0.00,17212.02,22302.00,5089.98,1,2,1,1,0,0,32230.00,32230.00,0.00,4910.02,1.0,22302.00,0.00,22302.00,0,0,0,22302.00,0.00,22302.00,1,1,0,22302.00,0.00,22302.00,1,1,0,22302.00,0.00,22302.00,1,1,0,22302.00,0.00,22302.00,1,1,0,22302.00,0.00,22302.00,1,1,0
SCN-09-LEGIT-RELAY-0086,INC-SCN-09-LEGIT-RELAY-0086,2026-09-10T14:19:00+00:00,15043.00,15043.00,15043.00,0.00,12231.76,15043.00,2811.24,1,2,1,1,0,0,20946.00,20946.00,0.00,7188.76,1.0,15043.00,0.00,15043.00,0,0,0,15043.00,0.00,15043.00,1,1,0,15043.00,0.00,15043.00,2,2,0,15043.00,0.00,15043.00,2,2,0,15043.00,0.00,15043.00,2,2,0,15043.00,0.00,15043.00,2,2,0
SCN-09-LEGIT-RELAY-0087,INC-SCN-09-LEGIT-RELAY-0087,2026-09-10T14:34:00+00:00,18727.00,18727.00,18727.00,0.00,15191.03,18727.00,3535.97,1,2,1,1,0,0,26021.00,26021.00,0.00,6464.03,1.0,18727.00,0.00,18727.00,0,0,0,18727.00,0.00,18727.00,1,1,0,18727.00,0.00,18727.00,2,2,0,18727.00,0.00,18727.00,2,2,0,18727.00,0.00,18727.00,2,2,0,18727.00,0.00,18727.00,2,2,0
SCN-09-LEGIT-RELAY-0088,INC-SCN-09-LEGIT-RELAY-0088,2026-09-10T14:49:00+00:00,14622.00,14622.00,14622.00,0.00,11844.61,14622.00,2777.39,1,2,1,1,0,0,20600.00,20600.00,0.00,7222.61,1.0,14622.00,0.00,14622.00,0,0,0,14622.00,0.00,14622.00,1,1,0,14622.00,0.00,14622.00,2,2,0,14622.00,0.00,14622.00,2,2,0,14622.00,0.00,14622.00,2,2,0,14622.00,0.00,14622.00,2,2,0
SCN-09-LEGIT-RELAY-0089,INC-SCN-09-LEGIT-RELAY-0089,2026-09-10T15:04:00+00:00,23914.00,23914.00,23914.00,0.00,19155.95,23914.00,4758.05,1,2,1,1,0,0,33951.00,33951.00,0.00,5241.95,1.0,23914.00,0.00,23914.00,0,0,0,23914.00,0.00,23914.00,1,1,0,23914.00,0.00,23914.00,2,2,0,23914.00,0.00,23914.00,2,2,0,23914.00,0.00,23914.00,2,2,0,23914.00,0.00,23914.00,2,2,0
SCN-09-LEGIT-RELAY-0090,INC-SCN-09-LEGIT-RELAY-0090,2026-09-10T15:19:00+00:00,17864.00,17864.00,17864.00,0.00,13867.39,17864.00,3996.61,1,2,1,1,0,0,25476.00,25476.00,0.00,6003.39,1.0,17864.00,0.00,17864.00,0,0,0,17864.00,0.00,17864.00,1,1,0,17864.00,0.00,17864.00,2,2,0,17864.00,0.00,17864.00,2,2,0,17864.00,0.00,17864.00,2,2,0,17864.00,0.00,17864.00,2,2,0
SCN-09-LEGIT-RELAY-0091,INC-SCN-09-LEGIT-RELAY-0091,2026-09-10T15:34:00+00:00,17269.00,17269.00,17269.00,0.00,13360.59,17269.00,3908.41,1,2,1,1,0,0,25199.00,25199.00,0.00,6091.59,1.0,17269.00,0.00,17269.00,0,0,0,17269.00,0.00,17269.00,1,1,0,17269.00,0.00,17269.00,2,2,0,17269.00,0.00,17269.00,2,2,0,17269.00,0.00,17269.00,2,2,0,17269.00,0.00,17269.00,2,2,0
SCN-09-LEGIT-RELAY-0092,INC-SCN-09-LEGIT-RELAY-0092,2026-09-10T15:49:00+00:00,19579.00,19579.00,19579.00,0.00,15510.54,19579.00,4068.46,1,2,1,1,0,0,28208.00,28208.00,0.00,5931.54,1.0,19579.00,0.00,19579.00,0,0,0,19579.00,0.00,19579.00,1,1,0,19579.00,0.00,19579.00,1,1,0,19579.00,0.00,19579.00,1,1,0,19579.00,0.00,19579.00,1,1,0,19579.00,0.00,19579.00,1,1,0
SCN-09-LEGIT-RELAY-0093,INC-SCN-09-LEGIT-RELAY-0093,2026-09-10T16:04:00+00:00,23194.00,23194.00,23194.00,0.00,18565.93,23194.00,4628.07,1,2,1,1,0,0,33116.00,33116.00,0.00,5371.93,1.0,23194.00,0.00,23194.00,0,0,0,23194.00,0.00,23194.00,1,1,0,23194.00,0.00,23194.00,2,2,0,23194.00,0.00,23194.00,2,2,0,23194.00,0.00,23194.00,2,2,0,23194.00,0.00,23194.00,2,2,0
SCN-09-LEGIT-RELAY-0094,INC-SCN-09-LEGIT-RELAY-0094,2026-09-10T16:19:00+00:00,23174.00,23174.00,23174.00,0.00,17945.04,23174.00,5228.96,1,2,1,1,0,0,34553.00,34553.00,0.00,4771.04,1.0,23174.00,0.00,23174.00,0,0,0,23174.00,0.00,23174.00,1,1,0,23174.00,0.00,23174.00,1,1,0,23174.00,0.00,23174.00,1,1,0,23174.00,0.00,23174.00,1,1,0,23174.00,0.00,23174.00,1,1,0
SCN-09-LEGIT-RELAY-0095,INC-SCN-09-LEGIT-RELAY-0095,2026-09-10T16:34:00+00:00,17810.00,17810.00,17810.00,0.00,13786.44,17810.00,4023.56,1,2,1,1,0,0,26107.00,26107.00,0.00,5976.44,1.0,17810.00,0.00,17810.00,0,0,0,17810.00,0.00,17810.00,1,1,0,17810.00,0.00,17810.00,2,2,0,17810.00,0.00,17810.00,2,2,0,17810.00,0.00,17810.00,2,2,0,17810.00,0.00,17810.00,2,2,0
SCN-09-LEGIT-RELAY-0096,INC-SCN-09-LEGIT-RELAY-0096,2026-09-10T16:49:00+00:00,15102.00,15102.00,15102.00,0.00,15102.00,15102.00,0.00,1,1,0,0,0,0,15102.00,15102.00,0.00,0.00,1.0,15102.00,0.00,15102.00,0,0,0,15102.00,0.00,15102.00,0,0,0,15102.00,0.00,15102.00,0,0,0,15102.00,0.00,15102.00,0,0,0,15102.00,0.00,15102.00,0,0,0,15102.00,0.00,15102.00,0,0,0
SCN-09-LEGIT-RELAY-0097,INC-SCN-09-LEGIT-RELAY-0097,2026-09-10T17:04:00+00:00,20972.00,20972.00,20972.00,0.00,16547.95,20972.00,4424.05,1,2,1,1,0,0,29294.00,29294.00,0.00,5575.95,1.0,20972.00,0.00,20972.00,0,0,0,20972.00,0.00,20972.00,1,1,0,20972.00,0.00,20972.00,2,2,0,20972.00,0.00,20972.00,2,2,0,20972.00,0.00,20972.00,2,2,0,20972.00,0.00,20972.00,2,2,0
SCN-09-LEGIT-RELAY-0098,INC-SCN-09-LEGIT-RELAY-0098,2026-09-10T17:19:00+00:00,17640.00,17640.00,17640.00,0.00,17640.00,17640.00,0.00,1,1,0,0,0,0,17640.00,17640.00,0.00,0.00,1.0,17640.00,0.00,17640.00,0,0,0,17640.00,0.00,17640.00,1,1,0,17640.00,0.00,17640.00,2,2,0,17640.00,0.00,17640.00,2,2,0,17640.00,0.00,17640.00,2,2,0,17640.00,0.00,17640.00,2,2,0
SCN-09-LEGIT-RELAY-0099,INC-SCN-09-LEGIT-RELAY-0099,2026-09-10T17:34:00+00:00,16396.00,16396.00,16396.00,0.00,12440.53,16396.00,3955.47,1,2,1,1,0,0,24533.00,24533.00,0.00,6044.53,1.0,16396.00,0.00,16396.00,0,0,0,16396.00,0.00,16396.00,1,1,0,16396.00,0.00,16396.00,2,2,0,16396.00,0.00,16396.00,2,2,0,16396.00,0.00,16396.00,2,2,0,16396.00,0.00,16396.00,2,2,0
SCN-09-LEGIT-RELAY-0100,INC-SCN-09-LEGIT-RELAY-0100,2026-09-10T17:49:00+00:00,23995.00,23995.00,23995.00,0.00,19131.48,23995.00,4863.52,1,2,1,1,0,0,34156.00,34156.00,0.00,5136.48,1.0,23995.00,0.00,23995.00,0,0,0,23995.00,0.00,23995.00,2,2,0,23995.00,0.00,23995.00,2,2,0,23995.00,0.00,23995.00,2,2,0,23995.00,0.00,23995.00,2,2,0,23995.00,0.00,23995.00,2,2,0
SCN-10-PAYROLL-SPLIT-0001,INC-SCN-10-PAYROLL-SPLIT-0001,2026-09-10T18:04:00+00:00,28492.00,28492.00,28492.00,0.00,22428.51,28492.00,6063.49,1,3,2,2,0,0,41516.00,41516.00,0.00,13936.51,1.0,28492.00,0.00,28492.00,0,0,0,28492.00,0.00,28492.00,2,1,0,28492.00,0.00,28492.00,2,1,0,28492.00,0.00,28492.00,2,1,0,28492.00,0.00,28492.00,2,1,0,28492.00,0.00,28492.00,2,1,0
SCN-10-PAYROLL-SPLIT-0002,INC-SCN-10-PAYROLL-SPLIT-0002,2026-09-10T18:19:00+00:00,26554.00,26554.00,26554.00,0.00,17108.60,26554.00,9445.40,1,4,3,3,0,0,46815.00,46815.00,0.00,20554.60,1.0,26554.00,0.00,26554.00,0,0,0,26554.00,0.00,26554.00,3,1,0,26554.00,0.00,26554.00,3,1,0,26554.00,0.00,26554.00,3,1,0,26554.00,0.00,26554.00,3,1,0,26554.00,0.00,26554.00,3,1,0
SCN-10-PAYROLL-SPLIT-0003,INC-SCN-10-PAYROLL-SPLIT-0003,2026-09-10T18:34:00+00:00,16256.00,16256.00,16256.00,0.00,10755.09,16256.00,5500.91,1,4,3,3,0,0,27892.00,27892.00,0.00,24499.09,1.0,16256.00,0.00,16256.00,0,0,0,16256.00,0.00,16256.00,3,1,0,16256.00,0.00,16256.00,3,1,0,16256.00,0.00,16256.00,3,1,0,16256.00,0.00,16256.00,3,1,0,16256.00,0.00,16256.00,3,1,0
SCN-10-PAYROLL-SPLIT-0004,INC-SCN-10-PAYROLL-SPLIT-0004,2026-09-10T18:49:00+00:00,26524.00,26524.00,26524.00,0.00,17200.15,23398.53,6198.38,1,3,2,2,0,0,40089.00,40089.00,0.00,13801.62,0.882164,26524.00,0.00,26524.00,0,0,0,26524.00,0.00,26524.00,2,1,0,26524.00,0.00,26524.00,2,1,0,26524.00,0.00,26524.00,2,1,0,26524.00,0.00,26524.00,2,1,0,26524.00,0.00,26524.00,2,1,0
SCN-10-PAYROLL-SPLIT-0005,INC-SCN-10-PAYROLL-SPLIT-0005,2026-09-10T19:04:00+00:00,15765.00,15765.00,15765.00,0.00,9420.56,13359.96,3939.40,1,3,2,2,0,0,23244.00,23244.00,579.44,16640.04,0.847444,15765.00,0.00,15765.00,0,0,0,15765.00,0.00,15765.00,2,1,0,15765.00,0.00,15765.00,2,1,0,15765.00,0.00,15765.00,2,1,0,15765.00,0.00,15765.00,2,1,0,15765.00,0.00,15765.00,2,1,0
SCN-10-PAYROLL-SPLIT-0006,INC-SCN-10-PAYROLL-SPLIT-0006,2026-09-10T19:19:00+00:00,26164.00,26164.00,26164.00,0.00,15078.67,26164.00,11085.33,1,4,3,3,0,0,46845.00,46845.00,0.00,18914.67,1.0,26164.00,0.00,26164.00,0,0,0,26164.00,0.00,26164.00,3,1,0,26164.00,0.00,26164.00,3,1,0,26164.00,0.00,26164.00,3,1,0,26164.00,0.00,26164.00,3,1,0,26164.00,0.00,26164.00,3,1,0
SCN-10-PAYROLL-SPLIT-0007,INC-SCN-10-PAYROLL-SPLIT-0007,2026-09-10T19:34:00+00:00,20017.00,20017.00,20017.00,0.00,12055.91,20017.00,7961.09,1,4,3,3,0,0,36183.00,36183.00,0.00,22038.91,1.0,20017.00,0.00,20017.00,0,0,0,20017.00,0.00,20017.00,3,1,0,20017.00,0.00,20017.00,3,1,0,20017.00,0.00,20017.00,3,1,0,20017.00,0.00,20017.00,3,1,0,20017.00,0.00,20017.00,3,1,0
SCN-10-PAYROLL-SPLIT-0008,INC-SCN-10-PAYROLL-SPLIT-0008,2026-09-10T19:49:00+00:00,17134.00,17134.00,17134.00,0.00,12576.86,17134.00,4557.14,1,3,2,2,0,0,26439.00,26439.00,0.00,15442.86,1.0,17134.00,0.00,17134.00,0,0,0,17134.00,0.00,17134.00,3,1,0,17134.00,0.00,17134.00,3,1,0,17134.00,0.00,17134.00,3,1,0,17134.00,0.00,17134.00,3,1,0,17134.00,0.00,17134.00,3,1,0
SCN-10-PAYROLL-SPLIT-0009,INC-SCN-10-PAYROLL-SPLIT-0009,2026-09-10T20:04:00+00:00,22077.00,22077.00,22077.00,0.00,16326.25,22077.00,5750.75,1,3,2,2,0,0,33963.00,33963.00,0.00,14249.25,1.0,22077.00,0.00,22077.00,0,0,0,22077.00,0.00,22077.00,3,1,0,22077.00,0.00,22077.00,3,1,0,22077.00,0.00,22077.00,3,1,0,22077.00,0.00,22077.00,3,1,0,22077.00,0.00,22077.00,3,1,0
SCN-10-PAYROLL-SPLIT-0010,INC-SCN-10-PAYROLL-SPLIT-0010,2026-09-10T20:19:00+00:00,24973.00,24973.00,24973.00,0.00,15002.98,22013.16,7010.18,1,3,2,2,0,0,38942.00,38942.00,0.00,12989.82,0.881478,24973.00,0.00,24973.00,0,0,0,24973.00,0.00,24973.00,2,1,0,24973.00,0.00,24973.00,2,1,0,24973.00,0.00,24973.00,2,1,0,24973.00,0.00,24973.00,2,1,0,24973.00,0.00,24973.00,2,1,0
SCN-10-PAYROLL-SPLIT-0011,INC-SCN-10-PAYROLL-SPLIT-0011,2026-09-10T20:34:00+00:00,23027.00,23027.00,23027.00,0.00,20231.67,23027.00,2795.33,1,2,1,1,0,0,28472.00,28472.00,0.00,7204.67,1.0,23027.00,0.00,23027.00,0,0,0,23027.00,0.00,23027.00,2,1,0,23027.00,0.00,23027.00,2,1,0,23027.00,0.00,23027.00,2,1,0,23027.00,0.00,23027.00,2,1,0,23027.00,0.00,23027.00,2,1,0
SCN-10-PAYROLL-SPLIT-0012,INC-SCN-10-PAYROLL-SPLIT-0012,2026-09-10T20:49:00+00:00,19851.00,19851.00,19851.00,0.00,14723.72,19851.00,5127.28,1,3,2,2,0,0,30976.00,30976.00,0.00,14872.72,1.0,19851.00,0.00,19851.00,0,0,0,19851.00,0.00,19851.00,3,1,0,19851.00,0.00,19851.00,3,1,0,19851.00,0.00,19851.00,3,1,0,19851.00,0.00,19851.00,3,1,0,19851.00,0.00,19851.00,3,1,0
SCN-10-PAYROLL-SPLIT-0013,INC-SCN-10-PAYROLL-SPLIT-0013,2026-09-10T21:04:00+00:00,18174.00,18174.00,18174.00,0.00,13755.63,18174.00,4418.37,1,3,2,2,0,0,27276.00,27276.00,0.00,15581.63,1.0,18174.00,0.00,18174.00,0,0,0,18174.00,0.00,18174.00,2,1,0,18174.00,0.00,18174.00,2,1,0,18174.00,0.00,18174.00,2,1,0,18174.00,0.00,18174.00,2,1,0,18174.00,0.00,18174.00,2,1,0
SCN-10-PAYROLL-SPLIT-0014,INC-SCN-10-PAYROLL-SPLIT-0014,2026-09-10T21:19:00+00:00,15880.00,15880.00,15880.00,0.00,11722.54,15880.00,4157.46,1,3,2,2,0,0,24662.00,24662.00,0.00,15842.54,1.0,15880.00,0.00,15880.00,0,0,0,15880.00,0.00,15880.00,3,1,0,15880.00,0.00,15880.00,3,1,0,15880.00,0.00,15880.00,3,1,0,15880.00,0.00,15880.00,3,1,0,15880.00,0.00,15880.00,3,1,0
SCN-10-PAYROLL-SPLIT-0015,INC-SCN-10-PAYROLL-SPLIT-0015,2026-09-10T21:34:00+00:00,27846.00,27846.00,27846.00,0.00,17709.43,21508.24,3798.81,1,2,1,1,0,0,35351.00,35351.00,0.00,6201.19,0.7724,27846.00,0.00,27846.00,0,0,0,27846.00,0.00,27846.00,1,1,0,27846.00,0.00,27846.00,1,1,0,27846.00,0.00,27846.00,1,1,0,27846.00,0.00,27846.00,1,1,0,27846.00,0.00,27846.00,1,1,0
SCN-10-PAYROLL-SPLIT-0016,INC-SCN-10-PAYROLL-SPLIT-0016,2026-09-10T21:49:00+00:00,23378.00,23378.00,23378.00,0.00,15400.03,23378.00,7977.97,1,4,3,3,0,0,40412.00,40412.00,0.00,22022.03,1.0,23378.00,0.00,23378.00,0,0,0,23378.00,0.00,23378.00,3,1,0,23378.00,0.00,23378.00,3,1,0,23378.00,0.00,23378.00,3,1,0,23378.00,0.00,23378.00,3,1,0,23378.00,0.00,23378.00,3,1,0
SCN-10-PAYROLL-SPLIT-0017,INC-SCN-10-PAYROLL-SPLIT-0017,2026-09-10T22:04:00+00:00,30745.00,30745.00,30745.00,0.00,20332.04,27378.18,7046.14,1,3,2,2,0,0,44183.00,44183.00,0.00,12953.86,0.890492,30745.00,0.00,30745.00,0,0,0,30745.00,0.00,30745.00,2,1,0,30745.00,0.00,30745.00,2,1,0,30745.00,0.00,30745.00,2,1,0,30745.00,0.00,30745.00,2,1,0,30745.00,0.00,30745.00,2,1,0
SCN-10-PAYROLL-SPLIT-0018,INC-SCN-10-PAYROLL-SPLIT-0018,2026-09-10T22:19:00+00:00,23830.00,23830.00,23830.00,0.00,15959.59,23830.00,7870.41,1,4,3,3,0,0,40562.00,40562.00,0.00,22129.59,1.0,23830.00,0.00,23830.00,0,0,0,23830.00,0.00,23830.00,3,1,0,23830.00,0.00,23830.00,3,1,0,23830.00,0.00,23830.00,3,1,0,23830.00,0.00,23830.00,3,1,0,23830.00,0.00,23830.00,3,1,0
SCN-10-PAYROLL-SPLIT-0019,INC-SCN-10-PAYROLL-SPLIT-0019,2026-09-10T22:34:00+00:00,19085.00,19085.00,19085.00,0.00,11947.50,19085.00,7137.50,1,4,3,3,0,0,32725.00,32725.00,0.00,22862.50,1.0,19085.00,0.00,19085.00,0,0,0,19085.00,0.00,19085.00,3,1,0,19085.00,0.00,19085.00,3,1,0,19085.00,0.00,19085.00,3,1,0,19085.00,0.00,19085.00,3,1,0,19085.00,0.00,19085.00,3,1,0
SCN-10-PAYROLL-SPLIT-0020,INC-SCN-10-PAYROLL-SPLIT-0020,2026-09-10T22:49:00+00:00,21949.00,21949.00,21949.00,0.00,18831.10,21949.00,3117.90,1,2,1,1,0,0,28100.00,28100.00,0.00,6882.10,1.0,21949.00,0.00,21949.00,0,0,0,21949.00,0.00,21949.00,1,1,0,21949.00,0.00,21949.00,1,1,0,21949.00,0.00,21949.00,1,1,0,21949.00,0.00,21949.00,1,1,0,21949.00,0.00,21949.00,1,1,0
SCN-10-PAYROLL-SPLIT-0021,INC-SCN-10-PAYROLL-SPLIT-0021,2026-09-10T23:04:00+00:00,20745.00,20745.00,20745.00,0.00,15310.17,17855.61,2545.44,1,2,1,1,0,0,25770.00,25770.00,0.00,7454.56,0.860719,20745.00,0.00,20745.00,0,0,0,20745.00,0.00,20745.00,2,1,0,20745.00,0.00,20745.00,2,1,0,20745.00,0.00,20745.00,2,1,0,20745.00,0.00,20745.00,2,1,0,20745.00,0.00,20745.00,2,1,0
SCN-10-PAYROLL-SPLIT-0022,INC-SCN-10-PAYROLL-SPLIT-0022,2026-09-10T23:19:00+00:00,30341.00,30341.00,30341.00,0.00,27043.79,30341.00,3297.21,1,2,1,1,0,0,37653.00,37653.00,0.00,6702.79,1.0,30341.00,0.00,30341.00,0,0,0,30341.00,0.00,30341.00,2,1,0,30341.00,0.00,30341.00,2,1,0,30341.00,0.00,30341.00,2,1,0,30341.00,0.00,30341.00,2,1,0,30341.00,0.00,30341.00,2,1,0
SCN-10-PAYROLL-SPLIT-0023,INC-SCN-10-PAYROLL-SPLIT-0023,2026-09-10T23:34:00+00:00,18934.00,18934.00,18934.00,0.00,16524.65,18934.00,2409.35,1,2,1,1,0,0,23352.00,23352.00,0.00,7590.65,1.0,18934.00,0.00,18934.00,0,0,0,18934.00,0.00,18934.00,3,1,0,18934.00,0.00,18934.00,3,1,0,18934.00,0.00,18934.00,3,1,0,18934.00,0.00,18934.00,3,1,0,18934.00,0.00,18934.00,3,1,0
SCN-10-PAYROLL-SPLIT-0024,INC-SCN-10-PAYROLL-SPLIT-0024,2026-09-10T23:49:00+00:00,16950.00,16950.00,16950.00,0.00,11302.05,15150.04,3847.99,1,3,2,2,0,0,25125.00,25125.00,0.00,16152.01,0.893808,16950.00,0.00,16950.00,0,0,0,16950.00,0.00,16950.00,2,1,0,16950.00,0.00,16950.00,2,1,0,16950.00,0.00,16950.00,2,1,0,16950.00,0.00,16950.00,2,1,0,16950.00,0.00,16950.00,2,1,0
SCN-10-PAYROLL-SPLIT-0025,INC-SCN-10-PAYROLL-SPLIT-0025,2026-09-11T00:04:00+00:00,27465.00,27465.00,27465.00,0.00,19303.66,27465.00,8161.34,1,3,2,2,0,0,42671.00,42671.00,0.00,11838.66,1.0,27465.00,0.00,27465.00,0,0,0,27465.00,0.00,27465.00,3,1,0,27465.00,0.00,27465.00,3,1,0,27465.00,0.00,27465.00,3,1,0,27465.00,0.00,27465.00,3,1,0,27465.00,0.00,27465.00,3,1,0
SCN-10-PAYROLL-SPLIT-0026,INC-SCN-10-PAYROLL-SPLIT-0026,2026-09-11T00:19:00+00:00,19324.00,19324.00,19324.00,0.00,12081.88,19324.00,7242.12,1,4,3,3,0,0,33239.00,33239.00,0.00,22757.88,1.0,19324.00,0.00,19324.00,0,0,0,19324.00,0.00,19324.00,3,1,0,19324.00,0.00,19324.00,3,1,0,19324.00,0.00,19324.00,3,1,0,19324.00,0.00,19324.00,3,1,0,19324.00,0.00,19324.00,3,1,0
SCN-10-PAYROLL-SPLIT-0027,INC-SCN-10-PAYROLL-SPLIT-0027,2026-09-11T00:34:00+00:00,22752.00,22752.00,22752.00,0.00,15552.60,22752.00,7199.40,1,4,3,3,0,0,38009.00,38009.00,0.00,22800.60,1.0,22752.00,0.00,22752.00,0,0,0,22752.00,0.00,22752.00,3,1,0,22752.00,0.00,22752.00,3,1,0,22752.00,0.00,22752.00,3,1,0,22752.00,0.00,22752.00,3,1,0,22752.00,0.00,22752.00,3,1,0
SCN-10-PAYROLL-SPLIT-0028,INC-SCN-10-PAYROLL-SPLIT-0028,2026-09-11T00:49:00+00:00,15805.00,15805.00,15805.00,0.00,10421.88,15805.00,5383.12,1,4,3,3,0,0,27028.00,27028.00,0.00,24616.88,1.0,15805.00,0.00,15805.00,0,0,0,15805.00,0.00,15805.00,3,1,0,15805.00,0.00,15805.00,3,1,0,15805.00,0.00,15805.00,3,1,0,15805.00,0.00,15805.00,3,1,0,15805.00,0.00,15805.00,3,1,0
SCN-10-PAYROLL-SPLIT-0029,INC-SCN-10-PAYROLL-SPLIT-0029,2026-09-11T01:04:00+00:00,23556.00,23556.00,23556.00,0.00,15123.98,23556.00,8432.02,1,4,3,3,0,0,41088.00,41088.00,0.00,21567.98,1.0,23556.00,0.00,23556.00,0,0,0,23556.00,0.00,23556.00,3,1,0,23556.00,0.00,23556.00,3,1,0,23556.00,0.00,23556.00,3,1,0,23556.00,0.00,23556.00,3,1,0,23556.00,0.00,23556.00,3,1,0
SCN-10-PAYROLL-SPLIT-0030,INC-SCN-10-PAYROLL-SPLIT-0030,2026-09-11T01:19:00+00:00,23244.00,23244.00,23244.00,0.00,14877.24,20456.38,5579.14,1,3,2,2,0,0,34734.00,34734.00,0.00,14420.86,0.880071,23244.00,0.00,23244.00,0,0,0,23244.00,0.00,23244.00,2,1,0,23244.00,0.00,23244.00,2,1,0,23244.00,0.00,23244.00,2,1,0,23244.00,0.00,23244.00,2,1,0,23244.00,0.00,23244.00,2,1,0
SCN-10-PAYROLL-SPLIT-0031,INC-SCN-10-PAYROLL-SPLIT-0031,2026-09-11T01:34:00+00:00,21054.00,21054.00,21054.00,0.00,13721.13,21054.00,7332.87,1,4,3,3,0,0,35337.00,35337.00,0.00,22667.13,1.0,21054.00,0.00,21054.00,0,0,0,21054.00,0.00,21054.00,3,1,0,21054.00,0.00,21054.00,3,1,0,21054.00,0.00,21054.00,3,1,0,21054.00,0.00,21054.00,3,1,0,21054.00,0.00,21054.00,3,1,0
SCN-10-PAYROLL-SPLIT-0032,INC-SCN-10-PAYROLL-SPLIT-0032,2026-09-11T01:49:00+00:00,29470.00,29470.00,29470.00,0.00,22320.49,29470.00,7149.51,1,3,2,2,0,0,45205.00,45205.00,0.00,12850.49,1.0,29470.00,0.00,29470.00,0,0,0,29470.00,0.00,29470.00,2,1,0,29470.00,0.00,29470.00,2,1,0,29470.00,0.00,29470.00,2,1,0,29470.00,0.00,29470.00,2,1,0,29470.00,0.00,29470.00,2,1,0
SCN-10-PAYROLL-SPLIT-0033,INC-SCN-10-PAYROLL-SPLIT-0033,2026-09-11T02:04:00+00:00,31181.00,31181.00,31181.00,0.00,18607.89,26567.91,7960.02,1,3,2,2,0,0,46640.00,46640.00,0.00,12039.98,0.852054,31181.00,0.00,31181.00,0,0,0,31181.00,0.00,31181.00,2,1,0,31181.00,0.00,31181.00,2,1,0,31181.00,0.00,31181.00,2,1,0,31181.00,0.00,31181.00,2,1,0,31181.00,0.00,31181.00,2,1,0
SCN-10-PAYROLL-SPLIT-0034,INC-SCN-10-PAYROLL-SPLIT-0034,2026-09-11T02:19:00+00:00,19695.00,19695.00,19695.00,0.00,14640.94,19695.00,5054.06,1,3,2,2,0,0,30389.00,30389.00,0.00,14945.94,1.0,19695.00,0.00,19695.00,0,0,0,19695.00,0.00,19695.00,3,1,0,19695.00,0.00,19695.00,3,1,0,19695.00,0.00,19695.00,3,1,0,19695.00,0.00,19695.00,3,1,0,19695.00,0.00,19695.00,3,1,0
SCN-10-PAYROLL-SPLIT-0035,INC-SCN-10-PAYROLL-SPLIT-0035,2026-09-11T02:34:00+00:00,22561.00,22561.00,22561.00,0.00,15054.15,22561.00,7506.85,1,4,3,3,0,0,38910.00,38910.00,0.00,22493.15,1.0,22561.00,0.00,22561.00,0,0,0,22561.00,0.00,22561.00,3,1,0,22561.00,0.00,22561.00,3,1,0,22561.00,0.00,22561.00,3,1,0,22561.00,0.00,22561.00,3,1,0,22561.00,0.00,22561.00,3,1,0
SCN-10-PAYROLL-SPLIT-0036,INC-SCN-10-PAYROLL-SPLIT-0036,2026-09-11T02:49:00+00:00,22136.00,22136.00,22136.00,0.00,19590.77,22136.00,2545.23,1,2,1,1,0,0,27516.00,27516.00,0.00,7454.77,1.0,22136.00,0.00,22136.00,0,0,0,22136.00,0.00,22136.00,2,1,0,22136.00,0.00,22136.00,2,1,0,22136.00,0.00,22136.00,2,1,0,22136.00,0.00,22136.00,2,1,0,22136.00,0.00,22136.00,2,1,0
SCN-10-PAYROLL-SPLIT-0037,INC-SCN-10-PAYROLL-SPLIT-0037,2026-09-11T03:04:00+00:00,31858.00,31858.00,31858.00,0.00,20827.88,31858.00,11030.12,1,4,3,3,0,0,52846.00,52846.00,0.00,18969.88,1.0,31858.00,0.00,31858.00,0,0,0,31858.00,0.00,31858.00,3,1,0,31858.00,0.00,31858.00,3,1,0,31858.00,0.00,31858.00,3,1,0,31858.00,0.00,31858.00,3,1,0,31858.00,0.00,31858.00,3,1,0
SCN-10-PAYROLL-SPLIT-0038,INC-SCN-10-PAYROLL-SPLIT-0038,2026-09-11T03:19:00+00:00,15993.00,15993.00,15993.00,0.00,10546.78,15993.00,5446.22,1,4,3,3,0,0,27273.00,27273.00,0.00,24553.78,1.0,15993.00,0.00,15993.00,0,0,0,15993.00,0.00,15993.00,3,1,0,15993.00,0.00,15993.00,3,1,0,15993.00,0.00,15993.00,3,1,0,15993.00,0.00,15993.00,3,1,0,15993.00,0.00,15993.00,3,1,0
SCN-10-PAYROLL-SPLIT-0039,INC-SCN-10-PAYROLL-SPLIT-0039,2026-09-11T03:34:00+00:00,27939.00,27939.00,27939.00,0.00,21163.47,27939.00,6775.53,1,3,2,2,0,0,41258.00,41258.00,0.00,13224.47,1.0,27939.00,0.00,27939.00,0,0,0,27939.00,0.00,27939.00,3,1,0,27939.00,0.00,27939.00,3,1,0,27939.00,0.00,27939.00,3,1,0,27939.00,0.00,27939.00,3,1,0,27939.00,0.00,27939.00,3,1,0
SCN-10-PAYROLL-SPLIT-0040,INC-SCN-10-PAYROLL-SPLIT-0040,2026-09-11T03:49:00+00:00,23913.00,23913.00,23913.00,0.00,14854.07,23913.00,9058.93,1,4,3,3,0,0,41968.00,41968.00,0.00,20941.07,1.0,23913.00,0.00,23913.00,0,0,0,23913.00,0.00,23913.00,3,1,0,23913.00,0.00,23913.00,3,1,0,23913.00,0.00,23913.00,3,1,0,23913.00,0.00,23913.00,3,1,0,23913.00,0.00,23913.00,3,1,0
SCN-10-PAYROLL-SPLIT-0041,INC-SCN-10-PAYROLL-SPLIT-0041,2026-09-11T04:04:00+00:00,26292.00,26292.00,26292.00,0.00,14595.33,26292.00,11696.67,1,4,3,3,0,0,48179.00,48179.00,0.00,18303.33,1.0,26292.00,0.00,26292.00,0,0,0,26292.00,0.00,26292.00,3,1,0,26292.00,0.00,26292.00,3,1,0,26292.00,0.00,26292.00,3,1,0,26292.00,0.00,26292.00,3,1,0,26292.00,0.00,26292.00,3,1,0
SCN-10-PAYROLL-SPLIT-0042,INC-SCN-10-PAYROLL-SPLIT-0042,2026-09-11T04:19:00+00:00,26589.00,26589.00,26589.00,0.00,21312.55,26589.00,5276.45,1,3,2,2,0,0,38229.00,38229.00,0.00,14723.55,1.0,26589.00,0.00,26589.00,0,0,0,26589.00,0.00,26589.00,3,1,0,26589.00,0.00,26589.00,3,1,0,26589.00,0.00,26589.00,3,1,0,26589.00,0.00,26589.00,3,1,0,26589.00,0.00,26589.00,3,1,0
SCN-10-PAYROLL-SPLIT-0043,INC-SCN-10-PAYROLL-SPLIT-0043,2026-09-11T04:34:00+00:00,25735.00,25735.00,25735.00,0.00,19039.03,25735.00,6695.97,1,3,2,2,0,0,38030.00,38030.00,0.00,13304.03,1.0,25735.00,0.00,25735.00,0,0,0,25735.00,0.00,25735.00,3,1,0,25735.00,0.00,25735.00,3,1,0,25735.00,0.00,25735.00,3,1,0,25735.00,0.00,25735.00,3,1,0,25735.00,0.00,25735.00,3,1,0
SCN-10-PAYROLL-SPLIT-0044,INC-SCN-10-PAYROLL-SPLIT-0044,2026-09-11T04:49:00+00:00,32325.00,32325.00,32325.00,0.00,27645.69,32325.00,4679.31,1,2,1,1,0,0,40950.00,40950.00,0.00,5320.69,1.0,32325.00,0.00,32325.00,0,0,0,32325.00,0.00,32325.00,2,1,0,32325.00,0.00,32325.00,2,1,0,32325.00,0.00,32325.00,2,1,0,32325.00,0.00,32325.00,2,1,0,32325.00,0.00,32325.00,2,1,0
SCN-10-PAYROLL-SPLIT-0045,INC-SCN-10-PAYROLL-SPLIT-0045,2026-09-11T05:04:00+00:00,22293.00,22293.00,22293.00,0.00,14655.09,22293.00,7637.91,1,4,3,3,0,0,38694.00,38694.00,0.00,22362.09,1.0,22293.00,0.00,22293.00,0,0,0,22293.00,0.00,22293.00,3,1,0,22293.00,0.00,22293.00,3,1,0,22293.00,0.00,22293.00,3,1,0,22293.00,0.00,22293.00,3,1,0,22293.00,0.00,22293.00,3,1,0
SCN-10-PAYROLL-SPLIT-0046,INC-SCN-10-PAYROLL-SPLIT-0046,2026-09-11T05:19:00+00:00,21309.00,21309.00,21309.00,0.00,13683.05,21309.00,7625.95,1,4,3,3,0,0,36703.00,36703.00,0.00,22374.05,1.0,21309.00,0.00,21309.00,0,0,0,21309.00,0.00,21309.00,3,1,0,21309.00,0.00,21309.00,3,1,0,21309.00,0.00,21309.00,3,1,0,21309.00,0.00,21309.00,3,1,0,21309.00,0.00,21309.00,3,1,0
SCN-10-PAYROLL-SPLIT-0047,INC-SCN-10-PAYROLL-SPLIT-0047,2026-09-11T05:34:00+00:00,25586.00,25586.00,25586.00,0.00,16542.12,25586.00,9043.88,1,4,3,3,0,0,43824.00,43824.00,0.00,20956.12,1.0,25586.00,0.00,25586.00,0,0,0,25586.00,0.00,25586.00,3,1,0,25586.00,0.00,25586.00,3,1,0,25586.00,0.00,25586.00,3,1,0,25586.00,0.00,25586.00,3,1,0,25586.00,0.00,25586.00,3,1,0
SCN-10-PAYROLL-SPLIT-0048,INC-SCN-10-PAYROLL-SPLIT-0048,2026-09-11T05:49:00+00:00,18062.00,18062.00,18062.00,0.00,11465.54,18062.00,6596.46,1,4,3,3,0,0,31271.00,31271.00,0.00,23403.54,1.0,18062.00,0.00,18062.00,0,0,0,18062.00,0.00,18062.00,3,1,0,18062.00,0.00,18062.00,3,1,0,18062.00,0.00,18062.00,3,1,0,18062.00,0.00,18062.00,3,1,0,18062.00,0.00,18062.00,3,1,0
SCN-10-PAYROLL-SPLIT-0049,INC-SCN-10-PAYROLL-SPLIT-0049,2026-09-11T06:04:00+00:00,18219.00,18219.00,18219.00,0.00,13332.27,18219.00,4886.73,1,3,2,2,0,0,27875.00,27875.00,0.00,15113.27,1.0,18219.00,0.00,18219.00,0,0,0,18219.00,0.00,18219.00,3,1,0,18219.00,0.00,18219.00,3,1,0,18219.00,0.00,18219.00,3,1,0,18219.00,0.00,18219.00,3,1,0,18219.00,0.00,18219.00,3,1,0
SCN-10-PAYROLL-SPLIT-0050,INC-SCN-10-PAYROLL-SPLIT-0050,2026-09-11T06:19:00+00:00,28671.00,28671.00,28671.00,0.00,25017.71,28671.00,3653.29,1,2,1,1,0,0,35677.00,35677.00,0.00,6346.71,1.0,28671.00,0.00,28671.00,0,0,0,28671.00,0.00,28671.00,3,1,0,28671.00,0.00,28671.00,3,1,0,28671.00,0.00,28671.00,3,1,0,28671.00,0.00,28671.00,3,1,0,28671.00,0.00,28671.00,3,1,0
SCN-10-PAYROLL-SPLIT-0051,INC-SCN-10-PAYROLL-SPLIT-0051,2026-09-11T06:34:00+00:00,21136.00,21136.00,21136.00,0.00,14112.84,21136.00,7023.16,1,4,3,3,0,0,36030.00,36030.00,0.00,22976.84,1.0,21136.00,0.00,21136.00,0,0,0,21136.00,0.00,21136.00,3,1,0,21136.00,0.00,21136.00,3,1,0,21136.00,0.00,21136.00,3,1,0,21136.00,0.00,21136.00,3,1,0,21136.00,0.00,21136.00,3,1,0
SCN-10-PAYROLL-SPLIT-0052,INC-SCN-10-PAYROLL-SPLIT-0052,2026-09-11T06:49:00+00:00,23262.00,23262.00,23262.00,0.00,16192.05,23262.00,7069.95,1,4,3,3,0,0,37949.00,37949.00,0.00,22930.05,1.0,23262.00,0.00,23262.00,0,0,0,23262.00,0.00,23262.00,3,1,0,23262.00,0.00,23262.00,3,1,0,23262.00,0.00,23262.00,3,1,0,23262.00,0.00,23262.00,3,1,0,23262.00,0.00,23262.00,3,1,0
SCN-10-PAYROLL-SPLIT-0053,INC-SCN-10-PAYROLL-SPLIT-0053,2026-09-11T07:04:00+00:00,28728.00,28728.00,28728.00,0.00,19292.97,25918.89,6625.92,1,3,2,2,0,0,43253.00,43253.00,0.00,13374.08,0.902217,28728.00,0.00,28728.00,0,0,0,28728.00,0.00,28728.00,2,1,0,28728.00,0.00,28728.00,2,1,0,28728.00,0.00,28728.00,2,1,0,28728.00,0.00,28728.00,2,1,0,28728.00,0.00,28728.00,2,1,0
SCN-10-PAYROLL-SPLIT-0054,INC-SCN-10-PAYROLL-SPLIT-0054,2026-09-11T07:19:00+00:00,18873.00,18873.00,18873.00,0.00,12120.18,18873.00,6752.82,1,4,3,3,0,0,32096.00,32096.00,0.00,23247.18,1.0,18873.00,0.00,18873.00,0,0,0,18873.00,0.00,18873.00,3,1,0,18873.00,0.00,18873.00,3,1,0,18873.00,0.00,18873.00,3,1,0,18873.00,0.00,18873.00,3,1,0,18873.00,0.00,18873.00,3,1,0
SCN-10-PAYROLL-SPLIT-0055,INC-SCN-10-PAYROLL-SPLIT-0055,2026-09-11T07:34:00+00:00,25029.00,25029.00,25029.00,0.00,14990.17,25029.00,10038.83,1,4,3,3,0,0,44708.00,44708.00,0.00,19961.17,1.0,25029.00,0.00,25029.00,0,0,0,25029.00,0.00,25029.00,3,1,0,25029.00,0.00,25029.00,3,1,0,25029.00,0.00,25029.00,3,1,0,25029.00,0.00,25029.00,3,1,0,25029.00,0.00,25029.00,3,1,0
SCN-10-PAYROLL-SPLIT-0056,INC-SCN-10-PAYROLL-SPLIT-0056,2026-09-11T07:49:00+00:00,24648.00,24648.00,24648.00,0.00,15155.25,24648.00,9492.75,1,4,3,3,0,0,42663.00,42663.00,0.00,20507.25,1.0,24648.00,0.00,24648.00,0,0,0,24648.00,0.00,24648.00,3,1,0,24648.00,0.00,24648.00,3,1,0,24648.00,0.00,24648.00,3,1,0,24648.00,0.00,24648.00,3,1,0,24648.00,0.00,24648.00,3,1,0
SCN-10-PAYROLL-SPLIT-0057,INC-SCN-10-PAYROLL-SPLIT-0057,2026-09-11T08:04:00+00:00,29920.00,29920.00,29920.00,0.00,21334.04,29920.00,8585.96,1,3,2,2,0,0,46747.00,46747.00,0.00,11414.04,1.0,29920.00,0.00,29920.00,0,0,0,29920.00,0.00,29920.00,3,1,0,29920.00,0.00,29920.00,3,1,0,29920.00,0.00,29920.00,3,1,0,29920.00,0.00,29920.00,3,1,0,29920.00,0.00,29920.00,3,1,0
SCN-10-PAYROLL-SPLIT-0058,INC-SCN-10-PAYROLL-SPLIT-0058,2026-09-11T08:19:00+00:00,28120.00,28120.00,28120.00,0.00,15612.88,28120.00,12507.12,1,4,3,3,0,0,51151.00,51151.00,0.00,17492.88,1.0,28120.00,0.00,28120.00,0,0,0,28120.00,0.00,28120.00,3,1,0,28120.00,0.00,28120.00,3,1,0,28120.00,0.00,28120.00,3,1,0,28120.00,0.00,28120.00,3,1,0,28120.00,0.00,28120.00,3,1,0
SCN-10-PAYROLL-SPLIT-0059,INC-SCN-10-PAYROLL-SPLIT-0059,2026-09-11T08:34:00+00:00,20553.00,20553.00,20553.00,0.00,13567.93,20553.00,6985.07,1,4,3,3,0,0,34306.00,34306.00,0.00,23014.93,1.0,20553.00,0.00,20553.00,0,0,0,20553.00,0.00,20553.00,3,1,0,20553.00,0.00,20553.00,3,1,0,20553.00,0.00,20553.00,3,1,0,20553.00,0.00,20553.00,3,1,0,20553.00,0.00,20553.00,3,1,0
SCN-10-PAYROLL-SPLIT-0060,INC-SCN-10-PAYROLL-SPLIT-0060,2026-09-11T08:49:00+00:00,31915.00,31915.00,31915.00,0.00,19050.18,31915.00,12864.82,1,4,3,3,0,0,57481.00,57481.00,0.00,17135.18,1.0,31915.00,0.00,31915.00,0,0,0,31915.00,0.00,31915.00,3,1,0,31915.00,0.00,31915.00,3,1,0,31915.00,0.00,31915.00,3,1,0,31915.00,0.00,31915.00,3,1,0,31915.00,0.00,31915.00,3,1,0
SCN-10-PAYROLL-SPLIT-0061,INC-SCN-10-PAYROLL-SPLIT-0061,2026-09-11T09:04:00+00:00,28197.00,28197.00,28197.00,0.00,18129.45,28197.00,10067.55,1,4,3,3,0,0,47748.00,47748.00,0.00,19932.45,1.0,28197.00,0.00,28197.00,0,0,0,28197.00,0.00,28197.00,3,1,0,28197.00,0.00,28197.00,3,1,0,28197.00,0.00,28197.00,3,1,0,28197.00,0.00,28197.00,3,1,0,28197.00,0.00,28197.00,3,1,0
SCN-10-PAYROLL-SPLIT-0062,INC-SCN-10-PAYROLL-SPLIT-0062,2026-09-11T09:19:00+00:00,28571.00,28571.00,28571.00,0.00,18140.53,28571.00,10430.47,1,4,3,3,0,0,49141.00,49141.00,0.00,19569.53,1.0,28571.00,0.00,28571.00,0,0,0,28571.00,0.00,28571.00,3,1,0,28571.00,0.00,28571.00,3,1,0,28571.00,0.00,28571.00,3,1,0,28571.00,0.00,28571.00,3,1,0,28571.00,0.00,28571.00,3,1,0
SCN-10-PAYROLL-SPLIT-0063,INC-SCN-10-PAYROLL-SPLIT-0063,2026-09-11T09:34:00+00:00,28161.00,28161.00,28161.00,0.00,17565.92,24342.85,6776.93,1,3,2,2,0,0,40676.00,40676.00,0.00,13223.07,0.864417,28161.00,0.00,28161.00,0,0,0,28161.00,0.00,28161.00,2,1,0,28161.00,0.00,28161.00,2,1,0,28161.00,0.00,28161.00,2,1,0,28161.00,0.00,28161.00,2,1,0,28161.00,0.00,28161.00,2,1,0
SCN-10-PAYROLL-SPLIT-0064,INC-SCN-10-PAYROLL-SPLIT-0064,2026-09-11T09:49:00+00:00,23866.00,23866.00,23866.00,0.00,18100.23,23866.00,5765.77,1,3,2,2,0,0,35902.00,35902.00,0.00,14234.23,1.0,23866.00,0.00,23866.00,0,0,0,23866.00,0.00,23866.00,3,1,0,23866.00,0.00,23866.00,3,1,0,23866.00,0.00,23866.00,3,1,0,23866.00,0.00,23866.00,3,1,0,23866.00,0.00,23866.00,3,1,0
SCN-10-PAYROLL-SPLIT-0065,INC-SCN-10-PAYROLL-SPLIT-0065,2026-09-11T10:04:00+00:00,22840.00,22840.00,22840.00,0.00,13828.27,19880.96,6052.69,1,3,2,2,0,0,35027.00,35027.00,0.00,13947.31,0.870445,22840.00,0.00,22840.00,0,0,0,22840.00,0.00,22840.00,2,1,0,22840.00,0.00,22840.00,2,1,0,22840.00,0.00,22840.00,2,1,0,22840.00,0.00,22840.00,2,1,0,22840.00,0.00,22840.00,2,1,0
SCN-10-PAYROLL-SPLIT-0066,INC-SCN-10-PAYROLL-SPLIT-0066,2026-09-11T10:19:00+00:00,29514.00,29514.00,29514.00,0.00,18622.55,29514.00,10891.45,1,4,3,3,0,0,51091.00,51091.00,0.00,19108.55,1.0,29514.00,0.00,29514.00,0,0,0,29514.00,0.00,29514.00,3,1,0,29514.00,0.00,29514.00,3,1,0,29514.00,0.00,29514.00,3,1,0,29514.00,0.00,29514.00,3,1,0,29514.00,0.00,29514.00,3,1,0
SCN-10-PAYROLL-SPLIT-0067,INC-SCN-10-PAYROLL-SPLIT-0067,2026-09-11T10:34:00+00:00,28586.00,28586.00,28586.00,0.00,17570.29,24762.73,7192.44,1,3,2,2,0,0,42398.00,42398.00,0.00,12807.56,0.866254,28586.00,0.00,28586.00,0,0,0,28586.00,0.00,28586.00,2,1,0,28586.00,0.00,28586.00,2,1,0,28586.00,0.00,28586.00,2,1,0,28586.00,0.00,28586.00,2,1,0,28586.00,0.00,28586.00,2,1,0
SCN-10-PAYROLL-SPLIT-0068,INC-SCN-10-PAYROLL-SPLIT-0068,2026-09-11T10:49:00+00:00,31330.00,31330.00,31330.00,0.00,19093.83,26942.29,7848.46,1,3,2,2,0,0,47180.00,47180.00,0.00,12151.54,0.859952,31330.00,0.00,31330.00,0,0,0,31330.00,0.00,31330.00,2,1,0,31330.00,0.00,31330.00,2,1,0,31330.00,0.00,31330.00,2,1,0,31330.00,0.00,31330.00,2,1,0,31330.00,0.00,31330.00,2,1,0
SCN-10-PAYROLL-SPLIT-0069,INC-SCN-10-PAYROLL-SPLIT-0069,2026-09-11T11:04:00+00:00,29284.00,29284.00,29284.00,0.00,17771.57,29284.00,11512.43,1,4,3,3,0,0,51306.00,51306.00,0.00,18487.57,1.0,29284.00,0.00,29284.00,0,0,0,29284.00,0.00,29284.00,3,1,0,29284.00,0.00,29284.00,3,1,0,29284.00,0.00,29284.00,3,1,0,29284.00,0.00,29284.00,3,1,0,29284.00,0.00,29284.00,3,1,0
SCN-10-PAYROLL-SPLIT-0070,INC-SCN-10-PAYROLL-SPLIT-0070,2026-09-11T11:19:00+00:00,19889.00,19889.00,19889.00,0.00,12254.56,17101.84,4847.28,1,3,2,2,0,0,29383.00,29383.00,0.00,15152.72,0.859864,19889.00,0.00,19889.00,0,0,0,19889.00,0.00,19889.00,2,1,0,19889.00,0.00,19889.00,2,1,0,19889.00,0.00,19889.00,2,1,0,19889.00,0.00,19889.00,2,1,0,19889.00,0.00,19889.00,2,1,0
SCN-10-PAYROLL-SPLIT-0071,INC-SCN-10-PAYROLL-SPLIT-0071,2026-09-11T11:34:00+00:00,22147.00,22147.00,22147.00,0.00,14892.99,22147.00,7254.01,1,4,3,3,0,0,37750.00,37750.00,0.00,22745.99,1.0,22147.00,0.00,22147.00,0,0,0,22147.00,0.00,22147.00,3,1,0,22147.00,0.00,22147.00,3,1,0,22147.00,0.00,22147.00,3,1,0,22147.00,0.00,22147.00,3,1,0,22147.00,0.00,22147.00,3,1,0
SCN-10-PAYROLL-SPLIT-0072,INC-SCN-10-PAYROLL-SPLIT-0072,2026-09-11T11:49:00+00:00,26704.00,26704.00,26704.00,0.00,15895.43,23624.03,7728.60,1,3,2,2,0,0,41396.00,41396.00,0.00,12271.40,0.884663,26704.00,0.00,26704.00,0,0,0,26704.00,0.00,26704.00,2,1,0,26704.00,0.00,26704.00,2,1,0,26704.00,0.00,26704.00,2,1,0,26704.00,0.00,26704.00,2,1,0,26704.00,0.00,26704.00,2,1,0
SCN-10-PAYROLL-SPLIT-0073,INC-SCN-10-PAYROLL-SPLIT-0073,2026-09-11T12:04:00+00:00,30871.00,30871.00,30871.00,0.00,19577.02,26652.02,7075.00,1,3,2,2,0,0,45390.00,45390.00,0.00,12925.00,0.863335,30871.00,0.00,30871.00,0,0,0,30871.00,0.00,30871.00,2,1,0,30871.00,0.00,30871.00,2,1,0,30871.00,0.00,30871.00,2,1,0,30871.00,0.00,30871.00,2,1,0,30871.00,0.00,30871.00,2,1,0
SCN-10-PAYROLL-SPLIT-0074,INC-SCN-10-PAYROLL-SPLIT-0074,2026-09-11T12:19:00+00:00,17148.00,17148.00,17148.00,0.00,13220.02,17148.00,3927.98,1,3,2,2,0,0,25827.00,25827.00,0.00,16072.02,1.0,17148.00,0.00,17148.00,0,0,0,17148.00,0.00,17148.00,3,1,0,17148.00,0.00,17148.00,3,1,0,17148.00,0.00,17148.00,3,1,0,17148.00,0.00,17148.00,3,1,0,17148.00,0.00,17148.00,3,1,0
SCN-10-PAYROLL-SPLIT-0075,INC-SCN-10-PAYROLL-SPLIT-0075,2026-09-11T12:34:00+00:00,25909.00,25909.00,25909.00,0.00,16775.74,25909.00,9133.26,1,4,3,3,0,0,44190.00,44190.00,0.00,20866.74,1.0,25909.00,0.00,25909.00,0,0,0,25909.00,0.00,25909.00,3,1,0,25909.00,0.00,25909.00,3,1,0,25909.00,0.00,25909.00,3,1,0,25909.00,0.00,25909.00,3,1,0,25909.00,0.00,25909.00,3,1,0
SCN-10-PAYROLL-SPLIT-0076,INC-SCN-10-PAYROLL-SPLIT-0076,2026-09-11T12:49:00+00:00,18702.00,18702.00,18702.00,0.00,11623.88,18702.00,7078.12,1,4,3,3,0,0,33387.00,33387.00,0.00,22921.88,1.0,18702.00,0.00,18702.00,0,0,0,18702.00,0.00,18702.00,3,1,0,18702.00,0.00,18702.00,3,1,0,18702.00,0.00,18702.00,3,1,0,18702.00,0.00,18702.00,3,1,0,18702.00,0.00,18702.00,3,1,0
SCN-10-PAYROLL-SPLIT-0077,INC-SCN-10-PAYROLL-SPLIT-0077,2026-09-11T13:04:00+00:00,22069.00,22069.00,22069.00,0.00,17198.97,19719.00,2520.03,1,2,1,1,0,0,27197.00,27197.00,0.00,7479.97,0.893516,22069.00,0.00,22069.00,0,0,0,22069.00,0.00,22069.00,1,1,0,22069.00,0.00,22069.00,1,1,0,22069.00,0.00,22069.00,1,1,0,22069.00,0.00,22069.00,1,1,0,22069.00,0.00,22069.00,1,1,0
SCN-10-PAYROLL-SPLIT-0078,INC-SCN-10-PAYROLL-SPLIT-0078,2026-09-11T13:19:00+00:00,25297.00,25297.00,25297.00,0.00,15903.97,25297.00,9393.03,1,4,3,3,0,0,45676.00,45676.00,0.00,20606.97,1.0,25297.00,0.00,25297.00,0,0,0,25297.00,0.00,25297.00,3,1,0,25297.00,0.00,25297.00,3,1,0,25297.00,0.00,25297.00,3,1,0,25297.00,0.00,25297.00,3,1,0,25297.00,0.00,25297.00,3,1,0
SCN-10-PAYROLL-SPLIT-0079,INC-SCN-10-PAYROLL-SPLIT-0079,2026-09-11T13:34:00+00:00,26823.00,26823.00,26823.00,0.00,17702.78,23585.64,5882.86,1,3,2,2,0,0,38333.00,38333.00,0.00,14117.14,0.879307,26823.00,0.00,26823.00,0,0,0,26823.00,0.00,26823.00,2,1,0,26823.00,0.00,26823.00,2,1,0,26823.00,0.00,26823.00,2,1,0,26823.00,0.00,26823.00,2,1,0,26823.00,0.00,26823.00,2,1,0
SCN-10-PAYROLL-SPLIT-0080,INC-SCN-10-PAYROLL-SPLIT-0080,2026-09-11T13:49:00+00:00,32136.00,32136.00,32136.00,0.00,21334.49,32136.00,10801.51,1,4,3,3,0,0,53532.00,53532.00,0.00,19198.49,1.0,32136.00,0.00,32136.00,0,0,0,32136.00,0.00,32136.00,3,1,0,32136.00,0.00,32136.00,3,1,0,32136.00,0.00,32136.00,3,1,0,32136.00,0.00,32136.00,3,1,0,32136.00,0.00,32136.00,3,1,0
SCN-10-PAYROLL-SPLIT-0081,INC-SCN-10-PAYROLL-SPLIT-0081,2026-09-11T14:04:00+00:00,24421.00,24421.00,24421.00,0.00,15793.47,24421.00,8627.53,1,4,3,3,0,0,42938.00,42938.00,0.00,21372.47,1.0,24421.00,0.00,24421.00,0,0,0,24421.00,0.00,24421.00,3,1,0,24421.00,0.00,24421.00,3,1,0,24421.00,0.00,24421.00,3,1,0,24421.00,0.00,24421.00,3,1,0,24421.00,0.00,24421.00,3,1,0
SCN-10-PAYROLL-SPLIT-0082,INC-SCN-10-PAYROLL-SPLIT-0082,2026-09-11T14:19:00+00:00,30019.00,30019.00,30019.00,0.00,17646.93,30019.00,12372.07,1,4,3,3,0,0,53997.00,53997.00,0.00,17627.93,1.0,30019.00,0.00,30019.00,0,0,0,30019.00,0.00,30019.00,3,1,0,30019.00,0.00,30019.00,3,1,0,30019.00,0.00,30019.00,3,1,0,30019.00,0.00,30019.00,3,1,0,30019.00,0.00,30019.00,3,1,0
SCN-10-PAYROLL-SPLIT-0083,INC-SCN-10-PAYROLL-SPLIT-0083,2026-09-11T14:34:00+00:00,25900.00,25900.00,25900.00,0.00,22590.37,25900.00,3309.63,1,2,1,1,0,0,33052.00,33052.00,0.00,6690.37,1.0,25900.00,0.00,25900.00,0,0,0,25900.00,0.00,25900.00,2,1,0,25900.00,0.00,25900.00,2,1,0,25900.00,0.00,25900.00,2,1,0,25900.00,0.00,25900.00,2,1,0,25900.00,0.00,25900.00,2,1,0
SCN-10-PAYROLL-SPLIT-0084,INC-SCN-10-PAYROLL-SPLIT-0084,2026-09-11T14:49:00+00:00,29617.00,29617.00,29617.00,0.00,16208.01,25068.08,8860.07,1,3,2,2,0,0,45900.00,45900.00,0.00,11139.93,0.846408,29617.00,0.00,29617.00,0,0,0,29617.00,0.00,29617.00,2,1,0,29617.00,0.00,29617.00,2,1,0,29617.00,0.00,29617.00,2,1,0,29617.00,0.00,29617.00,2,1,0,29617.00,0.00,29617.00,2,1,0
SCN-10-PAYROLL-SPLIT-0085,INC-SCN-10-PAYROLL-SPLIT-0085,2026-09-11T15:04:00+00:00,26160.00,26160.00,26160.00,0.00,21202.67,26160.00,4957.33,1,3,2,2,0,0,37289.00,37289.00,0.00,15042.67,1.0,26160.00,0.00,26160.00,0,0,0,26160.00,0.00,26160.00,3,1,0,26160.00,0.00,26160.00,3,1,0,26160.00,0.00,26160.00,3,1,0,26160.00,0.00,26160.00,3,1,0,26160.00,0.00,26160.00,3,1,0
SCN-10-PAYROLL-SPLIT-0086,INC-SCN-10-PAYROLL-SPLIT-0086,2026-09-11T15:19:00+00:00,23438.00,23438.00,23438.00,0.00,15501.45,23438.00,7936.55,1,4,3,3,0,0,40863.00,40863.00,0.00,22063.45,1.0,23438.00,0.00,23438.00,0,0,0,23438.00,0.00,23438.00,3,1,0,23438.00,0.00,23438.00,3,1,0,23438.00,0.00,23438.00,3,1,0,23438.00,0.00,23438.00,3,1,0,23438.00,0.00,23438.00,3,1,0
SCN-10-PAYROLL-SPLIT-0087,INC-SCN-10-PAYROLL-SPLIT-0087,2026-09-11T15:34:00+00:00,22684.00,22684.00,22684.00,0.00,16441.82,22684.00,6242.18,1,3,2,2,0,0,34391.00,34391.00,0.00,13757.82,1.0,22684.00,0.00,22684.00,0,0,0,22684.00,0.00,22684.00,3,1,0,22684.00,0.00,22684.00,3,1,0,22684.00,0.00,22684.00,3,1,0,22684.00,0.00,22684.00,3,1,0,22684.00,0.00,22684.00,3,1,0
SCN-10-PAYROLL-SPLIT-0088,INC-SCN-10-PAYROLL-SPLIT-0088,2026-09-11T15:49:00+00:00,25530.00,25530.00,25530.00,0.00,19351.54,25530.00,6178.46,1,3,2,2,0,0,38377.00,38377.00,0.00,13821.54,1.0,25530.00,0.00,25530.00,0,0,0,25530.00,0.00,25530.00,3,1,0,25530.00,0.00,25530.00,3,1,0,25530.00,0.00,25530.00,3,1,0,25530.00,0.00,25530.00,3,1,0,25530.00,0.00,25530.00,3,1,0
SCN-10-PAYROLL-SPLIT-0089,INC-SCN-10-PAYROLL-SPLIT-0089,2026-09-11T16:04:00+00:00,17574.00,17574.00,17574.00,0.00,12839.96,17574.00,4734.04,1,3,2,2,0,0,27284.00,27284.00,0.00,15265.96,1.0,17574.00,0.00,17574.00,0,0,0,17574.00,0.00,17574.00,3,1,0,17574.00,0.00,17574.00,3,1,0,17574.00,0.00,17574.00,3,1,0,17574.00,0.00,17574.00,3,1,0,17574.00,0.00,17574.00,3,1,0
SCN-10-PAYROLL-SPLIT-0090,INC-SCN-10-PAYROLL-SPLIT-0090,2026-09-11T16:19:00+00:00,28664.00,28664.00,28664.00,0.00,24903.62,28664.00,3760.38,1,2,1,1,0,0,36889.00,36889.00,0.00,6239.62,1.0,28664.00,0.00,28664.00,0,0,0,28664.00,0.00,28664.00,2,1,0,28664.00,0.00,28664.00,2,1,0,28664.00,0.00,28664.00,2,1,0,28664.00,0.00,28664.00,2,1,0,28664.00,0.00,28664.00,2,1,0
SCN-10-PAYROLL-SPLIT-0091,INC-SCN-10-PAYROLL-SPLIT-0091,2026-09-11T16:34:00+00:00,31956.00,31956.00,31956.00,0.00,19656.98,28054.10,8397.12,1,3,2,2,0,0,48755.00,48755.00,0.00,11602.88,0.877898,31956.00,0.00,31956.00,0,0,0,31956.00,0.00,31956.00,2,1,0,31956.00,0.00,31956.00,2,1,0,31956.00,0.00,31956.00,2,1,0,31956.00,0.00,31956.00,2,1,0,31956.00,0.00,31956.00,2,1,0
SCN-10-PAYROLL-SPLIT-0092,INC-SCN-10-PAYROLL-SPLIT-0092,2026-09-11T16:49:00+00:00,29992.00,29992.00,29992.00,0.00,18661.80,29992.00,11330.20,1,4,3,3,0,0,51643.00,51643.00,0.00,18669.80,1.0,29992.00,0.00,29992.00,0,0,0,29992.00,0.00,29992.00,3,1,0,29992.00,0.00,29992.00,3,1,0,29992.00,0.00,29992.00,3,1,0,29992.00,0.00,29992.00,3,1,0,29992.00,0.00,29992.00,3,1,0
SCN-10-PAYROLL-SPLIT-0093,INC-SCN-10-PAYROLL-SPLIT-0093,2026-09-11T17:04:00+00:00,21490.00,21490.00,21490.00,0.00,15816.92,21490.00,5673.08,1,3,2,2,0,0,33163.00,33163.00,0.00,14326.92,1.0,21490.00,0.00,21490.00,0,0,0,21490.00,0.00,21490.00,3,1,0,21490.00,0.00,21490.00,3,1,0,21490.00,0.00,21490.00,3,1,0,21490.00,0.00,21490.00,3,1,0,21490.00,0.00,21490.00,3,1,0
SCN-10-PAYROLL-SPLIT-0094,INC-SCN-10-PAYROLL-SPLIT-0094,2026-09-11T17:19:00+00:00,17121.00,17121.00,17121.00,0.00,11261.95,17121.00,5859.05,1,4,3,3,0,0,30029.00,30029.00,0.00,24140.95,1.0,17121.00,0.00,17121.00,0,0,0,17121.00,0.00,17121.00,3,1,0,17121.00,0.00,17121.00,3,1,0,17121.00,0.00,17121.00,3,1,0,17121.00,0.00,17121.00,3,1,0,17121.00,0.00,17121.00,3,1,0
SCN-10-PAYROLL-SPLIT-0095,INC-SCN-10-PAYROLL-SPLIT-0095,2026-09-11T17:34:00+00:00,32391.00,32391.00,32391.00,0.00,23680.39,32391.00,8710.61,1,3,2,2,0,0,49180.00,49180.00,0.00,11289.39,1.0,32391.00,0.00,32391.00,0,0,0,32391.00,0.00,32391.00,2,1,0,32391.00,0.00,32391.00,2,1,0,32391.00,0.00,32391.00,2,1,0,32391.00,0.00,32391.00,2,1,0,32391.00,0.00,32391.00,2,1,0
SCN-10-PAYROLL-SPLIT-0096,INC-SCN-10-PAYROLL-SPLIT-0096,2026-09-11T17:49:00+00:00,19694.00,19694.00,19694.00,0.00,13194.19,19694.00,6499.81,1,4,3,3,0,0,34262.00,34262.00,0.00,23500.19,1.0,19694.00,0.00,19694.00,0,0,0,19694.00,0.00,19694.00,3,1,0,19694.00,0.00,19694.00,3,1,0,19694.00,0.00,19694.00,3,1,0,19694.00,0.00,19694.00,3,1,0,19694.00,0.00,19694.00,3,1,0
SCN-10-PAYROLL-SPLIT-0097,INC-SCN-10-PAYROLL-SPLIT-0097,2026-09-11T18:04:00+00:00,29098.00,29098.00,29098.00,0.00,16871.14,29098.00,12226.86,1,4,3,3,0,0,54256.00,54256.00,0.00,17773.14,1.0,29098.00,0.00,29098.00,0,0,0,29098.00,0.00,29098.00,3,1,0,29098.00,0.00,29098.00,3,1,0,29098.00,0.00,29098.00,3,1,0,29098.00,0.00,29098.00,3,1,0,29098.00,0.00,29098.00,3,1,0
SCN-10-PAYROLL-SPLIT-0098,INC-SCN-10-PAYROLL-SPLIT-0098,2026-09-11T18:19:00+00:00,24125.00,24125.00,24125.00,0.00,17394.75,24125.00,6730.25,1,3,2,2,0,0,36613.00,36613.00,0.00,13269.75,1.0,24125.00,0.00,24125.00,0,0,0,24125.00,0.00,24125.00,3,1,0,24125.00,0.00,24125.00,3,1,0,24125.00,0.00,24125.00,3,1,0,24125.00,0.00,24125.00,3,1,0,24125.00,0.00,24125.00,3,1,0
SCN-10-PAYROLL-SPLIT-0099,INC-SCN-10-PAYROLL-SPLIT-0099,2026-09-11T18:34:00+00:00,31613.00,31613.00,31613.00,0.00,21774.91,31613.00,9838.09,1,4,3,3,0,0,53533.00,53533.00,0.00,20161.91,1.0,31613.00,0.00,31613.00,0,0,0,31613.00,0.00,31613.00,3,1,0,31613.00,0.00,31613.00,3,1,0,31613.00,0.00,31613.00,3,1,0,31613.00,0.00,31613.00,3,1,0,31613.00,0.00,31613.00,3,1,0
SCN-10-PAYROLL-SPLIT-0100,INC-SCN-10-PAYROLL-SPLIT-0100,2026-09-11T18:49:00+00:00,27431.00,27431.00,27431.00,0.00,21075.89,27431.00,6355.11,1,3,2,2,0,0,40511.00,40511.00,0.00,13644.89,1.0,27431.00,0.00,27431.00,0,0,0,27431.00,0.00,27431.00,3,1,0,27431.00,0.00,27431.00,3,1,0,27431.00,0.00,27431.00,3,1,0,27431.00,0.00,27431.00,3,1,0,27431.00,0.00,27431.00,3,1,0
SCN-11-SLOW-MULE-0001,INC-SCN-11-SLOW-MULE-0001,2026-09-11T19:04:00+00:00,27995.00,27995.00,27995.00,0.00,27995.00,27995.00,0.00,1,1,0,0,0,0,27995.00,27995.00,0.00,0.00,1.0,27995.00,0.00,27995.00,0,0,0,27995.00,0.00,27995.00,0,0,0,27995.00,0.00,27995.00,0,0,0,27995.00,0.00,27995.00,0,0,0,27995.00,0.00,27995.00,1,1,0,27995.00,0.00,27995.00,2,2,0
SCN-11-SLOW-MULE-0002,INC-SCN-11-SLOW-MULE-0002,2026-09-11T19:19:00+00:00,20164.00,20164.00,20164.00,0.00,20164.00,20164.00,0.00,1,1,0,0,0,0,20164.00,20164.00,0.00,0.00,1.0,20164.00,0.00,20164.00,0,0,0,20164.00,0.00,20164.00,0,0,0,20164.00,0.00,20164.00,0,0,0,20164.00,0.00,20164.00,1,1,0,20164.00,0.00,20164.00,1,1,0,20164.00,0.00,20164.00,2,2,0
SCN-11-SLOW-MULE-0003,INC-SCN-11-SLOW-MULE-0003,2026-09-11T19:34:00+00:00,19421.00,19421.00,19421.00,0.00,19421.00,19421.00,0.00,1,1,0,0,0,0,19421.00,19421.00,0.00,0.00,1.0,19421.00,0.00,19421.00,0,0,0,19421.00,0.00,19421.00,0,0,0,19421.00,0.00,19421.00,0,0,0,19421.00,0.00,19421.00,0,0,0,19421.00,0.00,19421.00,1,1,0,19421.00,0.00,19421.00,2,2,0
SCN-11-SLOW-MULE-0004,INC-SCN-11-SLOW-MULE-0004,2026-09-11T19:49:00+00:00,23083.00,23083.00,23083.00,0.00,23083.00,23083.00,0.00,1,1,0,0,0,0,23083.00,23083.00,0.00,0.00,1.0,23083.00,0.00,23083.00,0,0,0,23083.00,0.00,23083.00,0,0,0,23083.00,0.00,23083.00,0,0,0,23083.00,0.00,23083.00,0,0,0,23083.00,0.00,23083.00,1,1,0,23083.00,0.00,23083.00,2,2,0
SCN-11-SLOW-MULE-0005,INC-SCN-11-SLOW-MULE-0005,2026-09-11T20:04:00+00:00,23903.00,23903.00,23903.00,0.00,23903.00,23903.00,0.00,1,1,0,0,0,0,23903.00,23903.00,0.00,0.00,1.0,23903.00,0.00,23903.00,0,0,0,23903.00,0.00,23903.00,0,0,0,23903.00,0.00,23903.00,0,0,0,23903.00,0.00,23903.00,1,1,0,23903.00,0.00,23903.00,2,2,0,23903.00,0.00,23903.00,2,2,0
SCN-11-SLOW-MULE-0006,INC-SCN-11-SLOW-MULE-0006,2026-09-11T20:19:00+00:00,33510.00,33510.00,33510.00,0.00,33510.00,33510.00,0.00,1,1,0,0,0,0,33510.00,33510.00,0.00,0.00,1.0,33510.00,0.00,33510.00,0,0,0,33510.00,0.00,33510.00,0,0,0,33510.00,0.00,33510.00,0,0,0,33510.00,0.00,33510.00,0,0,0,33510.00,0.00,33510.00,1,1,0,33510.00,0.00,33510.00,2,2,0
SCN-11-SLOW-MULE-0007,INC-SCN-11-SLOW-MULE-0007,2026-09-11T20:34:00+00:00,34336.00,34336.00,34336.00,0.00,34336.00,34336.00,0.00,1,1,0,0,0,0,34336.00,34336.00,0.00,0.00,1.0,34336.00,0.00,34336.00,0,0,0,34336.00,0.00,34336.00,0,0,0,34336.00,0.00,34336.00,0,0,0,34336.00,0.00,34336.00,0,0,0,34336.00,0.00,34336.00,1,1,0,34336.00,0.00,34336.00,2,2,0
SCN-11-SLOW-MULE-0008,INC-SCN-11-SLOW-MULE-0008,2026-09-11T20:49:00+00:00,33644.00,33644.00,33644.00,0.00,33644.00,33644.00,0.00,1,1,0,0,0,0,33644.00,33644.00,0.00,0.00,1.0,33644.00,0.00,33644.00,0,0,0,33644.00,0.00,33644.00,0,0,0,33644.00,0.00,33644.00,0,0,0,33644.00,0.00,33644.00,0,0,0,33644.00,0.00,33644.00,1,1,0,33644.00,0.00,33644.00,2,2,0
SCN-11-SLOW-MULE-0009,INC-SCN-11-SLOW-MULE-0009,2026-09-11T21:04:00+00:00,20328.00,20328.00,20328.00,0.00,20328.00,20328.00,0.00,1,1,0,0,0,0,20328.00,20328.00,0.00,0.00,1.0,20328.00,0.00,20328.00,0,0,0,20328.00,0.00,20328.00,0,0,0,20328.00,0.00,20328.00,0,0,0,20328.00,0.00,20328.00,0,0,0,20328.00,0.00,20328.00,1,1,0,20328.00,0.00,20328.00,2,2,0
SCN-11-SLOW-MULE-0010,INC-SCN-11-SLOW-MULE-0010,2026-09-11T21:19:00+00:00,22734.00,22734.00,22734.00,0.00,22734.00,22734.00,0.00,1,1,0,0,0,0,22734.00,22734.00,0.00,0.00,1.0,22734.00,0.00,22734.00,0,0,0,22734.00,0.00,22734.00,0,0,0,22734.00,0.00,22734.00,0,0,0,22734.00,0.00,22734.00,0,0,0,22734.00,0.00,22734.00,1,1,0,22734.00,0.00,22734.00,2,2,0
SCN-11-SLOW-MULE-0011,INC-SCN-11-SLOW-MULE-0011,2026-09-11T21:34:00+00:00,24820.00,24820.00,24820.00,0.00,24820.00,24820.00,0.00,1,1,0,0,0,0,24820.00,24820.00,0.00,0.00,1.0,24820.00,0.00,24820.00,0,0,0,24820.00,0.00,24820.00,0,0,0,24820.00,0.00,24820.00,0,0,0,24820.00,0.00,24820.00,0,0,0,24820.00,0.00,24820.00,0,0,0,24820.00,0.00,24820.00,0,0,0
SCN-11-SLOW-MULE-0012,INC-SCN-11-SLOW-MULE-0012,2026-09-11T21:49:00+00:00,29620.00,29620.00,29620.00,0.00,29620.00,29620.00,0.00,1,1,0,0,0,0,29620.00,29620.00,0.00,0.00,1.0,29620.00,0.00,29620.00,0,0,0,29620.00,0.00,29620.00,0,0,0,29620.00,0.00,29620.00,0,0,0,29620.00,0.00,29620.00,0,0,0,29620.00,0.00,29620.00,0,0,0,29620.00,0.00,29620.00,0,0,0
SCN-11-SLOW-MULE-0013,INC-SCN-11-SLOW-MULE-0013,2026-09-11T22:04:00+00:00,26624.00,26624.00,26624.00,0.00,26624.00,26624.00,0.00,1,1,0,0,0,0,26624.00,26624.00,0.00,0.00,1.0,26624.00,0.00,26624.00,0,0,0,26624.00,0.00,26624.00,0,0,0,26624.00,0.00,26624.00,0,0,0,26624.00,0.00,26624.00,1,1,0,26624.00,0.00,26624.00,1,1,0,26624.00,0.00,26624.00,1,1,0
SCN-11-SLOW-MULE-0014,INC-SCN-11-SLOW-MULE-0014,2026-09-11T22:19:00+00:00,20145.00,20145.00,20145.00,0.00,20145.00,20145.00,0.00,1,1,0,0,0,0,20145.00,20145.00,0.00,0.00,1.0,20145.00,0.00,20145.00,0,0,0,20145.00,0.00,20145.00,0,0,0,20145.00,0.00,20145.00,0,0,0,20145.00,0.00,20145.00,0,0,0,20145.00,0.00,20145.00,1,1,0,20145.00,0.00,20145.00,2,2,0
SCN-11-SLOW-MULE-0015,INC-SCN-11-SLOW-MULE-0015,2026-09-11T22:34:00+00:00,17184.00,17184.00,17184.00,0.00,17184.00,17184.00,0.00,1,1,0,0,0,0,17184.00,17184.00,0.00,0.00,1.0,17184.00,0.00,17184.00,0,0,0,17184.00,0.00,17184.00,0,0,0,17184.00,0.00,17184.00,0,0,0,17184.00,0.00,17184.00,0,0,0,17184.00,0.00,17184.00,1,1,0,17184.00,0.00,17184.00,1,1,0
SCN-11-SLOW-MULE-0016,INC-SCN-11-SLOW-MULE-0016,2026-09-11T22:49:00+00:00,34865.00,34865.00,34865.00,0.00,34865.00,34865.00,0.00,1,1,0,0,0,0,34865.00,34865.00,0.00,0.00,1.0,34865.00,0.00,34865.00,0,0,0,34865.00,0.00,34865.00,0,0,0,34865.00,0.00,34865.00,0,0,0,34865.00,0.00,34865.00,0,0,0,34865.00,0.00,34865.00,1,1,0,34865.00,0.00,34865.00,2,2,0
SCN-11-SLOW-MULE-0017,INC-SCN-11-SLOW-MULE-0017,2026-09-11T23:04:00+00:00,28297.00,28297.00,28297.00,0.00,28297.00,28297.00,0.00,1,1,0,0,0,0,28297.00,28297.00,0.00,0.00,1.0,28297.00,0.00,28297.00,0,0,0,28297.00,0.00,28297.00,0,0,0,28297.00,0.00,28297.00,0,0,0,28297.00,0.00,28297.00,0,0,0,28297.00,0.00,28297.00,2,2,0,28297.00,0.00,28297.00,2,2,0
SCN-11-SLOW-MULE-0018,INC-SCN-11-SLOW-MULE-0018,2026-09-11T23:19:00+00:00,27822.00,27822.00,27822.00,0.00,27822.00,27822.00,0.00,1,1,0,0,0,0,27822.00,27822.00,0.00,0.00,1.0,27822.00,0.00,27822.00,0,0,0,27822.00,0.00,27822.00,0,0,0,27822.00,0.00,27822.00,0,0,0,27822.00,0.00,27822.00,0,0,0,27822.00,0.00,27822.00,1,1,0,27822.00,0.00,27822.00,2,2,0
SCN-11-SLOW-MULE-0019,INC-SCN-11-SLOW-MULE-0019,2026-09-11T23:34:00+00:00,22858.00,22858.00,22858.00,0.00,22858.00,22858.00,0.00,1,1,0,0,0,0,22858.00,22858.00,0.00,0.00,1.0,22858.00,0.00,22858.00,0,0,0,22858.00,0.00,22858.00,0,0,0,22858.00,0.00,22858.00,0,0,0,22858.00,0.00,22858.00,0,0,0,22858.00,0.00,22858.00,1,1,0,22858.00,0.00,22858.00,2,2,0
SCN-11-SLOW-MULE-0020,INC-SCN-11-SLOW-MULE-0020,2026-09-11T23:49:00+00:00,32989.00,32989.00,32989.00,0.00,32989.00,32989.00,0.00,1,1,0,0,0,0,32989.00,32989.00,0.00,0.00,1.0,32989.00,0.00,32989.00,0,0,0,32989.00,0.00,32989.00,0,0,0,32989.00,0.00,32989.00,0,0,0,32989.00,0.00,32989.00,0,0,0,32989.00,0.00,32989.00,1,1,0,32989.00,0.00,32989.00,2,2,0
SCN-11-SLOW-MULE-0021,INC-SCN-11-SLOW-MULE-0021,2026-09-12T00:04:00+00:00,31577.00,31577.00,31577.00,0.00,31577.00,31577.00,0.00,1,1,0,0,0,0,31577.00,31577.00,0.00,0.00,1.0,31577.00,0.00,31577.00,0,0,0,31577.00,0.00,31577.00,0,0,0,31577.00,0.00,31577.00,0,0,0,31577.00,0.00,31577.00,1,1,0,31577.00,0.00,31577.00,2,2,0,31577.00,0.00,31577.00,2,2,0
SCN-11-SLOW-MULE-0022,INC-SCN-11-SLOW-MULE-0022,2026-09-12T00:19:00+00:00,27252.00,27252.00,27252.00,0.00,27252.00,27252.00,0.00,1,1,0,0,0,0,27252.00,27252.00,0.00,0.00,1.0,27252.00,0.00,27252.00,0,0,0,27252.00,0.00,27252.00,0,0,0,27252.00,0.00,27252.00,0,0,0,27252.00,0.00,27252.00,0,0,0,27252.00,0.00,27252.00,1,1,0,27252.00,0.00,27252.00,2,2,0
SCN-11-SLOW-MULE-0023,INC-SCN-11-SLOW-MULE-0023,2026-09-12T00:34:00+00:00,20248.00,20248.00,20248.00,0.00,20248.00,20248.00,0.00,1,1,0,0,0,0,20248.00,20248.00,0.00,0.00,1.0,20248.00,0.00,20248.00,0,0,0,20248.00,0.00,20248.00,0,0,0,20248.00,0.00,20248.00,0,0,0,20248.00,0.00,20248.00,1,1,0,20248.00,0.00,20248.00,1,1,0,20248.00,0.00,20248.00,1,1,0
SCN-11-SLOW-MULE-0024,INC-SCN-11-SLOW-MULE-0024,2026-09-12T00:49:00+00:00,34448.00,34448.00,34448.00,0.00,34448.00,34448.00,0.00,1,1,0,0,0,0,34448.00,34448.00,0.00,0.00,1.0,34448.00,0.00,34448.00,0,0,0,34448.00,0.00,34448.00,0,0,0,34448.00,0.00,34448.00,0,0,0,34448.00,0.00,34448.00,1,1,0,34448.00,0.00,34448.00,2,2,0,34448.00,0.00,34448.00,2,2,0
SCN-11-SLOW-MULE-0025,INC-SCN-11-SLOW-MULE-0025,2026-09-12T01:04:00+00:00,23838.00,23838.00,23838.00,0.00,23838.00,23838.00,0.00,1,1,0,0,0,0,23838.00,23838.00,0.00,0.00,1.0,23838.00,0.00,23838.00,0,0,0,23838.00,0.00,23838.00,0,0,0,23838.00,0.00,23838.00,0,0,0,23838.00,0.00,23838.00,0,0,0,23838.00,0.00,23838.00,1,1,0,23838.00,0.00,23838.00,2,2,0
SCN-11-SLOW-MULE-0026,INC-SCN-11-SLOW-MULE-0026,2026-09-12T01:19:00+00:00,28635.00,28635.00,28635.00,0.00,28635.00,28635.00,0.00,1,1,0,0,0,0,28635.00,28635.00,0.00,0.00,1.0,28635.00,0.00,28635.00,0,0,0,28635.00,0.00,28635.00,0,0,0,28635.00,0.00,28635.00,0,0,0,28635.00,0.00,28635.00,0,0,0,28635.00,0.00,28635.00,1,1,0,28635.00,0.00,28635.00,2,2,0
SCN-11-SLOW-MULE-0027,INC-SCN-11-SLOW-MULE-0027,2026-09-12T01:34:00+00:00,26663.00,26663.00,26663.00,0.00,26663.00,26663.00,0.00,1,1,0,0,0,0,26663.00,26663.00,0.00,0.00,1.0,26663.00,0.00,26663.00,0,0,0,26663.00,0.00,26663.00,0,0,0,26663.00,0.00,26663.00,0,0,0,26663.00,0.00,26663.00,0,0,0,26663.00,0.00,26663.00,1,1,0,26663.00,0.00,26663.00,2,2,0
SCN-11-SLOW-MULE-0028,INC-SCN-11-SLOW-MULE-0028,2026-09-12T01:49:00+00:00,25271.00,25271.00,25271.00,0.00,25271.00,25271.00,0.00,1,1,0,0,0,0,25271.00,25271.00,0.00,0.00,1.0,25271.00,0.00,25271.00,0,0,0,25271.00,0.00,25271.00,0,0,0,25271.00,0.00,25271.00,0,0,0,25271.00,0.00,25271.00,0,0,0,25271.00,0.00,25271.00,1,1,0,25271.00,0.00,25271.00,2,2,0
SCN-11-SLOW-MULE-0029,INC-SCN-11-SLOW-MULE-0029,2026-09-12T02:04:00+00:00,23970.00,23970.00,23970.00,0.00,23970.00,23970.00,0.00,1,1,0,0,0,0,23970.00,23970.00,0.00,0.00,1.0,23970.00,0.00,23970.00,0,0,0,23970.00,0.00,23970.00,0,0,0,23970.00,0.00,23970.00,0,0,0,23970.00,0.00,23970.00,0,0,0,23970.00,0.00,23970.00,1,1,0,23970.00,0.00,23970.00,2,2,0
SCN-11-SLOW-MULE-0030,INC-SCN-11-SLOW-MULE-0030,2026-09-12T02:19:00+00:00,33286.00,33286.00,33286.00,0.00,33286.00,33286.00,0.00,1,1,0,0,0,0,33286.00,33286.00,0.00,0.00,1.0,33286.00,0.00,33286.00,0,0,0,33286.00,0.00,33286.00,0,0,0,33286.00,0.00,33286.00,0,0,0,33286.00,0.00,33286.00,0,0,0,33286.00,0.00,33286.00,1,1,0,33286.00,0.00,33286.00,2,2,0
SCN-11-SLOW-MULE-0031,INC-SCN-11-SLOW-MULE-0031,2026-09-12T02:34:00+00:00,28249.00,28249.00,28249.00,0.00,28249.00,28249.00,0.00,1,1,0,0,0,0,28249.00,28249.00,0.00,0.00,1.0,28249.00,0.00,28249.00,0,0,0,28249.00,0.00,28249.00,0,0,0,28249.00,0.00,28249.00,0,0,0,28249.00,0.00,28249.00,1,1,0,28249.00,0.00,28249.00,2,2,0,28249.00,0.00,28249.00,2,2,0
SCN-11-SLOW-MULE-0032,INC-SCN-11-SLOW-MULE-0032,2026-09-12T02:49:00+00:00,21874.00,21874.00,21874.00,0.00,21874.00,21874.00,0.00,1,1,0,0,0,0,21874.00,21874.00,0.00,0.00,1.0,21874.00,0.00,21874.00,0,0,0,21874.00,0.00,21874.00,0,0,0,21874.00,0.00,21874.00,0,0,0,21874.00,0.00,21874.00,0,0,0,21874.00,0.00,21874.00,1,1,0,21874.00,0.00,21874.00,2,2,0
SCN-11-SLOW-MULE-0033,INC-SCN-11-SLOW-MULE-0033,2026-09-12T03:04:00+00:00,22655.00,22655.00,22655.00,0.00,22655.00,22655.00,0.00,1,1,0,0,0,0,22655.00,22655.00,0.00,0.00,1.0,22655.00,0.00,22655.00,0,0,0,22655.00,0.00,22655.00,0,0,0,22655.00,0.00,22655.00,0,0,0,22655.00,0.00,22655.00,0,0,0,22655.00,0.00,22655.00,1,1,0,22655.00,0.00,22655.00,2,2,0
SCN-11-SLOW-MULE-0034,INC-SCN-11-SLOW-MULE-0034,2026-09-12T03:19:00+00:00,22602.00,22602.00,22602.00,0.00,22602.00,22602.00,0.00,1,1,0,0,0,0,22602.00,22602.00,0.00,0.00,1.0,22602.00,0.00,22602.00,0,0,0,22602.00,0.00,22602.00,0,0,0,22602.00,0.00,22602.00,0,0,0,22602.00,0.00,22602.00,0,0,0,22602.00,0.00,22602.00,1,1,0,22602.00,0.00,22602.00,2,2,0
SCN-11-SLOW-MULE-0035,INC-SCN-11-SLOW-MULE-0035,2026-09-12T03:34:00+00:00,22173.00,22173.00,22173.00,0.00,22173.00,22173.00,0.00,1,1,0,0,0,0,22173.00,22173.00,0.00,0.00,1.0,22173.00,0.00,22173.00,0,0,0,22173.00,0.00,22173.00,0,0,0,22173.00,0.00,22173.00,0,0,0,22173.00,0.00,22173.00,1,1,0,22173.00,0.00,22173.00,2,2,0,22173.00,0.00,22173.00,2,2,0
SCN-11-SLOW-MULE-0036,INC-SCN-11-SLOW-MULE-0036,2026-09-12T03:49:00+00:00,29457.00,29457.00,29457.00,0.00,29457.00,29457.00,0.00,1,1,0,0,0,0,29457.00,29457.00,0.00,0.00,1.0,29457.00,0.00,29457.00,0,0,0,29457.00,0.00,29457.00,0,0,0,29457.00,0.00,29457.00,0,0,0,29457.00,0.00,29457.00,0,0,0,29457.00,0.00,29457.00,1,1,0,29457.00,0.00,29457.00,2,2,0
SCN-11-SLOW-MULE-0037,INC-SCN-11-SLOW-MULE-0037,2026-09-12T04:04:00+00:00,29424.00,29424.00,29424.00,0.00,29424.00,29424.00,0.00,1,1,0,0,0,0,29424.00,29424.00,0.00,0.00,1.0,29424.00,0.00,29424.00,0,0,0,29424.00,0.00,29424.00,0,0,0,29424.00,0.00,29424.00,0,0,0,29424.00,0.00,29424.00,0,0,0,29424.00,0.00,29424.00,1,1,0,29424.00,0.00,29424.00,2,2,0
SCN-11-SLOW-MULE-0038,INC-SCN-11-SLOW-MULE-0038,2026-09-12T04:19:00+00:00,18154.00,18154.00,18154.00,0.00,18154.00,18154.00,0.00,1,1,0,0,0,0,18154.00,18154.00,0.00,0.00,1.0,18154.00,0.00,18154.00,0,0,0,18154.00,0.00,18154.00,0,0,0,18154.00,0.00,18154.00,0,0,0,18154.00,0.00,18154.00,1,1,0,18154.00,0.00,18154.00,2,2,0,18154.00,0.00,18154.00,2,2,0
SCN-11-SLOW-MULE-0039,INC-SCN-11-SLOW-MULE-0039,2026-09-12T04:34:00+00:00,18412.00,18412.00,18412.00,0.00,18412.00,18412.00,0.00,1,1,0,0,0,0,18412.00,18412.00,0.00,0.00,1.0,18412.00,0.00,18412.00,0,0,0,18412.00,0.00,18412.00,0,0,0,18412.00,0.00,18412.00,0,0,0,18412.00,0.00,18412.00,0,0,0,18412.00,0.00,18412.00,1,1,0,18412.00,0.00,18412.00,2,2,0
SCN-11-SLOW-MULE-0040,INC-SCN-11-SLOW-MULE-0040,2026-09-12T04:49:00+00:00,25811.00,25811.00,25811.00,0.00,25811.00,25811.00,0.00,1,1,0,0,0,0,25811.00,25811.00,0.00,0.00,1.0,25811.00,0.00,25811.00,0,0,0,25811.00,0.00,25811.00,0,0,0,25811.00,0.00,25811.00,0,0,0,25811.00,0.00,25811.00,0,0,0,25811.00,0.00,25811.00,0,0,0,25811.00,0.00,25811.00,0,0,0
SCN-11-SLOW-MULE-0041,INC-SCN-11-SLOW-MULE-0041,2026-09-12T05:04:00+00:00,25237.00,25237.00,25237.00,0.00,25237.00,25237.00,0.00,1,1,0,0,0,0,25237.00,25237.00,0.00,0.00,1.0,25237.00,0.00,25237.00,0,0,0,25237.00,0.00,25237.00,0,0,0,25237.00,0.00,25237.00,0,0,0,25237.00,0.00,25237.00,1,1,0,25237.00,0.00,25237.00,2,2,0,25237.00,0.00,25237.00,2,2,0
SCN-11-SLOW-MULE-0042,INC-SCN-11-SLOW-MULE-0042,2026-09-12T05:19:00+00:00,29129.00,29129.00,29129.00,0.00,29129.00,29129.00,0.00,1,1,0,0,0,0,29129.00,29129.00,0.00,0.00,1.0,29129.00,0.00,29129.00,0,0,0,29129.00,0.00,29129.00,0,0,0,29129.00,0.00,29129.00,0,0,0,29129.00,0.00,29129.00,0,0,0,29129.00,0.00,29129.00,1,1,0,29129.00,0.00,29129.00,2,2,0
SCN-11-SLOW-MULE-0043,INC-SCN-11-SLOW-MULE-0043,2026-09-12T05:34:00+00:00,21753.00,21753.00,21753.00,0.00,21753.00,21753.00,0.00,1,1,0,0,0,0,21753.00,21753.00,0.00,0.00,1.0,21753.00,0.00,21753.00,0,0,0,21753.00,0.00,21753.00,0,0,0,21753.00,0.00,21753.00,0,0,0,21753.00,0.00,21753.00,0,0,0,21753.00,0.00,21753.00,1,1,0,21753.00,0.00,21753.00,2,2,0
SCN-11-SLOW-MULE-0044,INC-SCN-11-SLOW-MULE-0044,2026-09-12T05:49:00+00:00,23696.00,23696.00,23696.00,0.00,23696.00,23696.00,0.00,1,1,0,0,0,0,23696.00,23696.00,0.00,0.00,1.0,23696.00,0.00,23696.00,0,0,0,23696.00,0.00,23696.00,0,0,0,23696.00,0.00,23696.00,0,0,0,23696.00,0.00,23696.00,1,1,0,23696.00,0.00,23696.00,1,1,0,23696.00,0.00,23696.00,1,1,0
SCN-11-SLOW-MULE-0045,INC-SCN-11-SLOW-MULE-0045,2026-09-12T06:04:00+00:00,19744.00,19744.00,19744.00,0.00,19744.00,19744.00,0.00,1,1,0,0,0,0,19744.00,19744.00,0.00,0.00,1.0,19744.00,0.00,19744.00,0,0,0,19744.00,0.00,19744.00,0,0,0,19744.00,0.00,19744.00,0,0,0,19744.00,0.00,19744.00,0,0,0,19744.00,0.00,19744.00,1,1,0,19744.00,0.00,19744.00,2,2,0
SCN-11-SLOW-MULE-0046,INC-SCN-11-SLOW-MULE-0046,2026-09-12T06:19:00+00:00,18569.00,18569.00,18569.00,0.00,18569.00,18569.00,0.00,1,1,0,0,0,0,18569.00,18569.00,0.00,0.00,1.0,18569.00,0.00,18569.00,0,0,0,18569.00,0.00,18569.00,0,0,0,18569.00,0.00,18569.00,0,0,0,18569.00,0.00,18569.00,0,0,0,18569.00,0.00,18569.00,0,0,0,18569.00,0.00,18569.00,0,0,0
SCN-11-SLOW-MULE-0047,INC-SCN-11-SLOW-MULE-0047,2026-09-12T06:34:00+00:00,20491.00,20491.00,20491.00,0.00,20491.00,20491.00,0.00,1,1,0,0,0,0,20491.00,20491.00,0.00,0.00,1.0,20491.00,0.00,20491.00,0,0,0,20491.00,0.00,20491.00,0,0,0,20491.00,0.00,20491.00,0,0,0,20491.00,0.00,20491.00,0,0,0,20491.00,0.00,20491.00,1,1,0,20491.00,0.00,20491.00,2,2,0
SCN-11-SLOW-MULE-0048,INC-SCN-11-SLOW-MULE-0048,2026-09-12T06:49:00+00:00,19519.00,19519.00,19519.00,0.00,19519.00,19519.00,0.00,1,1,0,0,0,0,19519.00,19519.00,0.00,0.00,1.0,19519.00,0.00,19519.00,0,0,0,19519.00,0.00,19519.00,0,0,0,19519.00,0.00,19519.00,0,0,0,19519.00,0.00,19519.00,0,0,0,19519.00,0.00,19519.00,1,1,0,19519.00,0.00,19519.00,1,1,0
SCN-11-SLOW-MULE-0049,INC-SCN-11-SLOW-MULE-0049,2026-09-12T07:04:00+00:00,28462.00,28462.00,28462.00,0.00,28462.00,28462.00,0.00,1,1,0,0,0,0,28462.00,28462.00,0.00,0.00,1.0,28462.00,0.00,28462.00,0,0,0,28462.00,0.00,28462.00,0,0,0,28462.00,0.00,28462.00,0,0,0,28462.00,0.00,28462.00,0,0,0,28462.00,0.00,28462.00,1,1,0,28462.00,0.00,28462.00,2,2,0
SCN-11-SLOW-MULE-0050,INC-SCN-11-SLOW-MULE-0050,2026-09-12T07:19:00+00:00,30628.00,30628.00,30628.00,0.00,30628.00,30628.00,0.00,1,1,0,0,0,0,30628.00,30628.00,0.00,0.00,1.0,30628.00,0.00,30628.00,0,0,0,30628.00,0.00,30628.00,0,0,0,30628.00,0.00,30628.00,0,0,0,30628.00,0.00,30628.00,0,0,0,30628.00,0.00,30628.00,0,0,0,30628.00,0.00,30628.00,0,0,0
SCN-11-SLOW-MULE-0051,INC-SCN-11-SLOW-MULE-0051,2026-09-12T07:34:00+00:00,17118.00,17118.00,17118.00,0.00,17118.00,17118.00,0.00,1,1,0,0,0,0,17118.00,17118.00,0.00,0.00,1.0,17118.00,0.00,17118.00,0,0,0,17118.00,0.00,17118.00,0,0,0,17118.00,0.00,17118.00,0,0,0,17118.00,0.00,17118.00,0,0,0,17118.00,0.00,17118.00,1,1,0,17118.00,0.00,17118.00,2,2,0
SCN-11-SLOW-MULE-0052,INC-SCN-11-SLOW-MULE-0052,2026-09-12T07:49:00+00:00,30408.00,30408.00,30408.00,0.00,30408.00,30408.00,0.00,1,1,0,0,0,0,30408.00,30408.00,0.00,0.00,1.0,30408.00,0.00,30408.00,0,0,0,30408.00,0.00,30408.00,0,0,0,30408.00,0.00,30408.00,0,0,0,30408.00,0.00,30408.00,0,0,0,30408.00,0.00,30408.00,1,1,0,30408.00,0.00,30408.00,2,2,0
SCN-11-SLOW-MULE-0053,INC-SCN-11-SLOW-MULE-0053,2026-09-12T08:04:00+00:00,33707.00,33707.00,33707.00,0.00,33707.00,33707.00,0.00,1,1,0,0,0,0,33707.00,33707.00,0.00,0.00,1.0,33707.00,0.00,33707.00,0,0,0,33707.00,0.00,33707.00,0,0,0,33707.00,0.00,33707.00,0,0,0,33707.00,0.00,33707.00,0,0,0,33707.00,0.00,33707.00,1,1,0,33707.00,0.00,33707.00,2,2,0
SCN-11-SLOW-MULE-0054,INC-SCN-11-SLOW-MULE-0054,2026-09-12T08:19:00+00:00,34914.00,34914.00,34914.00,0.00,34914.00,34914.00,0.00,1,1,0,0,0,0,34914.00,34914.00,0.00,0.00,1.0,34914.00,0.00,34914.00,0,0,0,34914.00,0.00,34914.00,0,0,0,34914.00,0.00,34914.00,0,0,0,34914.00,0.00,34914.00,0,0,0,34914.00,0.00,34914.00,1,1,0,34914.00,0.00,34914.00,2,2,0
SCN-11-SLOW-MULE-0055,INC-SCN-11-SLOW-MULE-0055,2026-09-12T08:34:00+00:00,23039.00,23039.00,23039.00,0.00,23039.00,23039.00,0.00,1,1,0,0,0,0,23039.00,23039.00,0.00,0.00,1.0,23039.00,0.00,23039.00,0,0,0,23039.00,0.00,23039.00,0,0,0,23039.00,0.00,23039.00,0,0,0,23039.00,0.00,23039.00,1,1,0,23039.00,0.00,23039.00,2,2,0,23039.00,0.00,23039.00,2,2,0
SCN-11-SLOW-MULE-0056,INC-SCN-11-SLOW-MULE-0056,2026-09-12T08:49:00+00:00,34538.00,34538.00,34538.00,0.00,34538.00,34538.00,0.00,1,1,0,0,0,0,34538.00,34538.00,0.00,0.00,1.0,34538.00,0.00,34538.00,0,0,0,34538.00,0.00,34538.00,0,0,0,34538.00,0.00,34538.00,0,0,0,34538.00,0.00,34538.00,1,1,0,34538.00,0.00,34538.00,2,2,0,34538.00,0.00,34538.00,2,2,0
SCN-11-SLOW-MULE-0057,INC-SCN-11-SLOW-MULE-0057,2026-09-12T09:04:00+00:00,22506.00,22506.00,22506.00,0.00,22506.00,22506.00,0.00,1,1,0,0,0,0,22506.00,22506.00,0.00,0.00,1.0,22506.00,0.00,22506.00,0,0,0,22506.00,0.00,22506.00,0,0,0,22506.00,0.00,22506.00,0,0,0,22506.00,0.00,22506.00,1,1,0,22506.00,0.00,22506.00,2,2,0,22506.00,0.00,22506.00,2,2,0
SCN-11-SLOW-MULE-0058,INC-SCN-11-SLOW-MULE-0058,2026-09-12T09:19:00+00:00,34562.00,34562.00,34562.00,0.00,34562.00,34562.00,0.00,1,1,0,0,0,0,34562.00,34562.00,0.00,0.00,1.0,34562.00,0.00,34562.00,0,0,0,34562.00,0.00,34562.00,0,0,0,34562.00,0.00,34562.00,0,0,0,34562.00,0.00,34562.00,1,1,0,34562.00,0.00,34562.00,2,2,0,34562.00,0.00,34562.00,2,2,0
SCN-11-SLOW-MULE-0059,INC-SCN-11-SLOW-MULE-0059,2026-09-12T09:34:00+00:00,27001.00,27001.00,27001.00,0.00,27001.00,27001.00,0.00,1,1,0,0,0,0,27001.00,27001.00,0.00,0.00,1.0,27001.00,0.00,27001.00,0,0,0,27001.00,0.00,27001.00,0,0,0,27001.00,0.00,27001.00,0,0,0,27001.00,0.00,27001.00,0,0,0,27001.00,0.00,27001.00,1,1,0,27001.00,0.00,27001.00,2,2,0
SCN-11-SLOW-MULE-0060,INC-SCN-11-SLOW-MULE-0060,2026-09-12T09:49:00+00:00,25792.00,25792.00,25792.00,0.00,25792.00,25792.00,0.00,1,1,0,0,0,0,25792.00,25792.00,0.00,0.00,1.0,25792.00,0.00,25792.00,0,0,0,25792.00,0.00,25792.00,0,0,0,25792.00,0.00,25792.00,0,0,0,25792.00,0.00,25792.00,0,0,0,25792.00,0.00,25792.00,0,0,0,25792.00,0.00,25792.00,0,0,0
SCN-11-SLOW-MULE-0061,INC-SCN-11-SLOW-MULE-0061,2026-09-12T10:04:00+00:00,33115.00,33115.00,33115.00,0.00,33115.00,33115.00,0.00,1,1,0,0,0,0,33115.00,33115.00,0.00,0.00,1.0,33115.00,0.00,33115.00,0,0,0,33115.00,0.00,33115.00,0,0,0,33115.00,0.00,33115.00,0,0,0,33115.00,0.00,33115.00,0,0,0,33115.00,0.00,33115.00,1,1,0,33115.00,0.00,33115.00,2,2,0
SCN-11-SLOW-MULE-0062,INC-SCN-11-SLOW-MULE-0062,2026-09-12T10:19:00+00:00,22855.00,22855.00,22855.00,0.00,22855.00,22855.00,0.00,1,1,0,0,0,0,22855.00,22855.00,0.00,0.00,1.0,22855.00,0.00,22855.00,0,0,0,22855.00,0.00,22855.00,0,0,0,22855.00,0.00,22855.00,0,0,0,22855.00,0.00,22855.00,0,0,0,22855.00,0.00,22855.00,1,1,0,22855.00,0.00,22855.00,2,2,0
SCN-11-SLOW-MULE-0063,INC-SCN-11-SLOW-MULE-0063,2026-09-12T10:34:00+00:00,27776.00,27776.00,27776.00,0.00,27776.00,27776.00,0.00,1,1,0,0,0,0,27776.00,27776.00,0.00,0.00,1.0,27776.00,0.00,27776.00,0,0,0,27776.00,0.00,27776.00,0,0,0,27776.00,0.00,27776.00,0,0,0,27776.00,0.00,27776.00,1,1,0,27776.00,0.00,27776.00,2,2,0,27776.00,0.00,27776.00,2,2,0
SCN-11-SLOW-MULE-0064,INC-SCN-11-SLOW-MULE-0064,2026-09-12T10:49:00+00:00,19522.00,19522.00,19522.00,0.00,19522.00,19522.00,0.00,1,1,0,0,0,0,19522.00,19522.00,0.00,0.00,1.0,19522.00,0.00,19522.00,0,0,0,19522.00,0.00,19522.00,0,0,0,19522.00,0.00,19522.00,0,0,0,19522.00,0.00,19522.00,1,1,0,19522.00,0.00,19522.00,2,2,0,19522.00,0.00,19522.00,2,2,0
SCN-11-SLOW-MULE-0065,INC-SCN-11-SLOW-MULE-0065,2026-09-12T11:04:00+00:00,18861.00,18861.00,18861.00,0.00,18861.00,18861.00,0.00,1,1,0,0,0,0,18861.00,18861.00,0.00,0.00,1.0,18861.00,0.00,18861.00,0,0,0,18861.00,0.00,18861.00,0,0,0,18861.00,0.00,18861.00,0,0,0,18861.00,0.00,18861.00,0,0,0,18861.00,0.00,18861.00,2,2,0,18861.00,0.00,18861.00,2,2,0
SCN-11-SLOW-MULE-0066,INC-SCN-11-SLOW-MULE-0066,2026-09-12T11:19:00+00:00,22638.00,22638.00,22638.00,0.00,22638.00,22638.00,0.00,1,1,0,0,0,0,22638.00,22638.00,0.00,0.00,1.0,22638.00,0.00,22638.00,0,0,0,22638.00,0.00,22638.00,0,0,0,22638.00,0.00,22638.00,0,0,0,22638.00,0.00,22638.00,0,0,0,22638.00,0.00,22638.00,1,1,0,22638.00,0.00,22638.00,2,2,0
SCN-11-SLOW-MULE-0067,INC-SCN-11-SLOW-MULE-0067,2026-09-12T11:34:00+00:00,32975.00,32975.00,32975.00,0.00,32975.00,32975.00,0.00,1,1,0,0,0,0,32975.00,32975.00,0.00,0.00,1.0,32975.00,0.00,32975.00,0,0,0,32975.00,0.00,32975.00,0,0,0,32975.00,0.00,32975.00,0,0,0,32975.00,0.00,32975.00,1,1,0,32975.00,0.00,32975.00,1,1,0,32975.00,0.00,32975.00,1,1,0
SCN-11-SLOW-MULE-0068,INC-SCN-11-SLOW-MULE-0068,2026-09-12T11:49:00+00:00,30635.00,30635.00,30635.00,0.00,30635.00,30635.00,0.00,1,1,0,0,0,0,30635.00,30635.00,0.00,0.00,1.0,30635.00,0.00,30635.00,0,0,0,30635.00,0.00,30635.00,0,0,0,30635.00,0.00,30635.00,0,0,0,30635.00,0.00,30635.00,0,0,0,30635.00,0.00,30635.00,1,1,0,30635.00,0.00,30635.00,2,2,0
SCN-11-SLOW-MULE-0069,INC-SCN-11-SLOW-MULE-0069,2026-09-12T12:04:00+00:00,31721.00,31721.00,31721.00,0.00,31721.00,31721.00,0.00,1,1,0,0,0,0,31721.00,31721.00,0.00,0.00,1.0,31721.00,0.00,31721.00,0,0,0,31721.00,0.00,31721.00,0,0,0,31721.00,0.00,31721.00,0,0,0,31721.00,0.00,31721.00,0,0,0,31721.00,0.00,31721.00,1,1,0,31721.00,0.00,31721.00,2,2,0
SCN-11-SLOW-MULE-0070,INC-SCN-11-SLOW-MULE-0070,2026-09-12T12:19:00+00:00,20886.00,20886.00,20886.00,0.00,20886.00,20886.00,0.00,1,1,0,0,0,0,20886.00,20886.00,0.00,0.00,1.0,20886.00,0.00,20886.00,0,0,0,20886.00,0.00,20886.00,0,0,0,20886.00,0.00,20886.00,0,0,0,20886.00,0.00,20886.00,0,0,0,20886.00,0.00,20886.00,1,1,0,20886.00,0.00,20886.00,2,2,0
SCN-11-SLOW-MULE-0071,INC-SCN-11-SLOW-MULE-0071,2026-09-12T12:34:00+00:00,29588.00,29588.00,29588.00,0.00,29588.00,29588.00,0.00,1,1,0,0,0,0,29588.00,29588.00,0.00,0.00,1.0,29588.00,0.00,29588.00,0,0,0,29588.00,0.00,29588.00,0,0,0,29588.00,0.00,29588.00,0,0,0,29588.00,0.00,29588.00,0,0,0,29588.00,0.00,29588.00,0,0,0,29588.00,0.00,29588.00,0,0,0
SCN-11-SLOW-MULE-0072,INC-SCN-11-SLOW-MULE-0072,2026-09-12T12:49:00+00:00,33254.00,33254.00,33254.00,0.00,33254.00,33254.00,0.00,1,1,0,0,0,0,33254.00,33254.00,0.00,0.00,1.0,33254.00,0.00,33254.00,0,0,0,33254.00,0.00,33254.00,0,0,0,33254.00,0.00,33254.00,0,0,0,33254.00,0.00,33254.00,1,1,0,33254.00,0.00,33254.00,2,2,0,33254.00,0.00,33254.00,2,2,0
SCN-11-SLOW-MULE-0073,INC-SCN-11-SLOW-MULE-0073,2026-09-12T13:04:00+00:00,22988.00,22988.00,22988.00,0.00,22988.00,22988.00,0.00,1,1,0,0,0,0,22988.00,22988.00,0.00,0.00,1.0,22988.00,0.00,22988.00,0,0,0,22988.00,0.00,22988.00,0,0,0,22988.00,0.00,22988.00,0,0,0,22988.00,0.00,22988.00,1,1,0,22988.00,0.00,22988.00,1,1,0,22988.00,0.00,22988.00,1,1,0
SCN-11-SLOW-MULE-0074,INC-SCN-11-SLOW-MULE-0074,2026-09-12T13:19:00+00:00,20264.00,20264.00,20264.00,0.00,20264.00,20264.00,0.00,1,1,0,0,0,0,20264.00,20264.00,0.00,0.00,1.0,20264.00,0.00,20264.00,0,0,0,20264.00,0.00,20264.00,0,0,0,20264.00,0.00,20264.00,0,0,0,20264.00,0.00,20264.00,1,1,0,20264.00,0.00,20264.00,2,2,0,20264.00,0.00,20264.00,2,2,0
SCN-11-SLOW-MULE-0075,INC-SCN-11-SLOW-MULE-0075,2026-09-12T13:34:00+00:00,23469.00,23469.00,23469.00,0.00,23469.00,23469.00,0.00,1,1,0,0,0,0,23469.00,23469.00,0.00,0.00,1.0,23469.00,0.00,23469.00,0,0,0,23469.00,0.00,23469.00,0,0,0,23469.00,0.00,23469.00,0,0,0,23469.00,0.00,23469.00,1,1,0,23469.00,0.00,23469.00,2,2,0,23469.00,0.00,23469.00,2,2,0
SCN-11-SLOW-MULE-0076,INC-SCN-11-SLOW-MULE-0076,2026-09-12T13:49:00+00:00,30003.00,30003.00,30003.00,0.00,30003.00,30003.00,0.00,1,1,0,0,0,0,30003.00,30003.00,0.00,0.00,1.0,30003.00,0.00,30003.00,0,0,0,30003.00,0.00,30003.00,0,0,0,30003.00,0.00,30003.00,0,0,0,30003.00,0.00,30003.00,0,0,0,30003.00,0.00,30003.00,1,1,0,30003.00,0.00,30003.00,2,2,0
SCN-11-SLOW-MULE-0077,INC-SCN-11-SLOW-MULE-0077,2026-09-12T14:04:00+00:00,18852.00,18852.00,18852.00,0.00,18852.00,18852.00,0.00,1,1,0,0,0,0,18852.00,18852.00,0.00,0.00,1.0,18852.00,0.00,18852.00,0,0,0,18852.00,0.00,18852.00,0,0,0,18852.00,0.00,18852.00,0,0,0,18852.00,0.00,18852.00,0,0,0,18852.00,0.00,18852.00,0,0,0,18852.00,0.00,18852.00,0,0,0
SCN-11-SLOW-MULE-0078,INC-SCN-11-SLOW-MULE-0078,2026-09-12T14:19:00+00:00,30163.00,30163.00,30163.00,0.00,30163.00,30163.00,0.00,1,1,0,0,0,0,30163.00,30163.00,0.00,0.00,1.0,30163.00,0.00,30163.00,0,0,0,30163.00,0.00,30163.00,0,0,0,30163.00,0.00,30163.00,0,0,0,30163.00,0.00,30163.00,0,0,0,30163.00,0.00,30163.00,1,1,0,30163.00,0.00,30163.00,2,2,0
SCN-11-SLOW-MULE-0079,INC-SCN-11-SLOW-MULE-0079,2026-09-12T14:34:00+00:00,19085.00,19085.00,19085.00,0.00,19085.00,19085.00,0.00,1,1,0,0,0,0,19085.00,19085.00,0.00,0.00,1.0,19085.00,0.00,19085.00,0,0,0,19085.00,0.00,19085.00,0,0,0,19085.00,0.00,19085.00,0,0,0,19085.00,0.00,19085.00,0,0,0,19085.00,0.00,19085.00,2,2,0,19085.00,0.00,19085.00,2,2,0
SCN-11-SLOW-MULE-0080,INC-SCN-11-SLOW-MULE-0080,2026-09-12T14:49:00+00:00,20077.00,20077.00,20077.00,0.00,20077.00,20077.00,0.00,1,1,0,0,0,0,20077.00,20077.00,0.00,0.00,1.0,20077.00,0.00,20077.00,0,0,0,20077.00,0.00,20077.00,0,0,0,20077.00,0.00,20077.00,0,0,0,20077.00,0.00,20077.00,1,1,0,20077.00,0.00,20077.00,2,2,0,20077.00,0.00,20077.00,2,2,0
SCN-11-SLOW-MULE-0081,INC-SCN-11-SLOW-MULE-0081,2026-09-12T15:04:00+00:00,24135.00,24135.00,24135.00,0.00,24135.00,24135.00,0.00,1,1,0,0,0,0,24135.00,24135.00,0.00,0.00,1.0,24135.00,0.00,24135.00,0,0,0,24135.00,0.00,24135.00,0,0,0,24135.00,0.00,24135.00,0,0,0,24135.00,0.00,24135.00,0,0,0,24135.00,0.00,24135.00,0,0,0,24135.00,0.00,24135.00,0,0,0
SCN-11-SLOW-MULE-0082,INC-SCN-11-SLOW-MULE-0082,2026-09-12T15:19:00+00:00,32850.00,32850.00,32850.00,0.00,32850.00,32850.00,0.00,1,1,0,0,0,0,32850.00,32850.00,0.00,0.00,1.0,32850.00,0.00,32850.00,0,0,0,32850.00,0.00,32850.00,0,0,0,32850.00,0.00,32850.00,0,0,0,32850.00,0.00,32850.00,0,0,0,32850.00,0.00,32850.00,1,1,0,32850.00,0.00,32850.00,2,2,0
SCN-11-SLOW-MULE-0083,INC-SCN-11-SLOW-MULE-0083,2026-09-12T15:34:00+00:00,27150.00,27150.00,27150.00,0.00,27150.00,27150.00,0.00,1,1,0,0,0,0,27150.00,27150.00,0.00,0.00,1.0,27150.00,0.00,27150.00,0,0,0,27150.00,0.00,27150.00,0,0,0,27150.00,0.00,27150.00,0,0,0,27150.00,0.00,27150.00,0,0,0,27150.00,0.00,27150.00,1,1,0,27150.00,0.00,27150.00,2,2,0
SCN-11-SLOW-MULE-0084,INC-SCN-11-SLOW-MULE-0084,2026-09-12T15:49:00+00:00,23693.00,23693.00,23693.00,0.00,23693.00,23693.00,0.00,1,1,0,0,0,0,23693.00,23693.00,0.00,0.00,1.0,23693.00,0.00,23693.00,0,0,0,23693.00,0.00,23693.00,0,0,0,23693.00,0.00,23693.00,0,0,0,23693.00,0.00,23693.00,0,0,0,23693.00,0.00,23693.00,1,1,0,23693.00,0.00,23693.00,2,2,0
SCN-11-SLOW-MULE-0085,INC-SCN-11-SLOW-MULE-0085,2026-09-12T16:04:00+00:00,29142.00,29142.00,29142.00,0.00,29142.00,29142.00,0.00,1,1,0,0,0,0,29142.00,29142.00,0.00,0.00,1.0,29142.00,0.00,29142.00,0,0,0,29142.00,0.00,29142.00,0,0,0,29142.00,0.00,29142.00,0,0,0,29142.00,0.00,29142.00,0,0,0,29142.00,0.00,29142.00,1,1,0,29142.00,0.00,29142.00,2,2,0
SCN-11-SLOW-MULE-0086,INC-SCN-11-SLOW-MULE-0086,2026-09-12T16:19:00+00:00,29282.00,29282.00,29282.00,0.00,29282.00,29282.00,0.00,1,1,0,0,0,0,29282.00,29282.00,0.00,0.00,1.0,29282.00,0.00,29282.00,0,0,0,29282.00,0.00,29282.00,0,0,0,29282.00,0.00,29282.00,0,0,0,29282.00,0.00,29282.00,0,0,0,29282.00,0.00,29282.00,1,1,0,29282.00,0.00,29282.00,2,2,0
SCN-11-SLOW-MULE-0087,INC-SCN-11-SLOW-MULE-0087,2026-09-12T16:34:00+00:00,31319.00,31319.00,31319.00,0.00,31319.00,31319.00,0.00,1,1,0,0,0,0,31319.00,31319.00,0.00,0.00,1.0,31319.00,0.00,31319.00,0,0,0,31319.00,0.00,31319.00,0,0,0,31319.00,0.00,31319.00,0,0,0,31319.00,0.00,31319.00,0,0,0,31319.00,0.00,31319.00,1,1,0,31319.00,0.00,31319.00,2,2,0
SCN-11-SLOW-MULE-0088,INC-SCN-11-SLOW-MULE-0088,2026-09-12T16:49:00+00:00,30363.00,30363.00,30363.00,0.00,30363.00,30363.00,0.00,1,1,0,0,0,0,30363.00,30363.00,0.00,0.00,1.0,30363.00,0.00,30363.00,0,0,0,30363.00,0.00,30363.00,0,0,0,30363.00,0.00,30363.00,0,0,0,30363.00,0.00,30363.00,0,0,0,30363.00,0.00,30363.00,1,1,0,30363.00,0.00,30363.00,2,2,0
SCN-11-SLOW-MULE-0089,INC-SCN-11-SLOW-MULE-0089,2026-09-12T17:04:00+00:00,24326.00,24326.00,24326.00,0.00,24326.00,24326.00,0.00,1,1,0,0,0,0,24326.00,24326.00,0.00,0.00,1.0,24326.00,0.00,24326.00,0,0,0,24326.00,0.00,24326.00,0,0,0,24326.00,0.00,24326.00,0,0,0,24326.00,0.00,24326.00,0,0,0,24326.00,0.00,24326.00,1,1,0,24326.00,0.00,24326.00,2,2,0
SCN-11-SLOW-MULE-0090,INC-SCN-11-SLOW-MULE-0090,2026-09-12T17:19:00+00:00,19527.00,19527.00,19527.00,0.00,19527.00,19527.00,0.00,1,1,0,0,0,0,19527.00,19527.00,0.00,0.00,1.0,19527.00,0.00,19527.00,0,0,0,19527.00,0.00,19527.00,0,0,0,19527.00,0.00,19527.00,0,0,0,19527.00,0.00,19527.00,1,1,0,19527.00,0.00,19527.00,2,2,0,19527.00,0.00,19527.00,2,2,0
SCN-11-SLOW-MULE-0091,INC-SCN-11-SLOW-MULE-0091,2026-09-12T17:34:00+00:00,20280.00,20280.00,20280.00,0.00,20280.00,20280.00,0.00,1,1,0,0,0,0,20280.00,20280.00,0.00,0.00,1.0,20280.00,0.00,20280.00,0,0,0,20280.00,0.00,20280.00,0,0,0,20280.00,0.00,20280.00,0,0,0,20280.00,0.00,20280.00,0,0,0,20280.00,0.00,20280.00,0,0,0,20280.00,0.00,20280.00,0,0,0
SCN-11-SLOW-MULE-0092,INC-SCN-11-SLOW-MULE-0092,2026-09-12T17:49:00+00:00,23957.00,23957.00,23957.00,0.00,23957.00,23957.00,0.00,1,1,0,0,0,0,23957.00,23957.00,0.00,0.00,1.0,23957.00,0.00,23957.00,0,0,0,23957.00,0.00,23957.00,0,0,0,23957.00,0.00,23957.00,0,0,0,23957.00,0.00,23957.00,1,1,0,23957.00,0.00,23957.00,2,2,0,23957.00,0.00,23957.00,2,2,0
SCN-11-SLOW-MULE-0093,INC-SCN-11-SLOW-MULE-0093,2026-09-12T18:04:00+00:00,32573.00,32573.00,32573.00,0.00,32573.00,32573.00,0.00,1,1,0,0,0,0,32573.00,32573.00,0.00,0.00,1.0,32573.00,0.00,32573.00,0,0,0,32573.00,0.00,32573.00,0,0,0,32573.00,0.00,32573.00,0,0,0,32573.00,0.00,32573.00,0,0,0,32573.00,0.00,32573.00,1,1,0,32573.00,0.00,32573.00,2,2,0
SCN-11-SLOW-MULE-0094,INC-SCN-11-SLOW-MULE-0094,2026-09-12T18:19:00+00:00,33387.00,33387.00,33387.00,0.00,33387.00,33387.00,0.00,1,1,0,0,0,0,33387.00,33387.00,0.00,0.00,1.0,33387.00,0.00,33387.00,0,0,0,33387.00,0.00,33387.00,0,0,0,33387.00,0.00,33387.00,0,0,0,33387.00,0.00,33387.00,0,0,0,33387.00,0.00,33387.00,1,1,0,33387.00,0.00,33387.00,2,2,0
SCN-11-SLOW-MULE-0095,INC-SCN-11-SLOW-MULE-0095,2026-09-12T18:34:00+00:00,22539.00,22539.00,22539.00,0.00,22539.00,22539.00,0.00,1,1,0,0,0,0,22539.00,22539.00,0.00,0.00,1.0,22539.00,0.00,22539.00,0,0,0,22539.00,0.00,22539.00,0,0,0,22539.00,0.00,22539.00,0,0,0,22539.00,0.00,22539.00,0,0,0,22539.00,0.00,22539.00,1,1,0,22539.00,0.00,22539.00,1,1,0
SCN-11-SLOW-MULE-0096,INC-SCN-11-SLOW-MULE-0096,2026-09-12T18:49:00+00:00,24989.00,24989.00,24989.00,0.00,24989.00,24989.00,0.00,1,1,0,0,0,0,24989.00,24989.00,0.00,0.00,1.0,24989.00,0.00,24989.00,0,0,0,24989.00,0.00,24989.00,0,0,0,24989.00,0.00,24989.00,0,0,0,24989.00,0.00,24989.00,0,0,0,24989.00,0.00,24989.00,1,1,0,24989.00,0.00,24989.00,2,2,0
SCN-11-SLOW-MULE-0097,INC-SCN-11-SLOW-MULE-0097,2026-09-12T19:04:00+00:00,22240.00,22240.00,22240.00,0.00,22240.00,22240.00,0.00,1,1,0,0,0,0,22240.00,22240.00,0.00,0.00,1.0,22240.00,0.00,22240.00,0,0,0,22240.00,0.00,22240.00,0,0,0,22240.00,0.00,22240.00,0,0,0,22240.00,0.00,22240.00,1,1,0,22240.00,0.00,22240.00,2,2,0,22240.00,0.00,22240.00,2,2,0
SCN-11-SLOW-MULE-0098,INC-SCN-11-SLOW-MULE-0098,2026-09-12T19:19:00+00:00,33378.00,33378.00,33378.00,0.00,33378.00,33378.00,0.00,1,1,0,0,0,0,33378.00,33378.00,0.00,0.00,1.0,33378.00,0.00,33378.00,0,0,0,33378.00,0.00,33378.00,0,0,0,33378.00,0.00,33378.00,0,0,0,33378.00,0.00,33378.00,0,0,0,33378.00,0.00,33378.00,0,0,0,33378.00,0.00,33378.00,0,0,0
SCN-11-SLOW-MULE-0099,INC-SCN-11-SLOW-MULE-0099,2026-09-12T19:34:00+00:00,33492.00,33492.00,33492.00,0.00,33492.00,33492.00,0.00,1,1,0,0,0,0,33492.00,33492.00,0.00,0.00,1.0,33492.00,0.00,33492.00,0,0,0,33492.00,0.00,33492.00,0,0,0,33492.00,0.00,33492.00,0,0,0,33492.00,0.00,33492.00,1,1,0,33492.00,0.00,33492.00,2,2,0,33492.00,0.00,33492.00,2,2,0
SCN-11-SLOW-MULE-0100,INC-SCN-11-SLOW-MULE-0100,2026-09-12T19:49:00+00:00,28454.00,28454.00,28454.00,0.00,28454.00,28454.00,0.00,1,1,0,0,0,0,28454.00,28454.00,0.00,0.00,1.0,28454.00,0.00,28454.00,0,0,0,28454.00,0.00,28454.00,0,0,0,28454.00,0.00,28454.00,0,0,0,28454.00,0.00,28454.00,1,1,0,28454.00,0.00,28454.00,2,2,0,28454.00,0.00,28454.00,2,2,0
