case_id,model_version,risk_score,predicted_next_move,trace_depth,estimated_exposure_bdt,baseline_estimated_exposure_bdt,recommendation,actual_operator_decision,actual_outcome,decision_timestamp,flowfreeze_decision_timestamp,analyst_review_time_minutes,recommendation_agreement,false_positive,false_negative,estimated_exposure_difference_bdt,synthetic,automatic_execution,financial_actions_executed,evidence_summary
case_bc3b7ef5901458cf,flowfreeze-shadow-heuristic-v1,0.1,no_movement,0,54880.0,54880.0,monitor_no_intervention_recommended,,,,2026-09-01T09:04:00+00:00,,,False,True,0.0,True,False,0,"{'downstream_wallets': 0, 'observed_cashout_signal': False, 'multi_recipient_signal': False}"
case_d90fdbf42059b7d9,flowfreeze-shadow-heuristic-v1,0.1,no_movement,0,58276.0,58276.0,monitor_no_intervention_recommended,,,,2026-09-01T09:19:00+00:00,,,False,True,0.0,True,False,0,"{'downstream_wallets': 0, 'observed_cashout_signal': False, 'multi_recipient_signal': False}"
case_cf2077dd956059f5,flowfreeze-shadow-heuristic-v1,0.1,no_movement,0,47267.0,47267.0,monitor_no_intervention_recommended,,,,2026-09-01T09:34:00+00:00,,,False,True,0.0,True,False,0,"{'downstream_wallets': 0, 'observed_cashout_signal': False, 'multi_recipient_signal': False}"
case_9216d801c3eb3415,flowfreeze-shadow-heuristic-v1,0.1,no_movement,0,33429.0,33429.0,monitor_no_intervention_recommended,,,,2026-09-01T09:49:00+00:00,,,False,True,0.0,True,False,0,"{'downstream_wallets': 0, 'observed_cashout_signal': False, 'multi_recipient_signal': False}"
case_016fb586e9508115,flowfreeze-shadow-heuristic-v1,0.1,no_movement,0,40215.0,40215.0,monitor_no_intervention_recommended,,,,2026-09-01T10:04:00+00:00,,,False,True,0.0,True,False,0,"{'downstream_wallets': 0, 'observed_cashout_signal': False, 'multi_recipient_signal': False}"
case_ebc81ff1b3e02a6c,flowfreeze-shadow-heuristic-v1,0.1,no_movement,0,60704.0,60704.0,monitor_no_intervention_recommended,,,,2026-09-01T10:19:00+00:00,,,False,True,0.0,True,False,0,"{'downstream_wallets': 0, 'observed_cashout_signal': False, 'multi_recipient_signal': False}"
case_bb014f1100f28697,flowfreeze-shadow-heuristic-v1,0.1,no_movement,0,66002.0,66002.0,monitor_no_intervention_recommended,,,,2026-09-01T10:34:00+00:00,,,False,True,0.0,True,False,0,"{'downstream_wallets': 0, 'observed_cashout_signal': False, 'multi_recipient_signal': False}"
case_5cd0101f27521e30,flowfreeze-shadow-heuristic-v1,0.1,no_movement,0,62162.0,62162.0,monitor_no_intervention_recommended,,,,2026-09-01T10:49:00+00:00,,,False,True,0.0,True,False,0,"{'downstream_wallets': 0, 'observed_cashout_signal': False, 'multi_recipient_signal': False}"
case_a76cbd8fe67299de,flowfreeze-shadow-heuristic-v1,0.1,no_movement,0,51268.0,51268.0,monitor_no_intervention_recommended,,,,2026-09-01T11:04:00+00:00,,,False,True,0.0,True,False,0,"{'downstream_wallets': 0, 'observed_cashout_signal': False, 'multi_recipient_signal': False}"
case_5031ac20238ac72c,flowfreeze-shadow-heuristic-v1,0.1,no_movement,0,61529.0,61529.0,monitor_no_intervention_recommended,,,,2026-09-01T11:19:00+00:00,,,False,True,0.0,True,False,0,"{'downstream_wallets': 0, 'observed_cashout_signal': False, 'multi_recipient_signal': False}"
case_c7e9545f6e414e57,flowfreeze-shadow-heuristic-v1,0.1,no_movement,0,57160.0,57160.0,monitor_no_intervention_recommended,,,,2026-09-01T11:34:00+00:00,,,False,True,0.0,True,False,0,"{'downstream_wallets': 0, 'observed_cashout_signal': False, 'multi_recipient_signal': False}"
case_2aba47f871e18985,flowfreeze-shadow-heuristic-v1,0.1,no_movement,0,35293.0,35293.0,monitor_no_intervention_recommended,,,,2026-09-01T11:49:00+00:00,,,False,True,0.0,True,False,0,"{'downstream_wallets': 0, 'observed_cashout_signal': False, 'multi_recipient_signal': False}"
case_90880303e84cb1c5,flowfreeze-shadow-heuristic-v1,0.1,no_movement,0,54749.0,54749.0,monitor_no_intervention_recommended,,,,2026-09-01T12:04:00+00:00,,,False,True,0.0,True,False,0,"{'downstream_wallets': 0, 'observed_cashout_signal': False, 'multi_recipient_signal': False}"
case_56676f3e134cc74b,flowfreeze-shadow-heuristic-v1,0.1,no_movement,0,41844.0,41844.0,monitor_no_intervention_recommended,,,,2026-09-01T12:19:00+00:00,,,False,True,0.0,True,False,0,"{'downstream_wallets': 0, 'observed_cashout_signal': False, 'multi_recipient_signal': False}"
case_5cc59ddd719d5515,flowfreeze-shadow-heuristic-v1,0.1,no_movement,0,38490.0,38490.0,monitor_no_intervention_recommended,,,,2026-09-01T12:34:00+00:00,,,False,True,0.0,True,False,0,"{'downstream_wallets': 0, 'observed_cashout_signal': False, 'multi_recipient_signal': False}"
case_46a89df1908afb20,flowfreeze-shadow-heuristic-v1,0.1,no_movement,0,67133.0,67133.0,monitor_no_intervention_recommended,,,,2026-09-01T12:49:00+00:00,,,False,True,0.0,True,False,0,"{'downstream_wallets': 0, 'observed_cashout_signal': False, 'multi_recipient_signal': False}"
case_24b71036215b1610,flowfreeze-shadow-heuristic-v1,0.1,no_movement,0,62000.0,62000.0,monitor_no_intervention_recommended,,,,2026-09-01T13:04:00+00:00,,,False,True,0.0,True,False,0,"{'downstream_wallets': 0, 'observed_cashout_signal': False, 'multi_recipient_signal': False}"
case_1065771fb6388b22,flowfreeze-shadow-heuristic-v1,0.1,no_movement,0,43541.0,43541.0,monitor_no_intervention_recommended,,,,2026-09-01T13:19:00+00:00,,,False,True,0.0,True,False,0,"{'downstream_wallets': 0, 'observed_cashout_signal': False, 'multi_recipient_signal': False}"
case_4ae5d8c09dd75e7f,flowfreeze-shadow-heuristic-v1,0.1,no_movement,0,63173.0,63173.0,monitor_no_intervention_recommended,,,,2026-09-01T13:34:00+00:00,,,False,True,0.0,True,False,0,"{'downstream_wallets': 0, 'observed_cashout_signal': False, 'multi_recipient_signal': False}"
case_1ac1ae06541627fa,flowfreeze-shadow-heuristic-v1,0.1,no_movement,0,64509.0,64509.0,monitor_no_intervention_recommended,,,,2026-09-01T13:49:00+00:00,,,False,True,0.0,True,False,0,"{'downstream_wallets': 0, 'observed_cashout_signal': False, 'multi_recipient_signal': False}"
case_f2f26afbf25f56e1,flowfreeze-shadow-heuristic-v1,0.1,no_movement,0,52148.0,52148.0,monitor_no_intervention_recommended,,,,2026-09-01T14:04:00+00:00,,,False,True,0.0,True,False,0,"{'downstream_wallets': 0, 'observed_cashout_signal': False, 'multi_recipient_signal': False}"
case_0a25c59b3b1c6c47,flowfreeze-shadow-heuristic-v1,0.1,no_movement,0,46479.0,46479.0,monitor_no_intervention_recommended,,,,2026-09-01T14:19:00+00:00,,,False,True,0.0,True,False,0,"{'downstream_wallets': 0, 'observed_cashout_signal': False, 'multi_recipient_signal': False}"
case_6dc880cb33caaf49,flowfreeze-shadow-heuristic-v1,0.1,no_movement,0,35682.0,35682.0,monitor_no_intervention_recommended,,,,2026-09-01T14:34:00+00:00,,,False,True,0.0,True,False,0,"{'downstream_wallets': 0, 'observed_cashout_signal': False, 'multi_recipient_signal': False}"
case_621f197d0b7275c5,flowfreeze-shadow-heuristic-v1,0.1,no_movement,0,60223.0,60223.0,monitor_no_intervention_recommended,,,,2026-09-01T14:49:00+00:00,,,False,True,0.0,True,False,0,"{'downstream_wallets': 0, 'observed_cashout_signal': False, 'multi_recipient_signal': False}"
case_8d376f91bc439067,flowfreeze-shadow-heuristic-v1,0.1,no_movement,0,67364.0,67364.0,monitor_no_intervention_recommended,,,,2026-09-01T15:04:00+00:00,,,False,True,0.0,True,False,0,"{'downstream_wallets': 0, 'observed_cashout_signal': False, 'multi_recipient_signal': False}"
case_3b7f8c56dbdd5e54,flowfreeze-shadow-heuristic-v1,0.1,no_movement,0,32902.0,32902.0,monitor_no_intervention_recommended,,,,2026-09-01T15:19:00+00:00,,,False,True,0.0,True,False,0,"{'downstream_wallets': 0, 'observed_cashout_signal': False, 'multi_recipient_signal': False}"
case_2a6778d7d4472661,flowfreeze-shadow-heuristic-v1,0.1,no_movement,0,41839.0,41839.0,monitor_no_intervention_recommended,,,,2026-09-01T15:34:00+00:00,,,False,True,0.0,True,False,0,"{'downstream_wallets': 0, 'observed_cashout_signal': False, 'multi_recipient_signal': False}"
case_f11263d98ca2c1ce,flowfreeze-shadow-heuristic-v1,0.1,no_movement,0,48380.0,48380.0,monitor_no_intervention_recommended,,,,2026-09-01T15:49:00+00:00,,,False,True,0.0,True,False,0,"{'downstream_wallets': 0, 'observed_cashout_signal': False, 'multi_recipient_signal': False}"
case_098d7f712ea2fc09,flowfreeze-shadow-heuristic-v1,0.1,no_movement,0,50021.0,50021.0,monitor_no_intervention_recommended,,,,2026-09-01T16:04:00+00:00,,,False,True,0.0,True,False,0,"{'downstream_wallets': 0, 'observed_cashout_signal': False, 'multi_recipient_signal': False}"
case_0877b261acf7530e,flowfreeze-shadow-heuristic-v1,0.1,no_movement,0,42946.0,42946.0,monitor_no_intervention_recommended,,,,2026-09-01T16:19:00+00:00,,,False,True,0.0,True,False,0,"{'downstream_wallets': 0, 'observed_cashout_signal': False, 'multi_recipient_signal': False}"
case_236779e7c42a2501,flowfreeze-shadow-heuristic-v1,0.1,no_movement,0,59188.0,59188.0,monitor_no_intervention_recommended,,,,2026-09-01T16:34:00+00:00,,,False,True,0.0,True,False,0,"{'downstream_wallets': 0, 'observed_cashout_signal': False, 'multi_recipient_signal': False}"
case_ea39d44783a706d2,flowfreeze-shadow-heuristic-v1,0.1,no_movement,0,32520.0,32520.0,monitor_no_intervention_recommended,,,,2026-09-01T16:49:00+00:00,,,False,True,0.0,True,False,0,"{'downstream_wallets': 0, 'observed_cashout_signal': False, 'multi_recipient_signal': False}"
case_6965ba172c7236d1,flowfreeze-shadow-heuristic-v1,0.1,no_movement,0,63255.0,63255.0,monitor_no_intervention_recommended,,,,2026-09-01T17:04:00+00:00,,,False,True,0.0,True,False,0,"{'downstream_wallets': 0, 'observed_cashout_signal': False, 'multi_recipient_signal': False}"
case_18c63e304292aed5,flowfreeze-shadow-heuristic-v1,0.1,no_movement,0,63230.0,63230.0,monitor_no_intervention_recommended,,,,2026-09-01T17:19:00+00:00,,,False,True,0.0,True,False,0,"{'downstream_wallets': 0, 'observed_cashout_signal': False, 'multi_recipient_signal': False}"
case_feda4c38b1f6196c,flowfreeze-shadow-heuristic-v1,0.1,no_movement,0,34922.0,34922.0,monitor_no_intervention_recommended,,,,2026-09-01T17:34:00+00:00,,,False,True,0.0,True,False,0,"{'downstream_wallets': 0, 'observed_cashout_signal': False, 'multi_recipient_signal': False}"
case_d1f0c854d3cebaad,flowfreeze-shadow-heuristic-v1,0.1,no_movement,0,49135.0,49135.0,monitor_no_intervention_recommended,,,,2026-09-01T17:49:00+00:00,,,False,True,0.0,True,False,0,"{'downstream_wallets': 0, 'observed_cashout_signal': False, 'multi_recipient_signal': False}"
case_5457bad402026c35,flowfreeze-shadow-heuristic-v1,0.1,no_movement,0,47310.0,47310.0,monitor_no_intervention_recommended,,,,2026-09-01T18:04:00+00:00,,,False,True,0.0,True,False,0,"{'downstream_wallets': 0, 'observed_cashout_signal': False, 'multi_recipient_signal': False}"
case_78f90c2e1d2ac7a7,flowfreeze-shadow-heuristic-v1,0.1,no_movement,0,39540.0,39540.0,monitor_no_intervention_recommended,,,,2026-09-01T18:19:00+00:00,,,False,True,0.0,True,False,0,"{'downstream_wallets': 0, 'observed_cashout_signal': False, 'multi_recipient_signal': False}"
case_950e463795142a50,flowfreeze-shadow-heuristic-v1,0.1,no_movement,0,47834.0,47834.0,monitor_no_intervention_recommended,,,,2026-09-01T18:34:00+00:00,,,False,True,0.0,True,False,0,"{'downstream_wallets': 0, 'observed_cashout_signal': False, 'multi_recipient_signal': False}"
case_564bc1094ebd0f2f,flowfreeze-shadow-heuristic-v1,0.1,no_movement,0,44333.0,44333.0,monitor_no_intervention_recommended,,,,2026-09-01T18:49:00+00:00,,,False,True,0.0,True,False,0,"{'downstream_wallets': 0, 'observed_cashout_signal': False, 'multi_recipient_signal': False}"
case_6efd60ed8cf00b27,flowfreeze-shadow-heuristic-v1,0.1,no_movement,0,34985.0,34985.0,monitor_no_intervention_recommended,,,,2026-09-01T19:04:00+00:00,,,False,True,0.0,True,False,0,"{'downstream_wallets': 0, 'observed_cashout_signal': False, 'multi_recipient_signal': False}"
case_0ac3ca47b0dc22a4,flowfreeze-shadow-heuristic-v1,0.1,no_movement,0,62587.0,62587.0,monitor_no_intervention_recommended,,,,2026-09-01T19:19:00+00:00,,,False,True,0.0,True,False,0,"{'downstream_wallets': 0, 'observed_cashout_signal': False, 'multi_recipient_signal': False}"
case_a755570ac5fc5bb6,flowfreeze-shadow-heuristic-v1,0.1,no_movement,0,39998.0,39998.0,monitor_no_intervention_recommended,,,,2026-09-01T19:34:00+00:00,,,False,True,0.0,True,False,0,"{'downstream_wallets': 0, 'observed_cashout_signal': False, 'multi_recipient_signal': False}"
case_78deefaf9ee170c2,flowfreeze-shadow-heuristic-v1,0.1,no_movement,0,49043.0,49043.0,monitor_no_intervention_recommended,,,,2026-09-01T19:49:00+00:00,,,False,True,0.0,True,False,0,"{'downstream_wallets': 0, 'observed_cashout_signal': False, 'multi_recipient_signal': False}"
case_3194578ee7ea1e42,flowfreeze-shadow-heuristic-v1,0.1,no_movement,0,35893.0,35893.0,monitor_no_intervention_recommended,,,,2026-09-01T20:04:00+00:00,,,False,True,0.0,True,False,0,"{'downstream_wallets': 0, 'observed_cashout_signal': False, 'multi_recipient_signal': False}"
case_31ed9fe8eee06e2a,flowfreeze-shadow-heuristic-v1,0.1,no_movement,0,58018.0,58018.0,monitor_no_intervention_recommended,,,,2026-09-01T20:19:00+00:00,,,False,True,0.0,True,False,0,"{'downstream_wallets': 0, 'observed_cashout_signal': False, 'multi_recipient_signal': False}"
case_812aab370b8f4fab,flowfreeze-shadow-heuristic-v1,0.1,no_movement,0,46592.0,46592.0,monitor_no_intervention_recommended,,,,2026-09-01T20:34:00+00:00,,,False,True,0.0,True,False,0,"{'downstream_wallets': 0, 'observed_cashout_signal': False, 'multi_recipient_signal': False}"
case_32dd9f37fdda9242,flowfreeze-shadow-heuristic-v1,0.1,no_movement,0,39157.0,39157.0,monitor_no_intervention_recommended,,,,2026-09-01T20:49:00+00:00,,,False,True,0.0,True,False,0,"{'downstream_wallets': 0, 'observed_cashout_signal': False, 'multi_recipient_signal': False}"
case_8329cbd5c7323c8b,flowfreeze-shadow-heuristic-v1,0.1,no_movement,0,41243.0,41243.0,monitor_no_intervention_recommended,,,,2026-09-01T21:04:00+00:00,,,False,True,0.0,True,False,0,"{'downstream_wallets': 0, 'observed_cashout_signal': False, 'multi_recipient_signal': False}"
case_50836913fe4dad3f,flowfreeze-shadow-heuristic-v1,0.1,no_movement,0,51761.0,51761.0,monitor_no_intervention_recommended,,,,2026-09-01T21:19:00+00:00,,,False,True,0.0,True,False,0,"{'downstream_wallets': 0, 'observed_cashout_signal': False, 'multi_recipient_signal': False}"
case_b93fccdc98cef4bd,flowfreeze-shadow-heuristic-v1,0.1,no_movement,0,66415.0,66415.0,monitor_no_intervention_recommended,,,,2026-09-01T21:34:00+00:00,,,False,True,0.0,True,False,0,"{'downstream_wallets': 0, 'observed_cashout_signal': False, 'multi_recipient_signal': False}"
case_25cffcfcc5ef1a2e,flowfreeze-shadow-heuristic-v1,0.1,no_movement,0,49497.0,49497.0,monitor_no_intervention_recommended,,,,2026-09-01T21:49:00+00:00,,,False,True,0.0,True,False,0,"{'downstream_wallets': 0, 'observed_cashout_signal': False, 'multi_recipient_signal': False}"
case_9c648cd24cd34d38,flowfreeze-shadow-heuristic-v1,0.1,no_movement,0,45764.0,45764.0,monitor_no_intervention_recommended,,,,2026-09-01T22:04:00+00:00,,,False,True,0.0,True,False,0,"{'downstream_wallets': 0, 'observed_cashout_signal': False, 'multi_recipient_signal': False}"
case_8e15dfc3361607fb,flowfreeze-shadow-heuristic-v1,0.1,no_movement,0,48425.0,48425.0,monitor_no_intervention_recommended,,,,2026-09-01T22:19:00+00:00,,,False,True,0.0,True,False,0,"{'downstream_wallets': 0, 'observed_cashout_signal': False, 'multi_recipient_signal': False}"
case_4de9983778857244,flowfreeze-shadow-heuristic-v1,0.1,no_movement,0,51952.0,51952.0,monitor_no_intervention_recommended,,,,2026-09-01T22:34:00+00:00,,,False,True,0.0,True,False,0,"{'downstream_wallets': 0, 'observed_cashout_signal': False, 'multi_recipient_signal': False}"
case_af6d8f0387b90b9d,flowfreeze-shadow-heuristic-v1,0.1,no_movement,0,66405.0,66405.0,monitor_no_intervention_recommended,,,,2026-09-01T22:49:00+00:00,,,False,True,0.0,True,False,0,"{'downstream_wallets': 0, 'observed_cashout_signal': False, 'multi_recipient_signal': False}"
case_c680fd951f474e61,flowfreeze-shadow-heuristic-v1,0.1,no_movement,0,34501.0,34501.0,monitor_no_intervention_recommended,,,,2026-09-01T23:04:00+00:00,,,False,True,0.0,True,False,0,"{'downstream_wallets': 0, 'observed_cashout_signal': False, 'multi_recipient_signal': False}"
case_8f247b162ce065b7,flowfreeze-shadow-heuristic-v1,0.1,no_movement,0,38010.0,38010.0,monitor_no_intervention_recommended,,,,2026-09-01T23:19:00+00:00,,,False,True,0.0,True,False,0,"{'downstream_wallets': 0, 'observed_cashout_signal': False, 'multi_recipient_signal': False}"
case_77f2a86e4c53378e,flowfreeze-shadow-heuristic-v1,0.1,no_movement,0,53326.0,53326.0,monitor_no_intervention_recommended,,,,2026-09-01T23:34:00+00:00,,,False,True,0.0,True,False,0,"{'downstream_wallets': 0, 'observed_cashout_signal': False, 'multi_recipient_signal': False}"
case_9b461bf1cc2d582a,flowfreeze-shadow-heuristic-v1,0.1,no_movement,0,63660.0,63660.0,monitor_no_intervention_recommended,,,,2026-09-01T23:49:00+00:00,,,False,True,0.0,True,False,0,"{'downstream_wallets': 0, 'observed_cashout_signal': False, 'multi_recipient_signal': False}"
case_633e021c1ada3bf2,flowfreeze-shadow-heuristic-v1,0.1,no_movement,0,47173.0,47173.0,monitor_no_intervention_recommended,,,,2026-09-02T00:04:00+00:00,,,False,True,0.0,True,False,0,"{'downstream_wallets': 0, 'observed_cashout_signal': False, 'multi_recipient_signal': False}"
case_94210e18e71dfd52,flowfreeze-shadow-heuristic-v1,0.1,no_movement,0,39649.0,39649.0,monitor_no_intervention_recommended,,,,2026-09-02T00:19:00+00:00,,,False,True,0.0,True,False,0,"{'downstream_wallets': 0, 'observed_cashout_signal': False, 'multi_recipient_signal': False}"
case_eebbbc6cd266ea57,flowfreeze-shadow-heuristic-v1,0.1,no_movement,0,56009.0,56009.0,monitor_no_intervention_recommended,,,,2026-09-02T00:34:00+00:00,,,False,True,0.0,True,False,0,"{'downstream_wallets': 0, 'observed_cashout_signal': False, 'multi_recipient_signal': False}"
case_2132f8a96afc5250,flowfreeze-shadow-heuristic-v1,0.1,no_movement,0,35039.0,35039.0,monitor_no_intervention_recommended,,,,2026-09-02T00:49:00+00:00,,,False,True,0.0,True,False,0,"{'downstream_wallets': 0, 'observed_cashout_signal': False, 'multi_recipient_signal': False}"
case_ed408deacb17f573,flowfreeze-shadow-heuristic-v1,0.1,no_movement,0,35064.0,35064.0,monitor_no_intervention_recommended,,,,2026-09-02T01:04:00+00:00,,,False,True,0.0,True,False,0,"{'downstream_wallets': 0, 'observed_cashout_signal': False, 'multi_recipient_signal': False}"
case_dd751dd23b5899dd,flowfreeze-shadow-heuristic-v1,0.1,no_movement,0,63330.0,63330.0,monitor_no_intervention_recommended,,,,2026-09-02T01:19:00+00:00,,,False,True,0.0,True,False,0,"{'downstream_wallets': 0, 'observed_cashout_signal': False, 'multi_recipient_signal': False}"
case_7b8aeb01889359bb,flowfreeze-shadow-heuristic-v1,0.1,no_movement,0,61681.0,61681.0,monitor_no_intervention_recommended,,,,2026-09-02T01:34:00+00:00,,,False,True,0.0,True,False,0,"{'downstream_wallets': 0, 'observed_cashout_signal': False, 'multi_recipient_signal': False}"
case_95f1fc35c316c4f3,flowfreeze-shadow-heuristic-v1,0.1,no_movement,0,55389.0,55389.0,monitor_no_intervention_recommended,,,,2026-09-02T01:49:00+00:00,,,False,True,0.0,True,False,0,"{'downstream_wallets': 0, 'observed_cashout_signal': False, 'multi_recipient_signal': False}"
case_de12013efaaff198,flowfreeze-shadow-heuristic-v1,0.1,no_movement,0,55719.0,55719.0,monitor_no_intervention_recommended,,,,2026-09-02T02:04:00+00:00,,,False,True,0.0,True,False,0,"{'downstream_wallets': 0, 'observed_cashout_signal': False, 'multi_recipient_signal': False}"
case_7679c901efcf0741,flowfreeze-shadow-heuristic-v1,0.1,no_movement,0,36246.0,36246.0,monitor_no_intervention_recommended,,,,2026-09-02T02:19:00+00:00,,,False,True,0.0,True,False,0,"{'downstream_wallets': 0, 'observed_cashout_signal': False, 'multi_recipient_signal': False}"
case_34d893a890219634,flowfreeze-shadow-heuristic-v1,0.1,no_movement,0,57616.0,57616.0,monitor_no_intervention_recommended,,,,2026-09-02T02:34:00+00:00,,,False,True,0.0,True,False,0,"{'downstream_wallets': 0, 'observed_cashout_signal': False, 'multi_recipient_signal': False}"
case_9648c4b467d1c589,flowfreeze-shadow-heuristic-v1,0.1,no_movement,0,49599.0,49599.0,monitor_no_intervention_recommended,,,,2026-09-02T02:49:00+00:00,,,False,True,0.0,True,False,0,"{'downstream_wallets': 0, 'observed_cashout_signal': False, 'multi_recipient_signal': False}"
case_c24f963bda963e21,flowfreeze-shadow-heuristic-v1,0.1,no_movement,0,47325.0,47325.0,monitor_no_intervention_recommended,,,,2026-09-02T03:04:00+00:00,,,False,True,0.0,True,False,0,"{'downstream_wallets': 0, 'observed_cashout_signal': False, 'multi_recipient_signal': False}"
case_a6b1ebe1c5e64152,flowfreeze-shadow-heuristic-v1,0.1,no_movement,0,54799.0,54799.0,monitor_no_intervention_recommended,,,,2026-09-02T03:19:00+00:00,,,False,True,0.0,True,False,0,"{'downstream_wallets': 0, 'observed_cashout_signal': False, 'multi_recipient_signal': False}"
case_80972874eee3d4bd,flowfreeze-shadow-heuristic-v1,0.1,no_movement,0,47469.0,47469.0,monitor_no_intervention_recommended,,,,2026-09-02T03:34:00+00:00,,,False,True,0.0,True,False,0,"{'downstream_wallets': 0, 'observed_cashout_signal': False, 'multi_recipient_signal': False}"
case_41299748cdd3f6cf,flowfreeze-shadow-heuristic-v1,0.1,no_movement,0,64138.0,64138.0,monitor_no_intervention_recommended,,,,2026-09-02T03:49:00+00:00,,,False,True,0.0,True,False,0,"{'downstream_wallets': 0, 'observed_cashout_signal': False, 'multi_recipient_signal': False}"
case_fdb08d782bbb03f8,flowfreeze-shadow-heuristic-v1,0.1,no_movement,0,37683.0,37683.0,monitor_no_intervention_recommended,,,,2026-09-02T04:04:00+00:00,,,False,True,0.0,True,False,0,"{'downstream_wallets': 0, 'observed_cashout_signal': False, 'multi_recipient_signal': False}"
case_59e205aac477380b,flowfreeze-shadow-heuristic-v1,0.1,no_movement,0,60364.0,60364.0,monitor_no_intervention_recommended,,,,2026-09-02T04:19:00+00:00,,,False,True,0.0,True,False,0,"{'downstream_wallets': 0, 'observed_cashout_signal': False, 'multi_recipient_signal': False}"
case_4b54d817ca7109f5,flowfreeze-shadow-heuristic-v1,0.1,no_movement,0,41234.0,41234.0,monitor_no_intervention_recommended,,,,2026-09-02T04:34:00+00:00,,,False,True,0.0,True,False,0,"{'downstream_wallets': 0, 'observed_cashout_signal': False, 'multi_recipient_signal': False}"
case_d52249ba6fe908b6,flowfreeze-shadow-heuristic-v1,0.1,no_movement,0,46723.0,46723.0,monitor_no_intervention_recommended,,,,2026-09-02T04:49:00+00:00,,,False,True,0.0,True,False,0,"{'downstream_wallets': 0, 'observed_cashout_signal': False, 'multi_recipient_signal': False}"
case_d51f7aafcabc60f0,flowfreeze-shadow-heuristic-v1,0.1,no_movement,0,62761.0,62761.0,monitor_no_intervention_recommended,,,,2026-09-02T05:04:00+00:00,,,False,True,0.0,True,False,0,"{'downstream_wallets': 0, 'observed_cashout_signal': False, 'multi_recipient_signal': False}"
case_26d36e12750328ec,flowfreeze-shadow-heuristic-v1,0.1,no_movement,0,33368.0,33368.0,monitor_no_intervention_recommended,,,,2026-09-02T05:19:00+00:00,,,False,True,0.0,True,False,0,"{'downstream_wallets': 0, 'observed_cashout_signal': False, 'multi_recipient_signal': False}"
case_45aec8cad358c45f,flowfreeze-shadow-heuristic-v1,0.1,no_movement,0,60578.0,60578.0,monitor_no_intervention_recommended,,,,2026-09-02T05:34:00+00:00,,,False,True,0.0,True,False,0,"{'downstream_wallets': 0, 'observed_cashout_signal': False, 'multi_recipient_signal': False}"
case_4b8890df84153ff3,flowfreeze-shadow-heuristic-v1,0.1,no_movement,0,60058.0,60058.0,monitor_no_intervention_recommended,,,,2026-09-02T05:49:00+00:00,,,False,True,0.0,True,False,0,"{'downstream_wallets': 0, 'observed_cashout_signal': False, 'multi_recipient_signal': False}"
case_f823c82dbcdcc4ce,flowfreeze-shadow-heuristic-v1,0.1,no_movement,0,40285.0,40285.0,monitor_no_intervention_recommended,,,,2026-09-02T06:04:00+00:00,,,False,True,0.0,True,False,0,"{'downstream_wallets': 0, 'observed_cashout_signal': False, 'multi_recipient_signal': False}"
case_3122ba0597edb441,flowfreeze-shadow-heuristic-v1,0.1,no_movement,0,60337.0,60337.0,monitor_no_intervention_recommended,,,,2026-09-02T06:19:00+00:00,,,False,True,0.0,True,False,0,"{'downstream_wallets': 0, 'observed_cashout_signal': False, 'multi_recipient_signal': False}"
case_743c405cb4c0cde1,flowfreeze-shadow-heuristic-v1,0.1,no_movement,0,43989.0,43989.0,monitor_no_intervention_recommended,,,,2026-09-02T06:34:00+00:00,,,False,True,0.0,True,False,0,"{'downstream_wallets': 0, 'observed_cashout_signal': False, 'multi_recipient_signal': False}"
case_6a1c433d5e786d3d,flowfreeze-shadow-heuristic-v1,0.1,no_movement,0,54952.0,54952.0,monitor_no_intervention_recommended,,,,2026-09-02T06:49:00+00:00,,,False,True,0.0,True,False,0,"{'downstream_wallets': 0, 'observed_cashout_signal': False, 'multi_recipient_signal': False}"
case_f2b357ed9eb176b1,flowfreeze-shadow-heuristic-v1,0.1,no_movement,0,65373.0,65373.0,monitor_no_intervention_recommended,,,,2026-09-02T07:04:00+00:00,,,False,True,0.0,True,False,0,"{'downstream_wallets': 0, 'observed_cashout_signal': False, 'multi_recipient_signal': False}"
case_a65db26557823264,flowfreeze-shadow-heuristic-v1,0.1,no_movement,0,66189.0,66189.0,monitor_no_intervention_recommended,,,,2026-09-02T07:19:00+00:00,,,False,True,0.0,True,False,0,"{'downstream_wallets': 0, 'observed_cashout_signal': False, 'multi_recipient_signal': False}"
case_d9a0856131b1a9f1,flowfreeze-shadow-heuristic-v1,0.1,no_movement,0,57999.0,57999.0,monitor_no_intervention_recommended,,,,2026-09-02T07:34:00+00:00,,,False,True,0.0,True,False,0,"{'downstream_wallets': 0, 'observed_cashout_signal': False, 'multi_recipient_signal': False}"
case_691a1d26b36d03e8,flowfreeze-shadow-heuristic-v1,0.1,no_movement,0,45982.0,45982.0,monitor_no_intervention_recommended,,,,2026-09-02T07:49:00+00:00,,,False,True,0.0,True,False,0,"{'downstream_wallets': 0, 'observed_cashout_signal': False, 'multi_recipient_signal': False}"
case_5ba01af63a56c798,flowfreeze-shadow-heuristic-v1,0.1,no_movement,0,32559.0,32559.0,monitor_no_intervention_recommended,,,,2026-09-02T08:04:00+00:00,,,False,True,0.0,True,False,0,"{'downstream_wallets': 0, 'observed_cashout_signal': False, 'multi_recipient_signal': False}"
case_985ec2f3574d52b2,flowfreeze-shadow-heuristic-v1,0.1,no_movement,0,58468.0,58468.0,monitor_no_intervention_recommended,,,,2026-09-02T08:19:00+00:00,,,False,True,0.0,True,False,0,"{'downstream_wallets': 0, 'observed_cashout_signal': False, 'multi_recipient_signal': False}"
case_2353c553d32cc5aa,flowfreeze-shadow-heuristic-v1,0.1,no_movement,0,55748.0,55748.0,monitor_no_intervention_recommended,,,,2026-09-02T08:34:00+00:00,,,False,True,0.0,True,False,0,"{'downstream_wallets': 0, 'observed_cashout_signal': False, 'multi_recipient_signal': False}"
case_2394a29a888ae418,flowfreeze-shadow-heuristic-v1,0.1,no_movement,0,57691.0,57691.0,monitor_no_intervention_recommended,,,,2026-09-02T08:49:00+00:00,,,False,True,0.0,True,False,0,"{'downstream_wallets': 0, 'observed_cashout_signal': False, 'multi_recipient_signal': False}"
case_577357fa62ea595d,flowfreeze-shadow-heuristic-v1,0.1,no_movement,0,46584.0,46584.0,monitor_no_intervention_recommended,,,,2026-09-02T09:04:00+00:00,,,False,True,0.0,True,False,0,"{'downstream_wallets': 0, 'observed_cashout_signal': False, 'multi_recipient_signal': False}"
case_fddfed8ccea0a100,flowfreeze-shadow-heuristic-v1,0.1,no_movement,0,65413.0,65413.0,monitor_no_intervention_recommended,,,,2026-09-02T09:19:00+00:00,,,False,True,0.0,True,False,0,"{'downstream_wallets': 0, 'observed_cashout_signal': False, 'multi_recipient_signal': False}"
case_4fb2fc1ac075768d,flowfreeze-shadow-heuristic-v1,0.1,no_movement,0,43033.0,43033.0,monitor_no_intervention_recommended,,,,2026-09-02T09:34:00+00:00,,,False,True,0.0,True,False,0,"{'downstream_wallets': 0, 'observed_cashout_signal': False, 'multi_recipient_signal': False}"
case_8facb433d1bcb38c,flowfreeze-shadow-heuristic-v1,0.1,no_movement,0,47546.0,47546.0,monitor_no_intervention_recommended,,,,2026-09-02T09:49:00+00:00,,,False,True,0.0,True,False,0,"{'downstream_wallets': 0, 'observed_cashout_signal': False, 'multi_recipient_signal': False}"
case_30d5e98797329bbb,flowfreeze-shadow-heuristic-v1,0.71,forward,1,47976.0,11980.9,prioritize_for_analyst_review,,,,2026-09-02T10:04:00+00:00,,,False,False,35995.1,True,False,0,"{'downstream_wallets': 2, 'observed_cashout_signal': False, 'multi_recipient_signal': True}"
case_371eb849edea445f,flowfreeze-shadow-heuristic-v1,0.47,forward,1,24995.9,11704.19,monitor_no_intervention_recommended,,,,2026-09-02T10:19:00+00:00,,,False,True,13291.71,True,False,0,"{'downstream_wallets': 1, 'observed_cashout_signal': False, 'multi_recipient_signal': False}"
case_cc5f17ed14dc28cb,flowfreeze-shadow-heuristic-v1,0.71,forward,1,38656.0,11506.95,prioritize_for_analyst_review,,,,2026-09-02T10:34:00+00:00,,,False,False,27149.05,True,False,0,"{'downstream_wallets': 2, 'observed_cashout_signal': False, 'multi_recipient_signal': True}"
case_ae6996f561374c9f,flowfreeze-shadow-heuristic-v1,0.71,forward,1,61570.0,17286.26,prioritize_for_analyst_review,,,,2026-09-02T10:49:00+00:00,,,False,False,44283.74,True,False,0,"{'downstream_wallets': 2, 'observed_cashout_signal': False, 'multi_recipient_signal': True}"
case_6f77ee6022902f7c,flowfreeze-shadow-heuristic-v1,0.47,forward,1,51405.0,29119.9,monitor_no_intervention_recommended,,,,2026-09-02T11:04:00+00:00,,,False,True,22285.1,True,False,0,"{'downstream_wallets': 1, 'observed_cashout_signal': False, 'multi_recipient_signal': False}"
case_b8b5d8e0e57af4e9,flowfreeze-shadow-heuristic-v1,0.1,no_movement,0,38538.7,38538.7,monitor_no_intervention_recommended,,,,2026-09-02T11:19:00+00:00,,,False,True,0.0,True,False,0,"{'downstream_wallets': 0, 'observed_cashout_signal': False, 'multi_recipient_signal': False}"
case_dd8f0a94f9f5c339,flowfreeze-shadow-heuristic-v1,0.71,forward,1,44265.0,15375.71,prioritize_for_analyst_review,,,,2026-09-02T11:34:00+00:00,,,False,False,28889.29,True,False,0,"{'downstream_wallets': 2, 'observed_cashout_signal': False, 'multi_recipient_signal': True}"
case_0e38ed78ba35b11d,flowfreeze-shadow-heuristic-v1,0.71,forward,1,39908.0,12100.77,prioritize_for_analyst_review,,,,2026-09-02T11:49:00+00:00,,,False,False,27807.23,True,False,0,"{'downstream_wallets': 2, 'observed_cashout_signal': False, 'multi_recipient_signal': True}"
case_d181ff4fe75f732e,flowfreeze-shadow-heuristic-v1,0.71,forward,1,55311.0,18941.63,prioritize_for_analyst_review,,,,2026-09-02T12:04:00+00:00,,,False,False,36369.37,True,False,0,"{'downstream_wallets': 2, 'observed_cashout_signal': False, 'multi_recipient_signal': True}"
case_30031423db8d6eb4,flowfreeze-shadow-heuristic-v1,0.47,forward,1,61176.0,38067.17,monitor_no_intervention_recommended,,,,2026-09-02T12:19:00+00:00,,,False,True,23108.83,True,False,0,"{'downstream_wallets': 1, 'observed_cashout_signal': False, 'multi_recipient_signal': False}"
case_87d621e358ca01a6,flowfreeze-shadow-heuristic-v1,0.71,forward,1,36737.0,11777.94,prioritize_for_analyst_review,,,,2026-09-02T12:34:00+00:00,,,False,False,24959.06,True,False,0,"{'downstream_wallets': 2, 'observed_cashout_signal': False, 'multi_recipient_signal': True}"
case_644773a8477cd8e3,flowfreeze-shadow-heuristic-v1,0.71,forward,1,58183.0,15362.83,prioritize_for_analyst_review,,,,2026-09-02T12:49:00+00:00,,,False,False,42820.17,True,False,0,"{'downstream_wallets': 2, 'observed_cashout_signal': False, 'multi_recipient_signal': True}"
case_5412aa886caa27c7,flowfreeze-shadow-heuristic-v1,0.47,forward,1,29128.87,13376.36,monitor_no_intervention_recommended,,,,2026-09-02T13:04:00+00:00,,,False,True,15752.51,True,False,0,"{'downstream_wallets': 1, 'observed_cashout_signal': False, 'multi_recipient_signal': False}"
case_0025cac2a1057534,flowfreeze-shadow-heuristic-v1,0.71,forward,1,56671.0,21105.36,prioritize_for_analyst_review,,,,2026-09-02T13:19:00+00:00,,,False,False,35565.64,True,False,0,"{'downstream_wallets': 2, 'observed_cashout_signal': False, 'multi_recipient_signal': True}"
case_16e7175b8556c144,flowfreeze-shadow-heuristic-v1,0.47,forward,1,24390.36,13120.24,monitor_no_intervention_recommended,,,,2026-09-02T13:34:00+00:00,,,False,True,11270.12,True,False,0,"{'downstream_wallets': 1, 'observed_cashout_signal': False, 'multi_recipient_signal': False}"
case_997de218c1027ae5,flowfreeze-shadow-heuristic-v1,0.47,forward,1,20489.64,10288.39,monitor_no_intervention_recommended,,,,2026-09-02T13:49:00+00:00,,,False,True,10201.25,True,False,0,"{'downstream_wallets': 1, 'observed_cashout_signal': False, 'multi_recipient_signal': False}"
case_696a54cea475c436,flowfreeze-shadow-heuristic-v1,0.71,forward,1,65437.0,25647.24,prioritize_for_analyst_review,,,,2026-09-02T14:04:00+00:00,,,False,False,39789.76,True,False,0,"{'downstream_wallets': 2, 'observed_cashout_signal': False, 'multi_recipient_signal': True}"
case_895c0a4fbdfe4eda,flowfreeze-shadow-heuristic-v1,0.71,forward,1,50790.0,10766.54,prioritize_for_analyst_review,,,,2026-09-02T14:19:00+00:00,,,False,False,40023.46,True,False,0,"{'downstream_wallets': 2, 'observed_cashout_signal': False, 'multi_recipient_signal': True}"
case_d4987493df4de8c0,flowfreeze-shadow-heuristic-v1,0.71,forward,1,32594.0,10974.17,prioritize_for_analyst_review,,,,2026-09-02T14:34:00+00:00,,,False,False,21619.83,True,False,0,"{'downstream_wallets': 2, 'observed_cashout_signal': False, 'multi_recipient_signal': True}"
case_f3f38a5861d03950,flowfreeze-shadow-heuristic-v1,0.47,forward,1,55167.0,35543.86,monitor_no_intervention_recommended,,,,2026-09-02T14:49:00+00:00,,,False,True,19623.14,True,False,0,"{'downstream_wallets': 1, 'observed_cashout_signal': False, 'multi_recipient_signal': False}"
case_53eb0f219e8c3f97,flowfreeze-shadow-heuristic-v1,0.71,forward,1,33895.0,11595.25,prioritize_for_analyst_review,,,,2026-09-02T15:04:00+00:00,,,False,False,22299.75,True,False,0,"{'downstream_wallets': 2, 'observed_cashout_signal': False, 'multi_recipient_signal': True}"
case_6017dc8f38ffdabe,flowfreeze-shadow-heuristic-v1,0.71,forward,1,64563.0,20110.92,prioritize_for_analyst_review,,,,2026-09-02T15:19:00+00:00,,,False,False,44452.08,True,False,0,"{'downstream_wallets': 2, 'observed_cashout_signal': False, 'multi_recipient_signal': True}"
case_399a6f79f2da8361,flowfreeze-shadow-heuristic-v1,0.47,forward,1,48419.0,29540.21,monitor_no_intervention_recommended,,,,2026-09-02T15:34:00+00:00,,,False,True,18878.79,True,False,0,"{'downstream_wallets': 1, 'observed_cashout_signal': False, 'multi_recipient_signal': False}"
case_52f98a1097cdb913,flowfreeze-shadow-heuristic-v1,0.47,forward,1,51723.0,33656.22,monitor_no_intervention_recommended,,,,2026-09-02T15:49:00+00:00,,,False,True,18066.78,True,False,0,"{'downstream_wallets': 1, 'observed_cashout_signal': False, 'multi_recipient_signal': False}"
case_638c4815b5e59ca4,flowfreeze-shadow-heuristic-v1,0.47,forward,1,61625.0,38756.48,monitor_no_intervention_recommended,,,,2026-09-02T16:04:00+00:00,,,False,True,22868.52,True,False,0,"{'downstream_wallets': 1, 'observed_cashout_signal': False, 'multi_recipient_signal': False}"
case_58473a2f9cdb58db,flowfreeze-shadow-heuristic-v1,0.47,forward,1,47023.0,29487.01,monitor_no_intervention_recommended,,,,2026-09-02T16:19:00+00:00,,,False,True,17535.99,True,False,0,"{'downstream_wallets': 1, 'observed_cashout_signal': False, 'multi_recipient_signal': False}"
case_ea1925e5bca8ba35,flowfreeze-shadow-heuristic-v1,0.47,forward,1,39103.0,21782.71,monitor_no_intervention_recommended,,,,2026-09-02T16:34:00+00:00,,,False,True,17320.29,True,False,0,"{'downstream_wallets': 1, 'observed_cashout_signal': False, 'multi_recipient_signal': False}"
case_162a72ff56785e8c,flowfreeze-shadow-heuristic-v1,0.71,forward,1,33796.0,8254.43,prioritize_for_analyst_review,,,,2026-09-02T16:49:00+00:00,,,False,False,25541.57,True,False,0,"{'downstream_wallets': 2, 'observed_cashout_signal': False, 'multi_recipient_signal': True}"
case_8caca0a5f46bc00b,flowfreeze-shadow-heuristic-v1,0.47,forward,1,55244.0,33908.11,monitor_no_intervention_recommended,,,,2026-09-02T17:04:00+00:00,,,False,True,21335.89,True,False,0,"{'downstream_wallets': 1, 'observed_cashout_signal': False, 'multi_recipient_signal': False}"
case_55aaa230c14f45d8,flowfreeze-shadow-heuristic-v1,0.71,forward,1,35946.0,8409.68,prioritize_for_analyst_review,,,,2026-09-02T17:19:00+00:00,,,False,False,27536.32,True,False,0,"{'downstream_wallets': 2, 'observed_cashout_signal': False, 'multi_recipient_signal': True}"
case_a1ced59d88a5538a,flowfreeze-shadow-heuristic-v1,0.71,forward,1,62979.0,23372.72,prioritize_for_analyst_review,,,,2026-09-02T17:34:00+00:00,,,False,False,39606.28,True,False,0,"{'downstream_wallets': 2, 'observed_cashout_signal': False, 'multi_recipient_signal': True}"
case_d260214bb5d8ea51,flowfreeze-shadow-heuristic-v1,0.71,forward,1,44595.0,15265.22,prioritize_for_analyst_review,,,,2026-09-02T17:49:00+00:00,,,False,False,29329.78,True,False,0,"{'downstream_wallets': 2, 'observed_cashout_signal': False, 'multi_recipient_signal': True}"
case_bb6f41acbec5691a,flowfreeze-shadow-heuristic-v1,0.71,forward,1,42107.0,13243.36,prioritize_for_analyst_review,,,,2026-09-02T18:04:00+00:00,,,False,False,28863.64,True,False,0,"{'downstream_wallets': 2, 'observed_cashout_signal': False, 'multi_recipient_signal': True}"
case_8c00493b43910179,flowfreeze-shadow-heuristic-v1,0.71,forward,1,55571.0,14601.83,prioritize_for_analyst_review,,,,2026-09-02T18:19:00+00:00,,,False,False,40969.17,True,False,0,"{'downstream_wallets': 2, 'observed_cashout_signal': False, 'multi_recipient_signal': True}"
case_067c3860cbefdda6,flowfreeze-shadow-heuristic-v1,0.47,forward,1,51080.0,28123.36,monitor_no_intervention_recommended,,,,2026-09-02T18:34:00+00:00,,,False,True,22956.64,True,False,0,"{'downstream_wallets': 1, 'observed_cashout_signal': False, 'multi_recipient_signal': False}"
case_7a8c70ca9cd95ba8,flowfreeze-shadow-heuristic-v1,0.71,forward,1,66354.0,22751.0,prioritize_for_analyst_review,,,,2026-09-02T18:49:00+00:00,,,False,False,43603.0,True,False,0,"{'downstream_wallets': 2, 'observed_cashout_signal': False, 'multi_recipient_signal': True}"
case_4d0b366f17be502e,flowfreeze-shadow-heuristic-v1,0.71,forward,1,52149.0,13324.35,prioritize_for_analyst_review,,,,2026-09-02T19:04:00+00:00,,,False,False,38824.65,True,False,0,"{'downstream_wallets': 2, 'observed_cashout_signal': False, 'multi_recipient_signal': True}"
case_a848918fad133bde,flowfreeze-shadow-heuristic-v1,0.71,forward,1,55967.0,16849.15,prioritize_for_analyst_review,,,,2026-09-02T19:19:00+00:00,,,False,False,39117.85,True,False,0,"{'downstream_wallets': 2, 'observed_cashout_signal': False, 'multi_recipient_signal': True}"
case_cf9ae2b534a5b5d4,flowfreeze-shadow-heuristic-v1,0.71,forward,1,35977.0,12730.67,prioritize_for_analyst_review,,,,2026-09-02T19:34:00+00:00,,,False,False,23246.33,True,False,0,"{'downstream_wallets': 2, 'observed_cashout_signal': False, 'multi_recipient_signal': True}"
case_553ca8b10ee78e24,flowfreeze-shadow-heuristic-v1,0.47,forward,1,36907.0,26826.85,monitor_no_intervention_recommended,,,,2026-09-02T19:49:00+00:00,,,False,True,10080.15,True,False,0,"{'downstream_wallets': 1, 'observed_cashout_signal': False, 'multi_recipient_signal': False}"
case_a9c58dedd5486664,flowfreeze-shadow-heuristic-v1,0.47,forward,1,27468.52,15753.11,monitor_no_intervention_recommended,,,,2026-09-02T20:04:00+00:00,,,False,True,11715.41,True,False,0,"{'downstream_wallets': 1, 'observed_cashout_signal': False, 'multi_recipient_signal': False}"
case_740d0d260e12c19c,flowfreeze-shadow-heuristic-v1,0.47,forward,1,20192.17,9360.49,monitor_no_intervention_recommended,,,,2026-09-02T20:19:00+00:00,,,False,True,10831.68,True,False,0,"{'downstream_wallets': 1, 'observed_cashout_signal': False, 'multi_recipient_signal': False}"
case_956f54572dde944f,flowfreeze-shadow-heuristic-v1,0.47,forward,1,35328.0,24446.36,monitor_no_intervention_recommended,,,,2026-09-02T20:34:00+00:00,,,False,True,10881.64,True,False,0,"{'downstream_wallets': 1, 'observed_cashout_signal': False, 'multi_recipient_signal': False}"
case_5bb0be9b664bab42,flowfreeze-shadow-heuristic-v1,0.71,forward,1,55282.0,16839.09,prioritize_for_analyst_review,,,,2026-09-02T20:49:00+00:00,,,False,False,38442.91,True,False,0,"{'downstream_wallets': 2, 'observed_cashout_signal': False, 'multi_recipient_signal': True}"
case_cf0f6379c49677f5,flowfreeze-shadow-heuristic-v1,0.71,forward,2,61612.0,14958.4,prioritize_for_analyst_review,,,,2026-09-02T21:04:00+00:00,,,False,False,46653.6,True,False,0,"{'downstream_wallets': 3, 'observed_cashout_signal': False, 'multi_recipient_signal': True}"
case_c7cf5bcb9e5dcfa5,flowfreeze-shadow-heuristic-v1,0.71,forward,1,53514.0,12566.99,prioritize_for_analyst_review,,,,2026-09-02T21:19:00+00:00,,,False,False,40947.01,True,False,0,"{'downstream_wallets': 2, 'observed_cashout_signal': False, 'multi_recipient_signal': True}"
case_f237fb6315cf9aa6,flowfreeze-shadow-heuristic-v1,0.71,forward,2,54994.0,19049.12,prioritize_for_analyst_review,,,,2026-09-02T21:34:00+00:00,,,False,False,35944.88,True,False,0,"{'downstream_wallets': 3, 'observed_cashout_signal': False, 'multi_recipient_signal': True}"
case_281f69d27e03cf23,flowfreeze-shadow-heuristic-v1,0.71,forward,2,58614.0,17867.87,prioritize_for_analyst_review,,,,2026-09-02T21:49:00+00:00,,,False,False,40746.13,True,False,0,"{'downstream_wallets': 3, 'observed_cashout_signal': False, 'multi_recipient_signal': True}"
case_12f5bd8089025b30,flowfreeze-shadow-heuristic-v1,0.47,forward,1,29035.98,14542.3,monitor_no_intervention_recommended,,,,2026-09-02T22:04:00+00:00,,,False,True,14493.68,True,False,0,"{'downstream_wallets': 1, 'observed_cashout_signal': False, 'multi_recipient_signal': False}"
case_066ef2a8b2e37446,flowfreeze-shadow-heuristic-v1,0.47,forward,1,41443.0,29397.7,monitor_no_intervention_recommended,,,,2026-09-02T22:19:00+00:00,,,False,True,12045.3,True,False,0,"{'downstream_wallets': 1, 'observed_cashout_signal': False, 'multi_recipient_signal': False}"
case_7421113c34176c4b,flowfreeze-shadow-heuristic-v1,0.71,forward,1,64741.0,20431.42,prioritize_for_analyst_review,,,,2026-09-02T22:34:00+00:00,,,False,False,44309.58,True,False,0,"{'downstream_wallets': 2, 'observed_cashout_signal': False, 'multi_recipient_signal': True}"
case_79ef79cc59008572,flowfreeze-shadow-heuristic-v1,0.71,forward,1,53110.0,16752.38,prioritize_for_analyst_review,,,,2026-09-02T22:49:00+00:00,,,False,False,36357.62,True,False,0,"{'downstream_wallets': 2, 'observed_cashout_signal': False, 'multi_recipient_signal': True}"
case_06f1428ef029ed68,flowfreeze-shadow-heuristic-v1,0.71,forward,1,37626.0,10223.13,prioritize_for_analyst_review,,,,2026-09-02T23:04:00+00:00,,,False,False,27402.87,True,False,0,"{'downstream_wallets': 2, 'observed_cashout_signal': False, 'multi_recipient_signal': True}"
case_66b479ab24980e18,flowfreeze-shadow-heuristic-v1,0.47,forward,1,54453.0,39256.38,monitor_no_intervention_recommended,,,,2026-09-02T23:19:00+00:00,,,False,True,15196.62,True,False,0,"{'downstream_wallets': 1, 'observed_cashout_signal': False, 'multi_recipient_signal': False}"
case_d541924cfa95f484,flowfreeze-shadow-heuristic-v1,0.71,forward,1,35186.0,9159.88,prioritize_for_analyst_review,,,,2026-09-02T23:34:00+00:00,,,False,False,26026.12,True,False,0,"{'downstream_wallets': 2, 'observed_cashout_signal': False, 'multi_recipient_signal': True}"
case_3288af3aab479f83,flowfreeze-shadow-heuristic-v1,0.71,forward,1,36123.0,10781.51,prioritize_for_analyst_review,,,,2026-09-02T23:49:00+00:00,,,False,False,25341.49,True,False,0,"{'downstream_wallets': 2, 'observed_cashout_signal': False, 'multi_recipient_signal': True}"
case_bed47bfb70171889,flowfreeze-shadow-heuristic-v1,0.47,forward,1,60123.0,43284.13,monitor_no_intervention_recommended,,,,2026-09-03T00:04:00+00:00,,,False,True,16838.87,True,False,0,"{'downstream_wallets': 1, 'observed_cashout_signal': False, 'multi_recipient_signal': False}"
case_26a890b12c5eadfd,flowfreeze-shadow-heuristic-v1,0.71,forward,1,66369.0,13274.4,prioritize_for_analyst_review,,,,2026-09-03T00:19:00+00:00,,,False,False,53094.6,True,False,0,"{'downstream_wallets': 2, 'observed_cashout_signal': False, 'multi_recipient_signal': True}"
case_1c4921a33376bb9b,flowfreeze-shadow-heuristic-v1,0.71,forward,1,45164.0,12052.6,prioritize_for_analyst_review,,,,2026-09-03T00:34:00+00:00,,,False,False,33111.4,True,False,0,"{'downstream_wallets': 2, 'observed_cashout_signal': False, 'multi_recipient_signal': True}"
case_2bb7b0bffd3733a7,flowfreeze-shadow-heuristic-v1,0.47,forward,1,20761.78,9541.88,monitor_no_intervention_recommended,,,,2026-09-03T00:49:00+00:00,,,False,True,11219.9,True,False,0,"{'downstream_wallets': 1, 'observed_cashout_signal': False, 'multi_recipient_signal': False}"
case_9510bc194554cbd6,flowfreeze-shadow-heuristic-v1,0.71,forward,1,58699.0,15429.08,prioritize_for_analyst_review,,,,2026-09-03T01:04:00+00:00,,,False,False,43269.92,True,False,0,"{'downstream_wallets': 2, 'observed_cashout_signal': False, 'multi_recipient_signal': True}"
case_954069e871840db5,flowfreeze-shadow-heuristic-v1,0.71,forward,1,60544.0,12352.38,prioritize_for_analyst_review,,,,2026-09-03T01:19:00+00:00,,,False,False,48191.62,True,False,0,"{'downstream_wallets': 2, 'observed_cashout_signal': False, 'multi_recipient_signal': True}"
case_16db07b373b00c32,flowfreeze-shadow-heuristic-v1,0.47,forward,1,26576.21,12254.07,monitor_no_intervention_recommended,,,,2026-09-03T01:34:00+00:00,,,False,True,14322.14,True,False,0,"{'downstream_wallets': 1, 'observed_cashout_signal': False, 'multi_recipient_signal': False}"
case_20d46e4346eaef54,flowfreeze-shadow-heuristic-v1,0.47,forward,1,61542.0,37164.49,monitor_no_intervention_recommended,,,,2026-09-03T01:49:00+00:00,,,False,True,24377.51,True,False,0,"{'downstream_wallets': 1, 'observed_cashout_signal': False, 'multi_recipient_signal': False}"
case_daf6e03ac192abe2,flowfreeze-shadow-heuristic-v1,0.47,forward,1,22092.1,12571.39,monitor_no_intervention_recommended,,,,2026-09-03T02:04:00+00:00,,,False,True,9520.71,True,False,0,"{'downstream_wallets': 1, 'observed_cashout_signal': False, 'multi_recipient_signal': False}"
case_1c6f504d2b1201ff,flowfreeze-shadow-heuristic-v1,0.1,no_movement,0,21612.49,21612.49,monitor_no_intervention_recommended,,,,2026-09-03T02:19:00+00:00,,,False,True,0.0,True,False,0,"{'downstream_wallets': 0, 'observed_cashout_signal': False, 'multi_recipient_signal': False}"
case_7d69fbdd75ec8e28,flowfreeze-shadow-heuristic-v1,0.71,forward,2,41378.0,9670.87,prioritize_for_analyst_review,,,,2026-09-03T02:34:00+00:00,,,False,False,31707.13,True,False,0,"{'downstream_wallets': 3, 'observed_cashout_signal': False, 'multi_recipient_signal': True}"
case_a218c02990caad15,flowfreeze-shadow-heuristic-v1,0.47,forward,1,54611.0,39243.51,monitor_no_intervention_recommended,,,,2026-09-03T02:49:00+00:00,,,False,True,15367.49,True,False,0,"{'downstream_wallets': 1, 'observed_cashout_signal': False, 'multi_recipient_signal': False}"
case_b2823c1ebab60464,flowfreeze-shadow-heuristic-v1,0.47,forward,1,31780.26,17123.86,monitor_no_intervention_recommended,,,,2026-09-03T03:04:00+00:00,,,False,True,14656.4,True,False,0,"{'downstream_wallets': 1, 'observed_cashout_signal': False, 'multi_recipient_signal': False}"
case_ef0b24f0158b8da8,flowfreeze-shadow-heuristic-v1,0.47,forward,1,49913.0,28097.39,monitor_no_intervention_recommended,,,,2026-09-03T03:19:00+00:00,,,False,True,21815.61,True,False,0,"{'downstream_wallets': 1, 'observed_cashout_signal': False, 'multi_recipient_signal': False}"
case_ee180961314818d3,flowfreeze-shadow-heuristic-v1,0.1,no_movement,0,25747.72,25747.72,monitor_no_intervention_recommended,,,,2026-09-03T03:34:00+00:00,,,False,True,0.0,True,False,0,"{'downstream_wallets': 0, 'observed_cashout_signal': False, 'multi_recipient_signal': False}"
case_f5b40db8e8a54696,flowfreeze-shadow-heuristic-v1,0.47,forward,1,24656.91,13760.37,monitor_no_intervention_recommended,,,,2026-09-03T03:49:00+00:00,,,False,True,10896.54,True,False,0,"{'downstream_wallets': 1, 'observed_cashout_signal': False, 'multi_recipient_signal': False}"
case_8d4cbb635dfc4799,flowfreeze-shadow-heuristic-v1,0.71,forward,1,46431.0,11711.06,prioritize_for_analyst_review,,,,2026-09-03T04:04:00+00:00,,,False,False,34719.94,True,False,0,"{'downstream_wallets': 2, 'observed_cashout_signal': False, 'multi_recipient_signal': True}"
case_3e111e1721b9e52e,flowfreeze-shadow-heuristic-v1,0.47,forward,1,62349.0,40857.09,monitor_no_intervention_recommended,,,,2026-09-03T04:19:00+00:00,,,False,True,21491.91,True,False,0,"{'downstream_wallets': 1, 'observed_cashout_signal': False, 'multi_recipient_signal': False}"
case_26fe514eb7878038,flowfreeze-shadow-heuristic-v1,0.71,forward,1,60279.0,20356.15,prioritize_for_analyst_review,,,,2026-09-03T04:34:00+00:00,,,False,False,39922.85,True,False,0,"{'downstream_wallets': 2, 'observed_cashout_signal': False, 'multi_recipient_signal': True}"
case_3086859585713053,flowfreeze-shadow-heuristic-v1,0.71,forward,1,50899.0,10457.78,prioritize_for_analyst_review,,,,2026-09-03T04:49:00+00:00,,,False,False,40441.22,True,False,0,"{'downstream_wallets': 2, 'observed_cashout_signal': False, 'multi_recipient_signal': True}"
case_2d44d101c0424049,flowfreeze-shadow-heuristic-v1,0.47,forward,1,21399.9,9344.77,monitor_no_intervention_recommended,,,,2026-09-03T05:04:00+00:00,,,False,True,12055.13,True,False,0,"{'downstream_wallets': 1, 'observed_cashout_signal': False, 'multi_recipient_signal': False}"
case_eb0a6cce30ee7681,flowfreeze-shadow-heuristic-v1,0.47,forward,1,28733.55,11732.1,monitor_no_intervention_recommended,,,,2026-09-03T05:19:00+00:00,,,False,True,17001.45,True,False,0,"{'downstream_wallets': 1, 'observed_cashout_signal': False, 'multi_recipient_signal': False}"
case_a717a702c1a7fff2,flowfreeze-shadow-heuristic-v1,0.71,forward,1,47081.0,13667.76,prioritize_for_analyst_review,,,,2026-09-03T05:34:00+00:00,,,False,False,33413.24,True,False,0,"{'downstream_wallets': 2, 'observed_cashout_signal': False, 'multi_recipient_signal': True}"
case_f294eef41cbd64cd,flowfreeze-shadow-heuristic-v1,0.71,forward,1,43440.0,9445.86,prioritize_for_analyst_review,,,,2026-09-03T05:49:00+00:00,,,False,False,33994.14,True,False,0,"{'downstream_wallets': 2, 'observed_cashout_signal': False, 'multi_recipient_signal': True}"
case_c5c6d8d450bfcc9f,flowfreeze-shadow-heuristic-v1,0.47,forward,1,41189.0,24123.95,monitor_no_intervention_recommended,,,,2026-09-03T06:04:00+00:00,,,False,True,17065.05,True,False,0,"{'downstream_wallets': 1, 'observed_cashout_signal': False, 'multi_recipient_signal': False}"
case_3b1bce45a43c1df1,flowfreeze-shadow-heuristic-v1,0.71,forward,1,44851.0,10473.99,prioritize_for_analyst_review,,,,2026-09-03T06:19:00+00:00,,,False,False,34377.01,True,False,0,"{'downstream_wallets': 2, 'observed_cashout_signal': False, 'multi_recipient_signal': True}"
case_90c1108d612bdadd,flowfreeze-shadow-heuristic-v1,0.71,forward,1,51863.0,18999.54,prioritize_for_analyst_review,,,,2026-09-03T06:34:00+00:00,,,False,False,32863.46,True,False,0,"{'downstream_wallets': 2, 'observed_cashout_signal': False, 'multi_recipient_signal': True}"
case_bf1fbe1b16015f01,flowfreeze-shadow-heuristic-v1,0.71,forward,1,50003.0,14791.9,prioritize_for_analyst_review,,,,2026-09-03T06:49:00+00:00,,,False,False,35211.1,True,False,0,"{'downstream_wallets': 2, 'observed_cashout_signal': False, 'multi_recipient_signal': True}"
case_e8bf487c0c1f3e79,flowfreeze-shadow-heuristic-v1,0.47,forward,1,51132.0,31433.94,monitor_no_intervention_recommended,,,,2026-09-03T07:04:00+00:00,,,False,True,19698.06,True,False,0,"{'downstream_wallets': 1, 'observed_cashout_signal': False, 'multi_recipient_signal': False}"
case_aebfc0d5e5917fdd,flowfreeze-shadow-heuristic-v1,0.47,forward,1,52717.0,30409.27,monitor_no_intervention_recommended,,,,2026-09-03T07:19:00+00:00,,,False,True,22307.73,True,False,0,"{'downstream_wallets': 1, 'observed_cashout_signal': False, 'multi_recipient_signal': False}"
case_cd9da09a0497e89d,flowfreeze-shadow-heuristic-v1,0.47,forward,1,46863.0,26357.97,monitor_no_intervention_recommended,,,,2026-09-03T07:34:00+00:00,,,False,True,20505.03,True,False,0,"{'downstream_wallets': 1, 'observed_cashout_signal': False, 'multi_recipient_signal': False}"
case_b252b2d7ac5a3a0a,flowfreeze-shadow-heuristic-v1,0.71,forward,1,44481.0,13566.27,prioritize_for_analyst_review,,,,2026-09-03T07:49:00+00:00,,,False,False,30914.73,True,False,0,"{'downstream_wallets': 2, 'observed_cashout_signal': False, 'multi_recipient_signal': True}"
case_2a1d40241a325d15,flowfreeze-shadow-heuristic-v1,0.71,forward,1,43596.0,14721.27,prioritize_for_analyst_review,,,,2026-09-03T08:04:00+00:00,,,False,False,28874.73,True,False,0,"{'downstream_wallets': 2, 'observed_cashout_signal': False, 'multi_recipient_signal': True}"
case_9076d518d6e97e8f,flowfreeze-shadow-heuristic-v1,0.47,forward,1,28337.98,15663.36,monitor_no_intervention_recommended,,,,2026-09-03T08:19:00+00:00,,,False,True,12674.62,True,False,0,"{'downstream_wallets': 1, 'observed_cashout_signal': False, 'multi_recipient_signal': False}"
case_dad024049dc78d9d,flowfreeze-shadow-heuristic-v1,0.47,forward,1,33906.12,13758.23,monitor_no_intervention_recommended,,,,2026-09-03T08:34:00+00:00,,,False,True,20147.89,True,False,0,"{'downstream_wallets': 1, 'observed_cashout_signal': False, 'multi_recipient_signal': False}"
case_34be644911d08595,flowfreeze-shadow-heuristic-v1,0.47,forward,1,52595.0,28292.56,monitor_no_intervention_recommended,,,,2026-09-03T08:49:00+00:00,,,False,True,24302.44,True,False,0,"{'downstream_wallets': 1, 'observed_cashout_signal': False, 'multi_recipient_signal': False}"
case_741187e42e9f9547,flowfreeze-shadow-heuristic-v1,0.71,forward,1,32824.0,10614.43,prioritize_for_analyst_review,,,,2026-09-03T09:04:00+00:00,,,False,False,22209.57,True,False,0,"{'downstream_wallets': 2, 'observed_cashout_signal': False, 'multi_recipient_signal': True}"
case_8bfc8d64085048af,flowfreeze-shadow-heuristic-v1,0.47,forward,1,39017.0,21803.45,monitor_no_intervention_recommended,,,,2026-09-03T09:19:00+00:00,,,False,True,17213.55,True,False,0,"{'downstream_wallets': 1, 'observed_cashout_signal': False, 'multi_recipient_signal': False}"
case_3f6bae8ef1e05877,flowfreeze-shadow-heuristic-v1,0.71,forward,2,41627.0,12679.86,prioritize_for_analyst_review,,,,2026-09-03T09:34:00+00:00,,,False,False,28947.14,True,False,0,"{'downstream_wallets': 3, 'observed_cashout_signal': False, 'multi_recipient_signal': True}"
case_6216619e5b173f3e,flowfreeze-shadow-heuristic-v1,0.71,forward,1,43384.0,13610.42,prioritize_for_analyst_review,,,,2026-09-03T09:49:00+00:00,,,False,False,29773.58,True,False,0,"{'downstream_wallets': 2, 'observed_cashout_signal': False, 'multi_recipient_signal': True}"
case_13d19abbf28582be,flowfreeze-shadow-heuristic-v1,0.71,forward,1,41161.0,12093.66,prioritize_for_analyst_review,,,,2026-09-03T10:04:00+00:00,,,False,False,29067.34,True,False,0,"{'downstream_wallets': 2, 'observed_cashout_signal': False, 'multi_recipient_signal': True}"
case_a5b692bb21b70494,flowfreeze-shadow-heuristic-v1,0.71,forward,1,50712.0,18111.79,prioritize_for_analyst_review,,,,2026-09-03T10:19:00+00:00,,,False,False,32600.21,True,False,0,"{'downstream_wallets': 2, 'observed_cashout_signal': False, 'multi_recipient_signal': True}"
case_c7aa990e4c26182e,flowfreeze-shadow-heuristic-v1,0.47,forward,1,58603.0,37744.11,monitor_no_intervention_recommended,,,,2026-09-03T10:34:00+00:00,,,False,True,20858.89,True,False,0,"{'downstream_wallets': 1, 'observed_cashout_signal': False, 'multi_recipient_signal': False}"
case_4e4b87bdf7e82a1e,flowfreeze-shadow-heuristic-v1,0.71,forward,1,55106.0,12114.48,prioritize_for_analyst_review,,,,2026-09-03T10:49:00+00:00,,,False,False,42991.52,True,False,0,"{'downstream_wallets': 2, 'observed_cashout_signal': False, 'multi_recipient_signal': True}"
case_254cd93e4c95681e,flowfreeze-shadow-heuristic-v1,0.1,no_movement,0,33847.0,33847.0,monitor_no_intervention_recommended,,,,2026-09-03T11:04:00+00:00,,,False,True,0.0,True,False,0,"{'downstream_wallets': 0, 'observed_cashout_signal': False, 'multi_recipient_signal': False}"
case_d27a83224fd74c2c,flowfreeze-shadow-heuristic-v1,0.47,forward,2,51099.0,17851.99,monitor_no_intervention_recommended,,,,2026-09-03T11:19:00+00:00,,,False,True,33247.01,True,False,0,"{'downstream_wallets': 2, 'observed_cashout_signal': False, 'multi_recipient_signal': False}"
case_94c6fff30b264574,flowfreeze-shadow-heuristic-v1,0.47,forward,2,28959.0,4363.95,monitor_no_intervention_recommended,,,,2026-09-03T11:34:00+00:00,,,False,True,24595.05,True,False,0,"{'downstream_wallets': 2, 'observed_cashout_signal': False, 'multi_recipient_signal': False}"
case_bdb81d1d74a73d1f,flowfreeze-shadow-heuristic-v1,0.47,forward,1,53164.0,11503.87,monitor_no_intervention_recommended,,,,2026-09-03T11:49:00+00:00,,,False,True,41660.13,True,False,0,"{'downstream_wallets': 1, 'observed_cashout_signal': False, 'multi_recipient_signal': False}"
case_c5c7044cade6d7b1,flowfreeze-shadow-heuristic-v1,0.47,forward,2,36142.0,7184.3,monitor_no_intervention_recommended,,,,2026-09-03T12:04:00+00:00,,,False,True,28957.7,True,False,0,"{'downstream_wallets': 2, 'observed_cashout_signal': False, 'multi_recipient_signal': False}"
case_3e1c6e8dbdb29dd7,flowfreeze-shadow-heuristic-v1,0.47,forward,1,35193.0,10591.15,monitor_no_intervention_recommended,,,,2026-09-03T12:19:00+00:00,,,False,True,24601.85,True,False,0,"{'downstream_wallets': 1, 'observed_cashout_signal': False, 'multi_recipient_signal': False}"
case_d490dd7495066f1d,flowfreeze-shadow-heuristic-v1,0.47,forward,2,56687.0,16849.24,monitor_no_intervention_recommended,,,,2026-09-03T12:34:00+00:00,,,False,True,39837.76,True,False,0,"{'downstream_wallets': 2, 'observed_cashout_signal': False, 'multi_recipient_signal': False}"
case_0f3b1a06c5eb5088,flowfreeze-shadow-heuristic-v1,0.47,forward,2,41103.0,9806.66,monitor_no_intervention_recommended,,,,2026-09-03T12:49:00+00:00,,,False,True,31296.34,True,False,0,"{'downstream_wallets': 2, 'observed_cashout_signal': False, 'multi_recipient_signal': False}"
case_f13cc9eb3903ecaa,flowfreeze-shadow-heuristic-v1,0.47,forward,2,41979.0,5301.56,monitor_no_intervention_recommended,,,,2026-09-03T13:04:00+00:00,,,False,True,36677.44,True,False,0,"{'downstream_wallets': 2, 'observed_cashout_signal': False, 'multi_recipient_signal': False}"
case_ab06c1883483c25d,flowfreeze-shadow-heuristic-v1,0.47,forward,2,29027.0,4892.36,monitor_no_intervention_recommended,,,,2026-09-03T13:19:00+00:00,,,False,True,24134.64,True,False,0,"{'downstream_wallets': 2, 'observed_cashout_signal': False, 'multi_recipient_signal': False}"
case_39ffbdb67736b578,flowfreeze-shadow-heuristic-v1,0.1,no_movement,0,41506.0,41506.0,monitor_no_intervention_recommended,,,,2026-09-03T13:34:00+00:00,,,False,True,0.0,True,False,0,"{'downstream_wallets': 0, 'observed_cashout_signal': False, 'multi_recipient_signal': False}"
case_1dca3a8956079722,flowfreeze-shadow-heuristic-v1,0.47,forward,2,30132.0,3872.2,monitor_no_intervention_recommended,,,,2026-09-03T13:49:00+00:00,,,False,True,26259.8,True,False,0,"{'downstream_wallets': 2, 'observed_cashout_signal': False, 'multi_recipient_signal': False}"
case_3ddec6fb8b409061,flowfreeze-shadow-heuristic-v1,0.47,forward,1,49632.0,16795.47,monitor_no_intervention_recommended,,,,2026-09-03T14:04:00+00:00,,,False,True,32836.53,True,False,0,"{'downstream_wallets': 1, 'observed_cashout_signal': False, 'multi_recipient_signal': False}"
case_0d57bb11aa89013e,flowfreeze-shadow-heuristic-v1,0.47,forward,1,28551.0,6364.09,monitor_no_intervention_recommended,,,,2026-09-03T14:19:00+00:00,,,False,True,22186.91,True,False,0,"{'downstream_wallets': 1, 'observed_cashout_signal': False, 'multi_recipient_signal': False}"
case_976133b507eabcf7,flowfreeze-shadow-heuristic-v1,0.47,forward,2,36546.0,5706.31,monitor_no_intervention_recommended,,,,2026-09-03T14:34:00+00:00,,,False,True,30839.69,True,False,0,"{'downstream_wallets': 2, 'observed_cashout_signal': False, 'multi_recipient_signal': False}"
case_d4f6f53731de856b,flowfreeze-shadow-heuristic-v1,0.1,no_movement,0,11291.89,11291.89,monitor_no_intervention_recommended,,,,2026-09-03T14:49:00+00:00,,,False,True,0.0,True,False,0,"{'downstream_wallets': 0, 'observed_cashout_signal': False, 'multi_recipient_signal': False}"
case_50fcfc56504c5511,flowfreeze-shadow-heuristic-v1,0.47,forward,2,54970.0,18168.35,monitor_no_intervention_recommended,,,,2026-09-03T15:04:00+00:00,,,False,True,36801.65,True,False,0,"{'downstream_wallets': 2, 'observed_cashout_signal': False, 'multi_recipient_signal': False}"
case_eae0b53429300a86,flowfreeze-shadow-heuristic-v1,0.1,no_movement,0,10955.47,10955.47,monitor_no_intervention_recommended,,,,2026-09-03T15:19:00+00:00,,,False,True,0.0,True,False,0,"{'downstream_wallets': 0, 'observed_cashout_signal': False, 'multi_recipient_signal': False}"
case_bae3f65aad50d425,flowfreeze-shadow-heuristic-v1,0.47,forward,2,35880.0,3668.01,monitor_no_intervention_recommended,,,,2026-09-03T15:34:00+00:00,,,False,True,32211.99,True,False,0,"{'downstream_wallets': 2, 'observed_cashout_signal': False, 'multi_recipient_signal': False}"
case_f34bb7667c483683,flowfreeze-shadow-heuristic-v1,0.47,forward,2,29561.0,5589.0,monitor_no_intervention_recommended,,,,2026-09-03T15:49:00+00:00,,,False,True,23972.0,True,False,0,"{'downstream_wallets': 2, 'observed_cashout_signal': False, 'multi_recipient_signal': False}"
case_e2a19d1aa27cd90f,flowfreeze-shadow-heuristic-v1,0.47,forward,2,55942.0,16659.96,monitor_no_intervention_recommended,,,,2026-09-03T16:04:00+00:00,,,False,True,39282.04,True,False,0,"{'downstream_wallets': 2, 'observed_cashout_signal': False, 'multi_recipient_signal': False}"
case_411407f16073a325,flowfreeze-shadow-heuristic-v1,0.47,forward,1,30648.0,5077.87,monitor_no_intervention_recommended,,,,2026-09-03T16:19:00+00:00,,,False,True,25570.13,True,False,0,"{'downstream_wallets': 1, 'observed_cashout_signal': False, 'multi_recipient_signal': False}"
case_0af72a69a9c46df1,flowfreeze-shadow-heuristic-v1,0.47,forward,1,45920.0,6253.56,monitor_no_intervention_recommended,,,,2026-09-03T16:34:00+00:00,,,False,True,39666.44,True,False,0,"{'downstream_wallets': 1, 'observed_cashout_signal': False, 'multi_recipient_signal': False}"
case_e581c850fe96f83a,flowfreeze-shadow-heuristic-v1,0.47,forward,1,37870.0,12502.69,monitor_no_intervention_recommended,,,,2026-09-03T16:49:00+00:00,,,False,True,25367.31,True,False,0,"{'downstream_wallets': 1, 'observed_cashout_signal': False, 'multi_recipient_signal': False}"
case_956f8fce5723e831,flowfreeze-shadow-heuristic-v1,0.47,forward,2,27610.0,5305.45,monitor_no_intervention_recommended,,,,2026-09-03T17:04:00+00:00,,,False,True,22304.55,True,False,0,"{'downstream_wallets': 2, 'observed_cashout_signal': False, 'multi_recipient_signal': False}"
case_881030eb94845c83,flowfreeze-shadow-heuristic-v1,0.47,forward,2,30712.0,7011.21,monitor_no_intervention_recommended,,,,2026-09-03T17:19:00+00:00,,,False,True,23700.79,True,False,0,"{'downstream_wallets': 2, 'observed_cashout_signal': False, 'multi_recipient_signal': False}"
case_a6b6615d09fdf9bf,flowfreeze-shadow-heuristic-v1,0.1,no_movement,0,14418.62,14418.62,monitor_no_intervention_recommended,,,,2026-09-03T17:34:00+00:00,,,False,True,0.0,True,False,0,"{'downstream_wallets': 0, 'observed_cashout_signal': False, 'multi_recipient_signal': False}"
case_82ede657cc340ddb,flowfreeze-shadow-heuristic-v1,0.47,forward,2,44711.0,6485.05,monitor_no_intervention_recommended,,,,2026-09-03T17:49:00+00:00,,,False,True,38225.95,True,False,0,"{'downstream_wallets': 2, 'observed_cashout_signal': False, 'multi_recipient_signal': False}"
case_77316ca547cce0af,flowfreeze-shadow-heuristic-v1,0.47,forward,1,44851.0,5333.13,monitor_no_intervention_recommended,,,,2026-09-03T18:04:00+00:00,,,False,True,39517.87,True,False,0,"{'downstream_wallets': 1, 'observed_cashout_signal': False, 'multi_recipient_signal': False}"
case_3c36eec6e85780c1,flowfreeze-shadow-heuristic-v1,0.47,forward,2,42318.0,12783.62,monitor_no_intervention_recommended,,,,2026-09-03T18:19:00+00:00,,,False,True,29534.38,True,False,0,"{'downstream_wallets': 2, 'observed_cashout_signal': False, 'multi_recipient_signal': False}"
case_467975f7ee5d3da5,flowfreeze-shadow-heuristic-v1,0.47,forward,2,27582.0,5912.21,monitor_no_intervention_recommended,,,,2026-09-03T18:34:00+00:00,,,False,True,21669.79,True,False,0,"{'downstream_wallets': 2, 'observed_cashout_signal': False, 'multi_recipient_signal': False}"
case_c8457a822c0ad798,flowfreeze-shadow-heuristic-v1,0.47,forward,2,32245.0,6514.78,monitor_no_intervention_recommended,,,,2026-09-03T18:49:00+00:00,,,False,True,25730.22,True,False,0,"{'downstream_wallets': 2, 'observed_cashout_signal': False, 'multi_recipient_signal': False}"
case_943551e1ba3c5f59,flowfreeze-shadow-heuristic-v1,0.47,forward,1,51704.0,11864.8,monitor_no_intervention_recommended,,,,2026-09-03T19:04:00+00:00,,,False,True,39839.2,True,False,0,"{'downstream_wallets': 1, 'observed_cashout_signal': False, 'multi_recipient_signal': False}"
case_e2c0b92903dea7c3,flowfreeze-shadow-heuristic-v1,0.1,no_movement,0,10875.99,10875.99,monitor_no_intervention_recommended,,,,2026-09-03T19:19:00+00:00,,,False,True,0.0,True,False,0,"{'downstream_wallets': 0, 'observed_cashout_signal': False, 'multi_recipient_signal': False}"
case_dfe58b0d3f935314,flowfreeze-shadow-heuristic-v1,0.47,forward,1,55605.0,6323.48,monitor_no_intervention_recommended,,,,2026-09-03T19:34:00+00:00,,,False,True,49281.52,True,False,0,"{'downstream_wallets': 1, 'observed_cashout_signal': False, 'multi_recipient_signal': False}"
case_3da7d8ccdf71d9bb,flowfreeze-shadow-heuristic-v1,0.1,no_movement,0,8584.17,8584.17,monitor_no_intervention_recommended,,,,2026-09-03T19:49:00+00:00,,,False,True,0.0,True,False,0,"{'downstream_wallets': 0, 'observed_cashout_signal': False, 'multi_recipient_signal': False}"
case_7cb035550497e3cd,flowfreeze-shadow-heuristic-v1,0.1,no_movement,0,8874.51,8874.51,monitor_no_intervention_recommended,,,,2026-09-03T20:04:00+00:00,,,False,True,0.0,True,False,0,"{'downstream_wallets': 0, 'observed_cashout_signal': False, 'multi_recipient_signal': False}"
case_9410e935cf817822,flowfreeze-shadow-heuristic-v1,0.47,forward,1,50346.0,11676.25,monitor_no_intervention_recommended,,,,2026-09-03T20:19:00+00:00,,,False,True,38669.75,True,False,0,"{'downstream_wallets': 1, 'observed_cashout_signal': False, 'multi_recipient_signal': False}"
case_e3e46623ef35df94,flowfreeze-shadow-heuristic-v1,0.47,forward,2,46545.0,14334.62,monitor_no_intervention_recommended,,,,2026-09-03T20:34:00+00:00,,,False,True,32210.38,True,False,0,"{'downstream_wallets': 2, 'observed_cashout_signal': False, 'multi_recipient_signal': False}"
case_d448ba9593cf3227,flowfreeze-shadow-heuristic-v1,0.47,forward,2,27573.0,6513.93,monitor_no_intervention_recommended,,,,2026-09-03T20:49:00+00:00,,,False,True,21059.07,True,False,0,"{'downstream_wallets': 2, 'observed_cashout_signal': False, 'multi_recipient_signal': False}"
case_4d63b81f704d9e54,flowfreeze-shadow-heuristic-v1,0.1,no_movement,0,9774.39,9774.39,monitor_no_intervention_recommended,,,,2026-09-03T21:04:00+00:00,,,False,True,0.0,True,False,0,"{'downstream_wallets': 0, 'observed_cashout_signal': False, 'multi_recipient_signal': False}"
case_c31593229454b3d9,flowfreeze-shadow-heuristic-v1,0.47,forward,2,38591.0,10706.31,monitor_no_intervention_recommended,,,,2026-09-03T21:19:00+00:00,,,False,True,27884.69,True,False,0,"{'downstream_wallets': 2, 'observed_cashout_signal': False, 'multi_recipient_signal': False}"
case_23c82bc234b15a91,flowfreeze-shadow-heuristic-v1,0.1,no_movement,0,49287.0,49287.0,monitor_no_intervention_recommended,,,,2026-09-03T21:34:00+00:00,,,False,True,0.0,True,False,0,"{'downstream_wallets': 0, 'observed_cashout_signal': False, 'multi_recipient_signal': False}"
case_35ac6d368a4fee7e,flowfreeze-shadow-heuristic-v1,0.47,forward,2,52608.0,7454.73,monitor_no_intervention_recommended,,,,2026-09-03T21:49:00+00:00,,,False,True,45153.27,True,False,0,"{'downstream_wallets': 2, 'observed_cashout_signal': False, 'multi_recipient_signal': False}"
case_15d2f92bd965f930,flowfreeze-shadow-heuristic-v1,0.47,forward,2,45780.0,15156.63,monitor_no_intervention_recommended,,,,2026-09-03T22:04:00+00:00,,,False,True,30623.37,True,False,0,"{'downstream_wallets': 2, 'observed_cashout_signal': False, 'multi_recipient_signal': False}"
case_283233fd64369dd6,flowfreeze-shadow-heuristic-v1,0.47,forward,1,47323.0,5633.06,monitor_no_intervention_recommended,,,,2026-09-03T22:19:00+00:00,,,False,True,41689.94,True,False,0,"{'downstream_wallets': 1, 'observed_cashout_signal': False, 'multi_recipient_signal': False}"
case_a1006b93520336a6,flowfreeze-shadow-heuristic-v1,0.47,forward,1,48112.0,10079.59,monitor_no_intervention_recommended,,,,2026-09-03T22:34:00+00:00,,,False,True,38032.41,True,False,0,"{'downstream_wallets': 1, 'observed_cashout_signal': False, 'multi_recipient_signal': False}"
case_e9213e9025984d6c,flowfreeze-shadow-heuristic-v1,0.47,forward,2,29178.0,6658.87,monitor_no_intervention_recommended,,,,2026-09-03T22:49:00+00:00,,,False,True,22519.13,True,False,0,"{'downstream_wallets': 2, 'observed_cashout_signal': False, 'multi_recipient_signal': False}"
case_ce2f1bd75683de09,flowfreeze-shadow-heuristic-v1,0.47,forward,2,52670.0,16440.43,monitor_no_intervention_recommended,,,,2026-09-03T23:04:00+00:00,,,False,True,36229.57,True,False,0,"{'downstream_wallets': 2, 'observed_cashout_signal': False, 'multi_recipient_signal': False}"
case_7cd078b3383d6af6,flowfreeze-shadow-heuristic-v1,0.47,forward,1,38261.0,5021.43,monitor_no_intervention_recommended,,,,2026-09-03T23:19:00+00:00,,,False,True,33239.57,True,False,0,"{'downstream_wallets': 1, 'observed_cashout_signal': False, 'multi_recipient_signal': False}"
case_683316e7ab5d7529,flowfreeze-shadow-heuristic-v1,0.47,forward,2,36235.0,7853.18,monitor_no_intervention_recommended,,,,2026-09-03T23:34:00+00:00,,,False,True,28381.82,True,False,0,"{'downstream_wallets': 2, 'observed_cashout_signal': False, 'multi_recipient_signal': False}"
case_8c26d4daae6dd9fe,flowfreeze-shadow-heuristic-v1,0.47,forward,3,55259.0,8379.3,monitor_no_intervention_recommended,,,,2026-09-03T23:49:00+00:00,,,False,True,46879.7,True,False,0,"{'downstream_wallets': 3, 'observed_cashout_signal': False, 'multi_recipient_signal': False}"
case_13e1d64c9d233cc2,flowfreeze-shadow-heuristic-v1,0.1,no_movement,0,15664.64,15664.64,monitor_no_intervention_recommended,,,,2026-09-04T00:04:00+00:00,,,False,True,0.0,True,False,0,"{'downstream_wallets': 0, 'observed_cashout_signal': False, 'multi_recipient_signal': False}"
case_5b62342119da05e9,flowfreeze-shadow-heuristic-v1,0.1,no_movement,0,14601.03,14601.03,monitor_no_intervention_recommended,,,,2026-09-04T00:19:00+00:00,,,False,True,0.0,True,False,0,"{'downstream_wallets': 0, 'observed_cashout_signal': False, 'multi_recipient_signal': False}"
case_62a25c2ec0fbdf9d,flowfreeze-shadow-heuristic-v1,0.47,forward,1,30825.0,4949.23,monitor_no_intervention_recommended,,,,2026-09-04T00:34:00+00:00,,,False,True,25875.77,True,False,0,"{'downstream_wallets': 1, 'observed_cashout_signal': False, 'multi_recipient_signal': False}"
case_2d4b7c5e919215e6,flowfreeze-shadow-heuristic-v1,0.47,forward,3,56426.0,8234.27,monitor_no_intervention_recommended,,,,2026-09-04T00:49:00+00:00,,,False,True,48191.73,True,False,0,"{'downstream_wallets': 3, 'observed_cashout_signal': False, 'multi_recipient_signal': False}"
case_822ec527f1a0dbf0,flowfreeze-shadow-heuristic-v1,0.47,forward,1,46254.0,16111.33,monitor_no_intervention_recommended,,,,2026-09-04T01:04:00+00:00,,,False,True,30142.67,True,False,0,"{'downstream_wallets': 1, 'observed_cashout_signal': False, 'multi_recipient_signal': False}"
case_a860c55c425c071d,flowfreeze-shadow-heuristic-v1,0.47,forward,2,32239.0,11150.49,monitor_no_intervention_recommended,,,,2026-09-04T01:19:00+00:00,,,False,True,21088.51,True,False,0,"{'downstream_wallets': 2, 'observed_cashout_signal': False, 'multi_recipient_signal': False}"
case_74b71fe43cffac30,flowfreeze-shadow-heuristic-v1,0.1,no_movement,0,12976.2,12976.2,monitor_no_intervention_recommended,,,,2026-09-04T01:34:00+00:00,,,False,True,0.0,True,False,0,"{'downstream_wallets': 0, 'observed_cashout_signal': False, 'multi_recipient_signal': False}"
case_9cdb4810da7283be,flowfreeze-shadow-heuristic-v1,0.47,forward,2,42070.0,12367.4,monitor_no_intervention_recommended,,,,2026-09-04T01:49:00+00:00,,,False,True,29702.6,True,False,0,"{'downstream_wallets': 2, 'observed_cashout_signal': False, 'multi_recipient_signal': False}"
case_5c48beefae30afe1,flowfreeze-shadow-heuristic-v1,0.1,no_movement,0,51299.0,51299.0,monitor_no_intervention_recommended,,,,2026-09-04T02:04:00+00:00,,,False,True,0.0,True,False,0,"{'downstream_wallets': 0, 'observed_cashout_signal': False, 'multi_recipient_signal': False}"
case_c9a9067edda67818,flowfreeze-shadow-heuristic-v1,0.47,forward,2,54171.0,10671.81,monitor_no_intervention_recommended,,,,2026-09-04T02:19:00+00:00,,,False,True,43499.19,True,False,0,"{'downstream_wallets': 2, 'observed_cashout_signal': False, 'multi_recipient_signal': False}"
case_2a084ca3d8cd7956,flowfreeze-shadow-heuristic-v1,0.47,forward,1,27320.0,4266.33,monitor_no_intervention_recommended,,,,2026-09-04T02:34:00+00:00,,,False,True,23053.67,True,False,0,"{'downstream_wallets': 1, 'observed_cashout_signal': False, 'multi_recipient_signal': False}"
case_a64f600336bdec1d,flowfreeze-shadow-heuristic-v1,0.47,forward,2,55540.0,18070.3,monitor_no_intervention_recommended,,,,2026-09-04T02:49:00+00:00,,,False,True,37469.7,True,False,0,"{'downstream_wallets': 2, 'observed_cashout_signal': False, 'multi_recipient_signal': False}"
case_dd6f7f37768137ec,flowfreeze-shadow-heuristic-v1,0.1,no_movement,0,13602.99,13602.99,monitor_no_intervention_recommended,,,,2026-09-04T03:04:00+00:00,,,False,True,0.0,True,False,0,"{'downstream_wallets': 0, 'observed_cashout_signal': False, 'multi_recipient_signal': False}"
case_3880e91d0125ebe4,flowfreeze-shadow-heuristic-v1,0.47,forward,2,55745.0,17565.72,monitor_no_intervention_recommended,,,,2026-09-04T03:19:00+00:00,,,False,True,38179.28,True,False,0,"{'downstream_wallets': 2, 'observed_cashout_signal': False, 'multi_recipient_signal': False}"
case_a72a207079c311d0,flowfreeze-shadow-heuristic-v1,0.1,no_movement,0,12222.96,12222.96,monitor_no_intervention_recommended,,,,2026-09-04T03:34:00+00:00,,,False,True,0.0,True,False,0,"{'downstream_wallets': 0, 'observed_cashout_signal': False, 'multi_recipient_signal': False}"
case_1cce74be9f02fa42,flowfreeze-shadow-heuristic-v1,0.1,no_movement,0,47503.0,47503.0,monitor_no_intervention_recommended,,,,2026-09-04T03:49:00+00:00,,,False,True,0.0,True,False,0,"{'downstream_wallets': 0, 'observed_cashout_signal': False, 'multi_recipient_signal': False}"
case_51de42fcf6922316,flowfreeze-shadow-heuristic-v1,0.1,no_movement,0,4177.94,4177.94,monitor_no_intervention_recommended,,,,2026-09-04T04:04:00+00:00,,,False,True,0.0,True,False,0,"{'downstream_wallets': 0, 'observed_cashout_signal': False, 'multi_recipient_signal': False}"
case_3eb657e206198e97,flowfreeze-shadow-heuristic-v1,0.47,forward,2,34284.0,10655.0,monitor_no_intervention_recommended,,,,2026-09-04T04:19:00+00:00,,,False,True,23629.0,True,False,0,"{'downstream_wallets': 2, 'observed_cashout_signal': False, 'multi_recipient_signal': False}"
case_9c3107b25653ceb4,flowfreeze-shadow-heuristic-v1,0.47,forward,2,36366.0,11934.67,monitor_no_intervention_recommended,,,,2026-09-04T04:34:00+00:00,,,False,True,24431.33,True,False,0,"{'downstream_wallets': 2, 'observed_cashout_signal': False, 'multi_recipient_signal': False}"
case_8c405f1afd2aa246,flowfreeze-shadow-heuristic-v1,0.47,forward,2,46924.0,3987.55,monitor_no_intervention_recommended,,,,2026-09-04T04:49:00+00:00,,,False,True,42936.45,True,False,0,"{'downstream_wallets': 2, 'observed_cashout_signal': False, 'multi_recipient_signal': False}"
case_4a704dce8f5b50d3,flowfreeze-shadow-heuristic-v1,0.47,forward,2,53842.0,7151.19,monitor_no_intervention_recommended,,,,2026-09-04T05:04:00+00:00,,,False,True,46690.81,True,False,0,"{'downstream_wallets': 2, 'observed_cashout_signal': False, 'multi_recipient_signal': False}"
case_d3012c65e2bf834d,flowfreeze-shadow-heuristic-v1,0.47,forward,1,40101.0,11323.65,monitor_no_intervention_recommended,,,,2026-09-04T05:19:00+00:00,,,False,True,28777.35,True,False,0,"{'downstream_wallets': 1, 'observed_cashout_signal': False, 'multi_recipient_signal': False}"
case_0a93a6c283c0950f,flowfreeze-shadow-heuristic-v1,0.1,no_movement,0,8136.61,8136.61,monitor_no_intervention_recommended,,,,2026-09-04T05:34:00+00:00,,,False,True,0.0,True,False,0,"{'downstream_wallets': 0, 'observed_cashout_signal': False, 'multi_recipient_signal': False}"
case_2258ebab9dfd2412,flowfreeze-shadow-heuristic-v1,0.1,no_movement,0,8409.96,8409.96,monitor_no_intervention_recommended,,,,2026-09-04T05:49:00+00:00,,,False,True,0.0,True,False,0,"{'downstream_wallets': 0, 'observed_cashout_signal': False, 'multi_recipient_signal': False}"
case_597209bf4055354f,flowfreeze-shadow-heuristic-v1,0.1,no_movement,0,4001.18,4001.18,monitor_no_intervention_recommended,,,,2026-09-04T06:04:00+00:00,,,False,True,0.0,True,False,0,"{'downstream_wallets': 0, 'observed_cashout_signal': False, 'multi_recipient_signal': False}"
case_b688266269cb95d8,flowfreeze-shadow-heuristic-v1,0.47,forward,2,49629.0,15403.03,monitor_no_intervention_recommended,,,,2026-09-04T06:19:00+00:00,,,False,True,34225.97,True,False,0,"{'downstream_wallets': 2, 'observed_cashout_signal': False, 'multi_recipient_signal': False}"
case_4828faac868bd073,flowfreeze-shadow-heuristic-v1,0.47,forward,2,54290.0,11624.49,monitor_no_intervention_recommended,,,,2026-09-04T06:34:00+00:00,,,False,True,42665.51,True,False,0,"{'downstream_wallets': 2, 'observed_cashout_signal': False, 'multi_recipient_signal': False}"
case_b3c5639477b90a9f,flowfreeze-shadow-heuristic-v1,0.47,forward,1,49319.0,15187.02,monitor_no_intervention_recommended,,,,2026-09-04T06:49:00+00:00,,,False,True,34131.98,True,False,0,"{'downstream_wallets': 1, 'observed_cashout_signal': False, 'multi_recipient_signal': False}"
case_cfc883df6671b799,flowfreeze-shadow-heuristic-v1,0.1,no_movement,0,15338.78,15338.78,monitor_no_intervention_recommended,,,,2026-09-04T07:04:00+00:00,,,False,True,0.0,True,False,0,"{'downstream_wallets': 0, 'observed_cashout_signal': False, 'multi_recipient_signal': False}"
case_ca2b8bf5ce6305af,flowfreeze-shadow-heuristic-v1,0.47,forward,3,38976.0,4700.46,monitor_no_intervention_recommended,,,,2026-09-04T07:19:00+00:00,,,False,True,34275.54,True,False,0,"{'downstream_wallets': 3, 'observed_cashout_signal': False, 'multi_recipient_signal': False}"
case_f4bce0bb38327e51,flowfreeze-shadow-heuristic-v1,0.47,forward,2,53536.0,5661.61,monitor_no_intervention_recommended,,,,2026-09-04T07:34:00+00:00,,,False,True,47874.39,True,False,0,"{'downstream_wallets': 2, 'observed_cashout_signal': False, 'multi_recipient_signal': False}"
case_9cb948747df90ec2,flowfreeze-shadow-heuristic-v1,0.47,forward,2,28338.0,4344.57,monitor_no_intervention_recommended,,,,2026-09-04T07:49:00+00:00,,,False,True,23993.43,True,False,0,"{'downstream_wallets': 2, 'observed_cashout_signal': False, 'multi_recipient_signal': False}"
case_e38b529d6da3d71a,flowfreeze-shadow-heuristic-v1,0.47,forward,2,31062.0,9407.91,monitor_no_intervention_recommended,,,,2026-09-04T08:04:00+00:00,,,False,True,21654.09,True,False,0,"{'downstream_wallets': 2, 'observed_cashout_signal': False, 'multi_recipient_signal': False}"
case_e862bfd9e23eb51e,flowfreeze-shadow-heuristic-v1,0.47,forward,2,41134.0,13720.29,monitor_no_intervention_recommended,,,,2026-09-04T08:19:00+00:00,,,False,True,27413.71,True,False,0,"{'downstream_wallets': 2, 'observed_cashout_signal': False, 'multi_recipient_signal': False}"
case_84f9762fe1aa244b,flowfreeze-shadow-heuristic-v1,0.47,forward,2,53955.0,7417.65,monitor_no_intervention_recommended,,,,2026-09-04T08:34:00+00:00,,,False,True,46537.35,True,False,0,"{'downstream_wallets': 2, 'observed_cashout_signal': False, 'multi_recipient_signal': False}"
case_da3af10821d0e114,flowfreeze-shadow-heuristic-v1,0.47,forward,2,29888.0,2565.61,monitor_no_intervention_recommended,,,,2026-09-04T08:49:00+00:00,,,False,True,27322.39,True,False,0,"{'downstream_wallets': 2, 'observed_cashout_signal': False, 'multi_recipient_signal': False}"
case_a33e56c0acd36831,flowfreeze-shadow-heuristic-v1,0.47,forward,2,47690.0,9136.17,monitor_no_intervention_recommended,,,,2026-09-04T09:04:00+00:00,,,False,True,38553.83,True,False,0,"{'downstream_wallets': 2, 'observed_cashout_signal': False, 'multi_recipient_signal': False}"
case_13fb2dcbed885c38,flowfreeze-shadow-heuristic-v1,0.47,forward,2,37862.0,9178.07,monitor_no_intervention_recommended,,,,2026-09-04T09:19:00+00:00,,,False,True,28683.93,True,False,0,"{'downstream_wallets': 2, 'observed_cashout_signal': False, 'multi_recipient_signal': False}"
case_ff83c8251b3b6da9,flowfreeze-shadow-heuristic-v1,0.47,forward,1,43021.0,7434.29,monitor_no_intervention_recommended,,,,2026-09-04T09:34:00+00:00,,,False,True,35586.71,True,False,0,"{'downstream_wallets': 1, 'observed_cashout_signal': False, 'multi_recipient_signal': False}"
case_115250148b7ef3a7,flowfreeze-shadow-heuristic-v1,0.47,forward,1,36153.0,6707.94,monitor_no_intervention_recommended,,,,2026-09-04T09:49:00+00:00,,,False,True,29445.06,True,False,0,"{'downstream_wallets': 1, 'observed_cashout_signal': False, 'multi_recipient_signal': False}"
case_d064b6aae15572b2,flowfreeze-shadow-heuristic-v1,0.1,no_movement,0,7215.06,7215.06,monitor_no_intervention_recommended,,,,2026-09-04T10:04:00+00:00,,,False,True,0.0,True,False,0,"{'downstream_wallets': 0, 'observed_cashout_signal': False, 'multi_recipient_signal': False}"
case_ead0f29839cc074b,flowfreeze-shadow-heuristic-v1,0.1,no_movement,0,8463.94,8463.94,monitor_no_intervention_recommended,,,,2026-09-04T10:19:00+00:00,,,False,True,0.0,True,False,0,"{'downstream_wallets': 0, 'observed_cashout_signal': False, 'multi_recipient_signal': False}"
case_9378504ccb92ce97,flowfreeze-shadow-heuristic-v1,0.1,no_movement,0,30093.0,30093.0,monitor_no_intervention_recommended,,,,2026-09-04T10:34:00+00:00,,,False,True,0.0,True,False,0,"{'downstream_wallets': 0, 'observed_cashout_signal': False, 'multi_recipient_signal': False}"
case_112f93e73630c84a,flowfreeze-shadow-heuristic-v1,0.47,forward,2,55592.0,7347.71,monitor_no_intervention_recommended,,,,2026-09-04T10:49:00+00:00,,,False,True,48244.29,True,False,0,"{'downstream_wallets': 2, 'observed_cashout_signal': False, 'multi_recipient_signal': False}"
case_69e1294bf9079998,flowfreeze-shadow-heuristic-v1,0.1,no_movement,0,5346.17,5346.17,monitor_no_intervention_recommended,,,,2026-09-04T11:04:00+00:00,,,False,True,0.0,True,False,0,"{'downstream_wallets': 0, 'observed_cashout_signal': False, 'multi_recipient_signal': False}"
case_ccc583f502ce2e42,flowfreeze-shadow-heuristic-v1,0.47,forward,2,49865.0,8412.36,monitor_no_intervention_recommended,,,,2026-09-04T11:19:00+00:00,,,False,True,41452.64,True,False,0,"{'downstream_wallets': 2, 'observed_cashout_signal': False, 'multi_recipient_signal': False}"
case_0ec8ac3cdeabc1be,flowfreeze-shadow-heuristic-v1,0.1,no_movement,0,6659.78,6659.78,monitor_no_intervention_recommended,,,,2026-09-04T11:34:00+00:00,,,False,True,0.0,True,False,0,"{'downstream_wallets': 0, 'observed_cashout_signal': False, 'multi_recipient_signal': False}"
case_28d8bfc723dd108f,flowfreeze-shadow-heuristic-v1,0.47,forward,2,40797.0,9354.46,monitor_no_intervention_recommended,,,,2026-09-04T11:49:00+00:00,,,False,True,31442.54,True,False,0,"{'downstream_wallets': 2, 'observed_cashout_signal': False, 'multi_recipient_signal': False}"
case_3900c4449be66a7e,flowfreeze-shadow-heuristic-v1,0.47,forward,1,30175.0,20721.72,monitor_no_intervention_recommended,,,,2026-09-04T12:04:00+00:00,,,False,True,9453.28,True,False,0,"{'downstream_wallets': 1, 'observed_cashout_signal': False, 'multi_recipient_signal': False}"
case_6fba315d6937a24c,flowfreeze-shadow-heuristic-v1,0.47,forward,2,35446.0,21808.37,monitor_no_intervention_recommended,,,,2026-09-04T12:19:00+00:00,,,False,True,13637.63,True,False,0,"{'downstream_wallets': 2, 'observed_cashout_signal': False, 'multi_recipient_signal': False}"
case_aa3c083f6e0ab7a7,flowfreeze-shadow-heuristic-v1,0.47,forward,2,32328.0,21888.89,monitor_no_intervention_recommended,,,,2026-09-04T12:34:00+00:00,,,False,True,10439.11,True,False,0,"{'downstream_wallets': 2, 'observed_cashout_signal': False, 'multi_recipient_signal': False}"
case_cc9507ea51470da8,flowfreeze-shadow-heuristic-v1,0.1,no_movement,0,13810.83,13810.83,monitor_no_intervention_recommended,,,,2026-09-04T12:49:00+00:00,,,False,True,0.0,True,False,0,"{'downstream_wallets': 0, 'observed_cashout_signal': False, 'multi_recipient_signal': False}"
case_953e04e27b76d7f1,flowfreeze-shadow-heuristic-v1,0.47,forward,1,30086.0,19304.28,monitor_no_intervention_recommended,,,,2026-09-04T13:04:00+00:00,,,False,True,10781.72,True,False,0,"{'downstream_wallets': 1, 'observed_cashout_signal': False, 'multi_recipient_signal': False}"
case_2bae20850cf231f7,flowfreeze-shadow-heuristic-v1,0.47,forward,2,34449.0,22647.13,monitor_no_intervention_recommended,,,,2026-09-04T13:19:00+00:00,,,False,True,11801.87,True,False,0,"{'downstream_wallets': 2, 'observed_cashout_signal': False, 'multi_recipient_signal': False}"
case_a908617a6ec0b43f,flowfreeze-shadow-heuristic-v1,0.47,forward,2,29588.0,19023.97,monitor_no_intervention_recommended,,,,2026-09-04T13:34:00+00:00,,,False,True,10564.03,True,False,0,"{'downstream_wallets': 2, 'observed_cashout_signal': False, 'multi_recipient_signal': False}"
case_9921283cd29b58fe,flowfreeze-shadow-heuristic-v1,0.47,forward,2,25519.0,17753.9,monitor_no_intervention_recommended,,,,2026-09-04T13:49:00+00:00,,,False,True,7765.1,True,False,0,"{'downstream_wallets': 2, 'observed_cashout_signal': False, 'multi_recipient_signal': False}"
case_52ef424fb06a9103,flowfreeze-shadow-heuristic-v1,0.47,forward,1,36275.0,24854.45,monitor_no_intervention_recommended,,,,2026-09-04T14:04:00+00:00,,,False,True,11420.55,True,False,0,"{'downstream_wallets': 1, 'observed_cashout_signal': False, 'multi_recipient_signal': False}"
case_e6b1914b929a0aed,flowfreeze-shadow-heuristic-v1,0.47,forward,1,34297.0,22602.14,monitor_no_intervention_recommended,,,,2026-09-04T14:19:00+00:00,,,False,True,11694.86,True,False,0,"{'downstream_wallets': 1, 'observed_cashout_signal': False, 'multi_recipient_signal': False}"
case_104cf46887de7566,flowfreeze-shadow-heuristic-v1,0.47,forward,2,22231.0,14386.47,monitor_no_intervention_recommended,,,,2026-09-04T14:34:00+00:00,,,False,True,7844.53,True,False,0,"{'downstream_wallets': 2, 'observed_cashout_signal': False, 'multi_recipient_signal': False}"
case_90bbbaf876d34057,flowfreeze-shadow-heuristic-v1,0.47,forward,1,27020.0,19092.71,monitor_no_intervention_recommended,,,,2026-09-04T14:49:00+00:00,,,False,True,7927.29,True,False,0,"{'downstream_wallets': 1, 'observed_cashout_signal': False, 'multi_recipient_signal': False}"
case_34b394e34aaac4ec,flowfreeze-shadow-heuristic-v1,0.47,forward,2,24087.0,15308.24,monitor_no_intervention_recommended,,,,2026-09-04T15:04:00+00:00,,,False,True,8778.76,True,False,0,"{'downstream_wallets': 2, 'observed_cashout_signal': False, 'multi_recipient_signal': False}"
case_a4f56c46e9c09c31,flowfreeze-shadow-heuristic-v1,0.47,forward,2,39345.0,24522.9,monitor_no_intervention_recommended,,,,2026-09-04T15:19:00+00:00,,,False,True,14822.1,True,False,0,"{'downstream_wallets': 2, 'observed_cashout_signal': False, 'multi_recipient_signal': False}"
case_971c6091f8fef592,flowfreeze-shadow-heuristic-v1,0.1,no_movement,0,30797.0,30797.0,monitor_no_intervention_recommended,,,,2026-09-04T15:34:00+00:00,,,False,True,0.0,True,False,0,"{'downstream_wallets': 0, 'observed_cashout_signal': False, 'multi_recipient_signal': False}"
case_fb64e0f99143740c,flowfreeze-shadow-heuristic-v1,0.47,forward,1,35185.0,25262.92,monitor_no_intervention_recommended,,,,2026-09-04T15:49:00+00:00,,,False,True,9922.08,True,False,0,"{'downstream_wallets': 1, 'observed_cashout_signal': False, 'multi_recipient_signal': False}"
case_f81359ff38e26244,flowfreeze-shadow-heuristic-v1,0.47,forward,2,19855.0,13014.26,monitor_no_intervention_recommended,,,,2026-09-04T16:04:00+00:00,,,False,True,6840.74,True,False,0,"{'downstream_wallets': 2, 'observed_cashout_signal': False, 'multi_recipient_signal': False}"
case_54c522a9f143f746,flowfreeze-shadow-heuristic-v1,0.47,forward,2,35571.0,24001.09,monitor_no_intervention_recommended,,,,2026-09-04T16:19:00+00:00,,,False,True,11569.91,True,False,0,"{'downstream_wallets': 2, 'observed_cashout_signal': False, 'multi_recipient_signal': False}"
case_94a2fdd3e7cafce6,flowfreeze-shadow-heuristic-v1,0.47,forward,1,27336.0,19562.93,monitor_no_intervention_recommended,,,,2026-09-04T16:34:00+00:00,,,False,True,7773.07,True,False,0,"{'downstream_wallets': 1, 'observed_cashout_signal': False, 'multi_recipient_signal': False}"
case_753645dd34a2d252,flowfreeze-shadow-heuristic-v1,0.47,forward,2,33065.0,20894.37,monitor_no_intervention_recommended,,,,2026-09-04T16:49:00+00:00,,,False,True,12170.63,True,False,0,"{'downstream_wallets': 2, 'observed_cashout_signal': False, 'multi_recipient_signal': False}"
case_50a6d670d02dd07e,flowfreeze-shadow-heuristic-v1,0.47,forward,2,21562.0,15383.0,monitor_no_intervention_recommended,,,,2026-09-04T17:04:00+00:00,,,False,True,6179.0,True,False,0,"{'downstream_wallets': 2, 'observed_cashout_signal': False, 'multi_recipient_signal': False}"
case_54ef62926093d0eb,flowfreeze-shadow-heuristic-v1,0.1,no_movement,0,26143.0,26143.0,monitor_no_intervention_recommended,,,,2026-09-04T17:19:00+00:00,,,False,True,0.0,True,False,0,"{'downstream_wallets': 0, 'observed_cashout_signal': False, 'multi_recipient_signal': False}"
case_51eca591890b27a0,flowfreeze-shadow-heuristic-v1,0.47,forward,3,31085.0,19563.12,monitor_no_intervention_recommended,,,,2026-09-04T17:34:00+00:00,,,False,True,11521.88,True,False,0,"{'downstream_wallets': 3, 'observed_cashout_signal': False, 'multi_recipient_signal': False}"
case_c53a4e7be64b196f,flowfreeze-shadow-heuristic-v1,0.47,forward,1,31891.0,19545.7,monitor_no_intervention_recommended,,,,2026-09-04T17:49:00+00:00,,,False,True,12345.3,True,False,0,"{'downstream_wallets': 1, 'observed_cashout_signal': False, 'multi_recipient_signal': False}"
case_190ee8012fc43774,flowfreeze-shadow-heuristic-v1,0.47,forward,2,33416.0,23715.37,monitor_no_intervention_recommended,,,,2026-09-04T18:04:00+00:00,,,False,True,9700.63,True,False,0,"{'downstream_wallets': 2, 'observed_cashout_signal': False, 'multi_recipient_signal': False}"
case_a55960f0a5310433,flowfreeze-shadow-heuristic-v1,0.1,no_movement,0,20820.0,20820.0,monitor_no_intervention_recommended,,,,2026-09-04T18:19:00+00:00,,,False,True,0.0,True,False,0,"{'downstream_wallets': 0, 'observed_cashout_signal': False, 'multi_recipient_signal': False}"
case_b294eec42d6cfa15,flowfreeze-shadow-heuristic-v1,0.1,no_movement,0,24161.85,24161.85,monitor_no_intervention_recommended,,,,2026-09-04T18:34:00+00:00,,,False,True,0.0,True,False,0,"{'downstream_wallets': 0, 'observed_cashout_signal': False, 'multi_recipient_signal': False}"
case_b024e4c09be054c8,flowfreeze-shadow-heuristic-v1,0.47,forward,2,32188.0,23213.26,monitor_no_intervention_recommended,,,,2026-09-04T18:49:00+00:00,,,False,True,8974.74,True,False,0,"{'downstream_wallets': 2, 'observed_cashout_signal': False, 'multi_recipient_signal': False}"
case_abdd516644a416c2,flowfreeze-shadow-heuristic-v1,0.1,no_movement,0,17284.09,17284.09,monitor_no_intervention_recommended,,,,2026-09-04T19:04:00+00:00,,,False,True,0.0,True,False,0,"{'downstream_wallets': 0, 'observed_cashout_signal': False, 'multi_recipient_signal': False}"
case_ca1f3bbc36ba4a00,flowfreeze-shadow-heuristic-v1,0.1,no_movement,0,32087.0,32087.0,monitor_no_intervention_recommended,,,,2026-09-04T19:19:00+00:00,,,False,True,0.0,True,False,0,"{'downstream_wallets': 0, 'observed_cashout_signal': False, 'multi_recipient_signal': False}"
case_2a3585b9e70e4a0d,flowfreeze-shadow-heuristic-v1,0.1,no_movement,0,23748.8,23748.8,monitor_no_intervention_recommended,,,,2026-09-04T19:34:00+00:00,,,False,True,0.0,True,False,0,"{'downstream_wallets': 0, 'observed_cashout_signal': False, 'multi_recipient_signal': False}"
case_9fe939d6348c2e48,flowfreeze-shadow-heuristic-v1,0.1,no_movement,0,13758.15,13758.15,monitor_no_intervention_recommended,,,,2026-09-04T19:49:00+00:00,,,False,True,0.0,True,False,0,"{'downstream_wallets': 0, 'observed_cashout_signal': False, 'multi_recipient_signal': False}"
case_da9e92e8c33528a9,flowfreeze-shadow-heuristic-v1,0.47,forward,2,20412.0,13007.5,monitor_no_intervention_recommended,,,,2026-09-04T20:04:00+00:00,,,False,True,7404.5,True,False,0,"{'downstream_wallets': 2, 'observed_cashout_signal': False, 'multi_recipient_signal': False}"
case_29d4b3e0a41fe9ca,flowfreeze-shadow-heuristic-v1,0.47,forward,2,37912.0,24101.7,monitor_no_intervention_recommended,,,,2026-09-04T20:19:00+00:00,,,False,True,13810.3,True,False,0,"{'downstream_wallets': 2, 'observed_cashout_signal': False, 'multi_recipient_signal': False}"
case_9253022c68dc041d,flowfreeze-shadow-heuristic-v1,0.47,forward,2,28395.0,18191.11,monitor_no_intervention_recommended,,,,2026-09-04T20:34:00+00:00,,,False,True,10203.89,True,False,0,"{'downstream_wallets': 2, 'observed_cashout_signal': False, 'multi_recipient_signal': False}"
case_67c256b46b0f5047,flowfreeze-shadow-heuristic-v1,0.47,forward,2,33345.0,23740.63,monitor_no_intervention_recommended,,,,2026-09-04T20:49:00+00:00,,,False,True,9604.37,True,False,0,"{'downstream_wallets': 2, 'observed_cashout_signal': False, 'multi_recipient_signal': False}"
case_016a71b29c033499,flowfreeze-shadow-heuristic-v1,0.1,no_movement,0,38943.0,38943.0,monitor_no_intervention_recommended,,,,2026-09-04T21:04:00+00:00,,,False,True,0.0,True,False,0,"{'downstream_wallets': 0, 'observed_cashout_signal': False, 'multi_recipient_signal': False}"
case_ac21ea1bfe6ab260,flowfreeze-shadow-heuristic-v1,0.47,forward,2,32946.0,20902.7,monitor_no_intervention_recommended,,,,2026-09-04T21:19:00+00:00,,,False,True,12043.3,True,False,0,"{'downstream_wallets': 2, 'observed_cashout_signal': False, 'multi_recipient_signal': False}"
case_b4a8ad90039c4b92,flowfreeze-shadow-heuristic-v1,0.47,forward,2,35873.0,24066.37,monitor_no_intervention_recommended,,,,2026-09-04T21:34:00+00:00,,,False,True,11806.63,True,False,0,"{'downstream_wallets': 2, 'observed_cashout_signal': False, 'multi_recipient_signal': False}"
case_0536f18921d22141,flowfreeze-shadow-heuristic-v1,0.47,forward,1,39024.0,28020.82,monitor_no_intervention_recommended,,,,2026-09-04T21:49:00+00:00,,,False,True,11003.18,True,False,0,"{'downstream_wallets': 1, 'observed_cashout_signal': False, 'multi_recipient_signal': False}"
case_cca79321f3b61bf2,flowfreeze-shadow-heuristic-v1,0.47,forward,2,39787.0,24479.07,monitor_no_intervention_recommended,,,,2026-09-04T22:04:00+00:00,,,False,True,15307.93,True,False,0,"{'downstream_wallets': 2, 'observed_cashout_signal': False, 'multi_recipient_signal': False}"
case_3b44e42249ce0efd,flowfreeze-shadow-heuristic-v1,0.47,forward,2,24329.0,17707.55,monitor_no_intervention_recommended,,,,2026-09-04T22:19:00+00:00,,,False,True,6621.45,True,False,0,"{'downstream_wallets': 2, 'observed_cashout_signal': False, 'multi_recipient_signal': False}"
case_988eff689967a95f,flowfreeze-shadow-heuristic-v1,0.47,forward,1,39389.0,27743.01,monitor_no_intervention_recommended,,,,2026-09-04T22:34:00+00:00,,,False,True,11645.99,True,False,0,"{'downstream_wallets': 1, 'observed_cashout_signal': False, 'multi_recipient_signal': False}"
case_a575509384ff653a,flowfreeze-shadow-heuristic-v1,0.1,no_movement,0,21855.48,21855.48,monitor_no_intervention_recommended,,,,2026-09-04T22:49:00+00:00,,,False,True,0.0,True,False,0,"{'downstream_wallets': 0, 'observed_cashout_signal': False, 'multi_recipient_signal': False}"
case_e91e0a9702e0df5a,flowfreeze-shadow-heuristic-v1,0.47,forward,1,20637.0,13797.61,monitor_no_intervention_recommended,,,,2026-09-04T23:04:00+00:00,,,False,True,6839.39,True,False,0,"{'downstream_wallets': 1, 'observed_cashout_signal': False, 'multi_recipient_signal': False}"
case_2ce1537a2f0bef1d,flowfreeze-shadow-heuristic-v1,0.1,no_movement,0,21795.42,21795.42,monitor_no_intervention_recommended,,,,2026-09-04T23:19:00+00:00,,,False,True,0.0,True,False,0,"{'downstream_wallets': 0, 'observed_cashout_signal': False, 'multi_recipient_signal': False}"
case_61a51bd711ec2ded,flowfreeze-shadow-heuristic-v1,0.1,no_movement,0,16545.85,16545.85,monitor_no_intervention_recommended,,,,2026-09-04T23:34:00+00:00,,,False,True,0.0,True,False,0,"{'downstream_wallets': 0, 'observed_cashout_signal': False, 'multi_recipient_signal': False}"
case_63b5b85753b3faa3,flowfreeze-shadow-heuristic-v1,0.47,forward,2,35992.0,24554.06,monitor_no_intervention_recommended,,,,2026-09-04T23:49:00+00:00,,,False,True,11437.94,True,False,0,"{'downstream_wallets': 2, 'observed_cashout_signal': False, 'multi_recipient_signal': False}"
case_bad852b659e48a34,flowfreeze-shadow-heuristic-v1,0.47,forward,2,19917.0,14078.13,monitor_no_intervention_recommended,,,,2026-09-05T00:04:00+00:00,,,False,True,5838.87,True,False,0,"{'downstream_wallets': 2, 'observed_cashout_signal': False, 'multi_recipient_signal': False}"
case_9e6d3ce6d7bc4a4b,flowfreeze-shadow-heuristic-v1,0.47,forward,2,32766.0,22567.84,monitor_no_intervention_recommended,,,,2026-09-05T00:19:00+00:00,,,False,True,10198.16,True,False,0,"{'downstream_wallets': 2, 'observed_cashout_signal': False, 'multi_recipient_signal': False}"
case_034fb0f251c8bbe7,flowfreeze-shadow-heuristic-v1,0.47,forward,1,33038.0,22751.22,monitor_no_intervention_recommended,,,,2026-09-05T00:34:00+00:00,,,False,True,10286.78,True,False,0,"{'downstream_wallets': 1, 'observed_cashout_signal': False, 'multi_recipient_signal': False}"
case_553587b9a4f84db1,flowfreeze-shadow-heuristic-v1,0.47,forward,3,21663.0,15712.23,monitor_no_intervention_recommended,,,,2026-09-05T00:49:00+00:00,,,False,True,5950.77,True,False,0,"{'downstream_wallets': 3, 'observed_cashout_signal': False, 'multi_recipient_signal': False}"
case_d4f88ceca832d048,flowfreeze-shadow-heuristic-v1,0.1,no_movement,0,22257.0,22257.0,monitor_no_intervention_recommended,,,,2026-09-05T01:04:00+00:00,,,False,True,0.0,True,False,0,"{'downstream_wallets': 0, 'observed_cashout_signal': False, 'multi_recipient_signal': False}"
case_10838d29dc481b51,flowfreeze-shadow-heuristic-v1,0.47,forward,2,32049.0,21383.48,monitor_no_intervention_recommended,,,,2026-09-05T01:19:00+00:00,,,False,True,10665.52,True,False,0,"{'downstream_wallets': 2, 'observed_cashout_signal': False, 'multi_recipient_signal': False}"
case_29067e0f0748fc73,flowfreeze-shadow-heuristic-v1,0.1,no_movement,0,23180.21,23180.21,monitor_no_intervention_recommended,,,,2026-09-05T01:34:00+00:00,,,False,True,0.0,True,False,0,"{'downstream_wallets': 0, 'observed_cashout_signal': False, 'multi_recipient_signal': False}"
case_dddc1bca3fad940f,flowfreeze-shadow-heuristic-v1,0.47,forward,2,22929.0,16037.19,monitor_no_intervention_recommended,,,,2026-09-05T01:49:00+00:00,,,False,True,6891.81,True,False,0,"{'downstream_wallets': 2, 'observed_cashout_signal': False, 'multi_recipient_signal': False}"
case_cf23e827003c519b,flowfreeze-shadow-heuristic-v1,0.47,forward,2,23331.0,16243.57,monitor_no_intervention_recommended,,,,2026-09-05T02:04:00+00:00,,,False,True,7087.43,True,False,0,"{'downstream_wallets': 2, 'observed_cashout_signal': False, 'multi_recipient_signal': False}"
case_2406ae224f3b4355,flowfreeze-shadow-heuristic-v1,0.47,forward,2,34769.0,24029.55,monitor_no_intervention_recommended,,,,2026-09-05T02:19:00+00:00,,,False,True,10739.45,True,False,0,"{'downstream_wallets': 2, 'observed_cashout_signal': False, 'multi_recipient_signal': False}"
case_d19d9eee35ad6fa8,flowfreeze-shadow-heuristic-v1,0.47,forward,2,29373.0,18583.12,monitor_no_intervention_recommended,,,,2026-09-05T02:34:00+00:00,,,False,True,10789.88,True,False,0,"{'downstream_wallets': 2, 'observed_cashout_signal': False, 'multi_recipient_signal': False}"
case_b3746baf3799c03c,flowfreeze-shadow-heuristic-v1,0.47,forward,1,29429.0,19265.06,monitor_no_intervention_recommended,,,,2026-09-05T02:49:00+00:00,,,False,True,10163.94,True,False,0,"{'downstream_wallets': 1, 'observed_cashout_signal': False, 'multi_recipient_signal': False}"
case_76aeb0603b119d77,flowfreeze-shadow-heuristic-v1,0.47,forward,1,21871.0,15240.88,monitor_no_intervention_recommended,,,,2026-09-05T03:04:00+00:00,,,False,True,6630.12,True,False,0,"{'downstream_wallets': 1, 'observed_cashout_signal': False, 'multi_recipient_signal': False}"
case_c0c48b46c42133e4,flowfreeze-shadow-heuristic-v1,0.47,forward,2,22812.0,14044.6,monitor_no_intervention_recommended,,,,2026-09-05T03:19:00+00:00,,,False,True,8767.4,True,False,0,"{'downstream_wallets': 2, 'observed_cashout_signal': False, 'multi_recipient_signal': False}"
case_2aa8914f4f4c1b11,flowfreeze-shadow-heuristic-v1,0.47,forward,2,28713.0,20467.18,monitor_no_intervention_recommended,,,,2026-09-05T03:34:00+00:00,,,False,True,8245.82,True,False,0,"{'downstream_wallets': 2, 'observed_cashout_signal': False, 'multi_recipient_signal': False}"
case_41db078ad9d6339c,flowfreeze-shadow-heuristic-v1,0.1,no_movement,0,38704.0,38704.0,monitor_no_intervention_recommended,,,,2026-09-05T03:49:00+00:00,,,False,True,0.0,True,False,0,"{'downstream_wallets': 0, 'observed_cashout_signal': False, 'multi_recipient_signal': False}"
case_3595b32d71174629,flowfreeze-shadow-heuristic-v1,0.47,forward,2,24515.0,16771.59,monitor_no_intervention_recommended,,,,2026-09-05T04:04:00+00:00,,,False,True,7743.41,True,False,0,"{'downstream_wallets': 2, 'observed_cashout_signal': False, 'multi_recipient_signal': False}"
case_948db56a05f3b90a,flowfreeze-shadow-heuristic-v1,0.1,no_movement,0,25008.42,25008.42,monitor_no_intervention_recommended,,,,2026-09-05T04:19:00+00:00,,,False,True,0.0,True,False,0,"{'downstream_wallets': 0, 'observed_cashout_signal': False, 'multi_recipient_signal': False}"
case_dc597002f8df3a0d,flowfreeze-shadow-heuristic-v1,0.1,no_movement,0,25291.89,25291.89,monitor_no_intervention_recommended,,,,2026-09-05T04:34:00+00:00,,,False,True,0.0,True,False,0,"{'downstream_wallets': 0, 'observed_cashout_signal': False, 'multi_recipient_signal': False}"
case_00d7fe52f51a530b,flowfreeze-shadow-heuristic-v1,0.47,forward,2,21540.0,14374.22,monitor_no_intervention_recommended,,,,2026-09-05T04:49:00+00:00,,,False,True,7165.78,True,False,0,"{'downstream_wallets': 2, 'observed_cashout_signal': False, 'multi_recipient_signal': False}"
case_43e9236989956133,flowfreeze-shadow-heuristic-v1,0.47,forward,2,23003.0,16370.51,monitor_no_intervention_recommended,,,,2026-09-05T05:04:00+00:00,,,False,True,6632.49,True,False,0,"{'downstream_wallets': 2, 'observed_cashout_signal': False, 'multi_recipient_signal': False}"
case_56a30d230e225a00,flowfreeze-shadow-heuristic-v1,0.47,forward,2,31326.0,21973.21,monitor_no_intervention_recommended,,,,2026-09-05T05:19:00+00:00,,,False,True,9352.79,True,False,0,"{'downstream_wallets': 2, 'observed_cashout_signal': False, 'multi_recipient_signal': False}"
case_a8cb0b65bbeda2c2,flowfreeze-shadow-heuristic-v1,0.47,forward,3,37470.0,26097.07,monitor_no_intervention_recommended,,,,2026-09-05T05:34:00+00:00,,,False,True,11372.93,True,False,0,"{'downstream_wallets': 3, 'observed_cashout_signal': False, 'multi_recipient_signal': False}"
case_7b6a9086d8933874,flowfreeze-shadow-heuristic-v1,0.47,forward,2,21430.0,13802.84,monitor_no_intervention_recommended,,,,2026-09-05T05:49:00+00:00,,,False,True,7627.16,True,False,0,"{'downstream_wallets': 2, 'observed_cashout_signal': False, 'multi_recipient_signal': False}"
case_c70b90259ae52aeb,flowfreeze-shadow-heuristic-v1,0.47,forward,1,20674.0,14062.12,monitor_no_intervention_recommended,,,,2026-09-05T06:04:00+00:00,,,False,True,6611.88,True,False,0,"{'downstream_wallets': 1, 'observed_cashout_signal': False, 'multi_recipient_signal': False}"
case_31beb2877eeab057,flowfreeze-shadow-heuristic-v1,0.1,no_movement,0,14544.31,14544.31,monitor_no_intervention_recommended,,,,2026-09-05T06:19:00+00:00,,,False,True,0.0,True,False,0,"{'downstream_wallets': 0, 'observed_cashout_signal': False, 'multi_recipient_signal': False}"
case_86896a93a89b5d42,flowfreeze-shadow-heuristic-v1,0.47,forward,3,27883.0,19879.68,monitor_no_intervention_recommended,,,,2026-09-05T06:34:00+00:00,,,False,True,8003.32,True,False,0,"{'downstream_wallets': 3, 'observed_cashout_signal': False, 'multi_recipient_signal': False}"
case_ca31e6e6ab026f38,flowfreeze-shadow-heuristic-v1,0.47,forward,2,38907.0,26781.86,monitor_no_intervention_recommended,,,,2026-09-05T06:49:00+00:00,,,False,True,12125.14,True,False,0,"{'downstream_wallets': 2, 'observed_cashout_signal': False, 'multi_recipient_signal': False}"
case_89d97fc905d3365a,flowfreeze-shadow-heuristic-v1,0.47,forward,1,23693.0,16920.79,monitor_no_intervention_recommended,,,,2026-09-05T07:04:00+00:00,,,False,True,6772.21,True,False,0,"{'downstream_wallets': 1, 'observed_cashout_signal': False, 'multi_recipient_signal': False}"
case_5fb1235ed9c50477,flowfreeze-shadow-heuristic-v1,0.1,no_movement,0,13364.7,13364.7,monitor_no_intervention_recommended,,,,2026-09-05T07:19:00+00:00,,,False,True,0.0,True,False,0,"{'downstream_wallets': 0, 'observed_cashout_signal': False, 'multi_recipient_signal': False}"
case_95604f25b96a9d9d,flowfreeze-shadow-heuristic-v1,0.1,no_movement,0,36073.0,36073.0,monitor_no_intervention_recommended,,,,2026-09-05T07:34:00+00:00,,,False,True,0.0,True,False,0,"{'downstream_wallets': 0, 'observed_cashout_signal': False, 'multi_recipient_signal': False}"
case_ac5d4d50a0762cae,flowfreeze-shadow-heuristic-v1,0.47,forward,2,27495.0,17281.36,monitor_no_intervention_recommended,,,,2026-09-05T07:49:00+00:00,,,False,True,10213.64,True,False,0,"{'downstream_wallets': 2, 'observed_cashout_signal': False, 'multi_recipient_signal': False}"
case_f27493582f047f50,flowfreeze-shadow-heuristic-v1,0.47,forward,2,26782.0,16489.49,monitor_no_intervention_recommended,,,,2026-09-05T08:04:00+00:00,,,False,True,10292.51,True,False,0,"{'downstream_wallets': 2, 'observed_cashout_signal': False, 'multi_recipient_signal': False}"
case_080fed8ac4f9b894,flowfreeze-shadow-heuristic-v1,0.47,forward,2,33296.0,21912.01,monitor_no_intervention_recommended,,,,2026-09-05T08:19:00+00:00,,,False,True,11383.99,True,False,0,"{'downstream_wallets': 2, 'observed_cashout_signal': False, 'multi_recipient_signal': False}"
case_f03fe389feb39558,flowfreeze-shadow-heuristic-v1,0.47,forward,1,36302.0,24266.45,monitor_no_intervention_recommended,,,,2026-09-05T08:34:00+00:00,,,False,True,12035.55,True,False,0,"{'downstream_wallets': 1, 'observed_cashout_signal': False, 'multi_recipient_signal': False}"
case_7ac3289f6fb6ad01,flowfreeze-shadow-heuristic-v1,0.47,forward,2,37972.0,25795.17,monitor_no_intervention_recommended,,,,2026-09-05T08:49:00+00:00,,,False,True,12176.83,True,False,0,"{'downstream_wallets': 2, 'observed_cashout_signal': False, 'multi_recipient_signal': False}"
case_d9ef487dc451ae21,flowfreeze-shadow-heuristic-v1,0.47,forward,2,25104.0,16337.5,monitor_no_intervention_recommended,,,,2026-09-05T09:04:00+00:00,,,False,True,8766.5,True,False,0,"{'downstream_wallets': 2, 'observed_cashout_signal': False, 'multi_recipient_signal': False}"
case_77fd1f3473bb39b8,flowfreeze-shadow-heuristic-v1,0.1,no_movement,0,20177.0,20177.0,monitor_no_intervention_recommended,,,,2026-09-05T09:19:00+00:00,,,False,True,0.0,True,False,0,"{'downstream_wallets': 0, 'observed_cashout_signal': False, 'multi_recipient_signal': False}"
case_20ab8f28519ec38b,flowfreeze-shadow-heuristic-v1,0.1,no_movement,0,18773.17,18773.17,monitor_no_intervention_recommended,,,,2026-09-05T09:34:00+00:00,,,False,True,0.0,True,False,0,"{'downstream_wallets': 0, 'observed_cashout_signal': False, 'multi_recipient_signal': False}"
case_d1385a5b27684e7c,flowfreeze-shadow-heuristic-v1,0.47,forward,2,20391.0,13115.63,monitor_no_intervention_recommended,,,,2026-09-05T09:49:00+00:00,,,False,True,7275.37,True,False,0,"{'downstream_wallets': 2, 'observed_cashout_signal': False, 'multi_recipient_signal': False}"
case_ae9b3f91fc978006,flowfreeze-shadow-heuristic-v1,0.1,no_movement,0,28372.0,28372.0,monitor_no_intervention_recommended,,,,2026-09-05T10:04:00+00:00,,,False,True,0.0,True,False,0,"{'downstream_wallets': 0, 'observed_cashout_signal': False, 'multi_recipient_signal': False}"
case_e7c81d4c1865c4c9,flowfreeze-shadow-heuristic-v1,0.47,forward,2,28969.0,20397.74,monitor_no_intervention_recommended,,,,2026-09-05T10:19:00+00:00,,,False,True,8571.26,True,False,0,"{'downstream_wallets': 2, 'observed_cashout_signal': False, 'multi_recipient_signal': False}"
case_d5bf2876249432df,flowfreeze-shadow-heuristic-v1,0.47,forward,1,27566.0,18848.32,monitor_no_intervention_recommended,,,,2026-09-05T10:34:00+00:00,,,False,True,8717.68,True,False,0,"{'downstream_wallets': 1, 'observed_cashout_signal': False, 'multi_recipient_signal': False}"
case_6099e151718e3878,flowfreeze-shadow-heuristic-v1,0.1,no_movement,0,25489.23,25489.23,monitor_no_intervention_recommended,,,,2026-09-05T10:49:00+00:00,,,False,True,0.0,True,False,0,"{'downstream_wallets': 0, 'observed_cashout_signal': False, 'multi_recipient_signal': False}"
case_c2c2547a50a0a406,flowfreeze-shadow-heuristic-v1,0.1,no_movement,0,18727.2,18727.2,monitor_no_intervention_recommended,,,,2026-09-05T11:04:00+00:00,,,False,True,0.0,True,False,0,"{'downstream_wallets': 0, 'observed_cashout_signal': False, 'multi_recipient_signal': False}"
case_7965624969d84cd9,flowfreeze-shadow-heuristic-v1,0.1,no_movement,0,25242.29,25242.29,monitor_no_intervention_recommended,,,,2026-09-05T11:19:00+00:00,,,False,True,0.0,True,False,0,"{'downstream_wallets': 0, 'observed_cashout_signal': False, 'multi_recipient_signal': False}"
case_44c479320653cf58,flowfreeze-shadow-heuristic-v1,0.1,no_movement,0,17539.44,17539.44,monitor_no_intervention_recommended,,,,2026-09-05T11:34:00+00:00,,,False,True,0.0,True,False,0,"{'downstream_wallets': 0, 'observed_cashout_signal': False, 'multi_recipient_signal': False}"
case_6a50d56acd4f52ab,flowfreeze-shadow-heuristic-v1,0.47,forward,2,32709.0,20239.17,monitor_no_intervention_recommended,,,,2026-09-05T11:49:00+00:00,,,False,True,12469.83,True,False,0,"{'downstream_wallets': 2, 'observed_cashout_signal': False, 'multi_recipient_signal': False}"
case_c711a6ad0dce8813,flowfreeze-shadow-heuristic-v1,0.47,forward,1,29843.0,18305.9,monitor_no_intervention_recommended,,,,2026-09-05T12:04:00+00:00,,,False,True,11537.1,True,False,0,"{'downstream_wallets': 1, 'observed_cashout_signal': False, 'multi_recipient_signal': False}"
case_a6173abb73d3f6a8,flowfreeze-shadow-heuristic-v1,0.47,forward,2,28195.0,20536.35,monitor_no_intervention_recommended,,,,2026-09-05T12:19:00+00:00,,,False,True,7658.65,True,False,0,"{'downstream_wallets': 2, 'observed_cashout_signal': False, 'multi_recipient_signal': False}"
case_68146a9a2e2ce1b3,flowfreeze-shadow-heuristic-v1,0.47,forward,2,20111.0,13075.99,monitor_no_intervention_recommended,,,,2026-09-05T12:34:00+00:00,,,False,True,7035.01,True,False,0,"{'downstream_wallets': 2, 'observed_cashout_signal': False, 'multi_recipient_signal': False}"
case_fd1309b4d3091f80,flowfreeze-shadow-heuristic-v1,0.47,forward,2,37037.0,24621.24,monitor_no_intervention_recommended,,,,2026-09-05T12:49:00+00:00,,,False,True,12415.76,True,False,0,"{'downstream_wallets': 2, 'observed_cashout_signal': False, 'multi_recipient_signal': False}"
case_d3ac6560e7a5277e,flowfreeze-shadow-heuristic-v1,0.1,no_movement,0,26242.0,26242.0,monitor_no_intervention_recommended,,,,2026-09-05T13:04:00+00:00,,,False,True,0.0,True,False,0,"{'downstream_wallets': 0, 'observed_cashout_signal': False, 'multi_recipient_signal': False}"
case_7b62e0087dbfd0bd,flowfreeze-shadow-heuristic-v1,0.1,no_movement,0,24948.0,24948.0,monitor_no_intervention_recommended,,,,2026-09-05T13:19:00+00:00,,,False,True,0.0,True,False,0,"{'downstream_wallets': 0, 'observed_cashout_signal': False, 'multi_recipient_signal': False}"
case_6dc811ac1937d61c,flowfreeze-shadow-heuristic-v1,0.1,no_movement,0,32234.0,32234.0,monitor_no_intervention_recommended,,,,2026-09-05T13:34:00+00:00,,,False,True,0.0,True,False,0,"{'downstream_wallets': 0, 'observed_cashout_signal': False, 'multi_recipient_signal': False}"
case_fd25e0e71bbe9b89,flowfreeze-shadow-heuristic-v1,0.1,no_movement,0,29068.0,29068.0,monitor_no_intervention_recommended,,,,2026-09-05T13:49:00+00:00,,,False,True,0.0,True,False,0,"{'downstream_wallets': 0, 'observed_cashout_signal': False, 'multi_recipient_signal': False}"
case_24ceebd998e01b42,flowfreeze-shadow-heuristic-v1,0.1,no_movement,0,28930.0,28930.0,monitor_no_intervention_recommended,,,,2026-09-05T14:04:00+00:00,,,False,True,0.0,True,False,0,"{'downstream_wallets': 0, 'observed_cashout_signal': False, 'multi_recipient_signal': False}"
case_a975e89925ef9134,flowfreeze-shadow-heuristic-v1,0.1,no_movement,0,24420.0,24420.0,monitor_no_intervention_recommended,,,,2026-09-05T14:19:00+00:00,,,False,True,0.0,True,False,0,"{'downstream_wallets': 0, 'observed_cashout_signal': False, 'multi_recipient_signal': False}"
case_4ab7e7b1e38bd586,flowfreeze-shadow-heuristic-v1,0.1,no_movement,0,19620.0,19620.0,monitor_no_intervention_recommended,,,,2026-09-05T14:34:00+00:00,,,False,True,0.0,True,False,0,"{'downstream_wallets': 0, 'observed_cashout_signal': False, 'multi_recipient_signal': False}"
case_63ede8f75d2502aa,flowfreeze-shadow-heuristic-v1,0.1,no_movement,0,25246.0,25246.0,monitor_no_intervention_recommended,,,,2026-09-05T14:49:00+00:00,,,False,True,0.0,True,False,0,"{'downstream_wallets': 0, 'observed_cashout_signal': False, 'multi_recipient_signal': False}"
case_c02e43da1597caa2,flowfreeze-shadow-heuristic-v1,0.1,no_movement,0,26982.0,26982.0,monitor_no_intervention_recommended,,,,2026-09-05T15:04:00+00:00,,,False,True,0.0,True,False,0,"{'downstream_wallets': 0, 'observed_cashout_signal': False, 'multi_recipient_signal': False}"
case_119dd3e8b5da5f82,flowfreeze-shadow-heuristic-v1,0.1,no_movement,0,19382.0,19382.0,monitor_no_intervention_recommended,,,,2026-09-05T15:19:00+00:00,,,False,True,0.0,True,False,0,"{'downstream_wallets': 0, 'observed_cashout_signal': False, 'multi_recipient_signal': False}"
case_be17ea4f9d20d164,flowfreeze-shadow-heuristic-v1,0.1,no_movement,0,27990.0,27990.0,monitor_no_intervention_recommended,,,,2026-09-05T15:34:00+00:00,,,False,True,0.0,True,False,0,"{'downstream_wallets': 0, 'observed_cashout_signal': False, 'multi_recipient_signal': False}"
case_f81e0a3aaa1e34e5,flowfreeze-shadow-heuristic-v1,0.1,no_movement,0,24223.0,24223.0,monitor_no_intervention_recommended,,,,2026-09-05T15:49:00+00:00,,,False,True,0.0,True,False,0,"{'downstream_wallets': 0, 'observed_cashout_signal': False, 'multi_recipient_signal': False}"
case_cf66e063a23dc6cf,flowfreeze-shadow-heuristic-v1,0.1,no_movement,0,23111.0,23111.0,monitor_no_intervention_recommended,,,,2026-09-05T16:04:00+00:00,,,False,True,0.0,True,False,0,"{'downstream_wallets': 0, 'observed_cashout_signal': False, 'multi_recipient_signal': False}"
case_10d1a47f81a0a091,flowfreeze-shadow-heuristic-v1,0.1,no_movement,0,24322.0,24322.0,monitor_no_intervention_recommended,,,,2026-09-05T16:19:00+00:00,,,False,True,0.0,True,False,0,"{'downstream_wallets': 0, 'observed_cashout_signal': False, 'multi_recipient_signal': False}"
case_8898c52b5218874b,flowfreeze-shadow-heuristic-v1,0.1,no_movement,0,27615.0,27615.0,monitor_no_intervention_recommended,,,,2026-09-05T16:34:00+00:00,,,False,True,0.0,True,False,0,"{'downstream_wallets': 0, 'observed_cashout_signal': False, 'multi_recipient_signal': False}"
case_3ba1bd59b47fa48b,flowfreeze-shadow-heuristic-v1,0.1,no_movement,0,22212.0,22212.0,monitor_no_intervention_recommended,,,,2026-09-05T16:49:00+00:00,,,False,True,0.0,True,False,0,"{'downstream_wallets': 0, 'observed_cashout_signal': False, 'multi_recipient_signal': False}"
case_73c1cdfa1baddfbe,flowfreeze-shadow-heuristic-v1,0.1,no_movement,0,17613.0,17613.0,monitor_no_intervention_recommended,,,,2026-09-05T17:04:00+00:00,,,False,True,0.0,True,False,0,"{'downstream_wallets': 0, 'observed_cashout_signal': False, 'multi_recipient_signal': False}"
case_77d9bc4d9b701132,flowfreeze-shadow-heuristic-v1,0.1,no_movement,0,32978.0,32978.0,monitor_no_intervention_recommended,,,,2026-09-05T17:19:00+00:00,,,False,True,0.0,True,False,0,"{'downstream_wallets': 0, 'observed_cashout_signal': False, 'multi_recipient_signal': False}"
case_5dd6cc4d0481a65b,flowfreeze-shadow-heuristic-v1,0.1,no_movement,0,30548.0,30548.0,monitor_no_intervention_recommended,,,,2026-09-05T17:34:00+00:00,,,False,True,0.0,True,False,0,"{'downstream_wallets': 0, 'observed_cashout_signal': False, 'multi_recipient_signal': False}"
case_3392ec0b57da756a,flowfreeze-shadow-heuristic-v1,0.1,no_movement,0,26364.0,26364.0,monitor_no_intervention_recommended,,,,2026-09-05T17:49:00+00:00,,,False,True,0.0,True,False,0,"{'downstream_wallets': 0, 'observed_cashout_signal': False, 'multi_recipient_signal': False}"
case_b2070bad05a81955,flowfreeze-shadow-heuristic-v1,0.1,no_movement,0,33445.0,33445.0,monitor_no_intervention_recommended,,,,2026-09-05T18:04:00+00:00,,,False,True,0.0,True,False,0,"{'downstream_wallets': 0, 'observed_cashout_signal': False, 'multi_recipient_signal': False}"
case_572c5738d1e1a269,flowfreeze-shadow-heuristic-v1,0.1,no_movement,0,25855.0,25855.0,monitor_no_intervention_recommended,,,,2026-09-05T18:19:00+00:00,,,False,True,0.0,True,False,0,"{'downstream_wallets': 0, 'observed_cashout_signal': False, 'multi_recipient_signal': False}"
case_b56e77520be48f32,flowfreeze-shadow-heuristic-v1,0.1,no_movement,0,23150.0,23150.0,monitor_no_intervention_recommended,,,,2026-09-05T18:34:00+00:00,,,False,True,0.0,True,False,0,"{'downstream_wallets': 0, 'observed_cashout_signal': False, 'multi_recipient_signal': False}"
case_05f91a6e8b419d54,flowfreeze-shadow-heuristic-v1,0.1,no_movement,0,32428.0,32428.0,monitor_no_intervention_recommended,,,,2026-09-05T18:49:00+00:00,,,False,True,0.0,True,False,0,"{'downstream_wallets': 0, 'observed_cashout_signal': False, 'multi_recipient_signal': False}"
case_9f7a0a001299bd3b,flowfreeze-shadow-heuristic-v1,0.1,no_movement,0,24767.0,24767.0,monitor_no_intervention_recommended,,,,2026-09-05T19:04:00+00:00,,,False,True,0.0,True,False,0,"{'downstream_wallets': 0, 'observed_cashout_signal': False, 'multi_recipient_signal': False}"
case_158dbfc1b687a561,flowfreeze-shadow-heuristic-v1,0.1,no_movement,0,23700.0,23700.0,monitor_no_intervention_recommended,,,,2026-09-05T19:19:00+00:00,,,False,True,0.0,True,False,0,"{'downstream_wallets': 0, 'observed_cashout_signal': False, 'multi_recipient_signal': False}"
case_9aa665c86cffa53c,flowfreeze-shadow-heuristic-v1,0.1,no_movement,0,31069.0,31069.0,monitor_no_intervention_recommended,,,,2026-09-05T19:34:00+00:00,,,False,True,0.0,True,False,0,"{'downstream_wallets': 0, 'observed_cashout_signal': False, 'multi_recipient_signal': False}"
case_98df4ca9271c518d,flowfreeze-shadow-heuristic-v1,0.1,no_movement,0,18230.0,18230.0,monitor_no_intervention_recommended,,,,2026-09-05T19:49:00+00:00,,,False,True,0.0,True,False,0,"{'downstream_wallets': 0, 'observed_cashout_signal': False, 'multi_recipient_signal': False}"
case_f91ce4eb36b423d2,flowfreeze-shadow-heuristic-v1,0.1,no_movement,0,17619.0,17619.0,monitor_no_intervention_recommended,,,,2026-09-05T20:04:00+00:00,,,False,True,0.0,True,False,0,"{'downstream_wallets': 0, 'observed_cashout_signal': False, 'multi_recipient_signal': False}"
case_9d94ef4b15ed81d2,flowfreeze-shadow-heuristic-v1,0.1,no_movement,0,21719.0,21719.0,monitor_no_intervention_recommended,,,,2026-09-05T20:19:00+00:00,,,False,True,0.0,True,False,0,"{'downstream_wallets': 0, 'observed_cashout_signal': False, 'multi_recipient_signal': False}"
case_471cd671392077b2,flowfreeze-shadow-heuristic-v1,0.1,no_movement,0,33060.0,33060.0,monitor_no_intervention_recommended,,,,2026-09-05T20:34:00+00:00,,,False,True,0.0,True,False,0,"{'downstream_wallets': 0, 'observed_cashout_signal': False, 'multi_recipient_signal': False}"
case_c844cf66d84e5c41,flowfreeze-shadow-heuristic-v1,0.1,no_movement,0,24530.0,24530.0,monitor_no_intervention_recommended,,,,2026-09-05T20:49:00+00:00,,,False,True,0.0,True,False,0,"{'downstream_wallets': 0, 'observed_cashout_signal': False, 'multi_recipient_signal': False}"
case_3f2adb1da880b9f7,flowfreeze-shadow-heuristic-v1,0.1,no_movement,0,17694.0,17694.0,monitor_no_intervention_recommended,,,,2026-09-05T21:04:00+00:00,,,False,True,0.0,True,False,0,"{'downstream_wallets': 0, 'observed_cashout_signal': False, 'multi_recipient_signal': False}"
case_af3df9202d27a1aa,flowfreeze-shadow-heuristic-v1,0.1,no_movement,0,19306.0,19306.0,monitor_no_intervention_recommended,,,,2026-09-05T21:19:00+00:00,,,False,True,0.0,True,False,0,"{'downstream_wallets': 0, 'observed_cashout_signal': False, 'multi_recipient_signal': False}"
case_d8e5d382294b4ffe,flowfreeze-shadow-heuristic-v1,0.1,no_movement,0,31335.0,31335.0,monitor_no_intervention_recommended,,,,2026-09-05T21:34:00+00:00,,,False,True,0.0,True,False,0,"{'downstream_wallets': 0, 'observed_cashout_signal': False, 'multi_recipient_signal': False}"
case_cd34dd21d7fefd12,flowfreeze-shadow-heuristic-v1,0.1,no_movement,0,20414.0,20414.0,monitor_no_intervention_recommended,,,,2026-09-05T21:49:00+00:00,,,False,True,0.0,True,False,0,"{'downstream_wallets': 0, 'observed_cashout_signal': False, 'multi_recipient_signal': False}"
case_14e4ef7d398df21e,flowfreeze-shadow-heuristic-v1,0.1,no_movement,0,19183.0,19183.0,monitor_no_intervention_recommended,,,,2026-09-05T22:04:00+00:00,,,False,True,0.0,True,False,0,"{'downstream_wallets': 0, 'observed_cashout_signal': False, 'multi_recipient_signal': False}"
case_a80bb653e0ca81ee,flowfreeze-shadow-heuristic-v1,0.1,no_movement,0,18790.0,18790.0,monitor_no_intervention_recommended,,,,2026-09-05T22:19:00+00:00,,,False,True,0.0,True,False,0,"{'downstream_wallets': 0, 'observed_cashout_signal': False, 'multi_recipient_signal': False}"
case_0a7c3df2d06c698f,flowfreeze-shadow-heuristic-v1,0.1,no_movement,0,28200.0,28200.0,monitor_no_intervention_recommended,,,,2026-09-05T22:34:00+00:00,,,False,True,0.0,True,False,0,"{'downstream_wallets': 0, 'observed_cashout_signal': False, 'multi_recipient_signal': False}"
case_d010530d40c5d61c,flowfreeze-shadow-heuristic-v1,0.1,no_movement,0,20924.0,20924.0,monitor_no_intervention_recommended,,,,2026-09-05T22:49:00+00:00,,,False,True,0.0,True,False,0,"{'downstream_wallets': 0, 'observed_cashout_signal': False, 'multi_recipient_signal': False}"
case_182d5d8b7d03a576,flowfreeze-shadow-heuristic-v1,0.1,no_movement,0,22155.0,22155.0,monitor_no_intervention_recommended,,,,2026-09-05T23:04:00+00:00,,,False,True,0.0,True,False,0,"{'downstream_wallets': 0, 'observed_cashout_signal': False, 'multi_recipient_signal': False}"
case_0ad62ccd2ad53741,flowfreeze-shadow-heuristic-v1,0.1,no_movement,0,24054.0,24054.0,monitor_no_intervention_recommended,,,,2026-09-05T23:19:00+00:00,,,False,True,0.0,True,False,0,"{'downstream_wallets': 0, 'observed_cashout_signal': False, 'multi_recipient_signal': False}"
case_f3b4f8cb8a8458d7,flowfreeze-shadow-heuristic-v1,0.1,no_movement,0,32884.0,32884.0,monitor_no_intervention_recommended,,,,2026-09-05T23:34:00+00:00,,,False,True,0.0,True,False,0,"{'downstream_wallets': 0, 'observed_cashout_signal': False, 'multi_recipient_signal': False}"
case_5289083d12361e81,flowfreeze-shadow-heuristic-v1,0.1,no_movement,0,33175.0,33175.0,monitor_no_intervention_recommended,,,,2026-09-05T23:49:00+00:00,,,False,True,0.0,True,False,0,"{'downstream_wallets': 0, 'observed_cashout_signal': False, 'multi_recipient_signal': False}"
case_22a31f029556d750,flowfreeze-shadow-heuristic-v1,0.1,no_movement,0,23722.0,23722.0,monitor_no_intervention_recommended,,,,2026-09-06T00:04:00+00:00,,,False,True,0.0,True,False,0,"{'downstream_wallets': 0, 'observed_cashout_signal': False, 'multi_recipient_signal': False}"
case_4de87dd602794f49,flowfreeze-shadow-heuristic-v1,0.1,no_movement,0,17301.0,17301.0,monitor_no_intervention_recommended,,,,2026-09-06T00:19:00+00:00,,,False,True,0.0,True,False,0,"{'downstream_wallets': 0, 'observed_cashout_signal': False, 'multi_recipient_signal': False}"
case_c5608fd7e39d0d02,flowfreeze-shadow-heuristic-v1,0.1,no_movement,0,18768.0,18768.0,monitor_no_intervention_recommended,,,,2026-09-06T00:34:00+00:00,,,False,True,0.0,True,False,0,"{'downstream_wallets': 0, 'observed_cashout_signal': False, 'multi_recipient_signal': False}"
case_916756a3135dc767,flowfreeze-shadow-heuristic-v1,0.1,no_movement,0,20635.0,20635.0,monitor_no_intervention_recommended,,,,2026-09-06T00:49:00+00:00,,,False,True,0.0,True,False,0,"{'downstream_wallets': 0, 'observed_cashout_signal': False, 'multi_recipient_signal': False}"
case_fbfe34d1fc74eeb7,flowfreeze-shadow-heuristic-v1,0.1,no_movement,0,32081.0,32081.0,monitor_no_intervention_recommended,,,,2026-09-06T01:04:00+00:00,,,False,True,0.0,True,False,0,"{'downstream_wallets': 0, 'observed_cashout_signal': False, 'multi_recipient_signal': False}"
case_93e90e6a529efd51,flowfreeze-shadow-heuristic-v1,0.1,no_movement,0,25702.0,25702.0,monitor_no_intervention_recommended,,,,2026-09-06T01:19:00+00:00,,,False,True,0.0,True,False,0,"{'downstream_wallets': 0, 'observed_cashout_signal': False, 'multi_recipient_signal': False}"
case_f9d06d67f2785970,flowfreeze-shadow-heuristic-v1,0.1,no_movement,0,23261.0,23261.0,monitor_no_intervention_recommended,,,,2026-09-06T01:34:00+00:00,,,False,True,0.0,True,False,0,"{'downstream_wallets': 0, 'observed_cashout_signal': False, 'multi_recipient_signal': False}"
case_e8fca3c474ddf9d7,flowfreeze-shadow-heuristic-v1,0.1,no_movement,0,27586.0,27586.0,monitor_no_intervention_recommended,,,,2026-09-06T01:49:00+00:00,,,False,True,0.0,True,False,0,"{'downstream_wallets': 0, 'observed_cashout_signal': False, 'multi_recipient_signal': False}"
case_e113d7473326c949,flowfreeze-shadow-heuristic-v1,0.1,no_movement,0,27286.0,27286.0,monitor_no_intervention_recommended,,,,2026-09-06T02:04:00+00:00,,,False,True,0.0,True,False,0,"{'downstream_wallets': 0, 'observed_cashout_signal': False, 'multi_recipient_signal': False}"
case_2f9eeaafdd2bc15e,flowfreeze-shadow-heuristic-v1,0.1,no_movement,0,24812.0,24812.0,monitor_no_intervention_recommended,,,,2026-09-06T02:19:00+00:00,,,False,True,0.0,True,False,0,"{'downstream_wallets': 0, 'observed_cashout_signal': False, 'multi_recipient_signal': False}"
case_0fa3efd78609a607,flowfreeze-shadow-heuristic-v1,0.1,no_movement,0,17231.0,17231.0,monitor_no_intervention_recommended,,,,2026-09-06T02:34:00+00:00,,,False,True,0.0,True,False,0,"{'downstream_wallets': 0, 'observed_cashout_signal': False, 'multi_recipient_signal': False}"
case_6720aab4be17cb69,flowfreeze-shadow-heuristic-v1,0.1,no_movement,0,28116.0,28116.0,monitor_no_intervention_recommended,,,,2026-09-06T02:49:00+00:00,,,False,True,0.0,True,False,0,"{'downstream_wallets': 0, 'observed_cashout_signal': False, 'multi_recipient_signal': False}"
case_0f7a95a456724f30,flowfreeze-shadow-heuristic-v1,0.6,cashout,0,12883.0,12883.0,prioritize_for_analyst_review,,,,2026-09-06T03:04:00+00:00,,,False,False,0.0,True,False,0,"{'downstream_wallets': 0, 'observed_cashout_signal': True, 'multi_recipient_signal': False}"
case_16354edef3b65e2d,flowfreeze-shadow-heuristic-v1,0.1,no_movement,0,19237.0,19237.0,monitor_no_intervention_recommended,,,,2026-09-06T03:19:00+00:00,,,False,True,0.0,True,False,0,"{'downstream_wallets': 0, 'observed_cashout_signal': False, 'multi_recipient_signal': False}"
case_b7ee9bf976c3448c,flowfreeze-shadow-heuristic-v1,0.1,no_movement,0,30452.0,30452.0,monitor_no_intervention_recommended,,,,2026-09-06T03:34:00+00:00,,,False,True,0.0,True,False,0,"{'downstream_wallets': 0, 'observed_cashout_signal': False, 'multi_recipient_signal': False}"
case_4a80e96ab0756a14,flowfreeze-shadow-heuristic-v1,0.1,no_movement,0,29624.0,29624.0,monitor_no_intervention_recommended,,,,2026-09-06T03:49:00+00:00,,,False,True,0.0,True,False,0,"{'downstream_wallets': 0, 'observed_cashout_signal': False, 'multi_recipient_signal': False}"
case_eafbbdf738f50c76,flowfreeze-shadow-heuristic-v1,0.1,no_movement,0,32449.0,32449.0,monitor_no_intervention_recommended,,,,2026-09-06T04:04:00+00:00,,,False,True,0.0,True,False,0,"{'downstream_wallets': 0, 'observed_cashout_signal': False, 'multi_recipient_signal': False}"
case_1a841b67bfe0be64,flowfreeze-shadow-heuristic-v1,0.1,no_movement,0,19390.0,19390.0,monitor_no_intervention_recommended,,,,2026-09-06T04:19:00+00:00,,,False,True,0.0,True,False,0,"{'downstream_wallets': 0, 'observed_cashout_signal': False, 'multi_recipient_signal': False}"
case_a48c312173a90491,flowfreeze-shadow-heuristic-v1,0.1,no_movement,0,27447.0,27447.0,monitor_no_intervention_recommended,,,,2026-09-06T04:34:00+00:00,,,False,True,0.0,True,False,0,"{'downstream_wallets': 0, 'observed_cashout_signal': False, 'multi_recipient_signal': False}"
case_466fb4fed18c05d9,flowfreeze-shadow-heuristic-v1,0.1,no_movement,0,27226.0,27226.0,monitor_no_intervention_recommended,,,,2026-09-06T04:49:00+00:00,,,False,True,0.0,True,False,0,"{'downstream_wallets': 0, 'observed_cashout_signal': False, 'multi_recipient_signal': False}"
case_cb3cfa70a575a20a,flowfreeze-shadow-heuristic-v1,0.1,no_movement,0,29570.0,29570.0,monitor_no_intervention_recommended,,,,2026-09-06T05:04:00+00:00,,,False,True,0.0,True,False,0,"{'downstream_wallets': 0, 'observed_cashout_signal': False, 'multi_recipient_signal': False}"
case_2781266e2c13421a,flowfreeze-shadow-heuristic-v1,0.1,no_movement,0,33200.0,33200.0,monitor_no_intervention_recommended,,,,2026-09-06T05:19:00+00:00,,,False,True,0.0,True,False,0,"{'downstream_wallets': 0, 'observed_cashout_signal': False, 'multi_recipient_signal': False}"
case_b743bb1a1ec45b6e,flowfreeze-shadow-heuristic-v1,0.1,no_movement,0,30340.0,30340.0,monitor_no_intervention_recommended,,,,2026-09-06T05:34:00+00:00,,,False,True,0.0,True,False,0,"{'downstream_wallets': 0, 'observed_cashout_signal': False, 'multi_recipient_signal': False}"
case_19f63ece8e05d8be,flowfreeze-shadow-heuristic-v1,0.1,no_movement,0,24739.0,24739.0,monitor_no_intervention_recommended,,,,2026-09-06T05:49:00+00:00,,,False,True,0.0,True,False,0,"{'downstream_wallets': 0, 'observed_cashout_signal': False, 'multi_recipient_signal': False}"
case_8a141b8bd3208725,flowfreeze-shadow-heuristic-v1,0.1,no_movement,0,29882.0,29882.0,monitor_no_intervention_recommended,,,,2026-09-06T06:04:00+00:00,,,False,True,0.0,True,False,0,"{'downstream_wallets': 0, 'observed_cashout_signal': False, 'multi_recipient_signal': False}"
case_fe74c4e8f35bda72,flowfreeze-shadow-heuristic-v1,0.1,no_movement,0,31834.0,31834.0,monitor_no_intervention_recommended,,,,2026-09-06T06:19:00+00:00,,,False,True,0.0,True,False,0,"{'downstream_wallets': 0, 'observed_cashout_signal': False, 'multi_recipient_signal': False}"
case_f58aeac08f26b6f2,flowfreeze-shadow-heuristic-v1,0.6,cashout,0,8059.0,8059.0,prioritize_for_analyst_review,,,,2026-09-06T06:34:00+00:00,,,False,False,0.0,True,False,0,"{'downstream_wallets': 0, 'observed_cashout_signal': True, 'multi_recipient_signal': False}"
case_8eb3d68a9bcfe03c,flowfreeze-shadow-heuristic-v1,0.1,no_movement,0,31762.0,31762.0,monitor_no_intervention_recommended,,,,2026-09-06T06:49:00+00:00,,,False,True,0.0,True,False,0,"{'downstream_wallets': 0, 'observed_cashout_signal': False, 'multi_recipient_signal': False}"
case_fc9ea1d9bde22013,flowfreeze-shadow-heuristic-v1,0.1,no_movement,0,31247.0,31247.0,monitor_no_intervention_recommended,,,,2026-09-06T07:04:00+00:00,,,False,True,0.0,True,False,0,"{'downstream_wallets': 0, 'observed_cashout_signal': False, 'multi_recipient_signal': False}"
case_97ef548f4caae6b2,flowfreeze-shadow-heuristic-v1,0.1,no_movement,0,21978.0,21978.0,monitor_no_intervention_recommended,,,,2026-09-06T07:19:00+00:00,,,False,True,0.0,True,False,0,"{'downstream_wallets': 0, 'observed_cashout_signal': False, 'multi_recipient_signal': False}"
case_7ad4e8e2947dad62,flowfreeze-shadow-heuristic-v1,0.1,no_movement,0,24486.0,24486.0,monitor_no_intervention_recommended,,,,2026-09-06T07:34:00+00:00,,,False,True,0.0,True,False,0,"{'downstream_wallets': 0, 'observed_cashout_signal': False, 'multi_recipient_signal': False}"
case_6cd5502ef6f67d20,flowfreeze-shadow-heuristic-v1,0.6,cashout,0,6390.0,6390.0,prioritize_for_analyst_review,,,,2026-09-06T07:49:00+00:00,,,False,False,0.0,True,False,0,"{'downstream_wallets': 0, 'observed_cashout_signal': True, 'multi_recipient_signal': False}"
case_9a312a7e194f4570,flowfreeze-shadow-heuristic-v1,0.1,no_movement,0,17838.0,17838.0,monitor_no_intervention_recommended,,,,2026-09-06T08:04:00+00:00,,,False,True,0.0,True,False,0,"{'downstream_wallets': 0, 'observed_cashout_signal': False, 'multi_recipient_signal': False}"
case_e685c2194af57fe2,flowfreeze-shadow-heuristic-v1,0.1,no_movement,0,31548.0,31548.0,monitor_no_intervention_recommended,,,,2026-09-06T08:19:00+00:00,,,False,True,0.0,True,False,0,"{'downstream_wallets': 0, 'observed_cashout_signal': False, 'multi_recipient_signal': False}"
case_36bca09b8f9ce05f,flowfreeze-shadow-heuristic-v1,0.6,cashout,0,4701.0,4701.0,prioritize_for_analyst_review,,,,2026-09-06T08:34:00+00:00,,,False,False,0.0,True,False,0,"{'downstream_wallets': 0, 'observed_cashout_signal': True, 'multi_recipient_signal': False}"
case_5e01ff28d71edb1d,flowfreeze-shadow-heuristic-v1,0.1,no_movement,0,31665.0,31665.0,monitor_no_intervention_recommended,,,,2026-09-06T08:49:00+00:00,,,False,True,0.0,True,False,0,"{'downstream_wallets': 0, 'observed_cashout_signal': False, 'multi_recipient_signal': False}"
case_e9df92c5d7ce7146,flowfreeze-shadow-heuristic-v1,0.1,no_movement,0,22648.0,22648.0,monitor_no_intervention_recommended,,,,2026-09-06T09:04:00+00:00,,,False,True,0.0,True,False,0,"{'downstream_wallets': 0, 'observed_cashout_signal': False, 'multi_recipient_signal': False}"
case_37a6c9421e8d1608,flowfreeze-shadow-heuristic-v1,0.1,no_movement,0,20426.0,20426.0,monitor_no_intervention_recommended,,,,2026-09-06T09:19:00+00:00,,,False,True,0.0,True,False,0,"{'downstream_wallets': 0, 'observed_cashout_signal': False, 'multi_recipient_signal': False}"
case_1826a8c7ed34ebef,flowfreeze-shadow-heuristic-v1,0.1,no_movement,0,22422.0,22422.0,monitor_no_intervention_recommended,,,,2026-09-06T09:34:00+00:00,,,False,True,0.0,True,False,0,"{'downstream_wallets': 0, 'observed_cashout_signal': False, 'multi_recipient_signal': False}"
case_cda18eff002db0d0,flowfreeze-shadow-heuristic-v1,0.1,no_movement,0,28672.0,28672.0,monitor_no_intervention_recommended,,,,2026-09-06T09:49:00+00:00,,,False,True,0.0,True,False,0,"{'downstream_wallets': 0, 'observed_cashout_signal': False, 'multi_recipient_signal': False}"
case_0eadd5a18c157b77,flowfreeze-shadow-heuristic-v1,0.1,no_movement,0,17398.0,17398.0,monitor_no_intervention_recommended,,,,2026-09-06T10:04:00+00:00,,,False,True,0.0,True,False,0,"{'downstream_wallets': 0, 'observed_cashout_signal': False, 'multi_recipient_signal': False}"
case_bb8e9056b5eb1386,flowfreeze-shadow-heuristic-v1,0.1,no_movement,0,28449.0,28449.0,monitor_no_intervention_recommended,,,,2026-09-06T10:19:00+00:00,,,False,True,0.0,True,False,0,"{'downstream_wallets': 0, 'observed_cashout_signal': False, 'multi_recipient_signal': False}"
case_932ebab498bf14d2,flowfreeze-shadow-heuristic-v1,0.1,no_movement,0,22317.0,22317.0,monitor_no_intervention_recommended,,,,2026-09-06T10:34:00+00:00,,,False,True,0.0,True,False,0,"{'downstream_wallets': 0, 'observed_cashout_signal': False, 'multi_recipient_signal': False}"
case_e2597b14771cf782,flowfreeze-shadow-heuristic-v1,0.1,no_movement,0,23455.0,23455.0,monitor_no_intervention_recommended,,,,2026-09-06T10:49:00+00:00,,,False,True,0.0,True,False,0,"{'downstream_wallets': 0, 'observed_cashout_signal': False, 'multi_recipient_signal': False}"
case_d297a25936b0e500,flowfreeze-shadow-heuristic-v1,0.1,no_movement,0,18559.0,18559.0,monitor_no_intervention_recommended,,,,2026-09-06T11:04:00+00:00,,,False,True,0.0,True,False,0,"{'downstream_wallets': 0, 'observed_cashout_signal': False, 'multi_recipient_signal': False}"
case_e4f83b6a2904725b,flowfreeze-shadow-heuristic-v1,0.1,no_movement,0,24229.0,24229.0,monitor_no_intervention_recommended,,,,2026-09-06T11:19:00+00:00,,,False,True,0.0,True,False,0,"{'downstream_wallets': 0, 'observed_cashout_signal': False, 'multi_recipient_signal': False}"
case_ddc8e7e5b5a40862,flowfreeze-shadow-heuristic-v1,0.1,no_movement,0,18936.0,18936.0,monitor_no_intervention_recommended,,,,2026-09-06T11:34:00+00:00,,,False,True,0.0,True,False,0,"{'downstream_wallets': 0, 'observed_cashout_signal': False, 'multi_recipient_signal': False}"
case_69a37b72ae800dad,flowfreeze-shadow-heuristic-v1,0.1,no_movement,0,26094.0,26094.0,monitor_no_intervention_recommended,,,,2026-09-06T11:49:00+00:00,,,False,True,0.0,True,False,0,"{'downstream_wallets': 0, 'observed_cashout_signal': False, 'multi_recipient_signal': False}"
case_634e6a8bb91194ad,flowfreeze-shadow-heuristic-v1,0.1,no_movement,0,23330.0,23330.0,monitor_no_intervention_recommended,,,,2026-09-06T12:04:00+00:00,,,False,True,0.0,True,False,0,"{'downstream_wallets': 0, 'observed_cashout_signal': False, 'multi_recipient_signal': False}"
case_d67a78636ead6655,flowfreeze-shadow-heuristic-v1,0.1,no_movement,0,28595.0,28595.0,monitor_no_intervention_recommended,,,,2026-09-06T12:19:00+00:00,,,False,True,0.0,True,False,0,"{'downstream_wallets': 0, 'observed_cashout_signal': False, 'multi_recipient_signal': False}"
case_cbeb1f03d542bf4b,flowfreeze-shadow-heuristic-v1,0.1,no_movement,0,23987.0,23987.0,monitor_no_intervention_recommended,,,,2026-09-06T12:34:00+00:00,,,False,True,0.0,True,False,0,"{'downstream_wallets': 0, 'observed_cashout_signal': False, 'multi_recipient_signal': False}"
case_4adc90315b8ae9b4,flowfreeze-shadow-heuristic-v1,0.1,no_movement,0,24055.0,24055.0,monitor_no_intervention_recommended,,,,2026-09-06T12:49:00+00:00,,,False,True,0.0,True,False,0,"{'downstream_wallets': 0, 'observed_cashout_signal': False, 'multi_recipient_signal': False}"
case_b26ed5344efcdf90,flowfreeze-shadow-heuristic-v1,0.1,no_movement,0,21114.0,21114.0,monitor_no_intervention_recommended,,,,2026-09-06T13:04:00+00:00,,,False,True,0.0,True,False,0,"{'downstream_wallets': 0, 'observed_cashout_signal': False, 'multi_recipient_signal': False}"
case_55cf661256f418d1,flowfreeze-shadow-heuristic-v1,0.1,no_movement,0,26839.0,26839.0,monitor_no_intervention_recommended,,,,2026-09-06T13:19:00+00:00,,,False,True,0.0,True,False,0,"{'downstream_wallets': 0, 'observed_cashout_signal': False, 'multi_recipient_signal': False}"
case_6de705309e091cf7,flowfreeze-shadow-heuristic-v1,0.1,no_movement,0,22399.0,22399.0,monitor_no_intervention_recommended,,,,2026-09-06T13:34:00+00:00,,,False,True,0.0,True,False,0,"{'downstream_wallets': 0, 'observed_cashout_signal': False, 'multi_recipient_signal': False}"
case_04292704b12ce500,flowfreeze-shadow-heuristic-v1,0.1,no_movement,0,30349.0,30349.0,monitor_no_intervention_recommended,,,,2026-09-06T13:49:00+00:00,,,False,True,0.0,True,False,0,"{'downstream_wallets': 0, 'observed_cashout_signal': False, 'multi_recipient_signal': False}"
case_bfa51a4025ae70b5,flowfreeze-shadow-heuristic-v1,0.1,no_movement,0,62863.0,62863.0,monitor_no_intervention_recommended,,,,2026-09-06T14:04:00+00:00,,,False,True,0.0,True,False,0,"{'downstream_wallets': 0, 'observed_cashout_signal': False, 'multi_recipient_signal': False}"
case_b3925f1398ba1a47,flowfreeze-shadow-heuristic-v1,0.1,no_movement,0,29904.19,29904.19,monitor_no_intervention_recommended,,,,2026-09-06T14:19:00+00:00,,,False,True,0.0,True,False,0,"{'downstream_wallets': 0, 'observed_cashout_signal': False, 'multi_recipient_signal': False}"
case_a2de5af269e4f1f1,flowfreeze-shadow-heuristic-v1,0.99,cashout,2,38606.0,17894.48,prioritize_for_analyst_review,,,,2026-09-06T14:34:00+00:00,,,False,False,20711.52,True,False,0,"{'downstream_wallets': 2, 'observed_cashout_signal': True, 'multi_recipient_signal': True}"
case_536ca8e4fd39e059,flowfreeze-shadow-heuristic-v1,0.99,cashout,2,46439.0,25788.37,prioritize_for_analyst_review,,,,2026-09-06T14:49:00+00:00,,,False,False,20650.63,True,False,0,"{'downstream_wallets': 2, 'observed_cashout_signal': True, 'multi_recipient_signal': True}"
case_7cbe10e52f569ace,flowfreeze-shadow-heuristic-v1,0.6,cashout,0,24879.51,24879.51,prioritize_for_analyst_review,,,,2026-09-06T15:04:00+00:00,,,False,False,0.0,True,False,0,"{'downstream_wallets': 0, 'observed_cashout_signal': True, 'multi_recipient_signal': False}"
case_d034274e406c1870,flowfreeze-shadow-heuristic-v1,0.47,forward,2,63640.0,38201.72,monitor_no_intervention_recommended,,,,2026-09-06T15:19:00+00:00,,,False,True,25438.28,True,False,0,"{'downstream_wallets': 2, 'observed_cashout_signal': False, 'multi_recipient_signal': False}"
case_cb09d7be47b55dc1,flowfreeze-shadow-heuristic-v1,0.99,cashout,3,26648.0,16015.53,prioritize_for_analyst_review,,,,2026-09-06T15:34:00+00:00,,,False,False,10632.47,True,False,0,"{'downstream_wallets': 3, 'observed_cashout_signal': True, 'multi_recipient_signal': True}"
case_f5eace1c112557d0,flowfreeze-shadow-heuristic-v1,0.99,cashout,2,30067.0,15577.06,prioritize_for_analyst_review,,,,2026-09-06T15:49:00+00:00,,,False,False,14489.94,True,False,0,"{'downstream_wallets': 2, 'observed_cashout_signal': True, 'multi_recipient_signal': True}"
case_5d0acf11d1756dd3,flowfreeze-shadow-heuristic-v1,0.99,cashout,2,46306.0,24336.99,prioritize_for_analyst_review,,,,2026-09-06T16:04:00+00:00,,,False,False,21969.01,True,False,0,"{'downstream_wallets': 2, 'observed_cashout_signal': True, 'multi_recipient_signal': True}"
case_8330aa835e6552ce,flowfreeze-shadow-heuristic-v1,0.47,forward,2,48038.0,32138.01,monitor_no_intervention_recommended,,,,2026-09-06T16:19:00+00:00,,,False,True,15899.99,True,False,0,"{'downstream_wallets': 2, 'observed_cashout_signal': False, 'multi_recipient_signal': False}"
case_5288ea7726ffb68f,flowfreeze-shadow-heuristic-v1,0.47,forward,1,36060.0,20415.56,monitor_no_intervention_recommended,,,,2026-09-06T16:34:00+00:00,,,False,True,15644.44,True,False,0,"{'downstream_wallets': 1, 'observed_cashout_signal': False, 'multi_recipient_signal': False}"
case_689b9c38bbdaabce,flowfreeze-shadow-heuristic-v1,0.6,cashout,0,21747.44,21747.44,prioritize_for_analyst_review,,,,2026-09-06T16:49:00+00:00,,,False,False,0.0,True,False,0,"{'downstream_wallets': 0, 'observed_cashout_signal': True, 'multi_recipient_signal': False}"
case_f923063ddd7968cb,flowfreeze-shadow-heuristic-v1,0.99,cashout,2,44631.0,24206.96,prioritize_for_analyst_review,,,,2026-09-06T17:04:00+00:00,,,False,False,20424.04,True,False,0,"{'downstream_wallets': 2, 'observed_cashout_signal': True, 'multi_recipient_signal': True}"
case_ef484738e5613618,flowfreeze-shadow-heuristic-v1,0.99,cashout,2,36199.0,20357.22,prioritize_for_analyst_review,,,,2026-09-06T17:19:00+00:00,,,False,False,15841.78,True,False,0,"{'downstream_wallets': 2, 'observed_cashout_signal': True, 'multi_recipient_signal': True}"
case_a940b9759565b67d,flowfreeze-shadow-heuristic-v1,0.6,cashout,0,20797.02,20797.02,prioritize_for_analyst_review,,,,2026-09-06T17:34:00+00:00,,,False,False,0.0,True,False,0,"{'downstream_wallets': 0, 'observed_cashout_signal': True, 'multi_recipient_signal': False}"
case_d493ef4bd887be7c,flowfreeze-shadow-heuristic-v1,0.47,forward,2,62718.0,37804.25,monitor_no_intervention_recommended,,,,2026-09-06T17:49:00+00:00,,,False,True,24913.75,True,False,0,"{'downstream_wallets': 2, 'observed_cashout_signal': False, 'multi_recipient_signal': False}"
case_ecea991b5e4b8a15,flowfreeze-shadow-heuristic-v1,0.47,forward,2,62157.0,40775.06,monitor_no_intervention_recommended,,,,2026-09-06T18:04:00+00:00,,,False,True,21381.94,True,False,0,"{'downstream_wallets': 2, 'observed_cashout_signal': False, 'multi_recipient_signal': False}"
case_5afa25ff3341f8ae,flowfreeze-shadow-heuristic-v1,0.99,cashout,2,40580.0,19848.62,prioritize_for_analyst_review,,,,2026-09-06T18:19:00+00:00,,,False,False,20731.38,True,False,0,"{'downstream_wallets': 2, 'observed_cashout_signal': True, 'multi_recipient_signal': True}"
case_8974a0144356a35a,flowfreeze-shadow-heuristic-v1,0.99,cashout,2,48518.0,24941.42,prioritize_for_analyst_review,,,,2026-09-06T18:34:00+00:00,,,False,False,23576.58,True,False,0,"{'downstream_wallets': 2, 'observed_cashout_signal': True, 'multi_recipient_signal': True}"
case_a7d1c1074252a96d,flowfreeze-shadow-heuristic-v1,0.47,forward,2,41476.0,27721.64,monitor_no_intervention_recommended,,,,2026-09-06T18:49:00+00:00,,,False,True,13754.36,True,False,0,"{'downstream_wallets': 2, 'observed_cashout_signal': False, 'multi_recipient_signal': False}"
case_8452785b415deafb,flowfreeze-shadow-heuristic-v1,0.6,cashout,0,48738.0,48738.0,prioritize_for_analyst_review,,,,2026-09-06T19:04:00+00:00,,,False,False,0.0,True,False,0,"{'downstream_wallets': 0, 'observed_cashout_signal': True, 'multi_recipient_signal': False}"
case_3eb9b1f802e088b3,flowfreeze-shadow-heuristic-v1,0.99,cashout,1,44130.0,18226.9,prioritize_for_analyst_review,,,,2026-09-06T19:19:00+00:00,,,False,False,25903.1,True,False,0,"{'downstream_wallets': 1, 'observed_cashout_signal': True, 'multi_recipient_signal': True}"
case_a972bee340bedbe4,flowfreeze-shadow-heuristic-v1,0.47,forward,1,45615.0,27567.76,monitor_no_intervention_recommended,,,,2026-09-06T19:34:00+00:00,,,False,True,18047.24,True,False,0,"{'downstream_wallets': 1, 'observed_cashout_signal': False, 'multi_recipient_signal': False}"
case_18b27ed6519bcaba,flowfreeze-shadow-heuristic-v1,0.99,cashout,2,29112.0,14737.17,prioritize_for_analyst_review,,,,2026-09-06T19:49:00+00:00,,,False,False,14374.83,True,False,0,"{'downstream_wallets': 2, 'observed_cashout_signal': True, 'multi_recipient_signal': True}"
case_1b429ee0f50d7aa6,flowfreeze-shadow-heuristic-v1,0.1,no_movement,0,36712.96,36712.96,monitor_no_intervention_recommended,,,,2026-09-06T20:04:00+00:00,,,False,True,0.0,True,False,0,"{'downstream_wallets': 0, 'observed_cashout_signal': False, 'multi_recipient_signal': False}"
case_7fb23da1f508cbbe,flowfreeze-shadow-heuristic-v1,0.99,cashout,2,24539.0,10895.43,prioritize_for_analyst_review,,,,2026-09-06T20:19:00+00:00,,,False,False,13643.57,True,False,0,"{'downstream_wallets': 2, 'observed_cashout_signal': True, 'multi_recipient_signal': True}"
case_d6e5bc6f12e4de3d,flowfreeze-shadow-heuristic-v1,0.99,cashout,1,29600.0,15867.46,prioritize_for_analyst_review,,,,2026-09-06T20:34:00+00:00,,,False,False,13732.54,True,False,0,"{'downstream_wallets': 1, 'observed_cashout_signal': True, 'multi_recipient_signal': True}"
case_fc798271f2dc60f5,flowfreeze-shadow-heuristic-v1,0.99,cashout,2,35674.0,15314.82,prioritize_for_analyst_review,,,,2026-09-06T20:49:00+00:00,,,False,False,20359.18,True,False,0,"{'downstream_wallets': 2, 'observed_cashout_signal': True, 'multi_recipient_signal': True}"
case_e72a13d5142c6ea7,flowfreeze-shadow-heuristic-v1,0.99,cashout,2,51606.0,27459.07,prioritize_for_analyst_review,,,,2026-09-06T21:04:00+00:00,,,False,False,24146.93,True,False,0,"{'downstream_wallets': 2, 'observed_cashout_signal': True, 'multi_recipient_signal': True}"
case_acc0e826365735dd,flowfreeze-shadow-heuristic-v1,0.6,cashout,0,29370.0,29370.0,prioritize_for_analyst_review,,,,2026-09-06T21:19:00+00:00,,,False,False,0.0,True,False,0,"{'downstream_wallets': 0, 'observed_cashout_signal': True, 'multi_recipient_signal': False}"
case_3cfa3ade47106487,flowfreeze-shadow-heuristic-v1,0.99,cashout,2,39204.0,17067.12,prioritize_for_analyst_review,,,,2026-09-06T21:34:00+00:00,,,False,False,22136.88,True,False,0,"{'downstream_wallets': 2, 'observed_cashout_signal': True, 'multi_recipient_signal': True}"
case_75d5ddf209b5c83c,flowfreeze-shadow-heuristic-v1,0.47,forward,2,43455.0,25793.24,monitor_no_intervention_recommended,,,,2026-09-06T21:49:00+00:00,,,False,True,17661.76,True,False,0,"{'downstream_wallets': 2, 'observed_cashout_signal': False, 'multi_recipient_signal': False}"
case_2f991871cffbf148,flowfreeze-shadow-heuristic-v1,0.47,forward,2,49482.0,33530.71,monitor_no_intervention_recommended,,,,2026-09-06T22:04:00+00:00,,,False,True,15951.29,True,False,0,"{'downstream_wallets': 2, 'observed_cashout_signal': False, 'multi_recipient_signal': False}"
case_819ffa21c0ea193a,flowfreeze-shadow-heuristic-v1,0.99,cashout,2,45423.0,22736.54,prioritize_for_analyst_review,,,,2026-09-06T22:19:00+00:00,,,False,False,22686.46,True,False,0,"{'downstream_wallets': 2, 'observed_cashout_signal': True, 'multi_recipient_signal': True}"
case_91a7b07e05750104,flowfreeze-shadow-heuristic-v1,0.99,cashout,1,45688.0,27605.64,prioritize_for_analyst_review,,,,2026-09-06T22:34:00+00:00,,,False,False,18082.36,True,False,0,"{'downstream_wallets': 1, 'observed_cashout_signal': True, 'multi_recipient_signal': True}"
case_ce1182461db07321,flowfreeze-shadow-heuristic-v1,0.47,forward,2,42473.0,26733.39,monitor_no_intervention_recommended,,,,2026-09-06T22:49:00+00:00,,,False,True,15739.61,True,False,0,"{'downstream_wallets': 2, 'observed_cashout_signal': False, 'multi_recipient_signal': False}"
case_c9ba20300b60a104,flowfreeze-shadow-heuristic-v1,0.6,cashout,0,36716.0,36716.0,prioritize_for_analyst_review,,,,2026-09-06T23:04:00+00:00,,,False,False,0.0,True,False,0,"{'downstream_wallets': 0, 'observed_cashout_signal': True, 'multi_recipient_signal': False}"
case_d9e925abe2d60012,flowfreeze-shadow-heuristic-v1,0.1,no_movement,0,50808.0,50808.0,monitor_no_intervention_recommended,,,,2026-09-06T23:19:00+00:00,,,False,True,0.0,True,False,0,"{'downstream_wallets': 0, 'observed_cashout_signal': False, 'multi_recipient_signal': False}"
case_8c3f391f95da7452,flowfreeze-shadow-heuristic-v1,0.99,cashout,2,41026.0,23441.02,prioritize_for_analyst_review,,,,2026-09-06T23:34:00+00:00,,,False,False,17584.98,True,False,0,"{'downstream_wallets': 2, 'observed_cashout_signal': True, 'multi_recipient_signal': True}"
case_bb268c5592548f36,flowfreeze-shadow-heuristic-v1,0.99,cashout,2,24065.0,11124.44,prioritize_for_analyst_review,,,,2026-09-06T23:49:00+00:00,,,False,False,12940.56,True,False,0,"{'downstream_wallets': 2, 'observed_cashout_signal': True, 'multi_recipient_signal': True}"
case_d30d01247b6303c2,flowfreeze-shadow-heuristic-v1,0.99,cashout,2,48351.0,25672.47,prioritize_for_analyst_review,,,,2026-09-07T00:04:00+00:00,,,False,False,22678.53,True,False,0,"{'downstream_wallets': 2, 'observed_cashout_signal': True, 'multi_recipient_signal': True}"
case_a7f96d5c010ada3b,flowfreeze-shadow-heuristic-v1,0.6,cashout,0,15682.46,15682.46,prioritize_for_analyst_review,,,,2026-09-07T00:19:00+00:00,,,False,False,0.0,True,False,0,"{'downstream_wallets': 0, 'observed_cashout_signal': True, 'multi_recipient_signal': False}"
case_d8def9df5f849996,flowfreeze-shadow-heuristic-v1,0.6,cashout,0,16478.4,16478.4,prioritize_for_analyst_review,,,,2026-09-07T00:34:00+00:00,,,False,False,0.0,True,False,0,"{'downstream_wallets': 0, 'observed_cashout_signal': True, 'multi_recipient_signal': False}"
case_43e04854ddf64bc2,flowfreeze-shadow-heuristic-v1,0.47,forward,1,53574.0,35120.59,monitor_no_intervention_recommended,,,,2026-09-07T00:49:00+00:00,,,False,True,18453.41,True,False,0,"{'downstream_wallets': 1, 'observed_cashout_signal': False, 'multi_recipient_signal': False}"
case_c5cc836cd7735d50,flowfreeze-shadow-heuristic-v1,0.47,forward,2,47059.0,32357.91,monitor_no_intervention_recommended,,,,2026-09-07T01:04:00+00:00,,,False,True,14701.09,True,False,0,"{'downstream_wallets': 2, 'observed_cashout_signal': False, 'multi_recipient_signal': False}"
case_c631be82f8fce4c1,flowfreeze-shadow-heuristic-v1,0.6,cashout,0,18221.65,18221.65,prioritize_for_analyst_review,,,,2026-09-07T01:19:00+00:00,,,False,False,0.0,True,False,0,"{'downstream_wallets': 0, 'observed_cashout_signal': True, 'multi_recipient_signal': False}"
case_5b95cf25a16135b8,flowfreeze-shadow-heuristic-v1,0.99,cashout,1,39496.0,20816.48,prioritize_for_analyst_review,,,,2026-09-07T01:34:00+00:00,,,False,False,18679.52,True,False,0,"{'downstream_wallets': 1, 'observed_cashout_signal': True, 'multi_recipient_signal': True}"
case_4cfc346075447941,flowfreeze-shadow-heuristic-v1,0.99,cashout,2,35037.0,20224.41,prioritize_for_analyst_review,,,,2026-09-07T01:49:00+00:00,,,False,False,14812.59,True,False,0,"{'downstream_wallets': 2, 'observed_cashout_signal': True, 'multi_recipient_signal': True}"
case_583f6db477ad6f94,flowfreeze-shadow-heuristic-v1,0.47,forward,1,43518.0,25850.44,monitor_no_intervention_recommended,,,,2026-09-07T02:04:00+00:00,,,False,True,17667.56,True,False,0,"{'downstream_wallets': 1, 'observed_cashout_signal': False, 'multi_recipient_signal': False}"
case_978396a8dd5453b2,flowfreeze-shadow-heuristic-v1,0.99,cashout,2,49628.0,22222.89,prioritize_for_analyst_review,,,,2026-09-07T02:19:00+00:00,,,False,False,27405.11,True,False,0,"{'downstream_wallets': 2, 'observed_cashout_signal': True, 'multi_recipient_signal': True}"
case_eafefc32b04e7e41,flowfreeze-shadow-heuristic-v1,0.47,forward,1,36910.0,22944.57,monitor_no_intervention_recommended,,,,2026-09-07T02:34:00+00:00,,,False,True,13965.43,True,False,0,"{'downstream_wallets': 1, 'observed_cashout_signal': False, 'multi_recipient_signal': False}"
case_a36980b5885e3300,flowfreeze-shadow-heuristic-v1,0.6,cashout,0,16069.47,16069.47,prioritize_for_analyst_review,,,,2026-09-07T02:49:00+00:00,,,False,False,0.0,True,False,0,"{'downstream_wallets': 0, 'observed_cashout_signal': True, 'multi_recipient_signal': False}"
case_2d7a365f904d24a6,flowfreeze-shadow-heuristic-v1,0.99,cashout,2,36797.0,15889.77,prioritize_for_analyst_review,,,,2026-09-07T03:04:00+00:00,,,False,False,20907.23,True,False,0,"{'downstream_wallets': 2, 'observed_cashout_signal': True, 'multi_recipient_signal': True}"
case_4317222ca871f0a8,flowfreeze-shadow-heuristic-v1,0.99,cashout,2,36841.0,16390.93,prioritize_for_analyst_review,,,,2026-09-07T03:19:00+00:00,,,False,False,20450.07,True,False,0,"{'downstream_wallets': 2, 'observed_cashout_signal': True, 'multi_recipient_signal': True}"
case_d3609b91b2d78577,flowfreeze-shadow-heuristic-v1,0.6,cashout,0,25741.0,25741.0,prioritize_for_analyst_review,,,,2026-09-07T03:34:00+00:00,,,False,False,0.0,True,False,0,"{'downstream_wallets': 0, 'observed_cashout_signal': True, 'multi_recipient_signal': False}"
case_dff85cb0e656011e,flowfreeze-shadow-heuristic-v1,0.99,cashout,2,45662.0,19030.92,prioritize_for_analyst_review,,,,2026-09-07T03:49:00+00:00,,,False,False,26631.08,True,False,0,"{'downstream_wallets': 2, 'observed_cashout_signal': True, 'multi_recipient_signal': True}"
case_e4c835780bb9f3ef,flowfreeze-shadow-heuristic-v1,0.47,forward,1,51435.0,31332.29,monitor_no_intervention_recommended,,,,2026-09-07T04:04:00+00:00,,,False,True,20102.71,True,False,0,"{'downstream_wallets': 1, 'observed_cashout_signal': False, 'multi_recipient_signal': False}"
case_c527a6c88113183c,flowfreeze-shadow-heuristic-v1,0.47,forward,1,36710.0,21679.04,monitor_no_intervention_recommended,,,,2026-09-07T04:19:00+00:00,,,False,True,15030.96,True,False,0,"{'downstream_wallets': 1, 'observed_cashout_signal': False, 'multi_recipient_signal': False}"
case_ae3533c1ab6e4bbd,flowfreeze-shadow-heuristic-v1,0.6,cashout,0,16476.41,16476.41,prioritize_for_analyst_review,,,,2026-09-07T04:34:00+00:00,,,False,False,0.0,True,False,0,"{'downstream_wallets': 0, 'observed_cashout_signal': True, 'multi_recipient_signal': False}"
case_6271425856a5545c,flowfreeze-shadow-heuristic-v1,0.99,cashout,2,31060.0,15109.38,prioritize_for_analyst_review,,,,2026-09-07T04:49:00+00:00,,,False,False,15950.62,True,False,0,"{'downstream_wallets': 2, 'observed_cashout_signal': True, 'multi_recipient_signal': True}"
case_17ff00cb2aebda37,flowfreeze-shadow-heuristic-v1,0.6,cashout,0,13449.05,13449.05,prioritize_for_analyst_review,,,,2026-09-07T05:04:00+00:00,,,False,False,0.0,True,False,0,"{'downstream_wallets': 0, 'observed_cashout_signal': True, 'multi_recipient_signal': False}"
case_1790e21d7eee1d48,flowfreeze-shadow-heuristic-v1,0.99,cashout,2,44770.0,21167.52,prioritize_for_analyst_review,,,,2026-09-07T05:19:00+00:00,,,False,False,23602.48,True,False,0,"{'downstream_wallets': 2, 'observed_cashout_signal': True, 'multi_recipient_signal': True}"
case_925bc952db9043f8,flowfreeze-shadow-heuristic-v1,0.99,cashout,1,30655.0,12625.1,prioritize_for_analyst_review,,,,2026-09-07T05:34:00+00:00,,,False,False,18029.9,True,False,0,"{'downstream_wallets': 1, 'observed_cashout_signal': True, 'multi_recipient_signal': True}"
case_14427db8c27471b1,flowfreeze-shadow-heuristic-v1,0.47,forward,1,51335.0,35390.72,monitor_no_intervention_recommended,,,,2026-09-07T05:49:00+00:00,,,False,True,15944.28,True,False,0,"{'downstream_wallets': 1, 'observed_cashout_signal': False, 'multi_recipient_signal': False}"
case_3adbf941337c4251,flowfreeze-shadow-heuristic-v1,0.47,forward,2,42340.0,25981.89,monitor_no_intervention_recommended,,,,2026-09-07T06:04:00+00:00,,,False,True,16358.11,True,False,0,"{'downstream_wallets': 2, 'observed_cashout_signal': False, 'multi_recipient_signal': False}"
case_4efe832f40b54e5d,flowfreeze-shadow-heuristic-v1,0.99,cashout,2,42620.0,25213.19,prioritize_for_analyst_review,,,,2026-09-07T06:19:00+00:00,,,False,False,17406.81,True,False,0,"{'downstream_wallets': 2, 'observed_cashout_signal': True, 'multi_recipient_signal': True}"
case_afb55d3cbcb0c6fc,flowfreeze-shadow-heuristic-v1,0.6,cashout,0,38478.0,38478.0,prioritize_for_analyst_review,,,,2026-09-07T06:34:00+00:00,,,False,False,0.0,True,False,0,"{'downstream_wallets': 0, 'observed_cashout_signal': True, 'multi_recipient_signal': False}"
case_54ee2a10551c7391,flowfreeze-shadow-heuristic-v1,0.47,forward,3,52514.0,33520.28,monitor_no_intervention_recommended,,,,2026-09-07T06:49:00+00:00,,,False,True,18993.72,True,False,0,"{'downstream_wallets': 3, 'observed_cashout_signal': False, 'multi_recipient_signal': False}"
case_a91d3dd31f30a40e,flowfreeze-shadow-heuristic-v1,0.99,cashout,2,32043.0,13000.73,prioritize_for_analyst_review,,,,2026-09-07T07:04:00+00:00,,,False,False,19042.27,True,False,0,"{'downstream_wallets': 2, 'observed_cashout_signal': True, 'multi_recipient_signal': True}"
case_d4fda6026f361a6c,flowfreeze-shadow-heuristic-v1,0.6,cashout,0,32867.0,32867.0,prioritize_for_analyst_review,,,,2026-09-07T07:19:00+00:00,,,False,False,0.0,True,False,0,"{'downstream_wallets': 0, 'observed_cashout_signal': True, 'multi_recipient_signal': False}"
case_251781d37a9c6660,flowfreeze-shadow-heuristic-v1,0.99,cashout,2,43068.0,23999.0,prioritize_for_analyst_review,,,,2026-09-07T07:34:00+00:00,,,False,False,19069.0,True,False,0,"{'downstream_wallets': 2, 'observed_cashout_signal': True, 'multi_recipient_signal': True}"
case_e30e38f648efe670,flowfreeze-shadow-heuristic-v1,0.99,cashout,1,44578.0,25517.29,prioritize_for_analyst_review,,,,2026-09-07T07:49:00+00:00,,,False,False,19060.71,True,False,0,"{'downstream_wallets': 1, 'observed_cashout_signal': True, 'multi_recipient_signal': True}"
case_29aac37ec56605e1,flowfreeze-shadow-heuristic-v1,0.99,cashout,2,44265.0,18237.71,prioritize_for_analyst_review,,,,2026-09-07T08:04:00+00:00,,,False,False,26027.29,True,False,0,"{'downstream_wallets': 2, 'observed_cashout_signal': True, 'multi_recipient_signal': True}"
case_11d805252e842cba,flowfreeze-shadow-heuristic-v1,0.47,forward,1,58211.0,38811.65,monitor_no_intervention_recommended,,,,2026-09-07T08:19:00+00:00,,,False,True,19399.35,True,False,0,"{'downstream_wallets': 1, 'observed_cashout_signal': False, 'multi_recipient_signal': False}"
case_47545ec6a7055c15,flowfreeze-shadow-heuristic-v1,0.99,cashout,2,31069.0,17313.92,prioritize_for_analyst_review,,,,2026-09-07T08:34:00+00:00,,,False,False,13755.08,True,False,0,"{'downstream_wallets': 2, 'observed_cashout_signal': True, 'multi_recipient_signal': True}"
case_518a153333601d17,flowfreeze-shadow-heuristic-v1,0.47,forward,2,66699.0,45711.85,monitor_no_intervention_recommended,,,,2026-09-07T08:49:00+00:00,,,False,True,20987.15,True,False,0,"{'downstream_wallets': 2, 'observed_cashout_signal': False, 'multi_recipient_signal': False}"
case_c65d92bf30f6ce95,flowfreeze-shadow-heuristic-v1,0.99,cashout,2,45117.0,19714.38,prioritize_for_analyst_review,,,,2026-09-07T09:04:00+00:00,,,False,False,25402.62,True,False,0,"{'downstream_wallets': 2, 'observed_cashout_signal': True, 'multi_recipient_signal': True}"
case_2ce3cab3f49c10e4,flowfreeze-shadow-heuristic-v1,0.99,cashout,2,29840.0,16863.46,prioritize_for_analyst_review,,,,2026-09-07T09:19:00+00:00,,,False,False,12976.54,True,False,0,"{'downstream_wallets': 2, 'observed_cashout_signal': True, 'multi_recipient_signal': True}"
case_aa25ca3ac607df98,flowfreeze-shadow-heuristic-v1,0.99,cashout,2,41972.0,19736.92,prioritize_for_analyst_review,,,,2026-09-07T09:34:00+00:00,,,False,False,22235.08,True,False,0,"{'downstream_wallets': 2, 'observed_cashout_signal': True, 'multi_recipient_signal': True}"
case_48969cc16966b382,flowfreeze-shadow-heuristic-v1,0.99,cashout,2,27575.0,12074.37,prioritize_for_analyst_review,,,,2026-09-07T09:49:00+00:00,,,False,False,15500.63,True,False,0,"{'downstream_wallets': 2, 'observed_cashout_signal': True, 'multi_recipient_signal': True}"
case_eb5ccede5d2f636f,flowfreeze-shadow-heuristic-v1,0.99,cashout,1,37508.0,20658.81,prioritize_for_analyst_review,,,,2026-09-07T10:04:00+00:00,,,False,False,16849.19,True,False,0,"{'downstream_wallets': 1, 'observed_cashout_signal': True, 'multi_recipient_signal': True}"
case_d17a070cde5fb9d6,flowfreeze-shadow-heuristic-v1,0.6,cashout,0,18024.49,18024.49,prioritize_for_analyst_review,,,,2026-09-07T10:19:00+00:00,,,False,False,0.0,True,False,0,"{'downstream_wallets': 0, 'observed_cashout_signal': True, 'multi_recipient_signal': False}"
case_8c76ad8c9cfee19a,flowfreeze-shadow-heuristic-v1,0.99,cashout,2,41956.0,22820.75,prioritize_for_analyst_review,,,,2026-09-07T10:34:00+00:00,,,False,False,19135.25,True,False,0,"{'downstream_wallets': 2, 'observed_cashout_signal': True, 'multi_recipient_signal': True}"
case_cef5b415eb41eb43,flowfreeze-shadow-heuristic-v1,0.1,no_movement,0,40656.0,40656.0,monitor_no_intervention_recommended,,,,2026-09-07T10:49:00+00:00,,,False,True,0.0,True,False,0,"{'downstream_wallets': 0, 'observed_cashout_signal': False, 'multi_recipient_signal': False}"
case_8e57a55f1daaecca,flowfreeze-shadow-heuristic-v1,0.99,cashout,2,34690.0,14341.35,prioritize_for_analyst_review,,,,2026-09-07T11:04:00+00:00,,,False,False,20348.65,True,False,0,"{'downstream_wallets': 2, 'observed_cashout_signal': True, 'multi_recipient_signal': True}"
case_b228e84cac7580f5,flowfreeze-shadow-heuristic-v1,0.99,cashout,2,42844.0,19698.62,prioritize_for_analyst_review,,,,2026-09-07T11:19:00+00:00,,,False,False,23145.38,True,False,0,"{'downstream_wallets': 2, 'observed_cashout_signal': True, 'multi_recipient_signal': True}"
case_c4fb1a4a83657f3b,flowfreeze-shadow-heuristic-v1,0.99,cashout,2,31376.0,14718.43,prioritize_for_analyst_review,,,,2026-09-07T11:34:00+00:00,,,False,False,16657.57,True,False,0,"{'downstream_wallets': 2, 'observed_cashout_signal': True, 'multi_recipient_signal': True}"
case_f11c80ad6639f447,flowfreeze-shadow-heuristic-v1,0.99,cashout,1,27665.0,13530.07,prioritize_for_analyst_review,,,,2026-09-07T11:49:00+00:00,,,False,False,14134.93,True,False,0,"{'downstream_wallets': 1, 'observed_cashout_signal': True, 'multi_recipient_signal': True}"
case_4fa03cf270d62263,flowfreeze-shadow-heuristic-v1,0.47,forward,3,33132.0,21280.96,monitor_no_intervention_recommended,,,,2026-09-07T12:04:00+00:00,,,False,True,11851.04,True,False,0,"{'downstream_wallets': 3, 'observed_cashout_signal': False, 'multi_recipient_signal': False}"
case_aa69da7a637cbe60,flowfreeze-shadow-heuristic-v1,0.6,cashout,0,25661.75,25661.75,prioritize_for_analyst_review,,,,2026-09-07T12:19:00+00:00,,,False,False,0.0,True,False,0,"{'downstream_wallets': 0, 'observed_cashout_signal': True, 'multi_recipient_signal': False}"
case_1e9b552318a4ffa7,flowfreeze-shadow-heuristic-v1,0.99,cashout,2,28425.0,13909.21,prioritize_for_analyst_review,,,,2026-09-07T12:34:00+00:00,,,False,False,14515.79,True,False,0,"{'downstream_wallets': 2, 'observed_cashout_signal': True, 'multi_recipient_signal': True}"
case_b7d97247224cad8f,flowfreeze-shadow-heuristic-v1,0.99,cashout,2,24430.0,9353.19,prioritize_for_analyst_review,,,,2026-09-07T12:49:00+00:00,,,False,False,15076.81,True,False,0,"{'downstream_wallets': 2, 'observed_cashout_signal': True, 'multi_recipient_signal': True}"
case_dffa268829e585f3,flowfreeze-shadow-heuristic-v1,0.99,cashout,1,47917.0,24168.19,prioritize_for_analyst_review,,,,2026-09-07T13:04:00+00:00,,,False,False,23748.81,True,False,0,"{'downstream_wallets': 1, 'observed_cashout_signal': True, 'multi_recipient_signal': True}"
case_397ecb72276e0c25,flowfreeze-shadow-heuristic-v1,0.99,cashout,2,30333.0,13348.78,prioritize_for_analyst_review,,,,2026-09-07T13:19:00+00:00,,,False,False,16984.22,True,False,0,"{'downstream_wallets': 2, 'observed_cashout_signal': True, 'multi_recipient_signal': True}"
case_1d029fdf8ca6ea3e,flowfreeze-shadow-heuristic-v1,0.99,cashout,2,32519.0,17902.75,prioritize_for_analyst_review,,,,2026-09-07T13:34:00+00:00,,,False,False,14616.25,True,False,0,"{'downstream_wallets': 2, 'observed_cashout_signal': True, 'multi_recipient_signal': True}"
case_48be563b42bb0da4,flowfreeze-shadow-heuristic-v1,0.99,cashout,1,31804.0,17167.77,prioritize_for_analyst_review,,,,2026-09-07T13:49:00+00:00,,,False,False,14636.23,True,False,0,"{'downstream_wallets': 1, 'observed_cashout_signal': True, 'multi_recipient_signal': True}"
case_2b5230ad09a201cd,flowfreeze-shadow-heuristic-v1,0.47,forward,2,45850.0,28217.15,monitor_no_intervention_recommended,,,,2026-09-07T14:04:00+00:00,,,False,True,17632.85,True,False,0,"{'downstream_wallets': 2, 'observed_cashout_signal': False, 'multi_recipient_signal': False}"
case_6b346adbd8fa9c3e,flowfreeze-shadow-heuristic-v1,0.47,forward,1,64899.0,40856.41,monitor_no_intervention_recommended,,,,2026-09-07T14:19:00+00:00,,,False,True,24042.59,True,False,0,"{'downstream_wallets': 1, 'observed_cashout_signal': False, 'multi_recipient_signal': False}"
case_cd12be6fd9abb022,flowfreeze-shadow-heuristic-v1,0.99,cashout,2,40570.0,17851.49,prioritize_for_analyst_review,,,,2026-09-07T14:34:00+00:00,,,False,False,22718.51,True,False,0,"{'downstream_wallets': 2, 'observed_cashout_signal': True, 'multi_recipient_signal': True}"
case_feccd6211cd8b2d7,flowfreeze-shadow-heuristic-v1,0.99,cashout,2,41397.0,18107.09,prioritize_for_analyst_review,,,,2026-09-07T14:49:00+00:00,,,False,False,23289.91,True,False,0,"{'downstream_wallets': 2, 'observed_cashout_signal': True, 'multi_recipient_signal': True}"
case_fc5c02f9452a92fe,flowfreeze-shadow-heuristic-v1,0.47,forward,1,0,0.0,monitor_no_intervention_recommended,,,,2026-09-07T15:04:00+00:00,,,False,False,0.0,True,False,0,"{'downstream_wallets': 1, 'observed_cashout_signal': False, 'multi_recipient_signal': False}"
case_49622719e3227282,flowfreeze-shadow-heuristic-v1,0.47,forward,1,0,0.0,monitor_no_intervention_recommended,,,,2026-09-07T15:19:00+00:00,,,False,False,0.0,True,False,0,"{'downstream_wallets': 1, 'observed_cashout_signal': False, 'multi_recipient_signal': False}"
case_2a10005de5c57655,flowfreeze-shadow-heuristic-v1,0.47,forward,1,0,0.0,monitor_no_intervention_recommended,,,,2026-09-07T15:34:00+00:00,,,False,False,0.0,True,False,0,"{'downstream_wallets': 1, 'observed_cashout_signal': False, 'multi_recipient_signal': False}"
case_7a60760f08943f38,flowfreeze-shadow-heuristic-v1,0.47,forward,1,0,0.0,monitor_no_intervention_recommended,,,,2026-09-07T15:49:00+00:00,,,False,False,0.0,True,False,0,"{'downstream_wallets': 1, 'observed_cashout_signal': False, 'multi_recipient_signal': False}"
case_7f4911e9195b8948,flowfreeze-shadow-heuristic-v1,0.47,forward,1,0,0.0,monitor_no_intervention_recommended,,,,2026-09-07T16:04:00+00:00,,,False,False,0.0,True,False,0,"{'downstream_wallets': 1, 'observed_cashout_signal': False, 'multi_recipient_signal': False}"
case_138914435d9243e4,flowfreeze-shadow-heuristic-v1,0.1,no_movement,0,0,0.0,monitor_no_intervention_recommended,,,,2026-09-07T16:19:00+00:00,,,False,False,0.0,True,False,0,"{'downstream_wallets': 0, 'observed_cashout_signal': False, 'multi_recipient_signal': False}"
case_2932d59c825dad46,flowfreeze-shadow-heuristic-v1,0.47,forward,1,0,0.0,monitor_no_intervention_recommended,,,,2026-09-07T16:34:00+00:00,,,False,False,0.0,True,False,0,"{'downstream_wallets': 1, 'observed_cashout_signal': False, 'multi_recipient_signal': False}"
case_6bd961dd85fcfcf0,flowfreeze-shadow-heuristic-v1,0.47,forward,1,0,0.0,monitor_no_intervention_recommended,,,,2026-09-07T16:49:00+00:00,,,False,False,0.0,True,False,0,"{'downstream_wallets': 1, 'observed_cashout_signal': False, 'multi_recipient_signal': False}"
case_6f262f16414e4a1f,flowfreeze-shadow-heuristic-v1,0.47,forward,1,0,0.0,monitor_no_intervention_recommended,,,,2026-09-07T17:04:00+00:00,,,False,False,0.0,True,False,0,"{'downstream_wallets': 1, 'observed_cashout_signal': False, 'multi_recipient_signal': False}"
case_34c2fa90668ed777,flowfreeze-shadow-heuristic-v1,0.47,forward,1,0,0.0,monitor_no_intervention_recommended,,,,2026-09-07T17:19:00+00:00,,,False,False,0.0,True,False,0,"{'downstream_wallets': 1, 'observed_cashout_signal': False, 'multi_recipient_signal': False}"
case_7fa8e601b3da0357,flowfreeze-shadow-heuristic-v1,0.47,forward,1,0,0.0,monitor_no_intervention_recommended,,,,2026-09-07T17:34:00+00:00,,,False,False,0.0,True,False,0,"{'downstream_wallets': 1, 'observed_cashout_signal': False, 'multi_recipient_signal': False}"
case_3f7711d1daf6f7ba,flowfreeze-shadow-heuristic-v1,0.47,forward,1,0,0.0,monitor_no_intervention_recommended,,,,2026-09-07T17:49:00+00:00,,,False,False,0.0,True,False,0,"{'downstream_wallets': 1, 'observed_cashout_signal': False, 'multi_recipient_signal': False}"
case_610f725e2c94a367,flowfreeze-shadow-heuristic-v1,0.47,forward,1,0,0.0,monitor_no_intervention_recommended,,,,2026-09-07T18:04:00+00:00,,,False,False,0.0,True,False,0,"{'downstream_wallets': 1, 'observed_cashout_signal': False, 'multi_recipient_signal': False}"
case_e8cc64cc14ac73f0,flowfreeze-shadow-heuristic-v1,0.47,forward,1,0,0.0,monitor_no_intervention_recommended,,,,2026-09-07T18:19:00+00:00,,,False,False,0.0,True,False,0,"{'downstream_wallets': 1, 'observed_cashout_signal': False, 'multi_recipient_signal': False}"
case_76ae445be617361b,flowfreeze-shadow-heuristic-v1,0.47,forward,1,0,0.0,monitor_no_intervention_recommended,,,,2026-09-07T18:34:00+00:00,,,False,False,0.0,True,False,0,"{'downstream_wallets': 1, 'observed_cashout_signal': False, 'multi_recipient_signal': False}"
case_1c0feb60b68965b4,flowfreeze-shadow-heuristic-v1,0.47,forward,1,0,0.0,monitor_no_intervention_recommended,,,,2026-09-07T18:49:00+00:00,,,False,False,0.0,True,False,0,"{'downstream_wallets': 1, 'observed_cashout_signal': False, 'multi_recipient_signal': False}"
case_47226702f861a57c,flowfreeze-shadow-heuristic-v1,0.47,forward,1,0,0.0,monitor_no_intervention_recommended,,,,2026-09-07T19:04:00+00:00,,,False,False,0.0,True,False,0,"{'downstream_wallets': 1, 'observed_cashout_signal': False, 'multi_recipient_signal': False}"
case_0cb41f86ef5abe81,flowfreeze-shadow-heuristic-v1,0.1,no_movement,0,0,0.0,monitor_no_intervention_recommended,,,,2026-09-07T19:19:00+00:00,,,False,False,0.0,True,False,0,"{'downstream_wallets': 0, 'observed_cashout_signal': False, 'multi_recipient_signal': False}"
case_e0cb1e837c83b1c2,flowfreeze-shadow-heuristic-v1,0.47,forward,1,0,0.0,monitor_no_intervention_recommended,,,,2026-09-07T19:34:00+00:00,,,False,False,0.0,True,False,0,"{'downstream_wallets': 1, 'observed_cashout_signal': False, 'multi_recipient_signal': False}"
case_9b8e6d161e27c685,flowfreeze-shadow-heuristic-v1,0.47,forward,1,0,0.0,monitor_no_intervention_recommended,,,,2026-09-07T19:49:00+00:00,,,False,False,0.0,True,False,0,"{'downstream_wallets': 1, 'observed_cashout_signal': False, 'multi_recipient_signal': False}"
case_a45f0c469ebee80f,flowfreeze-shadow-heuristic-v1,0.47,forward,1,0,0.0,monitor_no_intervention_recommended,,,,2026-09-07T20:04:00+00:00,,,False,False,0.0,True,False,0,"{'downstream_wallets': 1, 'observed_cashout_signal': False, 'multi_recipient_signal': False}"
case_fd82ad44d306667b,flowfreeze-shadow-heuristic-v1,0.47,forward,1,0,0.0,monitor_no_intervention_recommended,,,,2026-09-07T20:19:00+00:00,,,False,False,0.0,True,False,0,"{'downstream_wallets': 1, 'observed_cashout_signal': False, 'multi_recipient_signal': False}"
case_16193a81d85e3b75,flowfreeze-shadow-heuristic-v1,0.47,forward,1,0,0.0,monitor_no_intervention_recommended,,,,2026-09-07T20:34:00+00:00,,,False,False,0.0,True,False,0,"{'downstream_wallets': 1, 'observed_cashout_signal': False, 'multi_recipient_signal': False}"
case_c234fc372dda1b97,flowfreeze-shadow-heuristic-v1,0.1,no_movement,0,0,0.0,monitor_no_intervention_recommended,,,,2026-09-07T20:49:00+00:00,,,False,False,0.0,True,False,0,"{'downstream_wallets': 0, 'observed_cashout_signal': False, 'multi_recipient_signal': False}"
case_507c5886416c7d86,flowfreeze-shadow-heuristic-v1,0.1,no_movement,0,0,0.0,monitor_no_intervention_recommended,,,,2026-09-07T21:04:00+00:00,,,False,False,0.0,True,False,0,"{'downstream_wallets': 0, 'observed_cashout_signal': False, 'multi_recipient_signal': False}"
case_74fc76f7e5d79620,flowfreeze-shadow-heuristic-v1,0.47,forward,1,0,0.0,monitor_no_intervention_recommended,,,,2026-09-07T21:19:00+00:00,,,False,False,0.0,True,False,0,"{'downstream_wallets': 1, 'observed_cashout_signal': False, 'multi_recipient_signal': False}"
case_40ceced68880cc17,flowfreeze-shadow-heuristic-v1,0.1,no_movement,0,0,0.0,monitor_no_intervention_recommended,,,,2026-09-07T21:34:00+00:00,,,False,False,0.0,True,False,0,"{'downstream_wallets': 0, 'observed_cashout_signal': False, 'multi_recipient_signal': False}"
case_884faf9866b643c3,flowfreeze-shadow-heuristic-v1,0.47,forward,1,0,0.0,monitor_no_intervention_recommended,,,,2026-09-07T21:49:00+00:00,,,False,False,0.0,True,False,0,"{'downstream_wallets': 1, 'observed_cashout_signal': False, 'multi_recipient_signal': False}"
case_08429523e4745057,flowfreeze-shadow-heuristic-v1,0.1,no_movement,0,0,0.0,monitor_no_intervention_recommended,,,,2026-09-07T22:04:00+00:00,,,False,False,0.0,True,False,0,"{'downstream_wallets': 0, 'observed_cashout_signal': False, 'multi_recipient_signal': False}"
case_31a4c37bd1593b00,flowfreeze-shadow-heuristic-v1,0.47,forward,1,0,0.0,monitor_no_intervention_recommended,,,,2026-09-07T22:19:00+00:00,,,False,False,0.0,True,False,0,"{'downstream_wallets': 1, 'observed_cashout_signal': False, 'multi_recipient_signal': False}"
case_132f1389fbd1d585,flowfreeze-shadow-heuristic-v1,0.47,forward,1,0,0.0,monitor_no_intervention_recommended,,,,2026-09-07T22:34:00+00:00,,,False,False,0.0,True,False,0,"{'downstream_wallets': 1, 'observed_cashout_signal': False, 'multi_recipient_signal': False}"
case_cc01d00cfee0dae8,flowfreeze-shadow-heuristic-v1,0.47,forward,1,0,0.0,monitor_no_intervention_recommended,,,,2026-09-07T22:49:00+00:00,,,False,False,0.0,True,False,0,"{'downstream_wallets': 1, 'observed_cashout_signal': False, 'multi_recipient_signal': False}"
case_34ba59c589cbb7cd,flowfreeze-shadow-heuristic-v1,0.1,no_movement,0,0,0.0,monitor_no_intervention_recommended,,,,2026-09-07T23:04:00+00:00,,,False,False,0.0,True,False,0,"{'downstream_wallets': 0, 'observed_cashout_signal': False, 'multi_recipient_signal': False}"
case_50913afcaf0d9014,flowfreeze-shadow-heuristic-v1,0.1,no_movement,0,0,0.0,monitor_no_intervention_recommended,,,,2026-09-07T23:19:00+00:00,,,False,False,0.0,True,False,0,"{'downstream_wallets': 0, 'observed_cashout_signal': False, 'multi_recipient_signal': False}"
case_210b5a56854cfbf4,flowfreeze-shadow-heuristic-v1,0.47,forward,1,0,0.0,monitor_no_intervention_recommended,,,,2026-09-07T23:34:00+00:00,,,False,False,0.0,True,False,0,"{'downstream_wallets': 1, 'observed_cashout_signal': False, 'multi_recipient_signal': False}"
case_2ba5344547b4adb6,flowfreeze-shadow-heuristic-v1,0.47,forward,1,0,0.0,monitor_no_intervention_recommended,,,,2026-09-07T23:49:00+00:00,,,False,False,0.0,True,False,0,"{'downstream_wallets': 1, 'observed_cashout_signal': False, 'multi_recipient_signal': False}"
case_4001b5ddead26cee,flowfreeze-shadow-heuristic-v1,0.47,forward,1,0,0.0,monitor_no_intervention_recommended,,,,2026-09-08T00:04:00+00:00,,,False,False,0.0,True,False,0,"{'downstream_wallets': 1, 'observed_cashout_signal': False, 'multi_recipient_signal': False}"
case_9d02b27172aeecc8,flowfreeze-shadow-heuristic-v1,0.1,no_movement,0,0,0.0,monitor_no_intervention_recommended,,,,2026-09-08T00:19:00+00:00,,,False,False,0.0,True,False,0,"{'downstream_wallets': 0, 'observed_cashout_signal': False, 'multi_recipient_signal': False}"
case_72c9b829c1c23723,flowfreeze-shadow-heuristic-v1,0.47,forward,1,0,0.0,monitor_no_intervention_recommended,,,,2026-09-08T00:34:00+00:00,,,False,False,0.0,True,False,0,"{'downstream_wallets': 1, 'observed_cashout_signal': False, 'multi_recipient_signal': False}"
case_fc46685e18e19821,flowfreeze-shadow-heuristic-v1,0.47,forward,1,0,0.0,monitor_no_intervention_recommended,,,,2026-09-08T00:49:00+00:00,,,False,False,0.0,True,False,0,"{'downstream_wallets': 1, 'observed_cashout_signal': False, 'multi_recipient_signal': False}"
case_4f9e503cf1713219,flowfreeze-shadow-heuristic-v1,0.1,no_movement,0,0,0.0,monitor_no_intervention_recommended,,,,2026-09-08T01:04:00+00:00,,,False,False,0.0,True,False,0,"{'downstream_wallets': 0, 'observed_cashout_signal': False, 'multi_recipient_signal': False}"
case_d7a5afd6918b2775,flowfreeze-shadow-heuristic-v1,0.47,forward,1,0,0.0,monitor_no_intervention_recommended,,,,2026-09-08T01:19:00+00:00,,,False,False,0.0,True,False,0,"{'downstream_wallets': 1, 'observed_cashout_signal': False, 'multi_recipient_signal': False}"
case_6ba812052063d427,flowfreeze-shadow-heuristic-v1,0.47,forward,1,0,0.0,monitor_no_intervention_recommended,,,,2026-09-08T01:34:00+00:00,,,False,False,0.0,True,False,0,"{'downstream_wallets': 1, 'observed_cashout_signal': False, 'multi_recipient_signal': False}"
case_e932ec080975ecce,flowfreeze-shadow-heuristic-v1,0.47,forward,1,0,0.0,monitor_no_intervention_recommended,,,,2026-09-08T01:49:00+00:00,,,False,False,0.0,True,False,0,"{'downstream_wallets': 1, 'observed_cashout_signal': False, 'multi_recipient_signal': False}"
case_b789989428e8d670,flowfreeze-shadow-heuristic-v1,0.47,forward,1,0,0.0,monitor_no_intervention_recommended,,,,2026-09-08T02:04:00+00:00,,,False,False,0.0,True,False,0,"{'downstream_wallets': 1, 'observed_cashout_signal': False, 'multi_recipient_signal': False}"
case_fedd3111c8453164,flowfreeze-shadow-heuristic-v1,0.1,no_movement,0,0,0.0,monitor_no_intervention_recommended,,,,2026-09-08T02:19:00+00:00,,,False,False,0.0,True,False,0,"{'downstream_wallets': 0, 'observed_cashout_signal': False, 'multi_recipient_signal': False}"
case_29881ea2dac1993e,flowfreeze-shadow-heuristic-v1,0.47,forward,1,0,0.0,monitor_no_intervention_recommended,,,,2026-09-08T02:34:00+00:00,,,False,False,0.0,True,False,0,"{'downstream_wallets': 1, 'observed_cashout_signal': False, 'multi_recipient_signal': False}"
case_22455611ff410ded,flowfreeze-shadow-heuristic-v1,0.47,forward,1,0,0.0,monitor_no_intervention_recommended,,,,2026-09-08T02:49:00+00:00,,,False,False,0.0,True,False,0,"{'downstream_wallets': 1, 'observed_cashout_signal': False, 'multi_recipient_signal': False}"
case_ba7f428a826b806d,flowfreeze-shadow-heuristic-v1,0.47,forward,1,0,0.0,monitor_no_intervention_recommended,,,,2026-09-08T03:04:00+00:00,,,False,False,0.0,True,False,0,"{'downstream_wallets': 1, 'observed_cashout_signal': False, 'multi_recipient_signal': False}"
case_38a5cceef12cf08c,flowfreeze-shadow-heuristic-v1,0.47,forward,1,0,0.0,monitor_no_intervention_recommended,,,,2026-09-08T03:19:00+00:00,,,False,False,0.0,True,False,0,"{'downstream_wallets': 1, 'observed_cashout_signal': False, 'multi_recipient_signal': False}"
case_5a7b58b4322c1a17,flowfreeze-shadow-heuristic-v1,0.47,forward,1,0,0.0,monitor_no_intervention_recommended,,,,2026-09-08T03:34:00+00:00,,,False,False,0.0,True,False,0,"{'downstream_wallets': 1, 'observed_cashout_signal': False, 'multi_recipient_signal': False}"
case_e8aa9c40d1427562,flowfreeze-shadow-heuristic-v1,0.47,forward,1,0,0.0,monitor_no_intervention_recommended,,,,2026-09-08T03:49:00+00:00,,,False,False,0.0,True,False,0,"{'downstream_wallets': 1, 'observed_cashout_signal': False, 'multi_recipient_signal': False}"
case_d1694628bc7675a1,flowfreeze-shadow-heuristic-v1,0.47,forward,1,0,0.0,monitor_no_intervention_recommended,,,,2026-09-08T04:04:00+00:00,,,False,False,0.0,True,False,0,"{'downstream_wallets': 1, 'observed_cashout_signal': False, 'multi_recipient_signal': False}"
case_56c83b1d8875ebda,flowfreeze-shadow-heuristic-v1,0.47,forward,1,0,0.0,monitor_no_intervention_recommended,,,,2026-09-08T04:19:00+00:00,,,False,False,0.0,True,False,0,"{'downstream_wallets': 1, 'observed_cashout_signal': False, 'multi_recipient_signal': False}"
case_d0ae2d7294af20a3,flowfreeze-shadow-heuristic-v1,0.1,no_movement,0,0,0.0,monitor_no_intervention_recommended,,,,2026-09-08T04:34:00+00:00,,,False,False,0.0,True,False,0,"{'downstream_wallets': 0, 'observed_cashout_signal': False, 'multi_recipient_signal': False}"
case_4d49145e944552af,flowfreeze-shadow-heuristic-v1,0.47,forward,1,0,0.0,monitor_no_intervention_recommended,,,,2026-09-08T04:49:00+00:00,,,False,False,0.0,True,False,0,"{'downstream_wallets': 1, 'observed_cashout_signal': False, 'multi_recipient_signal': False}"
case_0baac2da3269e083,flowfreeze-shadow-heuristic-v1,0.47,forward,1,0,0.0,monitor_no_intervention_recommended,,,,2026-09-08T05:04:00+00:00,,,False,False,0.0,True,False,0,"{'downstream_wallets': 1, 'observed_cashout_signal': False, 'multi_recipient_signal': False}"
case_34fcf13cca7f13df,flowfreeze-shadow-heuristic-v1,0.1,no_movement,0,0,0.0,monitor_no_intervention_recommended,,,,2026-09-08T05:19:00+00:00,,,False,False,0.0,True,False,0,"{'downstream_wallets': 0, 'observed_cashout_signal': False, 'multi_recipient_signal': False}"
case_e4b34beb6d8ac7ed,flowfreeze-shadow-heuristic-v1,0.47,forward,1,0,0.0,monitor_no_intervention_recommended,,,,2026-09-08T05:34:00+00:00,,,False,False,0.0,True,False,0,"{'downstream_wallets': 1, 'observed_cashout_signal': False, 'multi_recipient_signal': False}"
case_1fd6644afc1ecdb9,flowfreeze-shadow-heuristic-v1,0.47,forward,1,0,0.0,monitor_no_intervention_recommended,,,,2026-09-08T05:49:00+00:00,,,False,False,0.0,True,False,0,"{'downstream_wallets': 1, 'observed_cashout_signal': False, 'multi_recipient_signal': False}"
case_d9d0761c126ffc44,flowfreeze-shadow-heuristic-v1,0.47,forward,1,0,0.0,monitor_no_intervention_recommended,,,,2026-09-08T06:04:00+00:00,,,False,False,0.0,True,False,0,"{'downstream_wallets': 1, 'observed_cashout_signal': False, 'multi_recipient_signal': False}"
case_4fe1f51d329df17d,flowfreeze-shadow-heuristic-v1,0.47,forward,1,0,0.0,monitor_no_intervention_recommended,,,,2026-09-08T06:19:00+00:00,,,False,False,0.0,True,False,0,"{'downstream_wallets': 1, 'observed_cashout_signal': False, 'multi_recipient_signal': False}"
case_ade19374b71e7593,flowfreeze-shadow-heuristic-v1,0.1,no_movement,0,0,0.0,monitor_no_intervention_recommended,,,,2026-09-08T06:34:00+00:00,,,False,False,0.0,True,False,0,"{'downstream_wallets': 0, 'observed_cashout_signal': False, 'multi_recipient_signal': False}"
case_3b3b556fd366d388,flowfreeze-shadow-heuristic-v1,0.1,no_movement,0,0,0.0,monitor_no_intervention_recommended,,,,2026-09-08T06:49:00+00:00,,,False,False,0.0,True,False,0,"{'downstream_wallets': 0, 'observed_cashout_signal': False, 'multi_recipient_signal': False}"
case_dbcf536aa9b12c70,flowfreeze-shadow-heuristic-v1,0.1,no_movement,0,0,0.0,monitor_no_intervention_recommended,,,,2026-09-08T07:04:00+00:00,,,False,False,0.0,True,False,0,"{'downstream_wallets': 0, 'observed_cashout_signal': False, 'multi_recipient_signal': False}"
case_3245fae0919cf1da,flowfreeze-shadow-heuristic-v1,0.1,no_movement,0,0,0.0,monitor_no_intervention_recommended,,,,2026-09-08T07:19:00+00:00,,,False,False,0.0,True,False,0,"{'downstream_wallets': 0, 'observed_cashout_signal': False, 'multi_recipient_signal': False}"
case_2f2d074892126091,flowfreeze-shadow-heuristic-v1,0.1,no_movement,0,0,0.0,monitor_no_intervention_recommended,,,,2026-09-08T07:34:00+00:00,,,False,False,0.0,True,False,0,"{'downstream_wallets': 0, 'observed_cashout_signal': False, 'multi_recipient_signal': False}"
case_18c5a95f816279f8,flowfreeze-shadow-heuristic-v1,0.1,no_movement,0,0,0.0,monitor_no_intervention_recommended,,,,2026-09-08T07:49:00+00:00,,,False,False,0.0,True,False,0,"{'downstream_wallets': 0, 'observed_cashout_signal': False, 'multi_recipient_signal': False}"
case_66093bbed48cbce8,flowfreeze-shadow-heuristic-v1,0.47,forward,1,0,0.0,monitor_no_intervention_recommended,,,,2026-09-08T08:04:00+00:00,,,False,False,0.0,True,False,0,"{'downstream_wallets': 1, 'observed_cashout_signal': False, 'multi_recipient_signal': False}"
case_e95ad6b53f096902,flowfreeze-shadow-heuristic-v1,0.47,forward,1,0,0.0,monitor_no_intervention_recommended,,,,2026-09-08T08:19:00+00:00,,,False,False,0.0,True,False,0,"{'downstream_wallets': 1, 'observed_cashout_signal': False, 'multi_recipient_signal': False}"
case_f5fc2848e47e6280,flowfreeze-shadow-heuristic-v1,0.47,forward,1,0,0.0,monitor_no_intervention_recommended,,,,2026-09-08T08:34:00+00:00,,,False,False,0.0,True,False,0,"{'downstream_wallets': 1, 'observed_cashout_signal': False, 'multi_recipient_signal': False}"
case_3a33a879419fa4a3,flowfreeze-shadow-heuristic-v1,0.47,forward,1,0,0.0,monitor_no_intervention_recommended,,,,2026-09-08T08:49:00+00:00,,,False,False,0.0,True,False,0,"{'downstream_wallets': 1, 'observed_cashout_signal': False, 'multi_recipient_signal': False}"
case_cac1ab1d9b8c1fde,flowfreeze-shadow-heuristic-v1,0.47,forward,1,0,0.0,monitor_no_intervention_recommended,,,,2026-09-08T09:04:00+00:00,,,False,False,0.0,True,False,0,"{'downstream_wallets': 1, 'observed_cashout_signal': False, 'multi_recipient_signal': False}"
case_03444f265477b938,flowfreeze-shadow-heuristic-v1,0.47,forward,1,0,0.0,monitor_no_intervention_recommended,,,,2026-09-08T09:19:00+00:00,,,False,False,0.0,True,False,0,"{'downstream_wallets': 1, 'observed_cashout_signal': False, 'multi_recipient_signal': False}"
case_9dab5ef05de8955f,flowfreeze-shadow-heuristic-v1,0.47,forward,1,0,0.0,monitor_no_intervention_recommended,,,,2026-09-08T09:34:00+00:00,,,False,False,0.0,True,False,0,"{'downstream_wallets': 1, 'observed_cashout_signal': False, 'multi_recipient_signal': False}"
case_8290946593bc6661,flowfreeze-shadow-heuristic-v1,0.47,forward,1,0,0.0,monitor_no_intervention_recommended,,,,2026-09-08T09:49:00+00:00,,,False,False,0.0,True,False,0,"{'downstream_wallets': 1, 'observed_cashout_signal': False, 'multi_recipient_signal': False}"
case_e53810475a9a9b3d,flowfreeze-shadow-heuristic-v1,0.47,forward,1,0,0.0,monitor_no_intervention_recommended,,,,2026-09-08T10:04:00+00:00,,,False,False,0.0,True,False,0,"{'downstream_wallets': 1, 'observed_cashout_signal': False, 'multi_recipient_signal': False}"
case_735fa95654020211,flowfreeze-shadow-heuristic-v1,0.47,forward,1,0,0.0,monitor_no_intervention_recommended,,,,2026-09-08T10:19:00+00:00,,,False,False,0.0,True,False,0,"{'downstream_wallets': 1, 'observed_cashout_signal': False, 'multi_recipient_signal': False}"
case_dc12f3e4f221b7a7,flowfreeze-shadow-heuristic-v1,0.47,forward,1,0,0.0,monitor_no_intervention_recommended,,,,2026-09-08T10:34:00+00:00,,,False,False,0.0,True,False,0,"{'downstream_wallets': 1, 'observed_cashout_signal': False, 'multi_recipient_signal': False}"
case_c6442a4051fd3e0f,flowfreeze-shadow-heuristic-v1,0.47,forward,1,0,0.0,monitor_no_intervention_recommended,,,,2026-09-08T10:49:00+00:00,,,False,False,0.0,True,False,0,"{'downstream_wallets': 1, 'observed_cashout_signal': False, 'multi_recipient_signal': False}"
case_fa65f679e06fc19b,flowfreeze-shadow-heuristic-v1,0.1,no_movement,0,0,0.0,monitor_no_intervention_recommended,,,,2026-09-08T11:04:00+00:00,,,False,False,0.0,True,False,0,"{'downstream_wallets': 0, 'observed_cashout_signal': False, 'multi_recipient_signal': False}"
case_2ac6f695571e875b,flowfreeze-shadow-heuristic-v1,0.47,forward,1,0,0.0,monitor_no_intervention_recommended,,,,2026-09-08T11:19:00+00:00,,,False,False,0.0,True,False,0,"{'downstream_wallets': 1, 'observed_cashout_signal': False, 'multi_recipient_signal': False}"
case_5543aa20d7b0b19c,flowfreeze-shadow-heuristic-v1,0.47,forward,1,0,0.0,monitor_no_intervention_recommended,,,,2026-09-08T11:34:00+00:00,,,False,False,0.0,True,False,0,"{'downstream_wallets': 1, 'observed_cashout_signal': False, 'multi_recipient_signal': False}"
case_46a49e245410d0ae,flowfreeze-shadow-heuristic-v1,0.47,forward,1,0,0.0,monitor_no_intervention_recommended,,,,2026-09-08T11:49:00+00:00,,,False,False,0.0,True,False,0,"{'downstream_wallets': 1, 'observed_cashout_signal': False, 'multi_recipient_signal': False}"
case_0db990633ba87a5d,flowfreeze-shadow-heuristic-v1,0.47,forward,1,0,0.0,monitor_no_intervention_recommended,,,,2026-09-08T12:04:00+00:00,,,False,False,0.0,True,False,0,"{'downstream_wallets': 1, 'observed_cashout_signal': False, 'multi_recipient_signal': False}"
case_6a8e5d01d4f338a3,flowfreeze-shadow-heuristic-v1,0.47,forward,1,0,0.0,monitor_no_intervention_recommended,,,,2026-09-08T12:19:00+00:00,,,False,False,0.0,True,False,0,"{'downstream_wallets': 1, 'observed_cashout_signal': False, 'multi_recipient_signal': False}"
case_a7f6a9a7ab2aaf03,flowfreeze-shadow-heuristic-v1,0.1,no_movement,0,0,0.0,monitor_no_intervention_recommended,,,,2026-09-08T12:34:00+00:00,,,False,False,0.0,True,False,0,"{'downstream_wallets': 0, 'observed_cashout_signal': False, 'multi_recipient_signal': False}"
case_09e1fae1ca29822c,flowfreeze-shadow-heuristic-v1,0.47,forward,1,0,0.0,monitor_no_intervention_recommended,,,,2026-09-08T12:49:00+00:00,,,False,False,0.0,True,False,0,"{'downstream_wallets': 1, 'observed_cashout_signal': False, 'multi_recipient_signal': False}"
case_8a2cac39d779532f,flowfreeze-shadow-heuristic-v1,0.47,forward,1,0,0.0,monitor_no_intervention_recommended,,,,2026-09-08T13:04:00+00:00,,,False,False,0.0,True,False,0,"{'downstream_wallets': 1, 'observed_cashout_signal': False, 'multi_recipient_signal': False}"
case_6748fc3a942b70ef,flowfreeze-shadow-heuristic-v1,0.1,no_movement,0,0,0.0,monitor_no_intervention_recommended,,,,2026-09-08T13:19:00+00:00,,,False,False,0.0,True,False,0,"{'downstream_wallets': 0, 'observed_cashout_signal': False, 'multi_recipient_signal': False}"
case_8dad9dab55bf877b,flowfreeze-shadow-heuristic-v1,0.47,forward,1,0,0.0,monitor_no_intervention_recommended,,,,2026-09-08T13:34:00+00:00,,,False,False,0.0,True,False,0,"{'downstream_wallets': 1, 'observed_cashout_signal': False, 'multi_recipient_signal': False}"
case_4a4188550e51ee26,flowfreeze-shadow-heuristic-v1,0.1,no_movement,0,0,0.0,monitor_no_intervention_recommended,,,,2026-09-08T13:49:00+00:00,,,False,False,0.0,True,False,0,"{'downstream_wallets': 0, 'observed_cashout_signal': False, 'multi_recipient_signal': False}"
case_30cb36db0c0e0fc9,flowfreeze-shadow-heuristic-v1,0.47,forward,1,0,0.0,monitor_no_intervention_recommended,,,,2026-09-08T14:04:00+00:00,,,False,False,0.0,True,False,0,"{'downstream_wallets': 1, 'observed_cashout_signal': False, 'multi_recipient_signal': False}"
case_723ccf1fef1c2e78,flowfreeze-shadow-heuristic-v1,0.47,forward,1,0,0.0,monitor_no_intervention_recommended,,,,2026-09-08T14:19:00+00:00,,,False,False,0.0,True,False,0,"{'downstream_wallets': 1, 'observed_cashout_signal': False, 'multi_recipient_signal': False}"
case_c4395cd95f3b6cc6,flowfreeze-shadow-heuristic-v1,0.47,forward,1,0,0.0,monitor_no_intervention_recommended,,,,2026-09-08T14:34:00+00:00,,,False,False,0.0,True,False,0,"{'downstream_wallets': 1, 'observed_cashout_signal': False, 'multi_recipient_signal': False}"
case_7456cf3b749a3d1d,flowfreeze-shadow-heuristic-v1,0.47,forward,1,0,0.0,monitor_no_intervention_recommended,,,,2026-09-08T14:49:00+00:00,,,False,False,0.0,True,False,0,"{'downstream_wallets': 1, 'observed_cashout_signal': False, 'multi_recipient_signal': False}"
case_3c9311cdc398bf4f,flowfreeze-shadow-heuristic-v1,0.47,forward,1,0,0.0,monitor_no_intervention_recommended,,,,2026-09-08T15:04:00+00:00,,,False,False,0.0,True,False,0,"{'downstream_wallets': 1, 'observed_cashout_signal': False, 'multi_recipient_signal': False}"
case_066eea62983c30b6,flowfreeze-shadow-heuristic-v1,0.47,forward,1,0,0.0,monitor_no_intervention_recommended,,,,2026-09-08T15:19:00+00:00,,,False,False,0.0,True,False,0,"{'downstream_wallets': 1, 'observed_cashout_signal': False, 'multi_recipient_signal': False}"
case_6c7769743c00fd8e,flowfreeze-shadow-heuristic-v1,0.47,forward,1,0,0.0,monitor_no_intervention_recommended,,,,2026-09-08T15:34:00+00:00,,,False,False,0.0,True,False,0,"{'downstream_wallets': 1, 'observed_cashout_signal': False, 'multi_recipient_signal': False}"
case_b4370bc8df2306ae,flowfreeze-shadow-heuristic-v1,0.1,no_movement,0,0,0.0,monitor_no_intervention_recommended,,,,2026-09-08T15:49:00+00:00,,,False,False,0.0,True,False,0,"{'downstream_wallets': 0, 'observed_cashout_signal': False, 'multi_recipient_signal': False}"
case_ce97db2821802651,flowfreeze-shadow-heuristic-v1,0.1,no_movement,0,0,0.0,monitor_no_intervention_recommended,,,,2026-09-08T16:04:00+00:00,,,False,False,0.0,True,False,0,"{'downstream_wallets': 0, 'observed_cashout_signal': False, 'multi_recipient_signal': False}"
case_95ff672ed5aa654f,flowfreeze-shadow-heuristic-v1,0.1,no_movement,0,0,0.0,monitor_no_intervention_recommended,,,,2026-09-08T16:19:00+00:00,,,False,False,0.0,True,False,0,"{'downstream_wallets': 0, 'observed_cashout_signal': False, 'multi_recipient_signal': False}"
case_5a5621c43197fc53,flowfreeze-shadow-heuristic-v1,0.1,no_movement,0,0,0.0,monitor_no_intervention_recommended,,,,2026-09-08T16:34:00+00:00,,,False,False,0.0,True,False,0,"{'downstream_wallets': 0, 'observed_cashout_signal': False, 'multi_recipient_signal': False}"
case_f0eacfedd2371e3c,flowfreeze-shadow-heuristic-v1,0.1,no_movement,0,0,0.0,monitor_no_intervention_recommended,,,,2026-09-08T16:49:00+00:00,,,False,False,0.0,True,False,0,"{'downstream_wallets': 0, 'observed_cashout_signal': False, 'multi_recipient_signal': False}"
case_07c275f7901bc750,flowfreeze-shadow-heuristic-v1,0.1,no_movement,0,0,0.0,monitor_no_intervention_recommended,,,,2026-09-08T17:04:00+00:00,,,False,False,0.0,True,False,0,"{'downstream_wallets': 0, 'observed_cashout_signal': False, 'multi_recipient_signal': False}"
case_84de34a16468e696,flowfreeze-shadow-heuristic-v1,0.1,no_movement,0,0,0.0,monitor_no_intervention_recommended,,,,2026-09-08T17:19:00+00:00,,,False,False,0.0,True,False,0,"{'downstream_wallets': 0, 'observed_cashout_signal': False, 'multi_recipient_signal': False}"
case_0c11d6a7134ef1ca,flowfreeze-shadow-heuristic-v1,0.1,no_movement,0,0,0.0,monitor_no_intervention_recommended,,,,2026-09-08T17:34:00+00:00,,,False,False,0.0,True,False,0,"{'downstream_wallets': 0, 'observed_cashout_signal': False, 'multi_recipient_signal': False}"
case_6aee2e7dd974e914,flowfreeze-shadow-heuristic-v1,0.1,no_movement,0,0,0.0,monitor_no_intervention_recommended,,,,2026-09-08T17:49:00+00:00,,,False,False,0.0,True,False,0,"{'downstream_wallets': 0, 'observed_cashout_signal': False, 'multi_recipient_signal': False}"
case_0f4e1d96f704d9a9,flowfreeze-shadow-heuristic-v1,0.1,no_movement,0,0,0.0,monitor_no_intervention_recommended,,,,2026-09-08T18:04:00+00:00,,,False,False,0.0,True,False,0,"{'downstream_wallets': 0, 'observed_cashout_signal': False, 'multi_recipient_signal': False}"
case_f23e396610ab2037,flowfreeze-shadow-heuristic-v1,0.1,no_movement,0,0,0.0,monitor_no_intervention_recommended,,,,2026-09-08T18:19:00+00:00,,,False,False,0.0,True,False,0,"{'downstream_wallets': 0, 'observed_cashout_signal': False, 'multi_recipient_signal': False}"
case_b7252ca01979f4e1,flowfreeze-shadow-heuristic-v1,0.1,no_movement,0,0,0.0,monitor_no_intervention_recommended,,,,2026-09-08T18:34:00+00:00,,,False,False,0.0,True,False,0,"{'downstream_wallets': 0, 'observed_cashout_signal': False, 'multi_recipient_signal': False}"
case_123fcd6efab35118,flowfreeze-shadow-heuristic-v1,0.1,no_movement,0,0,0.0,monitor_no_intervention_recommended,,,,2026-09-08T18:49:00+00:00,,,False,False,0.0,True,False,0,"{'downstream_wallets': 0, 'observed_cashout_signal': False, 'multi_recipient_signal': False}"
case_1f42d3cdee803ae6,flowfreeze-shadow-heuristic-v1,0.1,no_movement,0,0,0.0,monitor_no_intervention_recommended,,,,2026-09-08T19:04:00+00:00,,,False,False,0.0,True,False,0,"{'downstream_wallets': 0, 'observed_cashout_signal': False, 'multi_recipient_signal': False}"
case_ea3c0cac0bbede25,flowfreeze-shadow-heuristic-v1,0.1,no_movement,0,0,0.0,monitor_no_intervention_recommended,,,,2026-09-08T19:19:00+00:00,,,False,False,0.0,True,False,0,"{'downstream_wallets': 0, 'observed_cashout_signal': False, 'multi_recipient_signal': False}"
case_23ff832a1154aa02,flowfreeze-shadow-heuristic-v1,0.1,no_movement,0,0,0.0,monitor_no_intervention_recommended,,,,2026-09-08T19:34:00+00:00,,,False,False,0.0,True,False,0,"{'downstream_wallets': 0, 'observed_cashout_signal': False, 'multi_recipient_signal': False}"
case_0549d40000b2d59c,flowfreeze-shadow-heuristic-v1,0.1,no_movement,0,0,0.0,monitor_no_intervention_recommended,,,,2026-09-08T19:49:00+00:00,,,False,False,0.0,True,False,0,"{'downstream_wallets': 0, 'observed_cashout_signal': False, 'multi_recipient_signal': False}"
case_289658527eb963f7,flowfreeze-shadow-heuristic-v1,0.1,no_movement,0,0,0.0,monitor_no_intervention_recommended,,,,2026-09-08T20:04:00+00:00,,,False,False,0.0,True,False,0,"{'downstream_wallets': 0, 'observed_cashout_signal': False, 'multi_recipient_signal': False}"
case_f433ad136faad396,flowfreeze-shadow-heuristic-v1,0.1,no_movement,0,0,0.0,monitor_no_intervention_recommended,,,,2026-09-08T20:19:00+00:00,,,False,False,0.0,True,False,0,"{'downstream_wallets': 0, 'observed_cashout_signal': False, 'multi_recipient_signal': False}"
case_9359dd0cf14d3bae,flowfreeze-shadow-heuristic-v1,0.1,no_movement,0,0,0.0,monitor_no_intervention_recommended,,,,2026-09-08T20:34:00+00:00,,,False,False,0.0,True,False,0,"{'downstream_wallets': 0, 'observed_cashout_signal': False, 'multi_recipient_signal': False}"
case_2da43bf534f5e3de,flowfreeze-shadow-heuristic-v1,0.1,no_movement,0,0,0.0,monitor_no_intervention_recommended,,,,2026-09-08T20:49:00+00:00,,,False,False,0.0,True,False,0,"{'downstream_wallets': 0, 'observed_cashout_signal': False, 'multi_recipient_signal': False}"
case_a4625780cc3f76c1,flowfreeze-shadow-heuristic-v1,0.1,no_movement,0,0,0.0,monitor_no_intervention_recommended,,,,2026-09-08T21:04:00+00:00,,,False,False,0.0,True,False,0,"{'downstream_wallets': 0, 'observed_cashout_signal': False, 'multi_recipient_signal': False}"
case_d9c26df873b1ec5a,flowfreeze-shadow-heuristic-v1,0.1,no_movement,0,0,0.0,monitor_no_intervention_recommended,,,,2026-09-08T21:19:00+00:00,,,False,False,0.0,True,False,0,"{'downstream_wallets': 0, 'observed_cashout_signal': False, 'multi_recipient_signal': False}"
case_53a0cafc9b7e5c49,flowfreeze-shadow-heuristic-v1,0.1,no_movement,0,0,0.0,monitor_no_intervention_recommended,,,,2026-09-08T21:34:00+00:00,,,False,False,0.0,True,False,0,"{'downstream_wallets': 0, 'observed_cashout_signal': False, 'multi_recipient_signal': False}"
case_8c777900fbddfa58,flowfreeze-shadow-heuristic-v1,0.1,no_movement,0,0,0.0,monitor_no_intervention_recommended,,,,2026-09-08T21:49:00+00:00,,,False,False,0.0,True,False,0,"{'downstream_wallets': 0, 'observed_cashout_signal': False, 'multi_recipient_signal': False}"
case_bb2f7b849f341158,flowfreeze-shadow-heuristic-v1,0.1,no_movement,0,0,0.0,monitor_no_intervention_recommended,,,,2026-09-08T22:04:00+00:00,,,False,False,0.0,True,False,0,"{'downstream_wallets': 0, 'observed_cashout_signal': False, 'multi_recipient_signal': False}"
case_433ab09a76071b80,flowfreeze-shadow-heuristic-v1,0.1,no_movement,0,0,0.0,monitor_no_intervention_recommended,,,,2026-09-08T22:19:00+00:00,,,False,False,0.0,True,False,0,"{'downstream_wallets': 0, 'observed_cashout_signal': False, 'multi_recipient_signal': False}"
case_397565b2ec07a4a6,flowfreeze-shadow-heuristic-v1,0.1,no_movement,0,0,0.0,monitor_no_intervention_recommended,,,,2026-09-08T22:34:00+00:00,,,False,False,0.0,True,False,0,"{'downstream_wallets': 0, 'observed_cashout_signal': False, 'multi_recipient_signal': False}"
case_3cc34852b33e96bb,flowfreeze-shadow-heuristic-v1,0.1,no_movement,0,0,0.0,monitor_no_intervention_recommended,,,,2026-09-08T22:49:00+00:00,,,False,False,0.0,True,False,0,"{'downstream_wallets': 0, 'observed_cashout_signal': False, 'multi_recipient_signal': False}"
case_8b336dd2b7db1ba6,flowfreeze-shadow-heuristic-v1,0.1,no_movement,0,0,0.0,monitor_no_intervention_recommended,,,,2026-09-08T23:04:00+00:00,,,False,False,0.0,True,False,0,"{'downstream_wallets': 0, 'observed_cashout_signal': False, 'multi_recipient_signal': False}"
case_a7e2144ca77bc321,flowfreeze-shadow-heuristic-v1,0.1,no_movement,0,0,0.0,monitor_no_intervention_recommended,,,,2026-09-08T23:19:00+00:00,,,False,False,0.0,True,False,0,"{'downstream_wallets': 0, 'observed_cashout_signal': False, 'multi_recipient_signal': False}"
case_ec59c272f5647469,flowfreeze-shadow-heuristic-v1,0.1,no_movement,0,0,0.0,monitor_no_intervention_recommended,,,,2026-09-08T23:34:00+00:00,,,False,False,0.0,True,False,0,"{'downstream_wallets': 0, 'observed_cashout_signal': False, 'multi_recipient_signal': False}"
case_c3805a3c0e00bc63,flowfreeze-shadow-heuristic-v1,0.1,no_movement,0,0,0.0,monitor_no_intervention_recommended,,,,2026-09-08T23:49:00+00:00,,,False,False,0.0,True,False,0,"{'downstream_wallets': 0, 'observed_cashout_signal': False, 'multi_recipient_signal': False}"
case_c07cf1d890da6208,flowfreeze-shadow-heuristic-v1,0.1,no_movement,0,0,0.0,monitor_no_intervention_recommended,,,,2026-09-09T00:04:00+00:00,,,False,False,0.0,True,False,0,"{'downstream_wallets': 0, 'observed_cashout_signal': False, 'multi_recipient_signal': False}"
case_791227964d210d0a,flowfreeze-shadow-heuristic-v1,0.1,no_movement,0,0,0.0,monitor_no_intervention_recommended,,,,2026-09-09T00:19:00+00:00,,,False,False,0.0,True,False,0,"{'downstream_wallets': 0, 'observed_cashout_signal': False, 'multi_recipient_signal': False}"
case_7cb70a784969c3a6,flowfreeze-shadow-heuristic-v1,0.1,no_movement,0,0,0.0,monitor_no_intervention_recommended,,,,2026-09-09T00:34:00+00:00,,,False,False,0.0,True,False,0,"{'downstream_wallets': 0, 'observed_cashout_signal': False, 'multi_recipient_signal': False}"
case_7613cd51a3daea22,flowfreeze-shadow-heuristic-v1,0.1,no_movement,0,0,0.0,monitor_no_intervention_recommended,,,,2026-09-09T00:49:00+00:00,,,False,False,0.0,True,False,0,"{'downstream_wallets': 0, 'observed_cashout_signal': False, 'multi_recipient_signal': False}"
case_a1fb4d8e7af94a1a,flowfreeze-shadow-heuristic-v1,0.1,no_movement,0,0,0.0,monitor_no_intervention_recommended,,,,2026-09-09T01:04:00+00:00,,,False,False,0.0,True,False,0,"{'downstream_wallets': 0, 'observed_cashout_signal': False, 'multi_recipient_signal': False}"
case_29c85e51a29d2f81,flowfreeze-shadow-heuristic-v1,0.1,no_movement,0,0,0.0,monitor_no_intervention_recommended,,,,2026-09-09T01:19:00+00:00,,,False,False,0.0,True,False,0,"{'downstream_wallets': 0, 'observed_cashout_signal': False, 'multi_recipient_signal': False}"
case_73acdac4e02f79fa,flowfreeze-shadow-heuristic-v1,0.1,no_movement,0,0,0.0,monitor_no_intervention_recommended,,,,2026-09-09T01:34:00+00:00,,,False,False,0.0,True,False,0,"{'downstream_wallets': 0, 'observed_cashout_signal': False, 'multi_recipient_signal': False}"
case_22f65425f245f168,flowfreeze-shadow-heuristic-v1,0.1,no_movement,0,0,0.0,monitor_no_intervention_recommended,,,,2026-09-09T01:49:00+00:00,,,False,False,0.0,True,False,0,"{'downstream_wallets': 0, 'observed_cashout_signal': False, 'multi_recipient_signal': False}"
case_9fd7c84fbd1f7246,flowfreeze-shadow-heuristic-v1,0.1,no_movement,0,0,0.0,monitor_no_intervention_recommended,,,,2026-09-09T02:04:00+00:00,,,False,False,0.0,True,False,0,"{'downstream_wallets': 0, 'observed_cashout_signal': False, 'multi_recipient_signal': False}"
case_c1f8fac34415c021,flowfreeze-shadow-heuristic-v1,0.1,no_movement,0,0,0.0,monitor_no_intervention_recommended,,,,2026-09-09T02:19:00+00:00,,,False,False,0.0,True,False,0,"{'downstream_wallets': 0, 'observed_cashout_signal': False, 'multi_recipient_signal': False}"
case_a85804c3f4a42415,flowfreeze-shadow-heuristic-v1,0.1,no_movement,0,0,0.0,monitor_no_intervention_recommended,,,,2026-09-09T02:34:00+00:00,,,False,False,0.0,True,False,0,"{'downstream_wallets': 0, 'observed_cashout_signal': False, 'multi_recipient_signal': False}"
case_c7bc7b94e2f94c5e,flowfreeze-shadow-heuristic-v1,0.1,no_movement,0,0,0.0,monitor_no_intervention_recommended,,,,2026-09-09T02:49:00+00:00,,,False,False,0.0,True,False,0,"{'downstream_wallets': 0, 'observed_cashout_signal': False, 'multi_recipient_signal': False}"
case_4ec38dafca860018,flowfreeze-shadow-heuristic-v1,0.1,no_movement,0,0,0.0,monitor_no_intervention_recommended,,,,2026-09-09T03:04:00+00:00,,,False,False,0.0,True,False,0,"{'downstream_wallets': 0, 'observed_cashout_signal': False, 'multi_recipient_signal': False}"
case_e13ada67cd698587,flowfreeze-shadow-heuristic-v1,0.1,no_movement,0,0,0.0,monitor_no_intervention_recommended,,,,2026-09-09T03:19:00+00:00,,,False,False,0.0,True,False,0,"{'downstream_wallets': 0, 'observed_cashout_signal': False, 'multi_recipient_signal': False}"
case_6dc145da1d7612bc,flowfreeze-shadow-heuristic-v1,0.1,no_movement,0,0,0.0,monitor_no_intervention_recommended,,,,2026-09-09T03:34:00+00:00,,,False,False,0.0,True,False,0,"{'downstream_wallets': 0, 'observed_cashout_signal': False, 'multi_recipient_signal': False}"
case_1bab4fd2180ba2c6,flowfreeze-shadow-heuristic-v1,0.1,no_movement,0,0,0.0,monitor_no_intervention_recommended,,,,2026-09-09T03:49:00+00:00,,,False,False,0.0,True,False,0,"{'downstream_wallets': 0, 'observed_cashout_signal': False, 'multi_recipient_signal': False}"
case_27009194110de373,flowfreeze-shadow-heuristic-v1,0.1,no_movement,0,0,0.0,monitor_no_intervention_recommended,,,,2026-09-09T04:04:00+00:00,,,False,False,0.0,True,False,0,"{'downstream_wallets': 0, 'observed_cashout_signal': False, 'multi_recipient_signal': False}"
case_39329860679ce774,flowfreeze-shadow-heuristic-v1,0.1,no_movement,0,0,0.0,monitor_no_intervention_recommended,,,,2026-09-09T04:19:00+00:00,,,False,False,0.0,True,False,0,"{'downstream_wallets': 0, 'observed_cashout_signal': False, 'multi_recipient_signal': False}"
case_5fff20507c61694e,flowfreeze-shadow-heuristic-v1,0.1,no_movement,0,0,0.0,monitor_no_intervention_recommended,,,,2026-09-09T04:34:00+00:00,,,False,False,0.0,True,False,0,"{'downstream_wallets': 0, 'observed_cashout_signal': False, 'multi_recipient_signal': False}"
case_1845cf8d4ade4959,flowfreeze-shadow-heuristic-v1,0.1,no_movement,0,0,0.0,monitor_no_intervention_recommended,,,,2026-09-09T04:49:00+00:00,,,False,False,0.0,True,False,0,"{'downstream_wallets': 0, 'observed_cashout_signal': False, 'multi_recipient_signal': False}"
case_3e349e804b4b56a8,flowfreeze-shadow-heuristic-v1,0.1,no_movement,0,0,0.0,monitor_no_intervention_recommended,,,,2026-09-09T05:04:00+00:00,,,False,False,0.0,True,False,0,"{'downstream_wallets': 0, 'observed_cashout_signal': False, 'multi_recipient_signal': False}"
case_63390e9cb6d52bf4,flowfreeze-shadow-heuristic-v1,0.1,no_movement,0,0,0.0,monitor_no_intervention_recommended,,,,2026-09-09T05:19:00+00:00,,,False,False,0.0,True,False,0,"{'downstream_wallets': 0, 'observed_cashout_signal': False, 'multi_recipient_signal': False}"
case_c51d8dae7a02e030,flowfreeze-shadow-heuristic-v1,0.1,no_movement,0,0,0.0,monitor_no_intervention_recommended,,,,2026-09-09T05:34:00+00:00,,,False,False,0.0,True,False,0,"{'downstream_wallets': 0, 'observed_cashout_signal': False, 'multi_recipient_signal': False}"
case_28093d25b714c575,flowfreeze-shadow-heuristic-v1,0.1,no_movement,0,0,0.0,monitor_no_intervention_recommended,,,,2026-09-09T05:49:00+00:00,,,False,False,0.0,True,False,0,"{'downstream_wallets': 0, 'observed_cashout_signal': False, 'multi_recipient_signal': False}"
case_765d3fd832595999,flowfreeze-shadow-heuristic-v1,0.1,no_movement,0,0,0.0,monitor_no_intervention_recommended,,,,2026-09-09T06:04:00+00:00,,,False,False,0.0,True,False,0,"{'downstream_wallets': 0, 'observed_cashout_signal': False, 'multi_recipient_signal': False}"
case_ce902ea077a7fd0c,flowfreeze-shadow-heuristic-v1,0.1,no_movement,0,0,0.0,monitor_no_intervention_recommended,,,,2026-09-09T06:19:00+00:00,,,False,False,0.0,True,False,0,"{'downstream_wallets': 0, 'observed_cashout_signal': False, 'multi_recipient_signal': False}"
case_d5190e8ee433a627,flowfreeze-shadow-heuristic-v1,0.1,no_movement,0,0,0.0,monitor_no_intervention_recommended,,,,2026-09-09T06:34:00+00:00,,,False,False,0.0,True,False,0,"{'downstream_wallets': 0, 'observed_cashout_signal': False, 'multi_recipient_signal': False}"
case_1aa602a29cc4bcc3,flowfreeze-shadow-heuristic-v1,0.1,no_movement,0,0,0.0,monitor_no_intervention_recommended,,,,2026-09-09T06:49:00+00:00,,,False,False,0.0,True,False,0,"{'downstream_wallets': 0, 'observed_cashout_signal': False, 'multi_recipient_signal': False}"
case_ff55991ce31290d2,flowfreeze-shadow-heuristic-v1,0.1,no_movement,0,0,0.0,monitor_no_intervention_recommended,,,,2026-09-09T07:04:00+00:00,,,False,False,0.0,True,False,0,"{'downstream_wallets': 0, 'observed_cashout_signal': False, 'multi_recipient_signal': False}"
case_56ebf3ed5e07a57e,flowfreeze-shadow-heuristic-v1,0.1,no_movement,0,0,0.0,monitor_no_intervention_recommended,,,,2026-09-09T07:19:00+00:00,,,False,False,0.0,True,False,0,"{'downstream_wallets': 0, 'observed_cashout_signal': False, 'multi_recipient_signal': False}"
case_7e02cf41fb2f8cc7,flowfreeze-shadow-heuristic-v1,0.1,no_movement,0,0,0.0,monitor_no_intervention_recommended,,,,2026-09-09T07:34:00+00:00,,,False,False,0.0,True,False,0,"{'downstream_wallets': 0, 'observed_cashout_signal': False, 'multi_recipient_signal': False}"
case_ea27543674e3e064,flowfreeze-shadow-heuristic-v1,0.1,no_movement,0,0,0.0,monitor_no_intervention_recommended,,,,2026-09-09T07:49:00+00:00,,,False,False,0.0,True,False,0,"{'downstream_wallets': 0, 'observed_cashout_signal': False, 'multi_recipient_signal': False}"
case_febc8febe6d947fa,flowfreeze-shadow-heuristic-v1,0.1,no_movement,0,0,0.0,monitor_no_intervention_recommended,,,,2026-09-09T08:04:00+00:00,,,False,False,0.0,True,False,0,"{'downstream_wallets': 0, 'observed_cashout_signal': False, 'multi_recipient_signal': False}"
case_a3a0756702d4c074,flowfreeze-shadow-heuristic-v1,0.1,no_movement,0,0,0.0,monitor_no_intervention_recommended,,,,2026-09-09T08:19:00+00:00,,,False,False,0.0,True,False,0,"{'downstream_wallets': 0, 'observed_cashout_signal': False, 'multi_recipient_signal': False}"
case_81b4344501b8e035,flowfreeze-shadow-heuristic-v1,0.1,no_movement,0,0,0.0,monitor_no_intervention_recommended,,,,2026-09-09T08:34:00+00:00,,,False,False,0.0,True,False,0,"{'downstream_wallets': 0, 'observed_cashout_signal': False, 'multi_recipient_signal': False}"
case_a742db549fc406cf,flowfreeze-shadow-heuristic-v1,0.1,no_movement,0,0,0.0,monitor_no_intervention_recommended,,,,2026-09-09T08:49:00+00:00,,,False,False,0.0,True,False,0,"{'downstream_wallets': 0, 'observed_cashout_signal': False, 'multi_recipient_signal': False}"
case_207055a18f98ad4d,flowfreeze-shadow-heuristic-v1,0.1,no_movement,0,0,0.0,monitor_no_intervention_recommended,,,,2026-09-09T09:04:00+00:00,,,False,False,0.0,True,False,0,"{'downstream_wallets': 0, 'observed_cashout_signal': False, 'multi_recipient_signal': False}"
case_0feac8e26cf554c3,flowfreeze-shadow-heuristic-v1,0.1,no_movement,0,0,0.0,monitor_no_intervention_recommended,,,,2026-09-09T09:19:00+00:00,,,False,False,0.0,True,False,0,"{'downstream_wallets': 0, 'observed_cashout_signal': False, 'multi_recipient_signal': False}"
case_e17fa1161111da3d,flowfreeze-shadow-heuristic-v1,0.1,no_movement,0,0,0.0,monitor_no_intervention_recommended,,,,2026-09-09T09:34:00+00:00,,,False,False,0.0,True,False,0,"{'downstream_wallets': 0, 'observed_cashout_signal': False, 'multi_recipient_signal': False}"
case_d166215c1ed2ec49,flowfreeze-shadow-heuristic-v1,0.1,no_movement,0,0,0.0,monitor_no_intervention_recommended,,,,2026-09-09T09:49:00+00:00,,,False,False,0.0,True,False,0,"{'downstream_wallets': 0, 'observed_cashout_signal': False, 'multi_recipient_signal': False}"
case_18122c2c149d5690,flowfreeze-shadow-heuristic-v1,0.1,no_movement,0,0,0.0,monitor_no_intervention_recommended,,,,2026-09-09T10:04:00+00:00,,,False,False,0.0,True,False,0,"{'downstream_wallets': 0, 'observed_cashout_signal': False, 'multi_recipient_signal': False}"
case_a7ce43379471db90,flowfreeze-shadow-heuristic-v1,0.1,no_movement,0,0,0.0,monitor_no_intervention_recommended,,,,2026-09-09T10:19:00+00:00,,,False,False,0.0,True,False,0,"{'downstream_wallets': 0, 'observed_cashout_signal': False, 'multi_recipient_signal': False}"
case_758ab57b8a555303,flowfreeze-shadow-heuristic-v1,0.1,no_movement,0,0,0.0,monitor_no_intervention_recommended,,,,2026-09-09T10:34:00+00:00,,,False,False,0.0,True,False,0,"{'downstream_wallets': 0, 'observed_cashout_signal': False, 'multi_recipient_signal': False}"
case_f31c7c9f680d9472,flowfreeze-shadow-heuristic-v1,0.1,no_movement,0,0,0.0,monitor_no_intervention_recommended,,,,2026-09-09T10:49:00+00:00,,,False,False,0.0,True,False,0,"{'downstream_wallets': 0, 'observed_cashout_signal': False, 'multi_recipient_signal': False}"
case_008fc8c41f63b5d7,flowfreeze-shadow-heuristic-v1,0.1,no_movement,0,0,0.0,monitor_no_intervention_recommended,,,,2026-09-09T11:04:00+00:00,,,False,False,0.0,True,False,0,"{'downstream_wallets': 0, 'observed_cashout_signal': False, 'multi_recipient_signal': False}"
case_6f8afe55a2435c09,flowfreeze-shadow-heuristic-v1,0.1,no_movement,0,0,0.0,monitor_no_intervention_recommended,,,,2026-09-09T11:19:00+00:00,,,False,False,0.0,True,False,0,"{'downstream_wallets': 0, 'observed_cashout_signal': False, 'multi_recipient_signal': False}"
case_2944c707810b3053,flowfreeze-shadow-heuristic-v1,0.1,no_movement,0,0,0.0,monitor_no_intervention_recommended,,,,2026-09-09T11:34:00+00:00,,,False,False,0.0,True,False,0,"{'downstream_wallets': 0, 'observed_cashout_signal': False, 'multi_recipient_signal': False}"
case_5900fa556bd8cd8e,flowfreeze-shadow-heuristic-v1,0.1,no_movement,0,0,0.0,monitor_no_intervention_recommended,,,,2026-09-09T11:49:00+00:00,,,False,False,0.0,True,False,0,"{'downstream_wallets': 0, 'observed_cashout_signal': False, 'multi_recipient_signal': False}"
case_45f7b60028c2b18b,flowfreeze-shadow-heuristic-v1,0.1,no_movement,0,0,0.0,monitor_no_intervention_recommended,,,,2026-09-09T12:04:00+00:00,,,False,False,0.0,True,False,0,"{'downstream_wallets': 0, 'observed_cashout_signal': False, 'multi_recipient_signal': False}"
case_3a347773e2908f8a,flowfreeze-shadow-heuristic-v1,0.1,no_movement,0,0,0.0,monitor_no_intervention_recommended,,,,2026-09-09T12:19:00+00:00,,,False,False,0.0,True,False,0,"{'downstream_wallets': 0, 'observed_cashout_signal': False, 'multi_recipient_signal': False}"
case_b4739bafdba25c33,flowfreeze-shadow-heuristic-v1,0.1,no_movement,0,0,0.0,monitor_no_intervention_recommended,,,,2026-09-09T12:34:00+00:00,,,False,False,0.0,True,False,0,"{'downstream_wallets': 0, 'observed_cashout_signal': False, 'multi_recipient_signal': False}"
case_6fd8b43eede06167,flowfreeze-shadow-heuristic-v1,0.1,no_movement,0,0,0.0,monitor_no_intervention_recommended,,,,2026-09-09T12:49:00+00:00,,,False,False,0.0,True,False,0,"{'downstream_wallets': 0, 'observed_cashout_signal': False, 'multi_recipient_signal': False}"
case_e44810e417d19225,flowfreeze-shadow-heuristic-v1,0.1,no_movement,0,0,0.0,monitor_no_intervention_recommended,,,,2026-09-09T13:04:00+00:00,,,False,False,0.0,True,False,0,"{'downstream_wallets': 0, 'observed_cashout_signal': False, 'multi_recipient_signal': False}"
case_dd6fbe34cb6ab24b,flowfreeze-shadow-heuristic-v1,0.1,no_movement,0,0,0.0,monitor_no_intervention_recommended,,,,2026-09-09T13:19:00+00:00,,,False,False,0.0,True,False,0,"{'downstream_wallets': 0, 'observed_cashout_signal': False, 'multi_recipient_signal': False}"
case_5ef9cdb2c20f8074,flowfreeze-shadow-heuristic-v1,0.1,no_movement,0,0,0.0,monitor_no_intervention_recommended,,,,2026-09-09T13:34:00+00:00,,,False,False,0.0,True,False,0,"{'downstream_wallets': 0, 'observed_cashout_signal': False, 'multi_recipient_signal': False}"
case_299449c51420c612,flowfreeze-shadow-heuristic-v1,0.1,no_movement,0,0,0.0,monitor_no_intervention_recommended,,,,2026-09-09T13:49:00+00:00,,,False,False,0.0,True,False,0,"{'downstream_wallets': 0, 'observed_cashout_signal': False, 'multi_recipient_signal': False}"
case_37ac8cef4b190d83,flowfreeze-shadow-heuristic-v1,0.1,no_movement,0,0,0.0,monitor_no_intervention_recommended,,,,2026-09-09T14:04:00+00:00,,,False,False,0.0,True,False,0,"{'downstream_wallets': 0, 'observed_cashout_signal': False, 'multi_recipient_signal': False}"
case_477fc0c612a5d02d,flowfreeze-shadow-heuristic-v1,0.1,no_movement,0,0,0.0,monitor_no_intervention_recommended,,,,2026-09-09T14:19:00+00:00,,,False,False,0.0,True,False,0,"{'downstream_wallets': 0, 'observed_cashout_signal': False, 'multi_recipient_signal': False}"
case_f65a558f84e4ccb7,flowfreeze-shadow-heuristic-v1,0.1,no_movement,0,0,0.0,monitor_no_intervention_recommended,,,,2026-09-09T14:34:00+00:00,,,False,False,0.0,True,False,0,"{'downstream_wallets': 0, 'observed_cashout_signal': False, 'multi_recipient_signal': False}"
case_86942c70900e03ff,flowfreeze-shadow-heuristic-v1,0.1,no_movement,0,0,0.0,monitor_no_intervention_recommended,,,,2026-09-09T14:49:00+00:00,,,False,False,0.0,True,False,0,"{'downstream_wallets': 0, 'observed_cashout_signal': False, 'multi_recipient_signal': False}"
case_31465d5ede8cc5eb,flowfreeze-shadow-heuristic-v1,0.1,no_movement,0,0,0.0,monitor_no_intervention_recommended,,,,2026-09-09T15:04:00+00:00,,,False,False,0.0,True,False,0,"{'downstream_wallets': 0, 'observed_cashout_signal': False, 'multi_recipient_signal': False}"
case_eec153a4b74a5e2c,flowfreeze-shadow-heuristic-v1,0.1,no_movement,0,0,0.0,monitor_no_intervention_recommended,,,,2026-09-09T15:19:00+00:00,,,False,False,0.0,True,False,0,"{'downstream_wallets': 0, 'observed_cashout_signal': False, 'multi_recipient_signal': False}"
case_4f4fc1cb69cfa512,flowfreeze-shadow-heuristic-v1,0.1,no_movement,0,0,0.0,monitor_no_intervention_recommended,,,,2026-09-09T15:34:00+00:00,,,False,False,0.0,True,False,0,"{'downstream_wallets': 0, 'observed_cashout_signal': False, 'multi_recipient_signal': False}"
case_737c5ac68d2974d2,flowfreeze-shadow-heuristic-v1,0.1,no_movement,0,0,0.0,monitor_no_intervention_recommended,,,,2026-09-09T15:49:00+00:00,,,False,False,0.0,True,False,0,"{'downstream_wallets': 0, 'observed_cashout_signal': False, 'multi_recipient_signal': False}"
case_a5f8379017333266,flowfreeze-shadow-heuristic-v1,0.1,no_movement,0,0,0.0,monitor_no_intervention_recommended,,,,2026-09-09T16:04:00+00:00,,,False,False,0.0,True,False,0,"{'downstream_wallets': 0, 'observed_cashout_signal': False, 'multi_recipient_signal': False}"
case_b19d99a1ddc5c268,flowfreeze-shadow-heuristic-v1,0.1,no_movement,0,0,0.0,monitor_no_intervention_recommended,,,,2026-09-09T16:19:00+00:00,,,False,False,0.0,True,False,0,"{'downstream_wallets': 0, 'observed_cashout_signal': False, 'multi_recipient_signal': False}"
case_e6d03c5f9a71876c,flowfreeze-shadow-heuristic-v1,0.1,no_movement,0,0,0.0,monitor_no_intervention_recommended,,,,2026-09-09T16:34:00+00:00,,,False,False,0.0,True,False,0,"{'downstream_wallets': 0, 'observed_cashout_signal': False, 'multi_recipient_signal': False}"
case_2d49c292fccb3223,flowfreeze-shadow-heuristic-v1,0.1,no_movement,0,0,0.0,monitor_no_intervention_recommended,,,,2026-09-09T16:49:00+00:00,,,False,False,0.0,True,False,0,"{'downstream_wallets': 0, 'observed_cashout_signal': False, 'multi_recipient_signal': False}"
case_8cefa95aab4156e9,flowfreeze-shadow-heuristic-v1,0.47,forward,1,0,0.0,monitor_no_intervention_recommended,,,,2026-09-09T17:04:00+00:00,,,False,False,0.0,True,False,0,"{'downstream_wallets': 1, 'observed_cashout_signal': False, 'multi_recipient_signal': False}"
case_d717a28331ef01dc,flowfreeze-shadow-heuristic-v1,0.47,forward,1,0,0.0,monitor_no_intervention_recommended,,,,2026-09-09T17:19:00+00:00,,,False,False,0.0,True,False,0,"{'downstream_wallets': 1, 'observed_cashout_signal': False, 'multi_recipient_signal': False}"
case_c602cee2b7757381,flowfreeze-shadow-heuristic-v1,0.1,no_movement,0,0,0.0,monitor_no_intervention_recommended,,,,2026-09-09T17:34:00+00:00,,,False,False,0.0,True,False,0,"{'downstream_wallets': 0, 'observed_cashout_signal': False, 'multi_recipient_signal': False}"
case_e19a2fea117dab07,flowfreeze-shadow-heuristic-v1,0.47,forward,1,0,0.0,monitor_no_intervention_recommended,,,,2026-09-09T17:49:00+00:00,,,False,False,0.0,True,False,0,"{'downstream_wallets': 1, 'observed_cashout_signal': False, 'multi_recipient_signal': False}"
case_19f94c45684bc142,flowfreeze-shadow-heuristic-v1,0.47,forward,1,0,0.0,monitor_no_intervention_recommended,,,,2026-09-09T18:04:00+00:00,,,False,False,0.0,True,False,0,"{'downstream_wallets': 1, 'observed_cashout_signal': False, 'multi_recipient_signal': False}"
case_7a72f4a620d4ecbe,flowfreeze-shadow-heuristic-v1,0.47,forward,1,0,0.0,monitor_no_intervention_recommended,,,,2026-09-09T18:19:00+00:00,,,False,False,0.0,True,False,0,"{'downstream_wallets': 1, 'observed_cashout_signal': False, 'multi_recipient_signal': False}"
case_b6912b4c5e69b945,flowfreeze-shadow-heuristic-v1,0.1,no_movement,0,0,0.0,monitor_no_intervention_recommended,,,,2026-09-09T18:34:00+00:00,,,False,False,0.0,True,False,0,"{'downstream_wallets': 0, 'observed_cashout_signal': False, 'multi_recipient_signal': False}"
case_b9cc55580cb9e10b,flowfreeze-shadow-heuristic-v1,0.1,no_movement,0,0,0.0,monitor_no_intervention_recommended,,,,2026-09-09T18:49:00+00:00,,,False,False,0.0,True,False,0,"{'downstream_wallets': 0, 'observed_cashout_signal': False, 'multi_recipient_signal': False}"
case_dd3de51e27ec75c5,flowfreeze-shadow-heuristic-v1,0.47,forward,1,0,0.0,monitor_no_intervention_recommended,,,,2026-09-09T19:04:00+00:00,,,False,False,0.0,True,False,0,"{'downstream_wallets': 1, 'observed_cashout_signal': False, 'multi_recipient_signal': False}"
case_973052af8b599062,flowfreeze-shadow-heuristic-v1,0.47,forward,1,0,0.0,monitor_no_intervention_recommended,,,,2026-09-09T19:19:00+00:00,,,False,False,0.0,True,False,0,"{'downstream_wallets': 1, 'observed_cashout_signal': False, 'multi_recipient_signal': False}"
case_7548c871d8d6881f,flowfreeze-shadow-heuristic-v1,0.47,forward,1,0,0.0,monitor_no_intervention_recommended,,,,2026-09-09T19:34:00+00:00,,,False,False,0.0,True,False,0,"{'downstream_wallets': 1, 'observed_cashout_signal': False, 'multi_recipient_signal': False}"
case_bde9b4deaa5b7864,flowfreeze-shadow-heuristic-v1,0.1,no_movement,0,0,0.0,monitor_no_intervention_recommended,,,,2026-09-09T19:49:00+00:00,,,False,False,0.0,True,False,0,"{'downstream_wallets': 0, 'observed_cashout_signal': False, 'multi_recipient_signal': False}"
case_d6d3e29bf5417575,flowfreeze-shadow-heuristic-v1,0.47,forward,1,0,0.0,monitor_no_intervention_recommended,,,,2026-09-09T20:04:00+00:00,,,False,False,0.0,True,False,0,"{'downstream_wallets': 1, 'observed_cashout_signal': False, 'multi_recipient_signal': False}"
case_5e0ab4b047aee6d5,flowfreeze-shadow-heuristic-v1,0.47,forward,1,0,0.0,monitor_no_intervention_recommended,,,,2026-09-09T20:19:00+00:00,,,False,False,0.0,True,False,0,"{'downstream_wallets': 1, 'observed_cashout_signal': False, 'multi_recipient_signal': False}"
case_b5249dba652f5af1,flowfreeze-shadow-heuristic-v1,0.1,no_movement,0,0,0.0,monitor_no_intervention_recommended,,,,2026-09-09T20:34:00+00:00,,,False,False,0.0,True,False,0,"{'downstream_wallets': 0, 'observed_cashout_signal': False, 'multi_recipient_signal': False}"
case_439ea722ce022dbb,flowfreeze-shadow-heuristic-v1,0.47,forward,1,0,0.0,monitor_no_intervention_recommended,,,,2026-09-09T20:49:00+00:00,,,False,False,0.0,True,False,0,"{'downstream_wallets': 1, 'observed_cashout_signal': False, 'multi_recipient_signal': False}"
case_47ed60894fefc1af,flowfreeze-shadow-heuristic-v1,0.47,forward,1,0,0.0,monitor_no_intervention_recommended,,,,2026-09-09T21:04:00+00:00,,,False,False,0.0,True,False,0,"{'downstream_wallets': 1, 'observed_cashout_signal': False, 'multi_recipient_signal': False}"
case_278c7f5637ae1149,flowfreeze-shadow-heuristic-v1,0.47,forward,1,0,0.0,monitor_no_intervention_recommended,,,,2026-09-09T21:19:00+00:00,,,False,False,0.0,True,False,0,"{'downstream_wallets': 1, 'observed_cashout_signal': False, 'multi_recipient_signal': False}"
case_3f6b95b04ec7afad,flowfreeze-shadow-heuristic-v1,0.47,forward,1,0,0.0,monitor_no_intervention_recommended,,,,2026-09-09T21:34:00+00:00,,,False,False,0.0,True,False,0,"{'downstream_wallets': 1, 'observed_cashout_signal': False, 'multi_recipient_signal': False}"
case_3d0b0fbf0e929993,flowfreeze-shadow-heuristic-v1,0.47,forward,1,0,0.0,monitor_no_intervention_recommended,,,,2026-09-09T21:49:00+00:00,,,False,False,0.0,True,False,0,"{'downstream_wallets': 1, 'observed_cashout_signal': False, 'multi_recipient_signal': False}"
case_6f34f02a742c8ab5,flowfreeze-shadow-heuristic-v1,0.1,no_movement,0,0,0.0,monitor_no_intervention_recommended,,,,2026-09-09T22:04:00+00:00,,,False,False,0.0,True,False,0,"{'downstream_wallets': 0, 'observed_cashout_signal': False, 'multi_recipient_signal': False}"
case_a76a02c1b41d859e,flowfreeze-shadow-heuristic-v1,0.1,no_movement,0,0,0.0,monitor_no_intervention_recommended,,,,2026-09-09T22:19:00+00:00,,,False,False,0.0,True,False,0,"{'downstream_wallets': 0, 'observed_cashout_signal': False, 'multi_recipient_signal': False}"
case_7853f80873f39699,flowfreeze-shadow-heuristic-v1,0.1,no_movement,0,0,0.0,monitor_no_intervention_recommended,,,,2026-09-09T22:34:00+00:00,,,False,False,0.0,True,False,0,"{'downstream_wallets': 0, 'observed_cashout_signal': False, 'multi_recipient_signal': False}"
case_b356c5b76c67855d,flowfreeze-shadow-heuristic-v1,0.47,forward,1,0,0.0,monitor_no_intervention_recommended,,,,2026-09-09T22:49:00+00:00,,,False,False,0.0,True,False,0,"{'downstream_wallets': 1, 'observed_cashout_signal': False, 'multi_recipient_signal': False}"
case_69ad823f3da52c83,flowfreeze-shadow-heuristic-v1,0.47,forward,1,0,0.0,monitor_no_intervention_recommended,,,,2026-09-09T23:04:00+00:00,,,False,False,0.0,True,False,0,"{'downstream_wallets': 1, 'observed_cashout_signal': False, 'multi_recipient_signal': False}"
case_75f35da926fe8870,flowfreeze-shadow-heuristic-v1,0.1,no_movement,0,0,0.0,monitor_no_intervention_recommended,,,,2026-09-09T23:19:00+00:00,,,False,False,0.0,True,False,0,"{'downstream_wallets': 0, 'observed_cashout_signal': False, 'multi_recipient_signal': False}"
case_b64b6b43925f9889,flowfreeze-shadow-heuristic-v1,0.47,forward,1,0,0.0,monitor_no_intervention_recommended,,,,2026-09-09T23:34:00+00:00,,,False,False,0.0,True,False,0,"{'downstream_wallets': 1, 'observed_cashout_signal': False, 'multi_recipient_signal': False}"
case_2cf3bd668957e936,flowfreeze-shadow-heuristic-v1,0.47,forward,1,0,0.0,monitor_no_intervention_recommended,,,,2026-09-09T23:49:00+00:00,,,False,False,0.0,True,False,0,"{'downstream_wallets': 1, 'observed_cashout_signal': False, 'multi_recipient_signal': False}"
case_7298bb882af7092f,flowfreeze-shadow-heuristic-v1,0.47,forward,1,0,0.0,monitor_no_intervention_recommended,,,,2026-09-10T00:04:00+00:00,,,False,False,0.0,True,False,0,"{'downstream_wallets': 1, 'observed_cashout_signal': False, 'multi_recipient_signal': False}"
case_993fa4d53460e01e,flowfreeze-shadow-heuristic-v1,0.1,no_movement,0,0,0.0,monitor_no_intervention_recommended,,,,2026-09-10T00:19:00+00:00,,,False,False,0.0,True,False,0,"{'downstream_wallets': 0, 'observed_cashout_signal': False, 'multi_recipient_signal': False}"
case_2f578b2e5601674b,flowfreeze-shadow-heuristic-v1,0.1,no_movement,0,0,0.0,monitor_no_intervention_recommended,,,,2026-09-10T00:34:00+00:00,,,False,False,0.0,True,False,0,"{'downstream_wallets': 0, 'observed_cashout_signal': False, 'multi_recipient_signal': False}"
case_405ede239e960d92,flowfreeze-shadow-heuristic-v1,0.47,forward,1,0,0.0,monitor_no_intervention_recommended,,,,2026-09-10T00:49:00+00:00,,,False,False,0.0,True,False,0,"{'downstream_wallets': 1, 'observed_cashout_signal': False, 'multi_recipient_signal': False}"
case_b27bfb783d5e2b0e,flowfreeze-shadow-heuristic-v1,0.1,no_movement,0,0,0.0,monitor_no_intervention_recommended,,,,2026-09-10T01:04:00+00:00,,,False,False,0.0,True,False,0,"{'downstream_wallets': 0, 'observed_cashout_signal': False, 'multi_recipient_signal': False}"
case_10ae1eb26901e921,flowfreeze-shadow-heuristic-v1,0.47,forward,1,0,0.0,monitor_no_intervention_recommended,,,,2026-09-10T01:19:00+00:00,,,False,False,0.0,True,False,0,"{'downstream_wallets': 1, 'observed_cashout_signal': False, 'multi_recipient_signal': False}"
case_5ab885c26e52f974,flowfreeze-shadow-heuristic-v1,0.47,forward,1,0,0.0,monitor_no_intervention_recommended,,,,2026-09-10T01:34:00+00:00,,,False,False,0.0,True,False,0,"{'downstream_wallets': 1, 'observed_cashout_signal': False, 'multi_recipient_signal': False}"
case_2cb0bf1b379d53bf,flowfreeze-shadow-heuristic-v1,0.47,forward,1,0,0.0,monitor_no_intervention_recommended,,,,2026-09-10T01:49:00+00:00,,,False,False,0.0,True,False,0,"{'downstream_wallets': 1, 'observed_cashout_signal': False, 'multi_recipient_signal': False}"
case_d35900e13e9c1592,flowfreeze-shadow-heuristic-v1,0.47,forward,1,0,0.0,monitor_no_intervention_recommended,,,,2026-09-10T02:04:00+00:00,,,False,False,0.0,True,False,0,"{'downstream_wallets': 1, 'observed_cashout_signal': False, 'multi_recipient_signal': False}"
case_9b65a703f2f760cd,flowfreeze-shadow-heuristic-v1,0.47,forward,1,0,0.0,monitor_no_intervention_recommended,,,,2026-09-10T02:19:00+00:00,,,False,False,0.0,True,False,0,"{'downstream_wallets': 1, 'observed_cashout_signal': False, 'multi_recipient_signal': False}"
case_1c67792cf5d39fff,flowfreeze-shadow-heuristic-v1,0.47,forward,1,0,0.0,monitor_no_intervention_recommended,,,,2026-09-10T02:34:00+00:00,,,False,False,0.0,True,False,0,"{'downstream_wallets': 1, 'observed_cashout_signal': False, 'multi_recipient_signal': False}"
case_c6d18bc755dd25bd,flowfreeze-shadow-heuristic-v1,0.1,no_movement,0,0,0.0,monitor_no_intervention_recommended,,,,2026-09-10T02:49:00+00:00,,,False,False,0.0,True,False,0,"{'downstream_wallets': 0, 'observed_cashout_signal': False, 'multi_recipient_signal': False}"
case_9dccdcf8972642d9,flowfreeze-shadow-heuristic-v1,0.47,forward,1,0,0.0,monitor_no_intervention_recommended,,,,2026-09-10T03:04:00+00:00,,,False,False,0.0,True,False,0,"{'downstream_wallets': 1, 'observed_cashout_signal': False, 'multi_recipient_signal': False}"
case_5154dd49b5cf9244,flowfreeze-shadow-heuristic-v1,0.1,no_movement,0,0,0.0,monitor_no_intervention_recommended,,,,2026-09-10T03:19:00+00:00,,,False,False,0.0,True,False,0,"{'downstream_wallets': 0, 'observed_cashout_signal': False, 'multi_recipient_signal': False}"
case_5a946f72e1714c73,flowfreeze-shadow-heuristic-v1,0.47,forward,1,0,0.0,monitor_no_intervention_recommended,,,,2026-09-10T03:34:00+00:00,,,False,False,0.0,True,False,0,"{'downstream_wallets': 1, 'observed_cashout_signal': False, 'multi_recipient_signal': False}"
case_cca276404a55b5c9,flowfreeze-shadow-heuristic-v1,0.47,forward,1,0,0.0,monitor_no_intervention_recommended,,,,2026-09-10T03:49:00+00:00,,,False,False,0.0,True,False,0,"{'downstream_wallets': 1, 'observed_cashout_signal': False, 'multi_recipient_signal': False}"
case_286dae5b057a8e27,flowfreeze-shadow-heuristic-v1,0.1,no_movement,0,0,0.0,monitor_no_intervention_recommended,,,,2026-09-10T04:04:00+00:00,,,False,False,0.0,True,False,0,"{'downstream_wallets': 0, 'observed_cashout_signal': False, 'multi_recipient_signal': False}"
case_c236960d88720ded,flowfreeze-shadow-heuristic-v1,0.47,forward,1,0,0.0,monitor_no_intervention_recommended,,,,2026-09-10T04:19:00+00:00,,,False,False,0.0,True,False,0,"{'downstream_wallets': 1, 'observed_cashout_signal': False, 'multi_recipient_signal': False}"
case_82f1a3e66aba8503,flowfreeze-shadow-heuristic-v1,0.47,forward,1,0,0.0,monitor_no_intervention_recommended,,,,2026-09-10T04:34:00+00:00,,,False,False,0.0,True,False,0,"{'downstream_wallets': 1, 'observed_cashout_signal': False, 'multi_recipient_signal': False}"
case_2babdf2285004024,flowfreeze-shadow-heuristic-v1,0.47,forward,1,0,0.0,monitor_no_intervention_recommended,,,,2026-09-10T04:49:00+00:00,,,False,False,0.0,True,False,0,"{'downstream_wallets': 1, 'observed_cashout_signal': False, 'multi_recipient_signal': False}"
case_5646102fcd1f0430,flowfreeze-shadow-heuristic-v1,0.47,forward,1,0,0.0,monitor_no_intervention_recommended,,,,2026-09-10T05:04:00+00:00,,,False,False,0.0,True,False,0,"{'downstream_wallets': 1, 'observed_cashout_signal': False, 'multi_recipient_signal': False}"
case_8a3ff3ac4b78d97d,flowfreeze-shadow-heuristic-v1,0.47,forward,1,0,0.0,monitor_no_intervention_recommended,,,,2026-09-10T05:19:00+00:00,,,False,False,0.0,True,False,0,"{'downstream_wallets': 1, 'observed_cashout_signal': False, 'multi_recipient_signal': False}"
case_7a4b842ff05d4731,flowfreeze-shadow-heuristic-v1,0.47,forward,1,0,0.0,monitor_no_intervention_recommended,,,,2026-09-10T05:34:00+00:00,,,False,False,0.0,True,False,0,"{'downstream_wallets': 1, 'observed_cashout_signal': False, 'multi_recipient_signal': False}"
case_dfbb3b5675593cb8,flowfreeze-shadow-heuristic-v1,0.47,forward,1,0,0.0,monitor_no_intervention_recommended,,,,2026-09-10T05:49:00+00:00,,,False,False,0.0,True,False,0,"{'downstream_wallets': 1, 'observed_cashout_signal': False, 'multi_recipient_signal': False}"
case_d757e80fd8404feb,flowfreeze-shadow-heuristic-v1,0.47,forward,1,0,0.0,monitor_no_intervention_recommended,,,,2026-09-10T06:04:00+00:00,,,False,False,0.0,True,False,0,"{'downstream_wallets': 1, 'observed_cashout_signal': False, 'multi_recipient_signal': False}"
case_ba99d53af36bd505,flowfreeze-shadow-heuristic-v1,0.47,forward,1,0,0.0,monitor_no_intervention_recommended,,,,2026-09-10T06:19:00+00:00,,,False,False,0.0,True,False,0,"{'downstream_wallets': 1, 'observed_cashout_signal': False, 'multi_recipient_signal': False}"
case_6679fcd26a4b5626,flowfreeze-shadow-heuristic-v1,0.47,forward,1,0,0.0,monitor_no_intervention_recommended,,,,2026-09-10T06:34:00+00:00,,,False,False,0.0,True,False,0,"{'downstream_wallets': 1, 'observed_cashout_signal': False, 'multi_recipient_signal': False}"
case_82b16b29ad6e1f55,flowfreeze-shadow-heuristic-v1,0.47,forward,1,0,0.0,monitor_no_intervention_recommended,,,,2026-09-10T06:49:00+00:00,,,False,False,0.0,True,False,0,"{'downstream_wallets': 1, 'observed_cashout_signal': False, 'multi_recipient_signal': False}"
case_41d3a4e5c10edb24,flowfreeze-shadow-heuristic-v1,0.47,forward,1,0,0.0,monitor_no_intervention_recommended,,,,2026-09-10T07:04:00+00:00,,,False,False,0.0,True,False,0,"{'downstream_wallets': 1, 'observed_cashout_signal': False, 'multi_recipient_signal': False}"
case_5ee6d99d198e032e,flowfreeze-shadow-heuristic-v1,0.47,forward,1,0,0.0,monitor_no_intervention_recommended,,,,2026-09-10T07:19:00+00:00,,,False,False,0.0,True,False,0,"{'downstream_wallets': 1, 'observed_cashout_signal': False, 'multi_recipient_signal': False}"
case_af45245732694d68,flowfreeze-shadow-heuristic-v1,0.47,forward,1,0,0.0,monitor_no_intervention_recommended,,,,2026-09-10T07:34:00+00:00,,,False,False,0.0,True,False,0,"{'downstream_wallets': 1, 'observed_cashout_signal': False, 'multi_recipient_signal': False}"
case_1112719ee3241fc2,flowfreeze-shadow-heuristic-v1,0.47,forward,1,0,0.0,monitor_no_intervention_recommended,,,,2026-09-10T07:49:00+00:00,,,False,False,0.0,True,False,0,"{'downstream_wallets': 1, 'observed_cashout_signal': False, 'multi_recipient_signal': False}"
case_d71ce2d3586c9fdd,flowfreeze-shadow-heuristic-v1,0.47,forward,1,0,0.0,monitor_no_intervention_recommended,,,,2026-09-10T08:04:00+00:00,,,False,False,0.0,True,False,0,"{'downstream_wallets': 1, 'observed_cashout_signal': False, 'multi_recipient_signal': False}"
case_65d5737e41a237fe,flowfreeze-shadow-heuristic-v1,0.47,forward,1,0,0.0,monitor_no_intervention_recommended,,,,2026-09-10T08:19:00+00:00,,,False,False,0.0,True,False,0,"{'downstream_wallets': 1, 'observed_cashout_signal': False, 'multi_recipient_signal': False}"
case_6ff83cf8b05f53e0,flowfreeze-shadow-heuristic-v1,0.47,forward,1,0,0.0,monitor_no_intervention_recommended,,,,2026-09-10T08:34:00+00:00,,,False,False,0.0,True,False,0,"{'downstream_wallets': 1, 'observed_cashout_signal': False, 'multi_recipient_signal': False}"
case_9e2ec7499d67ab85,flowfreeze-shadow-heuristic-v1,0.47,forward,1,0,0.0,monitor_no_intervention_recommended,,,,2026-09-10T08:49:00+00:00,,,False,False,0.0,True,False,0,"{'downstream_wallets': 1, 'observed_cashout_signal': False, 'multi_recipient_signal': False}"
case_4de873548a10aea1,flowfreeze-shadow-heuristic-v1,0.1,no_movement,0,0,0.0,monitor_no_intervention_recommended,,,,2026-09-10T09:04:00+00:00,,,False,False,0.0,True,False,0,"{'downstream_wallets': 0, 'observed_cashout_signal': False, 'multi_recipient_signal': False}"
case_0de31768b21a0ac6,flowfreeze-shadow-heuristic-v1,0.47,forward,1,0,0.0,monitor_no_intervention_recommended,,,,2026-09-10T09:19:00+00:00,,,False,False,0.0,True,False,0,"{'downstream_wallets': 1, 'observed_cashout_signal': False, 'multi_recipient_signal': False}"
case_c4f965637bc712a4,flowfreeze-shadow-heuristic-v1,0.47,forward,1,0,0.0,monitor_no_intervention_recommended,,,,2026-09-10T09:34:00+00:00,,,False,False,0.0,True,False,0,"{'downstream_wallets': 1, 'observed_cashout_signal': False, 'multi_recipient_signal': False}"
case_3897e37187cbd040,flowfreeze-shadow-heuristic-v1,0.47,forward,1,0,0.0,monitor_no_intervention_recommended,,,,2026-09-10T09:49:00+00:00,,,False,False,0.0,True,False,0,"{'downstream_wallets': 1, 'observed_cashout_signal': False, 'multi_recipient_signal': False}"
case_2c662ad25336bc7b,flowfreeze-shadow-heuristic-v1,0.47,forward,1,0,0.0,monitor_no_intervention_recommended,,,,2026-09-10T10:04:00+00:00,,,False,False,0.0,True,False,0,"{'downstream_wallets': 1, 'observed_cashout_signal': False, 'multi_recipient_signal': False}"
case_a3c10341b1bcd9f0,flowfreeze-shadow-heuristic-v1,0.47,forward,1,0,0.0,monitor_no_intervention_recommended,,,,2026-09-10T10:19:00+00:00,,,False,False,0.0,True,False,0,"{'downstream_wallets': 1, 'observed_cashout_signal': False, 'multi_recipient_signal': False}"
case_5e66b04c5440edf6,flowfreeze-shadow-heuristic-v1,0.47,forward,1,0,0.0,monitor_no_intervention_recommended,,,,2026-09-10T10:34:00+00:00,,,False,False,0.0,True,False,0,"{'downstream_wallets': 1, 'observed_cashout_signal': False, 'multi_recipient_signal': False}"
case_e6646a2662a6bc30,flowfreeze-shadow-heuristic-v1,0.47,forward,1,0,0.0,monitor_no_intervention_recommended,,,,2026-09-10T10:49:00+00:00,,,False,False,0.0,True,False,0,"{'downstream_wallets': 1, 'observed_cashout_signal': False, 'multi_recipient_signal': False}"
case_6c9b103dff951e50,flowfreeze-shadow-heuristic-v1,0.47,forward,1,0,0.0,monitor_no_intervention_recommended,,,,2026-09-10T11:04:00+00:00,,,False,False,0.0,True,False,0,"{'downstream_wallets': 1, 'observed_cashout_signal': False, 'multi_recipient_signal': False}"
case_b0e7ce8d453e60a3,flowfreeze-shadow-heuristic-v1,0.47,forward,1,0,0.0,monitor_no_intervention_recommended,,,,2026-09-10T11:19:00+00:00,,,False,False,0.0,True,False,0,"{'downstream_wallets': 1, 'observed_cashout_signal': False, 'multi_recipient_signal': False}"
case_032c676440f6f0e1,flowfreeze-shadow-heuristic-v1,0.47,forward,1,0,0.0,monitor_no_intervention_recommended,,,,2026-09-10T11:34:00+00:00,,,False,False,0.0,True,False,0,"{'downstream_wallets': 1, 'observed_cashout_signal': False, 'multi_recipient_signal': False}"
case_dae57b265f43d5d8,flowfreeze-shadow-heuristic-v1,0.47,forward,1,0,0.0,monitor_no_intervention_recommended,,,,2026-09-10T11:49:00+00:00,,,False,False,0.0,True,False,0,"{'downstream_wallets': 1, 'observed_cashout_signal': False, 'multi_recipient_signal': False}"
case_c83dfcf13e82bd7d,flowfreeze-shadow-heuristic-v1,0.47,forward,1,0,0.0,monitor_no_intervention_recommended,,,,2026-09-10T12:04:00+00:00,,,False,False,0.0,True,False,0,"{'downstream_wallets': 1, 'observed_cashout_signal': False, 'multi_recipient_signal': False}"
case_c95b00d6a59d9829,flowfreeze-shadow-heuristic-v1,0.47,forward,1,0,0.0,monitor_no_intervention_recommended,,,,2026-09-10T12:19:00+00:00,,,False,False,0.0,True,False,0,"{'downstream_wallets': 1, 'observed_cashout_signal': False, 'multi_recipient_signal': False}"
case_5baa1c6f1d2ab1d6,flowfreeze-shadow-heuristic-v1,0.47,forward,1,0,0.0,monitor_no_intervention_recommended,,,,2026-09-10T12:34:00+00:00,,,False,False,0.0,True,False,0,"{'downstream_wallets': 1, 'observed_cashout_signal': False, 'multi_recipient_signal': False}"
case_1b843f3877deec49,flowfreeze-shadow-heuristic-v1,0.47,forward,1,0,0.0,monitor_no_intervention_recommended,,,,2026-09-10T12:49:00+00:00,,,False,False,0.0,True,False,0,"{'downstream_wallets': 1, 'observed_cashout_signal': False, 'multi_recipient_signal': False}"
case_0903c396d6452985,flowfreeze-shadow-heuristic-v1,0.47,forward,1,0,0.0,monitor_no_intervention_recommended,,,,2026-09-10T13:04:00+00:00,,,False,False,0.0,True,False,0,"{'downstream_wallets': 1, 'observed_cashout_signal': False, 'multi_recipient_signal': False}"
case_ed96f12ff5963081,flowfreeze-shadow-heuristic-v1,0.47,forward,1,0,0.0,monitor_no_intervention_recommended,,,,2026-09-10T13:19:00+00:00,,,False,False,0.0,True,False,0,"{'downstream_wallets': 1, 'observed_cashout_signal': False, 'multi_recipient_signal': False}"
case_bb4b77f0001d0a43,flowfreeze-shadow-heuristic-v1,0.1,no_movement,0,0,0.0,monitor_no_intervention_recommended,,,,2026-09-10T13:34:00+00:00,,,False,False,0.0,True,False,0,"{'downstream_wallets': 0, 'observed_cashout_signal': False, 'multi_recipient_signal': False}"
case_034c2ac6219b93da,flowfreeze-shadow-heuristic-v1,0.1,no_movement,0,0,0.0,monitor_no_intervention_recommended,,,,2026-09-10T13:49:00+00:00,,,False,False,0.0,True,False,0,"{'downstream_wallets': 0, 'observed_cashout_signal': False, 'multi_recipient_signal': False}"
case_899631d4e7820521,flowfreeze-shadow-heuristic-v1,0.1,no_movement,0,0,0.0,monitor_no_intervention_recommended,,,,2026-09-10T14:04:00+00:00,,,False,False,0.0,True,False,0,"{'downstream_wallets': 0, 'observed_cashout_signal': False, 'multi_recipient_signal': False}"
case_766f3928c0c62d5f,flowfreeze-shadow-heuristic-v1,0.1,no_movement,0,0,0.0,monitor_no_intervention_recommended,,,,2026-09-10T14:19:00+00:00,,,False,False,0.0,True,False,0,"{'downstream_wallets': 0, 'observed_cashout_signal': False, 'multi_recipient_signal': False}"
case_770c0ceafa811974,flowfreeze-shadow-heuristic-v1,0.47,forward,1,0,0.0,monitor_no_intervention_recommended,,,,2026-09-10T14:34:00+00:00,,,False,False,0.0,True,False,0,"{'downstream_wallets': 1, 'observed_cashout_signal': False, 'multi_recipient_signal': False}"
case_0653686a9b37758c,flowfreeze-shadow-heuristic-v1,0.47,forward,1,0,0.0,monitor_no_intervention_recommended,,,,2026-09-10T14:49:00+00:00,,,False,False,0.0,True,False,0,"{'downstream_wallets': 1, 'observed_cashout_signal': False, 'multi_recipient_signal': False}"
case_4e19567322622786,flowfreeze-shadow-heuristic-v1,0.1,no_movement,0,0,0.0,monitor_no_intervention_recommended,,,,2026-09-10T15:04:00+00:00,,,False,False,0.0,True,False,0,"{'downstream_wallets': 0, 'observed_cashout_signal': False, 'multi_recipient_signal': False}"
case_3fc7b3846c139a53,flowfreeze-shadow-heuristic-v1,0.1,no_movement,0,0,0.0,monitor_no_intervention_recommended,,,,2026-09-10T15:19:00+00:00,,,False,False,0.0,True,False,0,"{'downstream_wallets': 0, 'observed_cashout_signal': False, 'multi_recipient_signal': False}"
case_2d69b35a9f2cc275,flowfreeze-shadow-heuristic-v1,0.47,forward,1,0,0.0,monitor_no_intervention_recommended,,,,2026-09-10T15:34:00+00:00,,,False,False,0.0,True,False,0,"{'downstream_wallets': 1, 'observed_cashout_signal': False, 'multi_recipient_signal': False}"
case_b8aca56f9852350b,flowfreeze-shadow-heuristic-v1,0.47,forward,1,0,0.0,monitor_no_intervention_recommended,,,,2026-09-10T15:49:00+00:00,,,False,False,0.0,True,False,0,"{'downstream_wallets': 1, 'observed_cashout_signal': False, 'multi_recipient_signal': False}"
case_5e88041847a96e11,flowfreeze-shadow-heuristic-v1,0.47,forward,1,0,0.0,monitor_no_intervention_recommended,,,,2026-09-10T16:04:00+00:00,,,False,False,0.0,True,False,0,"{'downstream_wallets': 1, 'observed_cashout_signal': False, 'multi_recipient_signal': False}"
case_5701f397ae64f173,flowfreeze-shadow-heuristic-v1,0.47,forward,1,0,0.0,monitor_no_intervention_recommended,,,,2026-09-10T16:19:00+00:00,,,False,False,0.0,True,False,0,"{'downstream_wallets': 1, 'observed_cashout_signal': False, 'multi_recipient_signal': False}"
case_e307e621903edd87,flowfreeze-shadow-heuristic-v1,0.47,forward,1,0,0.0,monitor_no_intervention_recommended,,,,2026-09-10T16:34:00+00:00,,,False,False,0.0,True,False,0,"{'downstream_wallets': 1, 'observed_cashout_signal': False, 'multi_recipient_signal': False}"
case_87d981b2fe480036,flowfreeze-shadow-heuristic-v1,0.47,forward,1,0,0.0,monitor_no_intervention_recommended,,,,2026-09-10T16:49:00+00:00,,,False,False,0.0,True,False,0,"{'downstream_wallets': 1, 'observed_cashout_signal': False, 'multi_recipient_signal': False}"
case_635e6a17aecb3524,flowfreeze-shadow-heuristic-v1,0.47,forward,1,0,0.0,monitor_no_intervention_recommended,,,,2026-09-10T17:04:00+00:00,,,False,False,0.0,True,False,0,"{'downstream_wallets': 1, 'observed_cashout_signal': False, 'multi_recipient_signal': False}"
case_44d858f48d71e862,flowfreeze-shadow-heuristic-v1,0.47,forward,1,0,0.0,monitor_no_intervention_recommended,,,,2026-09-10T17:19:00+00:00,,,False,False,0.0,True,False,0,"{'downstream_wallets': 1, 'observed_cashout_signal': False, 'multi_recipient_signal': False}"
case_c18c4a9f72649c4e,flowfreeze-shadow-heuristic-v1,0.1,no_movement,0,0,0.0,monitor_no_intervention_recommended,,,,2026-09-10T17:34:00+00:00,,,False,False,0.0,True,False,0,"{'downstream_wallets': 0, 'observed_cashout_signal': False, 'multi_recipient_signal': False}"
case_ef82e14543f164b9,flowfreeze-shadow-heuristic-v1,0.47,forward,1,0,0.0,monitor_no_intervention_recommended,,,,2026-09-10T17:49:00+00:00,,,False,False,0.0,True,False,0,"{'downstream_wallets': 1, 'observed_cashout_signal': False, 'multi_recipient_signal': False}"
case_5ce97bb4ee9f613f,flowfreeze-shadow-heuristic-v1,0.71,forward,1,0,0.0,prioritize_for_analyst_review,,,,2026-09-10T18:04:00+00:00,,,True,False,0.0,True,False,0,"{'downstream_wallets': 2, 'observed_cashout_signal': False, 'multi_recipient_signal': True}"
case_89f55116afaebbc0,flowfreeze-shadow-heuristic-v1,0.71,forward,1,0,0.0,prioritize_for_analyst_review,,,,2026-09-10T18:19:00+00:00,,,True,False,0.0,True,False,0,"{'downstream_wallets': 3, 'observed_cashout_signal': False, 'multi_recipient_signal': True}"
case_f15895017721f8bb,flowfreeze-shadow-heuristic-v1,0.71,forward,1,0,0.0,prioritize_for_analyst_review,,,,2026-09-10T18:34:00+00:00,,,True,False,0.0,True,False,0,"{'downstream_wallets': 3, 'observed_cashout_signal': False, 'multi_recipient_signal': True}"
case_204f3f5c3173d497,flowfreeze-shadow-heuristic-v1,0.71,forward,1,0,0.0,prioritize_for_analyst_review,,,,2026-09-10T18:49:00+00:00,,,True,False,0.0,True,False,0,"{'downstream_wallets': 2, 'observed_cashout_signal': False, 'multi_recipient_signal': True}"
case_4418b90d294ad2c1,flowfreeze-shadow-heuristic-v1,0.47,forward,1,0,0.0,monitor_no_intervention_recommended,,,,2026-09-10T19:04:00+00:00,,,False,False,0.0,True,False,0,"{'downstream_wallets': 1, 'observed_cashout_signal': False, 'multi_recipient_signal': False}"
case_0b3982870ee3e342,flowfreeze-shadow-heuristic-v1,0.71,forward,1,0,0.0,prioritize_for_analyst_review,,,,2026-09-10T19:19:00+00:00,,,True,False,0.0,True,False,0,"{'downstream_wallets': 2, 'observed_cashout_signal': False, 'multi_recipient_signal': True}"
case_0b2722bd55e8248e,flowfreeze-shadow-heuristic-v1,0.71,forward,1,0,0.0,prioritize_for_analyst_review,,,,2026-09-10T19:34:00+00:00,,,True,False,0.0,True,False,0,"{'downstream_wallets': 2, 'observed_cashout_signal': False, 'multi_recipient_signal': True}"
case_8cb1d554597f835b,flowfreeze-shadow-heuristic-v1,0.71,forward,1,0,0.0,prioritize_for_analyst_review,,,,2026-09-10T19:49:00+00:00,,,True,False,0.0,True,False,0,"{'downstream_wallets': 2, 'observed_cashout_signal': False, 'multi_recipient_signal': True}"
case_e94d10406f2bbbcd,flowfreeze-shadow-heuristic-v1,0.47,forward,1,0,0.0,monitor_no_intervention_recommended,,,,2026-09-10T20:04:00+00:00,,,False,False,0.0,True,False,0,"{'downstream_wallets': 1, 'observed_cashout_signal': False, 'multi_recipient_signal': False}"
case_32295277e1241db0,flowfreeze-shadow-heuristic-v1,0.71,forward,1,0,0.0,prioritize_for_analyst_review,,,,2026-09-10T20:19:00+00:00,,,True,False,0.0,True,False,0,"{'downstream_wallets': 3, 'observed_cashout_signal': False, 'multi_recipient_signal': True}"
case_b297c7e3f4feb4ec,flowfreeze-shadow-heuristic-v1,0.71,forward,1,0,0.0,prioritize_for_analyst_review,,,,2026-09-10T20:34:00+00:00,,,True,False,0.0,True,False,0,"{'downstream_wallets': 2, 'observed_cashout_signal': False, 'multi_recipient_signal': True}"
case_61b212025a26d3b6,flowfreeze-shadow-heuristic-v1,0.71,forward,1,0,0.0,prioritize_for_analyst_review,,,,2026-09-10T20:49:00+00:00,,,True,False,0.0,True,False,0,"{'downstream_wallets': 3, 'observed_cashout_signal': False, 'multi_recipient_signal': True}"
case_5eed377251402b55,flowfreeze-shadow-heuristic-v1,0.71,forward,1,0,0.0,prioritize_for_analyst_review,,,,2026-09-10T21:04:00+00:00,,,True,False,0.0,True,False,0,"{'downstream_wallets': 3, 'observed_cashout_signal': False, 'multi_recipient_signal': True}"
case_b00b6da35693dffc,flowfreeze-shadow-heuristic-v1,0.71,forward,1,0,0.0,prioritize_for_analyst_review,,,,2026-09-10T21:19:00+00:00,,,True,False,0.0,True,False,0,"{'downstream_wallets': 2, 'observed_cashout_signal': False, 'multi_recipient_signal': True}"
case_811337014a2f6832,flowfreeze-shadow-heuristic-v1,0.71,forward,1,0,0.0,prioritize_for_analyst_review,,,,2026-09-10T21:34:00+00:00,,,True,False,0.0,True,False,0,"{'downstream_wallets': 3, 'observed_cashout_signal': False, 'multi_recipient_signal': True}"
case_86a0a21e85b717df,flowfreeze-shadow-heuristic-v1,0.47,forward,1,0,0.0,monitor_no_intervention_recommended,,,,2026-09-10T21:49:00+00:00,,,False,False,0.0,True,False,0,"{'downstream_wallets': 1, 'observed_cashout_signal': False, 'multi_recipient_signal': False}"
case_2a064dcaa63d935d,flowfreeze-shadow-heuristic-v1,0.71,forward,1,0,0.0,prioritize_for_analyst_review,,,,2026-09-10T22:04:00+00:00,,,True,False,0.0,True,False,0,"{'downstream_wallets': 2, 'observed_cashout_signal': False, 'multi_recipient_signal': True}"
case_bcaf875038f6ea44,flowfreeze-shadow-heuristic-v1,0.71,forward,1,0,0.0,prioritize_for_analyst_review,,,,2026-09-10T22:19:00+00:00,,,True,False,0.0,True,False,0,"{'downstream_wallets': 2, 'observed_cashout_signal': False, 'multi_recipient_signal': True}"
case_15fd8a1f747f3703,flowfreeze-shadow-heuristic-v1,0.71,forward,1,0,0.0,prioritize_for_analyst_review,,,,2026-09-10T22:34:00+00:00,,,True,False,0.0,True,False,0,"{'downstream_wallets': 3, 'observed_cashout_signal': False, 'multi_recipient_signal': True}"
case_f0276c472ed6db32,flowfreeze-shadow-heuristic-v1,0.71,forward,1,0,0.0,prioritize_for_analyst_review,,,,2026-09-10T22:49:00+00:00,,,True,False,0.0,True,False,0,"{'downstream_wallets': 3, 'observed_cashout_signal': False, 'multi_recipient_signal': True}"
case_2c8f3a672d8138d5,flowfreeze-shadow-heuristic-v1,0.71,forward,1,0,0.0,prioritize_for_analyst_review,,,,2026-09-10T23:04:00+00:00,,,True,False,0.0,True,False,0,"{'downstream_wallets': 3, 'observed_cashout_signal': False, 'multi_recipient_signal': True}"
case_d258deef3c0e58ff,flowfreeze-shadow-heuristic-v1,0.71,forward,1,0,0.0,prioritize_for_analyst_review,,,,2026-09-10T23:19:00+00:00,,,True,False,0.0,True,False,0,"{'downstream_wallets': 3, 'observed_cashout_signal': False, 'multi_recipient_signal': True}"
case_30052e3f9a974310,flowfreeze-shadow-heuristic-v1,0.71,forward,1,0,0.0,prioritize_for_analyst_review,,,,2026-09-10T23:34:00+00:00,,,True,False,0.0,True,False,0,"{'downstream_wallets': 2, 'observed_cashout_signal': False, 'multi_recipient_signal': True}"
case_f0e2d7be3caa3922,flowfreeze-shadow-heuristic-v1,0.71,forward,1,0,0.0,prioritize_for_analyst_review,,,,2026-09-10T23:49:00+00:00,,,True,False,0.0,True,False,0,"{'downstream_wallets': 2, 'observed_cashout_signal': False, 'multi_recipient_signal': True}"
case_1a91b6176bfaf3e1,flowfreeze-shadow-heuristic-v1,0.71,forward,1,0,0.0,prioritize_for_analyst_review,,,,2026-09-11T00:04:00+00:00,,,True,False,0.0,True,False,0,"{'downstream_wallets': 3, 'observed_cashout_signal': False, 'multi_recipient_signal': True}"
case_8e13d78f0d8cb619,flowfreeze-shadow-heuristic-v1,0.71,forward,1,0,0.0,prioritize_for_analyst_review,,,,2026-09-11T00:19:00+00:00,,,True,False,0.0,True,False,0,"{'downstream_wallets': 3, 'observed_cashout_signal': False, 'multi_recipient_signal': True}"
case_547bd51616804215,flowfreeze-shadow-heuristic-v1,0.71,forward,1,0,0.0,prioritize_for_analyst_review,,,,2026-09-11T00:34:00+00:00,,,True,False,0.0,True,False,0,"{'downstream_wallets': 2, 'observed_cashout_signal': False, 'multi_recipient_signal': True}"
case_39139da856380496,flowfreeze-shadow-heuristic-v1,0.71,forward,1,0,0.0,prioritize_for_analyst_review,,,,2026-09-11T00:49:00+00:00,,,True,False,0.0,True,False,0,"{'downstream_wallets': 2, 'observed_cashout_signal': False, 'multi_recipient_signal': True}"
case_1117ef23a1582f61,flowfreeze-shadow-heuristic-v1,0.71,forward,1,0,0.0,prioritize_for_analyst_review,,,,2026-09-11T01:04:00+00:00,,,True,False,0.0,True,False,0,"{'downstream_wallets': 2, 'observed_cashout_signal': False, 'multi_recipient_signal': True}"
case_104268d077177cbd,flowfreeze-shadow-heuristic-v1,0.47,forward,1,0,0.0,monitor_no_intervention_recommended,,,,2026-09-11T01:19:00+00:00,,,False,False,0.0,True,False,0,"{'downstream_wallets': 1, 'observed_cashout_signal': False, 'multi_recipient_signal': False}"
case_e8af64980b7bf50f,flowfreeze-shadow-heuristic-v1,0.71,forward,1,0,0.0,prioritize_for_analyst_review,,,,2026-09-11T01:34:00+00:00,,,True,False,0.0,True,False,0,"{'downstream_wallets': 2, 'observed_cashout_signal': False, 'multi_recipient_signal': True}"
case_26e4bd4f5d444ffa,flowfreeze-shadow-heuristic-v1,0.71,forward,1,0,0.0,prioritize_for_analyst_review,,,,2026-09-11T01:49:00+00:00,,,True,False,0.0,True,False,0,"{'downstream_wallets': 2, 'observed_cashout_signal': False, 'multi_recipient_signal': True}"
case_b6a17941187a5bdb,flowfreeze-shadow-heuristic-v1,0.71,forward,1,0,0.0,prioritize_for_analyst_review,,,,2026-09-11T02:04:00+00:00,,,True,False,0.0,True,False,0,"{'downstream_wallets': 2, 'observed_cashout_signal': False, 'multi_recipient_signal': True}"
case_2d93ea5497d1ca5b,flowfreeze-shadow-heuristic-v1,0.47,forward,1,0,0.0,monitor_no_intervention_recommended,,,,2026-09-11T02:19:00+00:00,,,False,False,0.0,True,False,0,"{'downstream_wallets': 1, 'observed_cashout_signal': False, 'multi_recipient_signal': False}"
case_385e74218dc969de,flowfreeze-shadow-heuristic-v1,0.71,forward,1,0,0.0,prioritize_for_analyst_review,,,,2026-09-11T02:34:00+00:00,,,True,False,0.0,True,False,0,"{'downstream_wallets': 3, 'observed_cashout_signal': False, 'multi_recipient_signal': True}"
case_0857b45ad6c07914,flowfreeze-shadow-heuristic-v1,0.71,forward,1,0,0.0,prioritize_for_analyst_review,,,,2026-09-11T02:49:00+00:00,,,True,False,0.0,True,False,0,"{'downstream_wallets': 2, 'observed_cashout_signal': False, 'multi_recipient_signal': True}"
case_e5b00e31db08071a,flowfreeze-shadow-heuristic-v1,0.71,forward,1,0,0.0,prioritize_for_analyst_review,,,,2026-09-11T03:04:00+00:00,,,True,False,0.0,True,False,0,"{'downstream_wallets': 3, 'observed_cashout_signal': False, 'multi_recipient_signal': True}"
case_204bdd5e4e2309aa,flowfreeze-shadow-heuristic-v1,0.71,forward,1,0,0.0,prioritize_for_analyst_review,,,,2026-09-11T03:19:00+00:00,,,True,False,0.0,True,False,0,"{'downstream_wallets': 3, 'observed_cashout_signal': False, 'multi_recipient_signal': True}"
case_10d64db679823cca,flowfreeze-shadow-heuristic-v1,0.47,forward,1,0,0.0,monitor_no_intervention_recommended,,,,2026-09-11T03:34:00+00:00,,,False,False,0.0,True,False,0,"{'downstream_wallets': 1, 'observed_cashout_signal': False, 'multi_recipient_signal': False}"
case_a3aa5e6f754735af,flowfreeze-shadow-heuristic-v1,0.47,forward,1,0,0.0,monitor_no_intervention_recommended,,,,2026-09-11T03:49:00+00:00,,,False,False,0.0,True,False,0,"{'downstream_wallets': 1, 'observed_cashout_signal': False, 'multi_recipient_signal': False}"
case_e607e7a366c5ee4c,flowfreeze-shadow-heuristic-v1,0.47,forward,1,0,0.0,monitor_no_intervention_recommended,,,,2026-09-11T04:04:00+00:00,,,False,False,0.0,True,False,0,"{'downstream_wallets': 1, 'observed_cashout_signal': False, 'multi_recipient_signal': False}"
case_29f6d347c96c8b6d,flowfreeze-shadow-heuristic-v1,0.47,forward,1,0,0.0,monitor_no_intervention_recommended,,,,2026-09-11T04:19:00+00:00,,,False,False,0.0,True,False,0,"{'downstream_wallets': 1, 'observed_cashout_signal': False, 'multi_recipient_signal': False}"
case_a9fe27996e3f3c71,flowfreeze-shadow-heuristic-v1,0.71,forward,1,0,0.0,prioritize_for_analyst_review,,,,2026-09-11T04:34:00+00:00,,,True,False,0.0,True,False,0,"{'downstream_wallets': 2, 'observed_cashout_signal': False, 'multi_recipient_signal': True}"
case_001670a4493a5993,flowfreeze-shadow-heuristic-v1,0.71,forward,1,0,0.0,prioritize_for_analyst_review,,,,2026-09-11T04:49:00+00:00,,,True,False,0.0,True,False,0,"{'downstream_wallets': 2, 'observed_cashout_signal': False, 'multi_recipient_signal': True}"
case_f261c2f279fffa6b,flowfreeze-shadow-heuristic-v1,0.71,forward,1,0,0.0,prioritize_for_analyst_review,,,,2026-09-11T05:04:00+00:00,,,True,False,0.0,True,False,0,"{'downstream_wallets': 3, 'observed_cashout_signal': False, 'multi_recipient_signal': True}"
case_10d01b3e30b1cd61,flowfreeze-shadow-heuristic-v1,0.71,forward,1,0,0.0,prioritize_for_analyst_review,,,,2026-09-11T05:19:00+00:00,,,True,False,0.0,True,False,0,"{'downstream_wallets': 3, 'observed_cashout_signal': False, 'multi_recipient_signal': True}"
case_a18019c16ded04e0,flowfreeze-shadow-heuristic-v1,0.71,forward,1,0,0.0,prioritize_for_analyst_review,,,,2026-09-11T05:34:00+00:00,,,True,False,0.0,True,False,0,"{'downstream_wallets': 3, 'observed_cashout_signal': False, 'multi_recipient_signal': True}"
case_ace090431b71eac9,flowfreeze-shadow-heuristic-v1,0.71,forward,1,0,0.0,prioritize_for_analyst_review,,,,2026-09-11T05:49:00+00:00,,,True,False,0.0,True,False,0,"{'downstream_wallets': 3, 'observed_cashout_signal': False, 'multi_recipient_signal': True}"
case_4fd22da65e040652,flowfreeze-shadow-heuristic-v1,0.71,forward,1,0,0.0,prioritize_for_analyst_review,,,,2026-09-11T06:04:00+00:00,,,True,False,0.0,True,False,0,"{'downstream_wallets': 2, 'observed_cashout_signal': False, 'multi_recipient_signal': True}"
case_5617bce2c79f8421,flowfreeze-shadow-heuristic-v1,0.71,forward,1,0,0.0,prioritize_for_analyst_review,,,,2026-09-11T06:19:00+00:00,,,True,False,0.0,True,False,0,"{'downstream_wallets': 3, 'observed_cashout_signal': False, 'multi_recipient_signal': True}"
case_a4fbedc98c53723f,flowfreeze-shadow-heuristic-v1,0.71,forward,1,0,0.0,prioritize_for_analyst_review,,,,2026-09-11T06:34:00+00:00,,,True,False,0.0,True,False,0,"{'downstream_wallets': 2, 'observed_cashout_signal': False, 'multi_recipient_signal': True}"
case_2a55fdf0dc46b341,flowfreeze-shadow-heuristic-v1,0.71,forward,1,0,0.0,prioritize_for_analyst_review,,,,2026-09-11T06:49:00+00:00,,,True,False,0.0,True,False,0,"{'downstream_wallets': 2, 'observed_cashout_signal': False, 'multi_recipient_signal': True}"
case_eaf1e4ccc51d5655,flowfreeze-shadow-heuristic-v1,0.71,forward,1,0,0.0,prioritize_for_analyst_review,,,,2026-09-11T07:04:00+00:00,,,True,False,0.0,True,False,0,"{'downstream_wallets': 2, 'observed_cashout_signal': False, 'multi_recipient_signal': True}"
case_a9376cc5b2afbf3d,flowfreeze-shadow-heuristic-v1,0.71,forward,1,0,0.0,prioritize_for_analyst_review,,,,2026-09-11T07:19:00+00:00,,,True,False,0.0,True,False,0,"{'downstream_wallets': 3, 'observed_cashout_signal': False, 'multi_recipient_signal': True}"
case_6fb6da136113b579,flowfreeze-shadow-heuristic-v1,0.47,forward,1,0,0.0,monitor_no_intervention_recommended,,,,2026-09-11T07:34:00+00:00,,,False,False,0.0,True,False,0,"{'downstream_wallets': 1, 'observed_cashout_signal': False, 'multi_recipient_signal': False}"
case_0798558831d5aab9,flowfreeze-shadow-heuristic-v1,0.71,forward,1,0,0.0,prioritize_for_analyst_review,,,,2026-09-11T07:49:00+00:00,,,True,False,0.0,True,False,0,"{'downstream_wallets': 3, 'observed_cashout_signal': False, 'multi_recipient_signal': True}"
case_80bbbe9d473e54e7,flowfreeze-shadow-heuristic-v1,0.71,forward,1,0,0.0,prioritize_for_analyst_review,,,,2026-09-11T08:04:00+00:00,,,True,False,0.0,True,False,0,"{'downstream_wallets': 3, 'observed_cashout_signal': False, 'multi_recipient_signal': True}"
case_b15ba9c1d28861c4,flowfreeze-shadow-heuristic-v1,0.71,forward,1,0,0.0,prioritize_for_analyst_review,,,,2026-09-11T08:19:00+00:00,,,True,False,0.0,True,False,0,"{'downstream_wallets': 2, 'observed_cashout_signal': False, 'multi_recipient_signal': True}"
case_5822be55c6630c1b,flowfreeze-shadow-heuristic-v1,0.71,forward,1,0,0.0,prioritize_for_analyst_review,,,,2026-09-11T08:34:00+00:00,,,True,False,0.0,True,False,0,"{'downstream_wallets': 3, 'observed_cashout_signal': False, 'multi_recipient_signal': True}"
case_ebe5ec1a485f7ecb,flowfreeze-shadow-heuristic-v1,0.71,forward,1,0,0.0,prioritize_for_analyst_review,,,,2026-09-11T08:49:00+00:00,,,True,False,0.0,True,False,0,"{'downstream_wallets': 3, 'observed_cashout_signal': False, 'multi_recipient_signal': True}"
case_264f9b18639b74ba,flowfreeze-shadow-heuristic-v1,0.71,forward,1,0,0.0,prioritize_for_analyst_review,,,,2026-09-11T09:04:00+00:00,,,True,False,0.0,True,False,0,"{'downstream_wallets': 2, 'observed_cashout_signal': False, 'multi_recipient_signal': True}"
case_518ae5839ee81f31,flowfreeze-shadow-heuristic-v1,0.71,forward,1,0,0.0,prioritize_for_analyst_review,,,,2026-09-11T09:19:00+00:00,,,True,False,0.0,True,False,0,"{'downstream_wallets': 2, 'observed_cashout_signal': False, 'multi_recipient_signal': True}"
case_cbdcbd027c2f100e,flowfreeze-shadow-heuristic-v1,0.47,forward,1,0,0.0,monitor_no_intervention_recommended,,,,2026-09-11T09:34:00+00:00,,,False,False,0.0,True,False,0,"{'downstream_wallets': 1, 'observed_cashout_signal': False, 'multi_recipient_signal': False}"
case_1d4fbaa1f3d5a4b7,flowfreeze-shadow-heuristic-v1,0.71,forward,1,0,0.0,prioritize_for_analyst_review,,,,2026-09-11T09:49:00+00:00,,,True,False,0.0,True,False,0,"{'downstream_wallets': 3, 'observed_cashout_signal': False, 'multi_recipient_signal': True}"
case_961721de6182fced,flowfreeze-shadow-heuristic-v1,0.71,forward,1,0,0.0,prioritize_for_analyst_review,,,,2026-09-11T10:04:00+00:00,,,True,False,0.0,True,False,0,"{'downstream_wallets': 3, 'observed_cashout_signal': False, 'multi_recipient_signal': True}"
case_6584da2d91206a1f,flowfreeze-shadow-heuristic-v1,0.71,forward,1,0,0.0,prioritize_for_analyst_review,,,,2026-09-11T10:19:00+00:00,,,True,False,0.0,True,False,0,"{'downstream_wallets': 3, 'observed_cashout_signal': False, 'multi_recipient_signal': True}"
case_6db3a32cd1ea4bb1,flowfreeze-shadow-heuristic-v1,0.71,forward,1,0,0.0,prioritize_for_analyst_review,,,,2026-09-11T10:34:00+00:00,,,True,False,0.0,True,False,0,"{'downstream_wallets': 3, 'observed_cashout_signal': False, 'multi_recipient_signal': True}"
case_3985c79dcd933404,flowfreeze-shadow-heuristic-v1,0.71,forward,1,0,0.0,prioritize_for_analyst_review,,,,2026-09-11T10:49:00+00:00,,,True,False,0.0,True,False,0,"{'downstream_wallets': 2, 'observed_cashout_signal': False, 'multi_recipient_signal': True}"
case_4d2950bc6d9e3a11,flowfreeze-shadow-heuristic-v1,0.47,forward,1,0,0.0,monitor_no_intervention_recommended,,,,2026-09-11T11:04:00+00:00,,,False,False,0.0,True,False,0,"{'downstream_wallets': 1, 'observed_cashout_signal': False, 'multi_recipient_signal': False}"
case_e7e17008463df001,flowfreeze-shadow-heuristic-v1,0.71,forward,1,0,0.0,prioritize_for_analyst_review,,,,2026-09-11T11:19:00+00:00,,,True,False,0.0,True,False,0,"{'downstream_wallets': 3, 'observed_cashout_signal': False, 'multi_recipient_signal': True}"
case_716870b31b6089a6,flowfreeze-shadow-heuristic-v1,0.71,forward,1,0,0.0,prioritize_for_analyst_review,,,,2026-09-11T11:34:00+00:00,,,True,False,0.0,True,False,0,"{'downstream_wallets': 3, 'observed_cashout_signal': False, 'multi_recipient_signal': True}"
case_58c1aea9e8c60560,flowfreeze-shadow-heuristic-v1,0.71,forward,1,0,0.0,prioritize_for_analyst_review,,,,2026-09-11T11:49:00+00:00,,,True,False,0.0,True,False,0,"{'downstream_wallets': 2, 'observed_cashout_signal': False, 'multi_recipient_signal': True}"
case_bd9daec7ebc5be88,flowfreeze-shadow-heuristic-v1,0.71,forward,1,0,0.0,prioritize_for_analyst_review,,,,2026-09-11T12:04:00+00:00,,,True,False,0.0,True,False,0,"{'downstream_wallets': 3, 'observed_cashout_signal': False, 'multi_recipient_signal': True}"
case_45e658a2536f419d,flowfreeze-shadow-heuristic-v1,0.71,forward,1,0,0.0,prioritize_for_analyst_review,,,,2026-09-11T12:19:00+00:00,,,True,False,0.0,True,False,0,"{'downstream_wallets': 3, 'observed_cashout_signal': False, 'multi_recipient_signal': True}"
case_91a131013e9e7fbe,flowfreeze-shadow-heuristic-v1,0.71,forward,1,0,0.0,prioritize_for_analyst_review,,,,2026-09-11T12:34:00+00:00,,,True,False,0.0,True,False,0,"{'downstream_wallets': 3, 'observed_cashout_signal': False, 'multi_recipient_signal': True}"
case_c7f4b3b5fa37de8a,flowfreeze-shadow-heuristic-v1,0.71,forward,1,0,0.0,prioritize_for_analyst_review,,,,2026-09-11T12:49:00+00:00,,,True,False,0.0,True,False,0,"{'downstream_wallets': 2, 'observed_cashout_signal': False, 'multi_recipient_signal': True}"
case_9454e317a83ef5b2,flowfreeze-shadow-heuristic-v1,0.71,forward,1,0,0.0,prioritize_for_analyst_review,,,,2026-09-11T13:04:00+00:00,,,True,False,0.0,True,False,0,"{'downstream_wallets': 3, 'observed_cashout_signal': False, 'multi_recipient_signal': True}"
case_61ce3a3c6d58070a,flowfreeze-shadow-heuristic-v1,0.71,forward,1,0,0.0,prioritize_for_analyst_review,,,,2026-09-11T13:19:00+00:00,,,True,False,0.0,True,False,0,"{'downstream_wallets': 3, 'observed_cashout_signal': False, 'multi_recipient_signal': True}"
case_1764f5bb02aa9491,flowfreeze-shadow-heuristic-v1,0.71,forward,1,0,0.0,prioritize_for_analyst_review,,,,2026-09-11T13:34:00+00:00,,,True,False,0.0,True,False,0,"{'downstream_wallets': 3, 'observed_cashout_signal': False, 'multi_recipient_signal': True}"
case_1b79fb827f7fdaa2,flowfreeze-shadow-heuristic-v1,0.71,forward,1,0,0.0,prioritize_for_analyst_review,,,,2026-09-11T13:49:00+00:00,,,True,False,0.0,True,False,0,"{'downstream_wallets': 3, 'observed_cashout_signal': False, 'multi_recipient_signal': True}"
case_ead19dc18ab6d862,flowfreeze-shadow-heuristic-v1,0.71,forward,1,0,0.0,prioritize_for_analyst_review,,,,2026-09-11T14:04:00+00:00,,,True,False,0.0,True,False,0,"{'downstream_wallets': 3, 'observed_cashout_signal': False, 'multi_recipient_signal': True}"
case_1c401c7ef5782dcb,flowfreeze-shadow-heuristic-v1,0.71,forward,1,0,0.0,prioritize_for_analyst_review,,,,2026-09-11T14:19:00+00:00,,,True,False,0.0,True,False,0,"{'downstream_wallets': 2, 'observed_cashout_signal': False, 'multi_recipient_signal': True}"
case_31ff19332778b2f5,flowfreeze-shadow-heuristic-v1,0.71,forward,1,0,0.0,prioritize_for_analyst_review,,,,2026-09-11T14:34:00+00:00,,,True,False,0.0,True,False,0,"{'downstream_wallets': 2, 'observed_cashout_signal': False, 'multi_recipient_signal': True}"
case_2a5af0cc595266e4,flowfreeze-shadow-heuristic-v1,0.71,forward,1,0,0.0,prioritize_for_analyst_review,,,,2026-09-11T14:49:00+00:00,,,True,False,0.0,True,False,0,"{'downstream_wallets': 2, 'observed_cashout_signal': False, 'multi_recipient_signal': True}"
case_70ca608db7f6bf47,flowfreeze-shadow-heuristic-v1,0.71,forward,1,0,0.0,prioritize_for_analyst_review,,,,2026-09-11T15:04:00+00:00,,,True,False,0.0,True,False,0,"{'downstream_wallets': 3, 'observed_cashout_signal': False, 'multi_recipient_signal': True}"
case_beaf8b6305ae5e90,flowfreeze-shadow-heuristic-v1,0.71,forward,1,0,0.0,prioritize_for_analyst_review,,,,2026-09-11T15:19:00+00:00,,,True,False,0.0,True,False,0,"{'downstream_wallets': 2, 'observed_cashout_signal': False, 'multi_recipient_signal': True}"
case_4a0fe12ab11e247a,flowfreeze-shadow-heuristic-v1,0.71,forward,1,0,0.0,prioritize_for_analyst_review,,,,2026-09-11T15:34:00+00:00,,,True,False,0.0,True,False,0,"{'downstream_wallets': 2, 'observed_cashout_signal': False, 'multi_recipient_signal': True}"
case_f924eab1ca1d07fe,flowfreeze-shadow-heuristic-v1,0.71,forward,1,0,0.0,prioritize_for_analyst_review,,,,2026-09-11T15:49:00+00:00,,,True,False,0.0,True,False,0,"{'downstream_wallets': 3, 'observed_cashout_signal': False, 'multi_recipient_signal': True}"
case_ff952a0934baf3e2,flowfreeze-shadow-heuristic-v1,0.71,forward,1,0,0.0,prioritize_for_analyst_review,,,,2026-09-11T16:04:00+00:00,,,True,False,0.0,True,False,0,"{'downstream_wallets': 2, 'observed_cashout_signal': False, 'multi_recipient_signal': True}"
case_67dcc38bce4105a0,flowfreeze-shadow-heuristic-v1,0.71,forward,1,0,0.0,prioritize_for_analyst_review,,,,2026-09-11T16:19:00+00:00,,,True,False,0.0,True,False,0,"{'downstream_wallets': 3, 'observed_cashout_signal': False, 'multi_recipient_signal': True}"
case_5a3a08cfa5e97b8a,flowfreeze-shadow-heuristic-v1,0.71,forward,1,0,0.0,prioritize_for_analyst_review,,,,2026-09-11T16:34:00+00:00,,,True,False,0.0,True,False,0,"{'downstream_wallets': 2, 'observed_cashout_signal': False, 'multi_recipient_signal': True}"
case_caae5cf6852a33ee,flowfreeze-shadow-heuristic-v1,0.71,forward,1,0,0.0,prioritize_for_analyst_review,,,,2026-09-11T16:49:00+00:00,,,True,False,0.0,True,False,0,"{'downstream_wallets': 2, 'observed_cashout_signal': False, 'multi_recipient_signal': True}"
case_1202d77c8ad69056,flowfreeze-shadow-heuristic-v1,0.71,forward,1,0,0.0,prioritize_for_analyst_review,,,,2026-09-11T17:04:00+00:00,,,True,False,0.0,True,False,0,"{'downstream_wallets': 2, 'observed_cashout_signal': False, 'multi_recipient_signal': True}"
case_3e1edfe891f7a8af,flowfreeze-shadow-heuristic-v1,0.71,forward,1,0,0.0,prioritize_for_analyst_review,,,,2026-09-11T17:19:00+00:00,,,True,False,0.0,True,False,0,"{'downstream_wallets': 3, 'observed_cashout_signal': False, 'multi_recipient_signal': True}"
case_0f01f68f6f6b7024,flowfreeze-shadow-heuristic-v1,0.71,forward,1,0,0.0,prioritize_for_analyst_review,,,,2026-09-11T17:34:00+00:00,,,True,False,0.0,True,False,0,"{'downstream_wallets': 3, 'observed_cashout_signal': False, 'multi_recipient_signal': True}"
case_f27eaca6284a12a8,flowfreeze-shadow-heuristic-v1,0.47,forward,1,0,0.0,monitor_no_intervention_recommended,,,,2026-09-11T17:49:00+00:00,,,False,False,0.0,True,False,0,"{'downstream_wallets': 1, 'observed_cashout_signal': False, 'multi_recipient_signal': False}"
case_c603c894bfd6a27d,flowfreeze-shadow-heuristic-v1,0.71,forward,1,0,0.0,prioritize_for_analyst_review,,,,2026-09-11T18:04:00+00:00,,,True,False,0.0,True,False,0,"{'downstream_wallets': 3, 'observed_cashout_signal': False, 'multi_recipient_signal': True}"
case_c756c6f7d4172475,flowfreeze-shadow-heuristic-v1,0.71,forward,1,0,0.0,prioritize_for_analyst_review,,,,2026-09-11T18:19:00+00:00,,,True,False,0.0,True,False,0,"{'downstream_wallets': 2, 'observed_cashout_signal': False, 'multi_recipient_signal': True}"
case_0cb53795c1075b2f,flowfreeze-shadow-heuristic-v1,0.71,forward,1,0,0.0,prioritize_for_analyst_review,,,,2026-09-11T18:34:00+00:00,,,True,False,0.0,True,False,0,"{'downstream_wallets': 3, 'observed_cashout_signal': False, 'multi_recipient_signal': True}"
case_7b38019e60646750,flowfreeze-shadow-heuristic-v1,0.71,forward,1,0,0.0,prioritize_for_analyst_review,,,,2026-09-11T18:49:00+00:00,,,True,False,0.0,True,False,0,"{'downstream_wallets': 3, 'observed_cashout_signal': False, 'multi_recipient_signal': True}"
case_cd11f6526f6642b5,flowfreeze-shadow-heuristic-v1,0.1,no_movement,0,32521.0,32521.0,monitor_no_intervention_recommended,,,,2026-09-11T19:04:00+00:00,,,False,True,0.0,True,False,0,"{'downstream_wallets': 0, 'observed_cashout_signal': False, 'multi_recipient_signal': False}"
case_a668a6fde558f9c9,flowfreeze-shadow-heuristic-v1,0.1,no_movement,0,21474.0,21474.0,monitor_no_intervention_recommended,,,,2026-09-11T19:19:00+00:00,,,False,True,0.0,True,False,0,"{'downstream_wallets': 0, 'observed_cashout_signal': False, 'multi_recipient_signal': False}"
case_eb2834d133e7c6fb,flowfreeze-shadow-heuristic-v1,0.1,no_movement,0,34207.0,34207.0,monitor_no_intervention_recommended,,,,2026-09-11T19:34:00+00:00,,,False,True,0.0,True,False,0,"{'downstream_wallets': 0, 'observed_cashout_signal': False, 'multi_recipient_signal': False}"
case_983b41aa9c741a4a,flowfreeze-shadow-heuristic-v1,0.1,no_movement,0,30362.0,30362.0,monitor_no_intervention_recommended,,,,2026-09-11T19:49:00+00:00,,,False,True,0.0,True,False,0,"{'downstream_wallets': 0, 'observed_cashout_signal': False, 'multi_recipient_signal': False}"
case_16df4083ef7f8d86,flowfreeze-shadow-heuristic-v1,0.1,no_movement,0,28920.0,28920.0,monitor_no_intervention_recommended,,,,2026-09-11T20:04:00+00:00,,,False,True,0.0,True,False,0,"{'downstream_wallets': 0, 'observed_cashout_signal': False, 'multi_recipient_signal': False}"
case_ae6fe5c53a5ee976,flowfreeze-shadow-heuristic-v1,0.1,no_movement,0,34881.0,34881.0,monitor_no_intervention_recommended,,,,2026-09-11T20:19:00+00:00,,,False,True,0.0,True,False,0,"{'downstream_wallets': 0, 'observed_cashout_signal': False, 'multi_recipient_signal': False}"
case_2e2e14bdc013d2a9,flowfreeze-shadow-heuristic-v1,0.1,no_movement,0,35056.0,35056.0,monitor_no_intervention_recommended,,,,2026-09-11T20:34:00+00:00,,,False,True,0.0,True,False,0,"{'downstream_wallets': 0, 'observed_cashout_signal': False, 'multi_recipient_signal': False}"
case_89721dc9e381c62b,flowfreeze-shadow-heuristic-v1,0.1,no_movement,0,30078.0,30078.0,monitor_no_intervention_recommended,,,,2026-09-11T20:49:00+00:00,,,False,True,0.0,True,False,0,"{'downstream_wallets': 0, 'observed_cashout_signal': False, 'multi_recipient_signal': False}"
case_6ef8e764348ccb32,flowfreeze-shadow-heuristic-v1,0.1,no_movement,0,27658.0,27658.0,monitor_no_intervention_recommended,,,,2026-09-11T21:04:00+00:00,,,False,True,0.0,True,False,0,"{'downstream_wallets': 0, 'observed_cashout_signal': False, 'multi_recipient_signal': False}"
case_e5f8cc8c537ded6f,flowfreeze-shadow-heuristic-v1,0.1,no_movement,0,27644.0,27644.0,monitor_no_intervention_recommended,,,,2026-09-11T21:19:00+00:00,,,False,True,0.0,True,False,0,"{'downstream_wallets': 0, 'observed_cashout_signal': False, 'multi_recipient_signal': False}"
case_73e1f964f37be7be,flowfreeze-shadow-heuristic-v1,0.1,no_movement,0,23221.0,23221.0,monitor_no_intervention_recommended,,,,2026-09-11T21:34:00+00:00,,,False,True,0.0,True,False,0,"{'downstream_wallets': 0, 'observed_cashout_signal': False, 'multi_recipient_signal': False}"
case_79727c39497f61da,flowfreeze-shadow-heuristic-v1,0.1,no_movement,0,17339.0,17339.0,monitor_no_intervention_recommended,,,,2026-09-11T21:49:00+00:00,,,False,True,0.0,True,False,0,"{'downstream_wallets': 0, 'observed_cashout_signal': False, 'multi_recipient_signal': False}"
case_ac239c08d57840da,flowfreeze-shadow-heuristic-v1,0.1,no_movement,0,25017.0,25017.0,monitor_no_intervention_recommended,,,,2026-09-11T22:04:00+00:00,,,False,True,0.0,True,False,0,"{'downstream_wallets': 0, 'observed_cashout_signal': False, 'multi_recipient_signal': False}"
case_6d20a4661543624e,flowfreeze-shadow-heuristic-v1,0.1,no_movement,0,31742.0,31742.0,monitor_no_intervention_recommended,,,,2026-09-11T22:19:00+00:00,,,False,True,0.0,True,False,0,"{'downstream_wallets': 0, 'observed_cashout_signal': False, 'multi_recipient_signal': False}"
case_f80f227ad87d6c2a,flowfreeze-shadow-heuristic-v1,0.1,no_movement,0,22595.0,22595.0,monitor_no_intervention_recommended,,,,2026-09-11T22:34:00+00:00,,,False,True,0.0,True,False,0,"{'downstream_wallets': 0, 'observed_cashout_signal': False, 'multi_recipient_signal': False}"
case_4c843a23102b0cc6,flowfreeze-shadow-heuristic-v1,0.1,no_movement,0,18929.0,18929.0,monitor_no_intervention_recommended,,,,2026-09-11T22:49:00+00:00,,,False,True,0.0,True,False,0,"{'downstream_wallets': 0, 'observed_cashout_signal': False, 'multi_recipient_signal': False}"
case_38feaa76179cc6bc,flowfreeze-shadow-heuristic-v1,0.1,no_movement,0,32860.0,32860.0,monitor_no_intervention_recommended,,,,2026-09-11T23:04:00+00:00,,,False,True,0.0,True,False,0,"{'downstream_wallets': 0, 'observed_cashout_signal': False, 'multi_recipient_signal': False}"
case_b3ed9fa1f447f0e1,flowfreeze-shadow-heuristic-v1,0.1,no_movement,0,27276.0,27276.0,monitor_no_intervention_recommended,,,,2026-09-11T23:19:00+00:00,,,False,True,0.0,True,False,0,"{'downstream_wallets': 0, 'observed_cashout_signal': False, 'multi_recipient_signal': False}"
case_c656cabc56a1bd69,flowfreeze-shadow-heuristic-v1,0.1,no_movement,0,21010.0,21010.0,monitor_no_intervention_recommended,,,,2026-09-11T23:34:00+00:00,,,False,True,0.0,True,False,0,"{'downstream_wallets': 0, 'observed_cashout_signal': False, 'multi_recipient_signal': False}"
case_489d520ce82344aa,flowfreeze-shadow-heuristic-v1,0.1,no_movement,0,27239.0,27239.0,monitor_no_intervention_recommended,,,,2026-09-11T23:49:00+00:00,,,False,True,0.0,True,False,0,"{'downstream_wallets': 0, 'observed_cashout_signal': False, 'multi_recipient_signal': False}"
case_65d7f8e00855b960,flowfreeze-shadow-heuristic-v1,0.1,no_movement,0,23638.0,23638.0,monitor_no_intervention_recommended,,,,2026-09-12T00:04:00+00:00,,,False,True,0.0,True,False,0,"{'downstream_wallets': 0, 'observed_cashout_signal': False, 'multi_recipient_signal': False}"
case_4bfdae7689a6a038,flowfreeze-shadow-heuristic-v1,0.1,no_movement,0,34754.0,34754.0,monitor_no_intervention_recommended,,,,2026-09-12T00:19:00+00:00,,,False,True,0.0,True,False,0,"{'downstream_wallets': 0, 'observed_cashout_signal': False, 'multi_recipient_signal': False}"
case_db9217d976d42984,flowfreeze-shadow-heuristic-v1,0.1,no_movement,0,25368.0,25368.0,monitor_no_intervention_recommended,,,,2026-09-12T00:34:00+00:00,,,False,True,0.0,True,False,0,"{'downstream_wallets': 0, 'observed_cashout_signal': False, 'multi_recipient_signal': False}"
case_7102d30b70cdbb75,flowfreeze-shadow-heuristic-v1,0.1,no_movement,0,17947.0,17947.0,monitor_no_intervention_recommended,,,,2026-09-12T00:49:00+00:00,,,False,True,0.0,True,False,0,"{'downstream_wallets': 0, 'observed_cashout_signal': False, 'multi_recipient_signal': False}"
case_83dd35a22c26e7e4,flowfreeze-shadow-heuristic-v1,0.1,no_movement,0,29888.0,29888.0,monitor_no_intervention_recommended,,,,2026-09-12T01:04:00+00:00,,,False,True,0.0,True,False,0,"{'downstream_wallets': 0, 'observed_cashout_signal': False, 'multi_recipient_signal': False}"
case_29308736500538ca,flowfreeze-shadow-heuristic-v1,0.1,no_movement,0,34122.0,34122.0,monitor_no_intervention_recommended,,,,2026-09-12T01:19:00+00:00,,,False,True,0.0,True,False,0,"{'downstream_wallets': 0, 'observed_cashout_signal': False, 'multi_recipient_signal': False}"
case_88358185029ca769,flowfreeze-shadow-heuristic-v1,0.1,no_movement,0,34688.0,34688.0,monitor_no_intervention_recommended,,,,2026-09-12T01:34:00+00:00,,,False,True,0.0,True,False,0,"{'downstream_wallets': 0, 'observed_cashout_signal': False, 'multi_recipient_signal': False}"
case_b29d62c56766a35e,flowfreeze-shadow-heuristic-v1,0.1,no_movement,0,19075.0,19075.0,monitor_no_intervention_recommended,,,,2026-09-12T01:49:00+00:00,,,False,True,0.0,True,False,0,"{'downstream_wallets': 0, 'observed_cashout_signal': False, 'multi_recipient_signal': False}"
case_8e86c36ebbb1f0d9,flowfreeze-shadow-heuristic-v1,0.1,no_movement,0,29772.0,29772.0,monitor_no_intervention_recommended,,,,2026-09-12T02:04:00+00:00,,,False,True,0.0,True,False,0,"{'downstream_wallets': 0, 'observed_cashout_signal': False, 'multi_recipient_signal': False}"
case_1208b8347dd34db6,flowfreeze-shadow-heuristic-v1,0.1,no_movement,0,27932.0,27932.0,monitor_no_intervention_recommended,,,,2026-09-12T02:19:00+00:00,,,False,True,0.0,True,False,0,"{'downstream_wallets': 0, 'observed_cashout_signal': False, 'multi_recipient_signal': False}"
case_ed53ec432e088c87,flowfreeze-shadow-heuristic-v1,0.1,no_movement,0,33374.0,33374.0,monitor_no_intervention_recommended,,,,2026-09-12T02:34:00+00:00,,,False,True,0.0,True,False,0,"{'downstream_wallets': 0, 'observed_cashout_signal': False, 'multi_recipient_signal': False}"
case_987f2d6c76c8410e,flowfreeze-shadow-heuristic-v1,0.1,no_movement,0,27347.0,27347.0,monitor_no_intervention_recommended,,,,2026-09-12T02:49:00+00:00,,,False,True,0.0,True,False,0,"{'downstream_wallets': 0, 'observed_cashout_signal': False, 'multi_recipient_signal': False}"
case_3582bca32e75b684,flowfreeze-shadow-heuristic-v1,0.1,no_movement,0,31591.0,31591.0,monitor_no_intervention_recommended,,,,2026-09-12T03:04:00+00:00,,,False,True,0.0,True,False,0,"{'downstream_wallets': 0, 'observed_cashout_signal': False, 'multi_recipient_signal': False}"
case_f0a00751119332c2,flowfreeze-shadow-heuristic-v1,0.1,no_movement,0,33801.0,33801.0,monitor_no_intervention_recommended,,,,2026-09-12T03:19:00+00:00,,,False,True,0.0,True,False,0,"{'downstream_wallets': 0, 'observed_cashout_signal': False, 'multi_recipient_signal': False}"
case_fcf502347e02e315,flowfreeze-shadow-heuristic-v1,0.1,no_movement,0,23421.0,23421.0,monitor_no_intervention_recommended,,,,2026-09-12T03:34:00+00:00,,,False,True,0.0,True,False,0,"{'downstream_wallets': 0, 'observed_cashout_signal': False, 'multi_recipient_signal': False}"
case_77ea371b67df2d78,flowfreeze-shadow-heuristic-v1,0.1,no_movement,0,27367.0,27367.0,monitor_no_intervention_recommended,,,,2026-09-12T03:49:00+00:00,,,False,True,0.0,True,False,0,"{'downstream_wallets': 0, 'observed_cashout_signal': False, 'multi_recipient_signal': False}"
case_5d72a318000f905b,flowfreeze-shadow-heuristic-v1,0.1,no_movement,0,17334.0,17334.0,monitor_no_intervention_recommended,,,,2026-09-12T04:04:00+00:00,,,False,True,0.0,True,False,0,"{'downstream_wallets': 0, 'observed_cashout_signal': False, 'multi_recipient_signal': False}"
case_09e48c02795ffe39,flowfreeze-shadow-heuristic-v1,0.1,no_movement,0,22490.0,22490.0,monitor_no_intervention_recommended,,,,2026-09-12T04:19:00+00:00,,,False,True,0.0,True,False,0,"{'downstream_wallets': 0, 'observed_cashout_signal': False, 'multi_recipient_signal': False}"
case_c03968f7d392c21e,flowfreeze-shadow-heuristic-v1,0.1,no_movement,0,31922.0,31922.0,monitor_no_intervention_recommended,,,,2026-09-12T04:34:00+00:00,,,False,True,0.0,True,False,0,"{'downstream_wallets': 0, 'observed_cashout_signal': False, 'multi_recipient_signal': False}"
case_2577d79696103ea6,flowfreeze-shadow-heuristic-v1,0.1,no_movement,0,18228.0,18228.0,monitor_no_intervention_recommended,,,,2026-09-12T04:49:00+00:00,,,False,True,0.0,True,False,0,"{'downstream_wallets': 0, 'observed_cashout_signal': False, 'multi_recipient_signal': False}"
case_64a3f621761c87e7,flowfreeze-shadow-heuristic-v1,0.1,no_movement,0,32030.0,32030.0,monitor_no_intervention_recommended,,,,2026-09-12T05:04:00+00:00,,,False,True,0.0,True,False,0,"{'downstream_wallets': 0, 'observed_cashout_signal': False, 'multi_recipient_signal': False}"
case_857bda1f312df7fe,flowfreeze-shadow-heuristic-v1,0.1,no_movement,0,27284.0,27284.0,monitor_no_intervention_recommended,,,,2026-09-12T05:19:00+00:00,,,False,True,0.0,True,False,0,"{'downstream_wallets': 0, 'observed_cashout_signal': False, 'multi_recipient_signal': False}"
case_1cf23db5906a2795,flowfreeze-shadow-heuristic-v1,0.1,no_movement,0,31764.0,31764.0,monitor_no_intervention_recommended,,,,2026-09-12T05:34:00+00:00,,,False,True,0.0,True,False,0,"{'downstream_wallets': 0, 'observed_cashout_signal': False, 'multi_recipient_signal': False}"
case_187b8f06f11bf047,flowfreeze-shadow-heuristic-v1,0.1,no_movement,0,25791.0,25791.0,monitor_no_intervention_recommended,,,,2026-09-12T05:49:00+00:00,,,False,True,0.0,True,False,0,"{'downstream_wallets': 0, 'observed_cashout_signal': False, 'multi_recipient_signal': False}"
case_08661ad0000bee0e,flowfreeze-shadow-heuristic-v1,0.1,no_movement,0,19073.0,19073.0,monitor_no_intervention_recommended,,,,2026-09-12T06:04:00+00:00,,,False,True,0.0,True,False,0,"{'downstream_wallets': 0, 'observed_cashout_signal': False, 'multi_recipient_signal': False}"
case_25628371993ca4fa,flowfreeze-shadow-heuristic-v1,0.1,no_movement,0,20258.0,20258.0,monitor_no_intervention_recommended,,,,2026-09-12T06:19:00+00:00,,,False,True,0.0,True,False,0,"{'downstream_wallets': 0, 'observed_cashout_signal': False, 'multi_recipient_signal': False}"
case_0fface63aca53dae,flowfreeze-shadow-heuristic-v1,0.1,no_movement,0,20730.0,20730.0,monitor_no_intervention_recommended,,,,2026-09-12T06:34:00+00:00,,,False,True,0.0,True,False,0,"{'downstream_wallets': 0, 'observed_cashout_signal': False, 'multi_recipient_signal': False}"
case_b27425980b9572d3,flowfreeze-shadow-heuristic-v1,0.1,no_movement,0,22211.0,22211.0,monitor_no_intervention_recommended,,,,2026-09-12T06:49:00+00:00,,,False,True,0.0,True,False,0,"{'downstream_wallets': 0, 'observed_cashout_signal': False, 'multi_recipient_signal': False}"
case_7b7232c5c0f4edda,flowfreeze-shadow-heuristic-v1,0.1,no_movement,0,34448.0,34448.0,monitor_no_intervention_recommended,,,,2026-09-12T07:04:00+00:00,,,False,True,0.0,True,False,0,"{'downstream_wallets': 0, 'observed_cashout_signal': False, 'multi_recipient_signal': False}"
case_c3f0ae724cd358e0,flowfreeze-shadow-heuristic-v1,0.1,no_movement,0,23838.0,23838.0,monitor_no_intervention_recommended,,,,2026-09-12T07:19:00+00:00,,,False,True,0.0,True,False,0,"{'downstream_wallets': 0, 'observed_cashout_signal': False, 'multi_recipient_signal': False}"
case_b3999851653ac839,flowfreeze-shadow-heuristic-v1,0.1,no_movement,0,28635.0,28635.0,monitor_no_intervention_recommended,,,,2026-09-12T07:34:00+00:00,,,False,True,0.0,True,False,0,"{'downstream_wallets': 0, 'observed_cashout_signal': False, 'multi_recipient_signal': False}"
case_312891350a249e95,flowfreeze-shadow-heuristic-v1,0.1,no_movement,0,26663.0,26663.0,monitor_no_intervention_recommended,,,,2026-09-12T07:49:00+00:00,,,False,True,0.0,True,False,0,"{'downstream_wallets': 0, 'observed_cashout_signal': False, 'multi_recipient_signal': False}"
case_b4e394bb1d4b600d,flowfreeze-shadow-heuristic-v1,0.1,no_movement,0,25271.0,25271.0,monitor_no_intervention_recommended,,,,2026-09-12T08:04:00+00:00,,,False,True,0.0,True,False,0,"{'downstream_wallets': 0, 'observed_cashout_signal': False, 'multi_recipient_signal': False}"
case_010b883409719886,flowfreeze-shadow-heuristic-v1,0.1,no_movement,0,23970.0,23970.0,monitor_no_intervention_recommended,,,,2026-09-12T08:19:00+00:00,,,False,True,0.0,True,False,0,"{'downstream_wallets': 0, 'observed_cashout_signal': False, 'multi_recipient_signal': False}"
case_61e06b76cf85b18b,flowfreeze-shadow-heuristic-v1,0.1,no_movement,0,33286.0,33286.0,monitor_no_intervention_recommended,,,,2026-09-12T08:34:00+00:00,,,False,True,0.0,True,False,0,"{'downstream_wallets': 0, 'observed_cashout_signal': False, 'multi_recipient_signal': False}"
case_4eff34c0e942036a,flowfreeze-shadow-heuristic-v1,0.1,no_movement,0,28249.0,28249.0,monitor_no_intervention_recommended,,,,2026-09-12T08:49:00+00:00,,,False,True,0.0,True,False,0,"{'downstream_wallets': 0, 'observed_cashout_signal': False, 'multi_recipient_signal': False}"
case_484cbde5528c19da,flowfreeze-shadow-heuristic-v1,0.1,no_movement,0,21874.0,21874.0,monitor_no_intervention_recommended,,,,2026-09-12T09:04:00+00:00,,,False,True,0.0,True,False,0,"{'downstream_wallets': 0, 'observed_cashout_signal': False, 'multi_recipient_signal': False}"
case_8b1f523d4ee79170,flowfreeze-shadow-heuristic-v1,0.1,no_movement,0,22655.0,22655.0,monitor_no_intervention_recommended,,,,2026-09-12T09:19:00+00:00,,,False,True,0.0,True,False,0,"{'downstream_wallets': 0, 'observed_cashout_signal': False, 'multi_recipient_signal': False}"
case_16daf2f6aec9b48f,flowfreeze-shadow-heuristic-v1,0.1,no_movement,0,22602.0,22602.0,monitor_no_intervention_recommended,,,,2026-09-12T09:34:00+00:00,,,False,True,0.0,True,False,0,"{'downstream_wallets': 0, 'observed_cashout_signal': False, 'multi_recipient_signal': False}"
case_98bed5dc85ca0c80,flowfreeze-shadow-heuristic-v1,0.1,no_movement,0,22173.0,22173.0,monitor_no_intervention_recommended,,,,2026-09-12T09:49:00+00:00,,,False,True,0.0,True,False,0,"{'downstream_wallets': 0, 'observed_cashout_signal': False, 'multi_recipient_signal': False}"
case_008c2da2ef6f04cd,flowfreeze-shadow-heuristic-v1,0.1,no_movement,0,29457.0,29457.0,monitor_no_intervention_recommended,,,,2026-09-12T10:04:00+00:00,,,False,True,0.0,True,False,0,"{'downstream_wallets': 0, 'observed_cashout_signal': False, 'multi_recipient_signal': False}"
case_a9dc627a2c2827c4,flowfreeze-shadow-heuristic-v1,0.1,no_movement,0,29424.0,29424.0,monitor_no_intervention_recommended,,,,2026-09-12T10:19:00+00:00,,,False,True,0.0,True,False,0,"{'downstream_wallets': 0, 'observed_cashout_signal': False, 'multi_recipient_signal': False}"
case_02550442e0cf9ea1,flowfreeze-shadow-heuristic-v1,0.1,no_movement,0,18154.0,18154.0,monitor_no_intervention_recommended,,,,2026-09-12T10:34:00+00:00,,,False,True,0.0,True,False,0,"{'downstream_wallets': 0, 'observed_cashout_signal': False, 'multi_recipient_signal': False}"
case_d0692bd095328498,flowfreeze-shadow-heuristic-v1,0.1,no_movement,0,18412.0,18412.0,monitor_no_intervention_recommended,,,,2026-09-12T10:49:00+00:00,,,False,True,0.0,True,False,0,"{'downstream_wallets': 0, 'observed_cashout_signal': False, 'multi_recipient_signal': False}"
case_2281aab23ca71021,flowfreeze-shadow-heuristic-v1,0.1,no_movement,0,25811.0,25811.0,monitor_no_intervention_recommended,,,,2026-09-12T11:04:00+00:00,,,False,True,0.0,True,False,0,"{'downstream_wallets': 0, 'observed_cashout_signal': False, 'multi_recipient_signal': False}"
case_c9036b81cf4c9da5,flowfreeze-shadow-heuristic-v1,0.1,no_movement,0,25237.0,25237.0,monitor_no_intervention_recommended,,,,2026-09-12T11:19:00+00:00,,,False,True,0.0,True,False,0,"{'downstream_wallets': 0, 'observed_cashout_signal': False, 'multi_recipient_signal': False}"
case_a02d7fb882868aa5,flowfreeze-shadow-heuristic-v1,0.1,no_movement,0,29129.0,29129.0,monitor_no_intervention_recommended,,,,2026-09-12T11:34:00+00:00,,,False,True,0.0,True,False,0,"{'downstream_wallets': 0, 'observed_cashout_signal': False, 'multi_recipient_signal': False}"
case_b7ad34d191d91961,flowfreeze-shadow-heuristic-v1,0.1,no_movement,0,21753.0,21753.0,monitor_no_intervention_recommended,,,,2026-09-12T11:49:00+00:00,,,False,True,0.0,True,False,0,"{'downstream_wallets': 0, 'observed_cashout_signal': False, 'multi_recipient_signal': False}"
case_079b45c9cb0b7e6a,flowfreeze-shadow-heuristic-v1,0.1,no_movement,0,23696.0,23696.0,monitor_no_intervention_recommended,,,,2026-09-12T12:04:00+00:00,,,False,True,0.0,True,False,0,"{'downstream_wallets': 0, 'observed_cashout_signal': False, 'multi_recipient_signal': False}"
case_765cc8e78ede85be,flowfreeze-shadow-heuristic-v1,0.1,no_movement,0,19744.0,19744.0,monitor_no_intervention_recommended,,,,2026-09-12T12:19:00+00:00,,,False,True,0.0,True,False,0,"{'downstream_wallets': 0, 'observed_cashout_signal': False, 'multi_recipient_signal': False}"
case_94503c7185f48f47,flowfreeze-shadow-heuristic-v1,0.1,no_movement,0,18569.0,18569.0,monitor_no_intervention_recommended,,,,2026-09-12T12:34:00+00:00,,,False,True,0.0,True,False,0,"{'downstream_wallets': 0, 'observed_cashout_signal': False, 'multi_recipient_signal': False}"
case_057df8dfbda084a6,flowfreeze-shadow-heuristic-v1,0.1,no_movement,0,20491.0,20491.0,monitor_no_intervention_recommended,,,,2026-09-12T12:49:00+00:00,,,False,True,0.0,True,False,0,"{'downstream_wallets': 0, 'observed_cashout_signal': False, 'multi_recipient_signal': False}"
case_67209351d36308b0,flowfreeze-shadow-heuristic-v1,0.1,no_movement,0,19519.0,19519.0,monitor_no_intervention_recommended,,,,2026-09-12T13:04:00+00:00,,,False,True,0.0,True,False,0,"{'downstream_wallets': 0, 'observed_cashout_signal': False, 'multi_recipient_signal': False}"
case_b34b336efbbf9477,flowfreeze-shadow-heuristic-v1,0.1,no_movement,0,28462.0,28462.0,monitor_no_intervention_recommended,,,,2026-09-12T13:19:00+00:00,,,False,True,0.0,True,False,0,"{'downstream_wallets': 0, 'observed_cashout_signal': False, 'multi_recipient_signal': False}"
case_6dfdd5fb32377838,flowfreeze-shadow-heuristic-v1,0.1,no_movement,0,30628.0,30628.0,monitor_no_intervention_recommended,,,,2026-09-12T13:34:00+00:00,,,False,True,0.0,True,False,0,"{'downstream_wallets': 0, 'observed_cashout_signal': False, 'multi_recipient_signal': False}"
case_c7fc871a8cc25f92,flowfreeze-shadow-heuristic-v1,0.1,no_movement,0,17118.0,17118.0,monitor_no_intervention_recommended,,,,2026-09-12T13:49:00+00:00,,,False,True,0.0,True,False,0,"{'downstream_wallets': 0, 'observed_cashout_signal': False, 'multi_recipient_signal': False}"
case_6960ab4f29ab7d65,flowfreeze-shadow-heuristic-v1,0.1,no_movement,0,30408.0,30408.0,monitor_no_intervention_recommended,,,,2026-09-12T14:04:00+00:00,,,False,True,0.0,True,False,0,"{'downstream_wallets': 0, 'observed_cashout_signal': False, 'multi_recipient_signal': False}"
case_312c82a14b0319e6,flowfreeze-shadow-heuristic-v1,0.1,no_movement,0,33707.0,33707.0,monitor_no_intervention_recommended,,,,2026-09-12T14:19:00+00:00,,,False,True,0.0,True,False,0,"{'downstream_wallets': 0, 'observed_cashout_signal': False, 'multi_recipient_signal': False}"
case_80530552c1b73556,flowfreeze-shadow-heuristic-v1,0.1,no_movement,0,34914.0,34914.0,monitor_no_intervention_recommended,,,,2026-09-12T14:34:00+00:00,,,False,True,0.0,True,False,0,"{'downstream_wallets': 0, 'observed_cashout_signal': False, 'multi_recipient_signal': False}"
case_df9d4b6c4f4b18bb,flowfreeze-shadow-heuristic-v1,0.1,no_movement,0,23039.0,23039.0,monitor_no_intervention_recommended,,,,2026-09-12T14:49:00+00:00,,,False,True,0.0,True,False,0,"{'downstream_wallets': 0, 'observed_cashout_signal': False, 'multi_recipient_signal': False}"
case_4bc97c39184f7839,flowfreeze-shadow-heuristic-v1,0.1,no_movement,0,34538.0,34538.0,monitor_no_intervention_recommended,,,,2026-09-12T15:04:00+00:00,,,False,True,0.0,True,False,0,"{'downstream_wallets': 0, 'observed_cashout_signal': False, 'multi_recipient_signal': False}"
case_03dd8a99925582c2,flowfreeze-shadow-heuristic-v1,0.1,no_movement,0,22506.0,22506.0,monitor_no_intervention_recommended,,,,2026-09-12T15:19:00+00:00,,,False,True,0.0,True,False,0,"{'downstream_wallets': 0, 'observed_cashout_signal': False, 'multi_recipient_signal': False}"
case_0af72a170048ada1,flowfreeze-shadow-heuristic-v1,0.1,no_movement,0,34562.0,34562.0,monitor_no_intervention_recommended,,,,2026-09-12T15:34:00+00:00,,,False,True,0.0,True,False,0,"{'downstream_wallets': 0, 'observed_cashout_signal': False, 'multi_recipient_signal': False}"
case_ae1aac2f38923d80,flowfreeze-shadow-heuristic-v1,0.1,no_movement,0,27001.0,27001.0,monitor_no_intervention_recommended,,,,2026-09-12T15:49:00+00:00,,,False,True,0.0,True,False,0,"{'downstream_wallets': 0, 'observed_cashout_signal': False, 'multi_recipient_signal': False}"
case_11158b51e7983485,flowfreeze-shadow-heuristic-v1,0.1,no_movement,0,25792.0,25792.0,monitor_no_intervention_recommended,,,,2026-09-12T16:04:00+00:00,,,False,True,0.0,True,False,0,"{'downstream_wallets': 0, 'observed_cashout_signal': False, 'multi_recipient_signal': False}"
case_1dff8bacfcce61aa,flowfreeze-shadow-heuristic-v1,0.1,no_movement,0,33115.0,33115.0,monitor_no_intervention_recommended,,,,2026-09-12T16:19:00+00:00,,,False,True,0.0,True,False,0,"{'downstream_wallets': 0, 'observed_cashout_signal': False, 'multi_recipient_signal': False}"
case_23c52db46d5b8e84,flowfreeze-shadow-heuristic-v1,0.1,no_movement,0,22855.0,22855.0,monitor_no_intervention_recommended,,,,2026-09-12T16:34:00+00:00,,,False,True,0.0,True,False,0,"{'downstream_wallets': 0, 'observed_cashout_signal': False, 'multi_recipient_signal': False}"
case_98ac19914fa4e216,flowfreeze-shadow-heuristic-v1,0.1,no_movement,0,27776.0,27776.0,monitor_no_intervention_recommended,,,,2026-09-12T16:49:00+00:00,,,False,True,0.0,True,False,0,"{'downstream_wallets': 0, 'observed_cashout_signal': False, 'multi_recipient_signal': False}"
case_4dc1338b6d608e0b,flowfreeze-shadow-heuristic-v1,0.1,no_movement,0,19522.0,19522.0,monitor_no_intervention_recommended,,,,2026-09-12T17:04:00+00:00,,,False,True,0.0,True,False,0,"{'downstream_wallets': 0, 'observed_cashout_signal': False, 'multi_recipient_signal': False}"
case_f11f98a747a2cdf3,flowfreeze-shadow-heuristic-v1,0.1,no_movement,0,18861.0,18861.0,monitor_no_intervention_recommended,,,,2026-09-12T17:19:00+00:00,,,False,True,0.0,True,False,0,"{'downstream_wallets': 0, 'observed_cashout_signal': False, 'multi_recipient_signal': False}"
case_999fa57e0f9319a2,flowfreeze-shadow-heuristic-v1,0.1,no_movement,0,22638.0,22638.0,monitor_no_intervention_recommended,,,,2026-09-12T17:34:00+00:00,,,False,True,0.0,True,False,0,"{'downstream_wallets': 0, 'observed_cashout_signal': False, 'multi_recipient_signal': False}"
case_4ca2aa832d697d6f,flowfreeze-shadow-heuristic-v1,0.1,no_movement,0,32975.0,32975.0,monitor_no_intervention_recommended,,,,2026-09-12T17:49:00+00:00,,,False,True,0.0,True,False,0,"{'downstream_wallets': 0, 'observed_cashout_signal': False, 'multi_recipient_signal': False}"
case_f90c8901f1686486,flowfreeze-shadow-heuristic-v1,0.1,no_movement,0,30635.0,30635.0,monitor_no_intervention_recommended,,,,2026-09-12T18:04:00+00:00,,,False,True,0.0,True,False,0,"{'downstream_wallets': 0, 'observed_cashout_signal': False, 'multi_recipient_signal': False}"
case_245385150c830ca2,flowfreeze-shadow-heuristic-v1,0.1,no_movement,0,31721.0,31721.0,monitor_no_intervention_recommended,,,,2026-09-12T18:19:00+00:00,,,False,True,0.0,True,False,0,"{'downstream_wallets': 0, 'observed_cashout_signal': False, 'multi_recipient_signal': False}"
case_7af6983e11ac84cb,flowfreeze-shadow-heuristic-v1,0.1,no_movement,0,20886.0,20886.0,monitor_no_intervention_recommended,,,,2026-09-12T18:34:00+00:00,,,False,True,0.0,True,False,0,"{'downstream_wallets': 0, 'observed_cashout_signal': False, 'multi_recipient_signal': False}"
case_f7243f4fa5fac983,flowfreeze-shadow-heuristic-v1,0.1,no_movement,0,29588.0,29588.0,monitor_no_intervention_recommended,,,,2026-09-12T18:49:00+00:00,,,False,True,0.0,True,False,0,"{'downstream_wallets': 0, 'observed_cashout_signal': False, 'multi_recipient_signal': False}"
case_0ef213e92c36f7de,flowfreeze-shadow-heuristic-v1,0.1,no_movement,0,33254.0,33254.0,monitor_no_intervention_recommended,,,,2026-09-12T19:04:00+00:00,,,False,True,0.0,True,False,0,"{'downstream_wallets': 0, 'observed_cashout_signal': False, 'multi_recipient_signal': False}"
case_e07bd958e97f9b9d,flowfreeze-shadow-heuristic-v1,0.1,no_movement,0,22988.0,22988.0,monitor_no_intervention_recommended,,,,2026-09-12T19:19:00+00:00,,,False,True,0.0,True,False,0,"{'downstream_wallets': 0, 'observed_cashout_signal': False, 'multi_recipient_signal': False}"
case_6cceaf47d1e68e59,flowfreeze-shadow-heuristic-v1,0.1,no_movement,0,20264.0,20264.0,monitor_no_intervention_recommended,,,,2026-09-12T19:34:00+00:00,,,False,True,0.0,True,False,0,"{'downstream_wallets': 0, 'observed_cashout_signal': False, 'multi_recipient_signal': False}"
case_8ff1a4d257c2dace,flowfreeze-shadow-heuristic-v1,0.1,no_movement,0,23469.0,23469.0,monitor_no_intervention_recommended,,,,2026-09-12T19:49:00+00:00,,,False,True,0.0,True,False,0,"{'downstream_wallets': 0, 'observed_cashout_signal': False, 'multi_recipient_signal': False}"
