scenario_id,scenario_type,split,wallet_id,fraud_flag,fraud_source_wallet,tainted_amount,hop_number,cashout_flag,expected_next_action
SCN-01-DIRECT-0001,direct_fraud,test,SCN-01-DIRECT-0001-VICTIM,0,SCN-01-DIRECT-0001-W1,0.0,-1,0,no_movement
SCN-01-DIRECT-0001,direct_fraud,test,SCN-01-DIRECT-0001-W1,1,SCN-01-DIRECT-0001-W1,53486.0,0,0,no_movement
SCN-01-DIRECT-0001,direct_fraud,test,SCN-01-DIRECT-0001-NORMAL_A,0,SCN-01-DIRECT-0001-W1,0.0,-1,0,no_movement
SCN-01-DIRECT-0001,direct_fraud,test,SCN-01-DIRECT-0001-NORMAL_B,0,SCN-01-DIRECT-0001-W1,0.0,-1,0,no_movement
SCN-01-DIRECT-0001,direct_fraud,test,SCN-01-DIRECT-0001-NORMAL_C,0,SCN-01-DIRECT-0001-W1,0.0,-1,0,no_movement
SCN-01-DIRECT-0002,direct_fraud,test,SCN-01-DIRECT-0002-VICTIM,0,SCN-01-DIRECT-0002-W1,0.0,-1,0,no_movement
SCN-01-DIRECT-0002,direct_fraud,test,SCN-01-DIRECT-0002-W1,1,SCN-01-DIRECT-0002-W1,55912.0,0,0,no_movement
SCN-01-DIRECT-0002,direct_fraud,test,SCN-01-DIRECT-0002-NORMAL_A,0,SCN-01-DIRECT-0002-W1,0.0,-1,0,no_movement
SCN-01-DIRECT-0002,direct_fraud,test,SCN-01-DIRECT-0002-NORMAL_B,0,SCN-01-DIRECT-0002-W1,0.0,-1,0,no_movement
SCN-01-DIRECT-0002,direct_fraud,test,SCN-01-DIRECT-0002-NORMAL_C,0,SCN-01-DIRECT-0002-W1,0.0,-1,0,no_movement
SCN-01-DIRECT-0003,direct_fraud,train,SCN-01-DIRECT-0003-VICTIM,0,SCN-01-DIRECT-0003-W1,0.0,-1,0,no_movement
SCN-01-DIRECT-0003,direct_fraud,train,SCN-01-DIRECT-0003-W1,1,SCN-01-DIRECT-0003-W1,48048.0,0,0,no_movement
SCN-01-DIRECT-0003,direct_fraud,train,SCN-01-DIRECT-0003-NORMAL_A,0,SCN-01-DIRECT-0003-W1,0.0,-1,0,no_movement
SCN-01-DIRECT-0003,direct_fraud,train,SCN-01-DIRECT-0003-NORMAL_B,0,SCN-01-DIRECT-0003-W1,0.0,-1,0,no_movement
SCN-01-DIRECT-0003,direct_fraud,train,SCN-01-DIRECT-0003-NORMAL_C,0,SCN-01-DIRECT-0003-W1,0.0,-1,0,no_movement
SCN-01-DIRECT-0004,direct_fraud,train,SCN-01-DIRECT-0004-VICTIM,0,SCN-01-DIRECT-0004-W1,0.0,-1,0,no_movement
SCN-01-DIRECT-0004,direct_fraud,train,SCN-01-DIRECT-0004-W1,1,SCN-01-DIRECT-0004-W1,38163.0,0,0,no_movement
SCN-01-DIRECT-0004,direct_fraud,train,SCN-01-DIRECT-0004-NORMAL_A,0,SCN-01-DIRECT-0004-W1,0.0,-1,0,no_movement
SCN-01-DIRECT-0004,direct_fraud,train,SCN-01-DIRECT-0004-NORMAL_B,0,SCN-01-DIRECT-0004-W1,0.0,-1,0,no_movement
SCN-01-DIRECT-0004,direct_fraud,train,SCN-01-DIRECT-0004-NORMAL_C,0,SCN-01-DIRECT-0004-W1,0.0,-1,0,no_movement
SCN-01-DIRECT-0005,direct_fraud,test,SCN-01-DIRECT-0005-VICTIM,0,SCN-01-DIRECT-0005-W1,0.0,-1,0,no_movement
SCN-01-DIRECT-0005,direct_fraud,test,SCN-01-DIRECT-0005-W1,1,SCN-01-DIRECT-0005-W1,43011.0,0,0,no_movement
SCN-01-DIRECT-0005,direct_fraud,test,SCN-01-DIRECT-0005-NORMAL_A,0,SCN-01-DIRECT-0005-W1,0.0,-1,0,no_movement
SCN-01-DIRECT-0005,direct_fraud,test,SCN-01-DIRECT-0005-NORMAL_B,0,SCN-01-DIRECT-0005-W1,0.0,-1,0,no_movement
SCN-01-DIRECT-0005,direct_fraud,test,SCN-01-DIRECT-0005-NORMAL_C,0,SCN-01-DIRECT-0005-W1,0.0,-1,0,no_movement
SCN-01-DIRECT-0006,direct_fraud,validation,SCN-01-DIRECT-0006-VICTIM,0,SCN-01-DIRECT-0006-W1,0.0,-1,0,no_movement
SCN-01-DIRECT-0006,direct_fraud,validation,SCN-01-DIRECT-0006-W1,1,SCN-01-DIRECT-0006-W1,57645.0,0,0,no_movement
SCN-01-DIRECT-0006,direct_fraud,validation,SCN-01-DIRECT-0006-NORMAL_A,0,SCN-01-DIRECT-0006-W1,0.0,-1,0,no_movement
SCN-01-DIRECT-0006,direct_fraud,validation,SCN-01-DIRECT-0006-NORMAL_B,0,SCN-01-DIRECT-0006-W1,0.0,-1,0,no_movement
SCN-01-DIRECT-0006,direct_fraud,validation,SCN-01-DIRECT-0006-NORMAL_C,0,SCN-01-DIRECT-0006-W1,0.0,-1,0,no_movement
SCN-01-DIRECT-0007,direct_fraud,validation,SCN-01-DIRECT-0007-VICTIM,0,SCN-01-DIRECT-0007-W1,0.0,-1,0,no_movement
SCN-01-DIRECT-0007,direct_fraud,validation,SCN-01-DIRECT-0007-W1,1,SCN-01-DIRECT-0007-W1,61430.0,0,0,no_movement
SCN-01-DIRECT-0007,direct_fraud,validation,SCN-01-DIRECT-0007-NORMAL_A,0,SCN-01-DIRECT-0007-W1,0.0,-1,0,no_movement
SCN-01-DIRECT-0007,direct_fraud,validation,SCN-01-DIRECT-0007-NORMAL_B,0,SCN-01-DIRECT-0007-W1,0.0,-1,0,no_movement
SCN-01-DIRECT-0007,direct_fraud,validation,SCN-01-DIRECT-0007-NORMAL_C,0,SCN-01-DIRECT-0007-W1,0.0,-1,0,no_movement
SCN-01-DIRECT-0008,direct_fraud,validation,SCN-01-DIRECT-0008-VICTIM,0,SCN-01-DIRECT-0008-W1,0.0,-1,0,no_movement
SCN-01-DIRECT-0008,direct_fraud,validation,SCN-01-DIRECT-0008-W1,1,SCN-01-DIRECT-0008-W1,58687.0,0,0,no_movement
SCN-01-DIRECT-0008,direct_fraud,validation,SCN-01-DIRECT-0008-NORMAL_A,0,SCN-01-DIRECT-0008-W1,0.0,-1,0,no_movement
SCN-01-DIRECT-0008,direct_fraud,validation,SCN-01-DIRECT-0008-NORMAL_B,0,SCN-01-DIRECT-0008-W1,0.0,-1,0,no_movement
SCN-01-DIRECT-0008,direct_fraud,validation,SCN-01-DIRECT-0008-NORMAL_C,0,SCN-01-DIRECT-0008-W1,0.0,-1,0,no_movement
SCN-01-DIRECT-0009,direct_fraud,train,SCN-01-DIRECT-0009-VICTIM,0,SCN-01-DIRECT-0009-W1,0.0,-1,0,no_movement
SCN-01-DIRECT-0009,direct_fraud,train,SCN-01-DIRECT-0009-W1,1,SCN-01-DIRECT-0009-W1,50906.0,0,0,no_movement
SCN-01-DIRECT-0009,direct_fraud,train,SCN-01-DIRECT-0009-NORMAL_A,0,SCN-01-DIRECT-0009-W1,0.0,-1,0,no_movement
SCN-01-DIRECT-0009,direct_fraud,train,SCN-01-DIRECT-0009-NORMAL_B,0,SCN-01-DIRECT-0009-W1,0.0,-1,0,no_movement
SCN-01-DIRECT-0009,direct_fraud,train,SCN-01-DIRECT-0009-NORMAL_C,0,SCN-01-DIRECT-0009-W1,0.0,-1,0,no_movement
SCN-01-DIRECT-0010,direct_fraud,train,SCN-01-DIRECT-0010-VICTIM,0,SCN-01-DIRECT-0010-W1,0.0,-1,0,no_movement
SCN-01-DIRECT-0010,direct_fraud,train,SCN-01-DIRECT-0010-W1,1,SCN-01-DIRECT-0010-W1,58235.0,0,0,no_movement
SCN-01-DIRECT-0010,direct_fraud,train,SCN-01-DIRECT-0010-NORMAL_A,0,SCN-01-DIRECT-0010-W1,0.0,-1,0,no_movement
SCN-01-DIRECT-0010,direct_fraud,train,SCN-01-DIRECT-0010-NORMAL_B,0,SCN-01-DIRECT-0010-W1,0.0,-1,0,no_movement
SCN-01-DIRECT-0010,direct_fraud,train,SCN-01-DIRECT-0010-NORMAL_C,0,SCN-01-DIRECT-0010-W1,0.0,-1,0,no_movement
SCN-01-DIRECT-0011,direct_fraud,train,SCN-01-DIRECT-0011-VICTIM,0,SCN-01-DIRECT-0011-W1,0.0,-1,0,no_movement
SCN-01-DIRECT-0011,direct_fraud,train,SCN-01-DIRECT-0011-W1,1,SCN-01-DIRECT-0011-W1,55114.0,0,0,no_movement
SCN-01-DIRECT-0011,direct_fraud,train,SCN-01-DIRECT-0011-NORMAL_A,0,SCN-01-DIRECT-0011-W1,0.0,-1,0,no_movement
SCN-01-DIRECT-0011,direct_fraud,train,SCN-01-DIRECT-0011-NORMAL_B,0,SCN-01-DIRECT-0011-W1,0.0,-1,0,no_movement
SCN-01-DIRECT-0011,direct_fraud,train,SCN-01-DIRECT-0011-NORMAL_C,0,SCN-01-DIRECT-0011-W1,0.0,-1,0,no_movement
SCN-01-DIRECT-0012,direct_fraud,train,SCN-01-DIRECT-0012-VICTIM,0,SCN-01-DIRECT-0012-W1,0.0,-1,0,no_movement
SCN-01-DIRECT-0012,direct_fraud,train,SCN-01-DIRECT-0012-W1,1,SCN-01-DIRECT-0012-W1,39495.0,0,0,no_movement
SCN-01-DIRECT-0012,direct_fraud,train,SCN-01-DIRECT-0012-NORMAL_A,0,SCN-01-DIRECT-0012-W1,0.0,-1,0,no_movement
SCN-01-DIRECT-0012,direct_fraud,train,SCN-01-DIRECT-0012-NORMAL_B,0,SCN-01-DIRECT-0012-W1,0.0,-1,0,no_movement
SCN-01-DIRECT-0012,direct_fraud,train,SCN-01-DIRECT-0012-NORMAL_C,0,SCN-01-DIRECT-0012-W1,0.0,-1,0,no_movement
SCN-01-DIRECT-0013,direct_fraud,train,SCN-01-DIRECT-0013-VICTIM,0,SCN-01-DIRECT-0013-W1,0.0,-1,0,no_movement
SCN-01-DIRECT-0013,direct_fraud,train,SCN-01-DIRECT-0013-W1,1,SCN-01-DIRECT-0013-W1,53392.0,0,0,no_movement
SCN-01-DIRECT-0013,direct_fraud,train,SCN-01-DIRECT-0013-NORMAL_A,0,SCN-01-DIRECT-0013-W1,0.0,-1,0,no_movement
SCN-01-DIRECT-0013,direct_fraud,train,SCN-01-DIRECT-0013-NORMAL_B,0,SCN-01-DIRECT-0013-W1,0.0,-1,0,no_movement
SCN-01-DIRECT-0013,direct_fraud,train,SCN-01-DIRECT-0013-NORMAL_C,0,SCN-01-DIRECT-0013-W1,0.0,-1,0,no_movement
SCN-01-DIRECT-0014,direct_fraud,train,SCN-01-DIRECT-0014-VICTIM,0,SCN-01-DIRECT-0014-W1,0.0,-1,0,no_movement
SCN-01-DIRECT-0014,direct_fraud,train,SCN-01-DIRECT-0014-W1,1,SCN-01-DIRECT-0014-W1,44174.0,0,0,no_movement
SCN-01-DIRECT-0014,direct_fraud,train,SCN-01-DIRECT-0014-NORMAL_A,0,SCN-01-DIRECT-0014-W1,0.0,-1,0,no_movement
SCN-01-DIRECT-0014,direct_fraud,train,SCN-01-DIRECT-0014-NORMAL_B,0,SCN-01-DIRECT-0014-W1,0.0,-1,0,no_movement
SCN-01-DIRECT-0014,direct_fraud,train,SCN-01-DIRECT-0014-NORMAL_C,0,SCN-01-DIRECT-0014-W1,0.0,-1,0,no_movement
SCN-01-DIRECT-0015,direct_fraud,train,SCN-01-DIRECT-0015-VICTIM,0,SCN-01-DIRECT-0015-W1,0.0,-1,0,no_movement
SCN-01-DIRECT-0015,direct_fraud,train,SCN-01-DIRECT-0015-W1,1,SCN-01-DIRECT-0015-W1,41778.0,0,0,no_movement
SCN-01-DIRECT-0015,direct_fraud,train,SCN-01-DIRECT-0015-NORMAL_A,0,SCN-01-DIRECT-0015-W1,0.0,-1,0,no_movement
SCN-01-DIRECT-0015,direct_fraud,train,SCN-01-DIRECT-0015-NORMAL_B,0,SCN-01-DIRECT-0015-W1,0.0,-1,0,no_movement
SCN-01-DIRECT-0015,direct_fraud,train,SCN-01-DIRECT-0015-NORMAL_C,0,SCN-01-DIRECT-0015-W1,0.0,-1,0,no_movement
SCN-01-DIRECT-0016,direct_fraud,test,SCN-01-DIRECT-0016-VICTIM,0,SCN-01-DIRECT-0016-W1,0.0,-1,0,no_movement
SCN-01-DIRECT-0016,direct_fraud,test,SCN-01-DIRECT-0016-W1,1,SCN-01-DIRECT-0016-W1,62238.0,0,0,no_movement
SCN-01-DIRECT-0016,direct_fraud,test,SCN-01-DIRECT-0016-NORMAL_A,0,SCN-01-DIRECT-0016-W1,0.0,-1,0,no_movement
SCN-01-DIRECT-0016,direct_fraud,test,SCN-01-DIRECT-0016-NORMAL_B,0,SCN-01-DIRECT-0016-W1,0.0,-1,0,no_movement
SCN-01-DIRECT-0016,direct_fraud,test,SCN-01-DIRECT-0016-NORMAL_C,0,SCN-01-DIRECT-0016-W1,0.0,-1,0,no_movement
SCN-01-DIRECT-0017,direct_fraud,train,SCN-01-DIRECT-0017-VICTIM,0,SCN-01-DIRECT-0017-W1,0.0,-1,0,no_movement
SCN-01-DIRECT-0017,direct_fraud,train,SCN-01-DIRECT-0017-W1,1,SCN-01-DIRECT-0017-W1,58571.0,0,0,no_movement
SCN-01-DIRECT-0017,direct_fraud,train,SCN-01-DIRECT-0017-NORMAL_A,0,SCN-01-DIRECT-0017-W1,0.0,-1,0,no_movement
SCN-01-DIRECT-0017,direct_fraud,train,SCN-01-DIRECT-0017-NORMAL_B,0,SCN-01-DIRECT-0017-W1,0.0,-1,0,no_movement
SCN-01-DIRECT-0017,direct_fraud,train,SCN-01-DIRECT-0017-NORMAL_C,0,SCN-01-DIRECT-0017-W1,0.0,-1,0,no_movement
SCN-01-DIRECT-0018,direct_fraud,test,SCN-01-DIRECT-0018-VICTIM,0,SCN-01-DIRECT-0018-W1,0.0,-1,0,no_movement
SCN-01-DIRECT-0018,direct_fraud,test,SCN-01-DIRECT-0018-W1,1,SCN-01-DIRECT-0018-W1,45386.0,0,0,no_movement
SCN-01-DIRECT-0018,direct_fraud,test,SCN-01-DIRECT-0018-NORMAL_A,0,SCN-01-DIRECT-0018-W1,0.0,-1,0,no_movement
SCN-01-DIRECT-0018,direct_fraud,test,SCN-01-DIRECT-0018-NORMAL_B,0,SCN-01-DIRECT-0018-W1,0.0,-1,0,no_movement
SCN-01-DIRECT-0018,direct_fraud,test,SCN-01-DIRECT-0018-NORMAL_C,0,SCN-01-DIRECT-0018-W1,0.0,-1,0,no_movement
SCN-01-DIRECT-0019,direct_fraud,validation,SCN-01-DIRECT-0019-VICTIM,0,SCN-01-DIRECT-0019-W1,0.0,-1,0,no_movement
SCN-01-DIRECT-0019,direct_fraud,validation,SCN-01-DIRECT-0019-W1,1,SCN-01-DIRECT-0019-W1,59409.0,0,0,no_movement
SCN-01-DIRECT-0019,direct_fraud,validation,SCN-01-DIRECT-0019-NORMAL_A,0,SCN-01-DIRECT-0019-W1,0.0,-1,0,no_movement
SCN-01-DIRECT-0019,direct_fraud,validation,SCN-01-DIRECT-0019-NORMAL_B,0,SCN-01-DIRECT-0019-W1,0.0,-1,0,no_movement
SCN-01-DIRECT-0019,direct_fraud,validation,SCN-01-DIRECT-0019-NORMAL_C,0,SCN-01-DIRECT-0019-W1,0.0,-1,0,no_movement
SCN-01-DIRECT-0020,direct_fraud,train,SCN-01-DIRECT-0020-VICTIM,0,SCN-01-DIRECT-0020-W1,0.0,-1,0,no_movement
SCN-01-DIRECT-0020,direct_fraud,train,SCN-01-DIRECT-0020-W1,1,SCN-01-DIRECT-0020-W1,60364.0,0,0,no_movement
SCN-01-DIRECT-0020,direct_fraud,train,SCN-01-DIRECT-0020-NORMAL_A,0,SCN-01-DIRECT-0020-W1,0.0,-1,0,no_movement
SCN-01-DIRECT-0020,direct_fraud,train,SCN-01-DIRECT-0020-NORMAL_B,0,SCN-01-DIRECT-0020-W1,0.0,-1,0,no_movement
SCN-01-DIRECT-0020,direct_fraud,train,SCN-01-DIRECT-0020-NORMAL_C,0,SCN-01-DIRECT-0020-W1,0.0,-1,0,no_movement
SCN-01-DIRECT-0021,direct_fraud,train,SCN-01-DIRECT-0021-VICTIM,0,SCN-01-DIRECT-0021-W1,0.0,-1,0,no_movement
SCN-01-DIRECT-0021,direct_fraud,train,SCN-01-DIRECT-0021-W1,1,SCN-01-DIRECT-0021-W1,51534.0,0,0,no_movement
SCN-01-DIRECT-0021,direct_fraud,train,SCN-01-DIRECT-0021-NORMAL_A,0,SCN-01-DIRECT-0021-W1,0.0,-1,0,no_movement
SCN-01-DIRECT-0021,direct_fraud,train,SCN-01-DIRECT-0021-NORMAL_B,0,SCN-01-DIRECT-0021-W1,0.0,-1,0,no_movement
SCN-01-DIRECT-0021,direct_fraud,train,SCN-01-DIRECT-0021-NORMAL_C,0,SCN-01-DIRECT-0021-W1,0.0,-1,0,no_movement
SCN-01-DIRECT-0022,direct_fraud,train,SCN-01-DIRECT-0022-VICTIM,0,SCN-01-DIRECT-0022-W1,0.0,-1,0,no_movement
SCN-01-DIRECT-0022,direct_fraud,train,SCN-01-DIRECT-0022-W1,1,SCN-01-DIRECT-0022-W1,47485.0,0,0,no_movement
SCN-01-DIRECT-0022,direct_fraud,train,SCN-01-DIRECT-0022-NORMAL_A,0,SCN-01-DIRECT-0022-W1,0.0,-1,0,no_movement
SCN-01-DIRECT-0022,direct_fraud,train,SCN-01-DIRECT-0022-NORMAL_B,0,SCN-01-DIRECT-0022-W1,0.0,-1,0,no_movement
SCN-01-DIRECT-0022,direct_fraud,train,SCN-01-DIRECT-0022-NORMAL_C,0,SCN-01-DIRECT-0022-W1,0.0,-1,0,no_movement
SCN-01-DIRECT-0023,direct_fraud,train,SCN-01-DIRECT-0023-VICTIM,0,SCN-01-DIRECT-0023-W1,0.0,-1,0,no_movement
SCN-01-DIRECT-0023,direct_fraud,train,SCN-01-DIRECT-0023-W1,1,SCN-01-DIRECT-0023-W1,39773.0,0,0,no_movement
SCN-01-DIRECT-0023,direct_fraud,train,SCN-01-DIRECT-0023-NORMAL_A,0,SCN-01-DIRECT-0023-W1,0.0,-1,0,no_movement
SCN-01-DIRECT-0023,direct_fraud,train,SCN-01-DIRECT-0023-NORMAL_B,0,SCN-01-DIRECT-0023-W1,0.0,-1,0,no_movement
SCN-01-DIRECT-0023,direct_fraud,train,SCN-01-DIRECT-0023-NORMAL_C,0,SCN-01-DIRECT-0023-W1,0.0,-1,0,no_movement
SCN-01-DIRECT-0024,direct_fraud,train,SCN-01-DIRECT-0024-VICTIM,0,SCN-01-DIRECT-0024-W1,0.0,-1,0,no_movement
SCN-01-DIRECT-0024,direct_fraud,train,SCN-01-DIRECT-0024-W1,1,SCN-01-DIRECT-0024-W1,57302.0,0,0,no_movement
SCN-01-DIRECT-0024,direct_fraud,train,SCN-01-DIRECT-0024-NORMAL_A,0,SCN-01-DIRECT-0024-W1,0.0,-1,0,no_movement
SCN-01-DIRECT-0024,direct_fraud,train,SCN-01-DIRECT-0024-NORMAL_B,0,SCN-01-DIRECT-0024-W1,0.0,-1,0,no_movement
SCN-01-DIRECT-0024,direct_fraud,train,SCN-01-DIRECT-0024-NORMAL_C,0,SCN-01-DIRECT-0024-W1,0.0,-1,0,no_movement
SCN-01-DIRECT-0025,direct_fraud,train,SCN-01-DIRECT-0025-VICTIM,0,SCN-01-DIRECT-0025-W1,0.0,-1,0,no_movement
SCN-01-DIRECT-0025,direct_fraud,train,SCN-01-DIRECT-0025-W1,1,SCN-01-DIRECT-0025-W1,62403.0,0,0,no_movement
SCN-01-DIRECT-0025,direct_fraud,train,SCN-01-DIRECT-0025-NORMAL_A,0,SCN-01-DIRECT-0025-W1,0.0,-1,0,no_movement
SCN-01-DIRECT-0025,direct_fraud,train,SCN-01-DIRECT-0025-NORMAL_B,0,SCN-01-DIRECT-0025-W1,0.0,-1,0,no_movement
SCN-01-DIRECT-0025,direct_fraud,train,SCN-01-DIRECT-0025-NORMAL_C,0,SCN-01-DIRECT-0025-W1,0.0,-1,0,no_movement
SCN-01-DIRECT-0026,direct_fraud,test,SCN-01-DIRECT-0026-VICTIM,0,SCN-01-DIRECT-0026-W1,0.0,-1,0,no_movement
SCN-01-DIRECT-0026,direct_fraud,test,SCN-01-DIRECT-0026-W1,1,SCN-01-DIRECT-0026-W1,37787.0,0,0,no_movement
SCN-01-DIRECT-0026,direct_fraud,test,SCN-01-DIRECT-0026-NORMAL_A,0,SCN-01-DIRECT-0026-W1,0.0,-1,0,no_movement
SCN-01-DIRECT-0026,direct_fraud,test,SCN-01-DIRECT-0026-NORMAL_B,0,SCN-01-DIRECT-0026-W1,0.0,-1,0,no_movement
SCN-01-DIRECT-0026,direct_fraud,test,SCN-01-DIRECT-0026-NORMAL_C,0,SCN-01-DIRECT-0026-W1,0.0,-1,0,no_movement
SCN-01-DIRECT-0027,direct_fraud,train,SCN-01-DIRECT-0027-VICTIM,0,SCN-01-DIRECT-0027-W1,0.0,-1,0,no_movement
SCN-01-DIRECT-0027,direct_fraud,train,SCN-01-DIRECT-0027-W1,1,SCN-01-DIRECT-0027-W1,44171.0,0,0,no_movement
SCN-01-DIRECT-0027,direct_fraud,train,SCN-01-DIRECT-0027-NORMAL_A,0,SCN-01-DIRECT-0027-W1,0.0,-1,0,no_movement
SCN-01-DIRECT-0027,direct_fraud,train,SCN-01-DIRECT-0027-NORMAL_B,0,SCN-01-DIRECT-0027-W1,0.0,-1,0,no_movement
SCN-01-DIRECT-0027,direct_fraud,train,SCN-01-DIRECT-0027-NORMAL_C,0,SCN-01-DIRECT-0027-W1,0.0,-1,0,no_movement
SCN-01-DIRECT-0028,direct_fraud,train,SCN-01-DIRECT-0028-VICTIM,0,SCN-01-DIRECT-0028-W1,0.0,-1,0,no_movement
SCN-01-DIRECT-0028,direct_fraud,train,SCN-01-DIRECT-0028-W1,1,SCN-01-DIRECT-0028-W1,48843.0,0,0,no_movement
SCN-01-DIRECT-0028,direct_fraud,train,SCN-01-DIRECT-0028-NORMAL_A,0,SCN-01-DIRECT-0028-W1,0.0,-1,0,no_movement
SCN-01-DIRECT-0028,direct_fraud,train,SCN-01-DIRECT-0028-NORMAL_B,0,SCN-01-DIRECT-0028-W1,0.0,-1,0,no_movement
SCN-01-DIRECT-0028,direct_fraud,train,SCN-01-DIRECT-0028-NORMAL_C,0,SCN-01-DIRECT-0028-W1,0.0,-1,0,no_movement
SCN-01-DIRECT-0029,direct_fraud,train,SCN-01-DIRECT-0029-VICTIM,0,SCN-01-DIRECT-0029-W1,0.0,-1,0,no_movement
SCN-01-DIRECT-0029,direct_fraud,train,SCN-01-DIRECT-0029-W1,1,SCN-01-DIRECT-0029-W1,50015.0,0,0,no_movement
SCN-01-DIRECT-0029,direct_fraud,train,SCN-01-DIRECT-0029-NORMAL_A,0,SCN-01-DIRECT-0029-W1,0.0,-1,0,no_movement
SCN-01-DIRECT-0029,direct_fraud,train,SCN-01-DIRECT-0029-NORMAL_B,0,SCN-01-DIRECT-0029-W1,0.0,-1,0,no_movement
SCN-01-DIRECT-0029,direct_fraud,train,SCN-01-DIRECT-0029-NORMAL_C,0,SCN-01-DIRECT-0029-W1,0.0,-1,0,no_movement
SCN-01-DIRECT-0030,direct_fraud,validation,SCN-01-DIRECT-0030-VICTIM,0,SCN-01-DIRECT-0030-W1,0.0,-1,0,no_movement
SCN-01-DIRECT-0030,direct_fraud,validation,SCN-01-DIRECT-0030-W1,1,SCN-01-DIRECT-0030-W1,44961.0,0,0,no_movement
SCN-01-DIRECT-0030,direct_fraud,validation,SCN-01-DIRECT-0030-NORMAL_A,0,SCN-01-DIRECT-0030-W1,0.0,-1,0,no_movement
SCN-01-DIRECT-0030,direct_fraud,validation,SCN-01-DIRECT-0030-NORMAL_B,0,SCN-01-DIRECT-0030-W1,0.0,-1,0,no_movement
SCN-01-DIRECT-0030,direct_fraud,validation,SCN-01-DIRECT-0030-NORMAL_C,0,SCN-01-DIRECT-0030-W1,0.0,-1,0,no_movement
SCN-01-DIRECT-0031,direct_fraud,train,SCN-01-DIRECT-0031-VICTIM,0,SCN-01-DIRECT-0031-W1,0.0,-1,0,no_movement
SCN-01-DIRECT-0031,direct_fraud,train,SCN-01-DIRECT-0031-W1,1,SCN-01-DIRECT-0031-W1,56563.0,0,0,no_movement
SCN-01-DIRECT-0031,direct_fraud,train,SCN-01-DIRECT-0031-NORMAL_A,0,SCN-01-DIRECT-0031-W1,0.0,-1,0,no_movement
SCN-01-DIRECT-0031,direct_fraud,train,SCN-01-DIRECT-0031-NORMAL_B,0,SCN-01-DIRECT-0031-W1,0.0,-1,0,no_movement
SCN-01-DIRECT-0031,direct_fraud,train,SCN-01-DIRECT-0031-NORMAL_C,0,SCN-01-DIRECT-0031-W1,0.0,-1,0,no_movement
SCN-01-DIRECT-0032,direct_fraud,train,SCN-01-DIRECT-0032-VICTIM,0,SCN-01-DIRECT-0032-W1,0.0,-1,0,no_movement
SCN-01-DIRECT-0032,direct_fraud,train,SCN-01-DIRECT-0032-W1,1,SCN-01-DIRECT-0032-W1,37514.0,0,0,no_movement
SCN-01-DIRECT-0032,direct_fraud,train,SCN-01-DIRECT-0032-NORMAL_A,0,SCN-01-DIRECT-0032-W1,0.0,-1,0,no_movement
SCN-01-DIRECT-0032,direct_fraud,train,SCN-01-DIRECT-0032-NORMAL_B,0,SCN-01-DIRECT-0032-W1,0.0,-1,0,no_movement
SCN-01-DIRECT-0032,direct_fraud,train,SCN-01-DIRECT-0032-NORMAL_C,0,SCN-01-DIRECT-0032-W1,0.0,-1,0,no_movement
SCN-01-DIRECT-0033,direct_fraud,train,SCN-01-DIRECT-0033-VICTIM,0,SCN-01-DIRECT-0033-W1,0.0,-1,0,no_movement
SCN-01-DIRECT-0033,direct_fraud,train,SCN-01-DIRECT-0033-W1,1,SCN-01-DIRECT-0033-W1,59468.0,0,0,no_movement
SCN-01-DIRECT-0033,direct_fraud,train,SCN-01-DIRECT-0033-NORMAL_A,0,SCN-01-DIRECT-0033-W1,0.0,-1,0,no_movement
SCN-01-DIRECT-0033,direct_fraud,train,SCN-01-DIRECT-0033-NORMAL_B,0,SCN-01-DIRECT-0033-W1,0.0,-1,0,no_movement
SCN-01-DIRECT-0033,direct_fraud,train,SCN-01-DIRECT-0033-NORMAL_C,0,SCN-01-DIRECT-0033-W1,0.0,-1,0,no_movement
SCN-01-DIRECT-0034,direct_fraud,train,SCN-01-DIRECT-0034-VICTIM,0,SCN-01-DIRECT-0034-W1,0.0,-1,0,no_movement
SCN-01-DIRECT-0034,direct_fraud,train,SCN-01-DIRECT-0034-W1,1,SCN-01-DIRECT-0034-W1,59450.0,0,0,no_movement
SCN-01-DIRECT-0034,direct_fraud,train,SCN-01-DIRECT-0034-NORMAL_A,0,SCN-01-DIRECT-0034-W1,0.0,-1,0,no_movement
SCN-01-DIRECT-0034,direct_fraud,train,SCN-01-DIRECT-0034-NORMAL_B,0,SCN-01-DIRECT-0034-W1,0.0,-1,0,no_movement
SCN-01-DIRECT-0034,direct_fraud,train,SCN-01-DIRECT-0034-NORMAL_C,0,SCN-01-DIRECT-0034-W1,0.0,-1,0,no_movement
SCN-01-DIRECT-0035,direct_fraud,train,SCN-01-DIRECT-0035-VICTIM,0,SCN-01-DIRECT-0035-W1,0.0,-1,0,no_movement
SCN-01-DIRECT-0035,direct_fraud,train,SCN-01-DIRECT-0035-W1,1,SCN-01-DIRECT-0035-W1,39230.0,0,0,no_movement
SCN-01-DIRECT-0035,direct_fraud,train,SCN-01-DIRECT-0035-NORMAL_A,0,SCN-01-DIRECT-0035-W1,0.0,-1,0,no_movement
SCN-01-DIRECT-0035,direct_fraud,train,SCN-01-DIRECT-0035-NORMAL_B,0,SCN-01-DIRECT-0035-W1,0.0,-1,0,no_movement
SCN-01-DIRECT-0035,direct_fraud,train,SCN-01-DIRECT-0035-NORMAL_C,0,SCN-01-DIRECT-0035-W1,0.0,-1,0,no_movement
SCN-01-DIRECT-0036,direct_fraud,train,SCN-01-DIRECT-0036-VICTIM,0,SCN-01-DIRECT-0036-W1,0.0,-1,0,no_movement
SCN-01-DIRECT-0036,direct_fraud,train,SCN-01-DIRECT-0036-W1,1,SCN-01-DIRECT-0036-W1,49382.0,0,0,no_movement
SCN-01-DIRECT-0036,direct_fraud,train,SCN-01-DIRECT-0036-NORMAL_A,0,SCN-01-DIRECT-0036-W1,0.0,-1,0,no_movement
SCN-01-DIRECT-0036,direct_fraud,train,SCN-01-DIRECT-0036-NORMAL_B,0,SCN-01-DIRECT-0036-W1,0.0,-1,0,no_movement
SCN-01-DIRECT-0036,direct_fraud,train,SCN-01-DIRECT-0036-NORMAL_C,0,SCN-01-DIRECT-0036-W1,0.0,-1,0,no_movement
SCN-01-DIRECT-0037,direct_fraud,test,SCN-01-DIRECT-0037-VICTIM,0,SCN-01-DIRECT-0037-W1,0.0,-1,0,no_movement
SCN-01-DIRECT-0037,direct_fraud,test,SCN-01-DIRECT-0037-W1,1,SCN-01-DIRECT-0037-W1,48078.0,0,0,no_movement
SCN-01-DIRECT-0037,direct_fraud,test,SCN-01-DIRECT-0037-NORMAL_A,0,SCN-01-DIRECT-0037-W1,0.0,-1,0,no_movement
SCN-01-DIRECT-0037,direct_fraud,test,SCN-01-DIRECT-0037-NORMAL_B,0,SCN-01-DIRECT-0037-W1,0.0,-1,0,no_movement
SCN-01-DIRECT-0037,direct_fraud,test,SCN-01-DIRECT-0037-NORMAL_C,0,SCN-01-DIRECT-0037-W1,0.0,-1,0,no_movement
SCN-01-DIRECT-0038,direct_fraud,train,SCN-01-DIRECT-0038-VICTIM,0,SCN-01-DIRECT-0038-W1,0.0,-1,0,no_movement
SCN-01-DIRECT-0038,direct_fraud,train,SCN-01-DIRECT-0038-W1,1,SCN-01-DIRECT-0038-W1,42529.0,0,0,no_movement
SCN-01-DIRECT-0038,direct_fraud,train,SCN-01-DIRECT-0038-NORMAL_A,0,SCN-01-DIRECT-0038-W1,0.0,-1,0,no_movement
SCN-01-DIRECT-0038,direct_fraud,train,SCN-01-DIRECT-0038-NORMAL_B,0,SCN-01-DIRECT-0038-W1,0.0,-1,0,no_movement
SCN-01-DIRECT-0038,direct_fraud,train,SCN-01-DIRECT-0038-NORMAL_C,0,SCN-01-DIRECT-0038-W1,0.0,-1,0,no_movement
SCN-01-DIRECT-0039,direct_fraud,test,SCN-01-DIRECT-0039-VICTIM,0,SCN-01-DIRECT-0039-W1,0.0,-1,0,no_movement
SCN-01-DIRECT-0039,direct_fraud,test,SCN-01-DIRECT-0039-W1,1,SCN-01-DIRECT-0039-W1,48453.0,0,0,no_movement
SCN-01-DIRECT-0039,direct_fraud,test,SCN-01-DIRECT-0039-NORMAL_A,0,SCN-01-DIRECT-0039-W1,0.0,-1,0,no_movement
SCN-01-DIRECT-0039,direct_fraud,test,SCN-01-DIRECT-0039-NORMAL_B,0,SCN-01-DIRECT-0039-W1,0.0,-1,0,no_movement
SCN-01-DIRECT-0039,direct_fraud,test,SCN-01-DIRECT-0039-NORMAL_C,0,SCN-01-DIRECT-0039-W1,0.0,-1,0,no_movement
SCN-01-DIRECT-0040,direct_fraud,train,SCN-01-DIRECT-0040-VICTIM,0,SCN-01-DIRECT-0040-W1,0.0,-1,0,no_movement
SCN-01-DIRECT-0040,direct_fraud,train,SCN-01-DIRECT-0040-W1,1,SCN-01-DIRECT-0040-W1,45952.0,0,0,no_movement
SCN-01-DIRECT-0040,direct_fraud,train,SCN-01-DIRECT-0040-NORMAL_A,0,SCN-01-DIRECT-0040-W1,0.0,-1,0,no_movement
SCN-01-DIRECT-0040,direct_fraud,train,SCN-01-DIRECT-0040-NORMAL_B,0,SCN-01-DIRECT-0040-W1,0.0,-1,0,no_movement
SCN-01-DIRECT-0040,direct_fraud,train,SCN-01-DIRECT-0040-NORMAL_C,0,SCN-01-DIRECT-0040-W1,0.0,-1,0,no_movement
SCN-01-DIRECT-0041,direct_fraud,train,SCN-01-DIRECT-0041-VICTIM,0,SCN-01-DIRECT-0041-W1,0.0,-1,0,no_movement
SCN-01-DIRECT-0041,direct_fraud,train,SCN-01-DIRECT-0041-W1,1,SCN-01-DIRECT-0041-W1,39275.0,0,0,no_movement
SCN-01-DIRECT-0041,direct_fraud,train,SCN-01-DIRECT-0041-NORMAL_A,0,SCN-01-DIRECT-0041-W1,0.0,-1,0,no_movement
SCN-01-DIRECT-0041,direct_fraud,train,SCN-01-DIRECT-0041-NORMAL_B,0,SCN-01-DIRECT-0041-W1,0.0,-1,0,no_movement
SCN-01-DIRECT-0041,direct_fraud,train,SCN-01-DIRECT-0041-NORMAL_C,0,SCN-01-DIRECT-0041-W1,0.0,-1,0,no_movement
SCN-01-DIRECT-0042,direct_fraud,train,SCN-01-DIRECT-0042-VICTIM,0,SCN-01-DIRECT-0042-W1,0.0,-1,0,no_movement
SCN-01-DIRECT-0042,direct_fraud,train,SCN-01-DIRECT-0042-W1,1,SCN-01-DIRECT-0042-W1,58991.0,0,0,no_movement
SCN-01-DIRECT-0042,direct_fraud,train,SCN-01-DIRECT-0042-NORMAL_A,0,SCN-01-DIRECT-0042-W1,0.0,-1,0,no_movement
SCN-01-DIRECT-0042,direct_fraud,train,SCN-01-DIRECT-0042-NORMAL_B,0,SCN-01-DIRECT-0042-W1,0.0,-1,0,no_movement
SCN-01-DIRECT-0042,direct_fraud,train,SCN-01-DIRECT-0042-NORMAL_C,0,SCN-01-DIRECT-0042-W1,0.0,-1,0,no_movement
SCN-01-DIRECT-0043,direct_fraud,train,SCN-01-DIRECT-0043-VICTIM,0,SCN-01-DIRECT-0043-W1,0.0,-1,0,no_movement
SCN-01-DIRECT-0043,direct_fraud,train,SCN-01-DIRECT-0043-W1,1,SCN-01-DIRECT-0043-W1,42856.0,0,0,no_movement
SCN-01-DIRECT-0043,direct_fraud,train,SCN-01-DIRECT-0043-NORMAL_A,0,SCN-01-DIRECT-0043-W1,0.0,-1,0,no_movement
SCN-01-DIRECT-0043,direct_fraud,train,SCN-01-DIRECT-0043-NORMAL_B,0,SCN-01-DIRECT-0043-W1,0.0,-1,0,no_movement
SCN-01-DIRECT-0043,direct_fraud,train,SCN-01-DIRECT-0043-NORMAL_C,0,SCN-01-DIRECT-0043-W1,0.0,-1,0,no_movement
SCN-01-DIRECT-0044,direct_fraud,test,SCN-01-DIRECT-0044-VICTIM,0,SCN-01-DIRECT-0044-W1,0.0,-1,0,no_movement
SCN-01-DIRECT-0044,direct_fraud,test,SCN-01-DIRECT-0044-W1,1,SCN-01-DIRECT-0044-W1,49317.0,0,0,no_movement
SCN-01-DIRECT-0044,direct_fraud,test,SCN-01-DIRECT-0044-NORMAL_A,0,SCN-01-DIRECT-0044-W1,0.0,-1,0,no_movement
SCN-01-DIRECT-0044,direct_fraud,test,SCN-01-DIRECT-0044-NORMAL_B,0,SCN-01-DIRECT-0044-W1,0.0,-1,0,no_movement
SCN-01-DIRECT-0044,direct_fraud,test,SCN-01-DIRECT-0044-NORMAL_C,0,SCN-01-DIRECT-0044-W1,0.0,-1,0,no_movement
SCN-01-DIRECT-0045,direct_fraud,train,SCN-01-DIRECT-0045-VICTIM,0,SCN-01-DIRECT-0045-W1,0.0,-1,0,no_movement
SCN-01-DIRECT-0045,direct_fraud,train,SCN-01-DIRECT-0045-W1,1,SCN-01-DIRECT-0045-W1,39923.0,0,0,no_movement
SCN-01-DIRECT-0045,direct_fraud,train,SCN-01-DIRECT-0045-NORMAL_A,0,SCN-01-DIRECT-0045-W1,0.0,-1,0,no_movement
SCN-01-DIRECT-0045,direct_fraud,train,SCN-01-DIRECT-0045-NORMAL_B,0,SCN-01-DIRECT-0045-W1,0.0,-1,0,no_movement
SCN-01-DIRECT-0045,direct_fraud,train,SCN-01-DIRECT-0045-NORMAL_C,0,SCN-01-DIRECT-0045-W1,0.0,-1,0,no_movement
SCN-01-DIRECT-0046,direct_fraud,train,SCN-01-DIRECT-0046-VICTIM,0,SCN-01-DIRECT-0046-W1,0.0,-1,0,no_movement
SCN-01-DIRECT-0046,direct_fraud,train,SCN-01-DIRECT-0046-W1,1,SCN-01-DIRECT-0046-W1,55727.0,0,0,no_movement
SCN-01-DIRECT-0046,direct_fraud,train,SCN-01-DIRECT-0046-NORMAL_A,0,SCN-01-DIRECT-0046-W1,0.0,-1,0,no_movement
SCN-01-DIRECT-0046,direct_fraud,train,SCN-01-DIRECT-0046-NORMAL_B,0,SCN-01-DIRECT-0046-W1,0.0,-1,0,no_movement
SCN-01-DIRECT-0046,direct_fraud,train,SCN-01-DIRECT-0046-NORMAL_C,0,SCN-01-DIRECT-0046-W1,0.0,-1,0,no_movement
SCN-01-DIRECT-0047,direct_fraud,train,SCN-01-DIRECT-0047-VICTIM,0,SCN-01-DIRECT-0047-W1,0.0,-1,0,no_movement
SCN-01-DIRECT-0047,direct_fraud,train,SCN-01-DIRECT-0047-W1,1,SCN-01-DIRECT-0047-W1,47566.0,0,0,no_movement
SCN-01-DIRECT-0047,direct_fraud,train,SCN-01-DIRECT-0047-NORMAL_A,0,SCN-01-DIRECT-0047-W1,0.0,-1,0,no_movement
SCN-01-DIRECT-0047,direct_fraud,train,SCN-01-DIRECT-0047-NORMAL_B,0,SCN-01-DIRECT-0047-W1,0.0,-1,0,no_movement
SCN-01-DIRECT-0047,direct_fraud,train,SCN-01-DIRECT-0047-NORMAL_C,0,SCN-01-DIRECT-0047-W1,0.0,-1,0,no_movement
SCN-01-DIRECT-0048,direct_fraud,train,SCN-01-DIRECT-0048-VICTIM,0,SCN-01-DIRECT-0048-W1,0.0,-1,0,no_movement
SCN-01-DIRECT-0048,direct_fraud,train,SCN-01-DIRECT-0048-W1,1,SCN-01-DIRECT-0048-W1,42255.0,0,0,no_movement
SCN-01-DIRECT-0048,direct_fraud,train,SCN-01-DIRECT-0048-NORMAL_A,0,SCN-01-DIRECT-0048-W1,0.0,-1,0,no_movement
SCN-01-DIRECT-0048,direct_fraud,train,SCN-01-DIRECT-0048-NORMAL_B,0,SCN-01-DIRECT-0048-W1,0.0,-1,0,no_movement
SCN-01-DIRECT-0048,direct_fraud,train,SCN-01-DIRECT-0048-NORMAL_C,0,SCN-01-DIRECT-0048-W1,0.0,-1,0,no_movement
SCN-01-DIRECT-0049,direct_fraud,train,SCN-01-DIRECT-0049-VICTIM,0,SCN-01-DIRECT-0049-W1,0.0,-1,0,no_movement
SCN-01-DIRECT-0049,direct_fraud,train,SCN-01-DIRECT-0049-W1,1,SCN-01-DIRECT-0049-W1,43745.0,0,0,no_movement
SCN-01-DIRECT-0049,direct_fraud,train,SCN-01-DIRECT-0049-NORMAL_A,0,SCN-01-DIRECT-0049-W1,0.0,-1,0,no_movement
SCN-01-DIRECT-0049,direct_fraud,train,SCN-01-DIRECT-0049-NORMAL_B,0,SCN-01-DIRECT-0049-W1,0.0,-1,0,no_movement
SCN-01-DIRECT-0049,direct_fraud,train,SCN-01-DIRECT-0049-NORMAL_C,0,SCN-01-DIRECT-0049-W1,0.0,-1,0,no_movement
SCN-01-DIRECT-0050,direct_fraud,train,SCN-01-DIRECT-0050-VICTIM,0,SCN-01-DIRECT-0050-W1,0.0,-1,0,no_movement
SCN-01-DIRECT-0050,direct_fraud,train,SCN-01-DIRECT-0050-W1,1,SCN-01-DIRECT-0050-W1,51258.0,0,0,no_movement
SCN-01-DIRECT-0050,direct_fraud,train,SCN-01-DIRECT-0050-NORMAL_A,0,SCN-01-DIRECT-0050-W1,0.0,-1,0,no_movement
SCN-01-DIRECT-0050,direct_fraud,train,SCN-01-DIRECT-0050-NORMAL_B,0,SCN-01-DIRECT-0050-W1,0.0,-1,0,no_movement
SCN-01-DIRECT-0050,direct_fraud,train,SCN-01-DIRECT-0050-NORMAL_C,0,SCN-01-DIRECT-0050-W1,0.0,-1,0,no_movement
SCN-01-DIRECT-0051,direct_fraud,validation,SCN-01-DIRECT-0051-VICTIM,0,SCN-01-DIRECT-0051-W1,0.0,-1,0,no_movement
SCN-01-DIRECT-0051,direct_fraud,validation,SCN-01-DIRECT-0051-W1,1,SCN-01-DIRECT-0051-W1,61725.0,0,0,no_movement
SCN-01-DIRECT-0051,direct_fraud,validation,SCN-01-DIRECT-0051-NORMAL_A,0,SCN-01-DIRECT-0051-W1,0.0,-1,0,no_movement
SCN-01-DIRECT-0051,direct_fraud,validation,SCN-01-DIRECT-0051-NORMAL_B,0,SCN-01-DIRECT-0051-W1,0.0,-1,0,no_movement
SCN-01-DIRECT-0051,direct_fraud,validation,SCN-01-DIRECT-0051-NORMAL_C,0,SCN-01-DIRECT-0051-W1,0.0,-1,0,no_movement
SCN-01-DIRECT-0052,direct_fraud,train,SCN-01-DIRECT-0052-VICTIM,0,SCN-01-DIRECT-0052-W1,0.0,-1,0,no_movement
SCN-01-DIRECT-0052,direct_fraud,train,SCN-01-DIRECT-0052-W1,1,SCN-01-DIRECT-0052-W1,49641.0,0,0,no_movement
SCN-01-DIRECT-0052,direct_fraud,train,SCN-01-DIRECT-0052-NORMAL_A,0,SCN-01-DIRECT-0052-W1,0.0,-1,0,no_movement
SCN-01-DIRECT-0052,direct_fraud,train,SCN-01-DIRECT-0052-NORMAL_B,0,SCN-01-DIRECT-0052-W1,0.0,-1,0,no_movement
SCN-01-DIRECT-0052,direct_fraud,train,SCN-01-DIRECT-0052-NORMAL_C,0,SCN-01-DIRECT-0052-W1,0.0,-1,0,no_movement
SCN-01-DIRECT-0053,direct_fraud,validation,SCN-01-DIRECT-0053-VICTIM,0,SCN-01-DIRECT-0053-W1,0.0,-1,0,no_movement
SCN-01-DIRECT-0053,direct_fraud,validation,SCN-01-DIRECT-0053-W1,1,SCN-01-DIRECT-0053-W1,46974.0,0,0,no_movement
SCN-01-DIRECT-0053,direct_fraud,validation,SCN-01-DIRECT-0053-NORMAL_A,0,SCN-01-DIRECT-0053-W1,0.0,-1,0,no_movement
SCN-01-DIRECT-0053,direct_fraud,validation,SCN-01-DIRECT-0053-NORMAL_B,0,SCN-01-DIRECT-0053-W1,0.0,-1,0,no_movement
SCN-01-DIRECT-0053,direct_fraud,validation,SCN-01-DIRECT-0053-NORMAL_C,0,SCN-01-DIRECT-0053-W1,0.0,-1,0,no_movement
SCN-01-DIRECT-0054,direct_fraud,validation,SCN-01-DIRECT-0054-VICTIM,0,SCN-01-DIRECT-0054-W1,0.0,-1,0,no_movement
SCN-01-DIRECT-0054,direct_fraud,validation,SCN-01-DIRECT-0054-W1,1,SCN-01-DIRECT-0054-W1,48875.0,0,0,no_movement
SCN-01-DIRECT-0054,direct_fraud,validation,SCN-01-DIRECT-0054-NORMAL_A,0,SCN-01-DIRECT-0054-W1,0.0,-1,0,no_movement
SCN-01-DIRECT-0054,direct_fraud,validation,SCN-01-DIRECT-0054-NORMAL_B,0,SCN-01-DIRECT-0054-W1,0.0,-1,0,no_movement
SCN-01-DIRECT-0054,direct_fraud,validation,SCN-01-DIRECT-0054-NORMAL_C,0,SCN-01-DIRECT-0054-W1,0.0,-1,0,no_movement
SCN-01-DIRECT-0055,direct_fraud,train,SCN-01-DIRECT-0055-VICTIM,0,SCN-01-DIRECT-0055-W1,0.0,-1,0,no_movement
SCN-01-DIRECT-0055,direct_fraud,train,SCN-01-DIRECT-0055-W1,1,SCN-01-DIRECT-0055-W1,51394.0,0,0,no_movement
SCN-01-DIRECT-0055,direct_fraud,train,SCN-01-DIRECT-0055-NORMAL_A,0,SCN-01-DIRECT-0055-W1,0.0,-1,0,no_movement
SCN-01-DIRECT-0055,direct_fraud,train,SCN-01-DIRECT-0055-NORMAL_B,0,SCN-01-DIRECT-0055-W1,0.0,-1,0,no_movement
SCN-01-DIRECT-0055,direct_fraud,train,SCN-01-DIRECT-0055-NORMAL_C,0,SCN-01-DIRECT-0055-W1,0.0,-1,0,no_movement
SCN-01-DIRECT-0056,direct_fraud,train,SCN-01-DIRECT-0056-VICTIM,0,SCN-01-DIRECT-0056-W1,0.0,-1,0,no_movement
SCN-01-DIRECT-0056,direct_fraud,train,SCN-01-DIRECT-0056-W1,1,SCN-01-DIRECT-0056-W1,61718.0,0,0,no_movement
SCN-01-DIRECT-0056,direct_fraud,train,SCN-01-DIRECT-0056-NORMAL_A,0,SCN-01-DIRECT-0056-W1,0.0,-1,0,no_movement
SCN-01-DIRECT-0056,direct_fraud,train,SCN-01-DIRECT-0056-NORMAL_B,0,SCN-01-DIRECT-0056-W1,0.0,-1,0,no_movement
SCN-01-DIRECT-0056,direct_fraud,train,SCN-01-DIRECT-0056-NORMAL_C,0,SCN-01-DIRECT-0056-W1,0.0,-1,0,no_movement
SCN-01-DIRECT-0057,direct_fraud,train,SCN-01-DIRECT-0057-VICTIM,0,SCN-01-DIRECT-0057-W1,0.0,-1,0,no_movement
SCN-01-DIRECT-0057,direct_fraud,train,SCN-01-DIRECT-0057-W1,1,SCN-01-DIRECT-0057-W1,38929.0,0,0,no_movement
SCN-01-DIRECT-0057,direct_fraud,train,SCN-01-DIRECT-0057-NORMAL_A,0,SCN-01-DIRECT-0057-W1,0.0,-1,0,no_movement
SCN-01-DIRECT-0057,direct_fraud,train,SCN-01-DIRECT-0057-NORMAL_B,0,SCN-01-DIRECT-0057-W1,0.0,-1,0,no_movement
SCN-01-DIRECT-0057,direct_fraud,train,SCN-01-DIRECT-0057-NORMAL_C,0,SCN-01-DIRECT-0057-W1,0.0,-1,0,no_movement
SCN-01-DIRECT-0058,direct_fraud,train,SCN-01-DIRECT-0058-VICTIM,0,SCN-01-DIRECT-0058-W1,0.0,-1,0,no_movement
SCN-01-DIRECT-0058,direct_fraud,train,SCN-01-DIRECT-0058-W1,1,SCN-01-DIRECT-0058-W1,41436.0,0,0,no_movement
SCN-01-DIRECT-0058,direct_fraud,train,SCN-01-DIRECT-0058-NORMAL_A,0,SCN-01-DIRECT-0058-W1,0.0,-1,0,no_movement
SCN-01-DIRECT-0058,direct_fraud,train,SCN-01-DIRECT-0058-NORMAL_B,0,SCN-01-DIRECT-0058-W1,0.0,-1,0,no_movement
SCN-01-DIRECT-0058,direct_fraud,train,SCN-01-DIRECT-0058-NORMAL_C,0,SCN-01-DIRECT-0058-W1,0.0,-1,0,no_movement
SCN-01-DIRECT-0059,direct_fraud,test,SCN-01-DIRECT-0059-VICTIM,0,SCN-01-DIRECT-0059-W1,0.0,-1,0,no_movement
SCN-01-DIRECT-0059,direct_fraud,test,SCN-01-DIRECT-0059-W1,1,SCN-01-DIRECT-0059-W1,52376.0,0,0,no_movement
SCN-01-DIRECT-0059,direct_fraud,test,SCN-01-DIRECT-0059-NORMAL_A,0,SCN-01-DIRECT-0059-W1,0.0,-1,0,no_movement
SCN-01-DIRECT-0059,direct_fraud,test,SCN-01-DIRECT-0059-NORMAL_B,0,SCN-01-DIRECT-0059-W1,0.0,-1,0,no_movement
SCN-01-DIRECT-0059,direct_fraud,test,SCN-01-DIRECT-0059-NORMAL_C,0,SCN-01-DIRECT-0059-W1,0.0,-1,0,no_movement
SCN-01-DIRECT-0060,direct_fraud,train,SCN-01-DIRECT-0060-VICTIM,0,SCN-01-DIRECT-0060-W1,0.0,-1,0,no_movement
SCN-01-DIRECT-0060,direct_fraud,train,SCN-01-DIRECT-0060-W1,1,SCN-01-DIRECT-0060-W1,59757.0,0,0,no_movement
SCN-01-DIRECT-0060,direct_fraud,train,SCN-01-DIRECT-0060-NORMAL_A,0,SCN-01-DIRECT-0060-W1,0.0,-1,0,no_movement
SCN-01-DIRECT-0060,direct_fraud,train,SCN-01-DIRECT-0060-NORMAL_B,0,SCN-01-DIRECT-0060-W1,0.0,-1,0,no_movement
SCN-01-DIRECT-0060,direct_fraud,train,SCN-01-DIRECT-0060-NORMAL_C,0,SCN-01-DIRECT-0060-W1,0.0,-1,0,no_movement
SCN-01-DIRECT-0061,direct_fraud,train,SCN-01-DIRECT-0061-VICTIM,0,SCN-01-DIRECT-0061-W1,0.0,-1,0,no_movement
SCN-01-DIRECT-0061,direct_fraud,train,SCN-01-DIRECT-0061-W1,1,SCN-01-DIRECT-0061-W1,47981.0,0,0,no_movement
SCN-01-DIRECT-0061,direct_fraud,train,SCN-01-DIRECT-0061-NORMAL_A,0,SCN-01-DIRECT-0061-W1,0.0,-1,0,no_movement
SCN-01-DIRECT-0061,direct_fraud,train,SCN-01-DIRECT-0061-NORMAL_B,0,SCN-01-DIRECT-0061-W1,0.0,-1,0,no_movement
SCN-01-DIRECT-0061,direct_fraud,train,SCN-01-DIRECT-0061-NORMAL_C,0,SCN-01-DIRECT-0061-W1,0.0,-1,0,no_movement
SCN-01-DIRECT-0062,direct_fraud,train,SCN-01-DIRECT-0062-VICTIM,0,SCN-01-DIRECT-0062-W1,0.0,-1,0,no_movement
SCN-01-DIRECT-0062,direct_fraud,train,SCN-01-DIRECT-0062-W1,1,SCN-01-DIRECT-0062-W1,42606.0,0,0,no_movement
SCN-01-DIRECT-0062,direct_fraud,train,SCN-01-DIRECT-0062-NORMAL_A,0,SCN-01-DIRECT-0062-W1,0.0,-1,0,no_movement
SCN-01-DIRECT-0062,direct_fraud,train,SCN-01-DIRECT-0062-NORMAL_B,0,SCN-01-DIRECT-0062-W1,0.0,-1,0,no_movement
SCN-01-DIRECT-0062,direct_fraud,train,SCN-01-DIRECT-0062-NORMAL_C,0,SCN-01-DIRECT-0062-W1,0.0,-1,0,no_movement
SCN-01-DIRECT-0063,direct_fraud,train,SCN-01-DIRECT-0063-VICTIM,0,SCN-01-DIRECT-0063-W1,0.0,-1,0,no_movement
SCN-01-DIRECT-0063,direct_fraud,train,SCN-01-DIRECT-0063-W1,1,SCN-01-DIRECT-0063-W1,54292.0,0,0,no_movement
SCN-01-DIRECT-0063,direct_fraud,train,SCN-01-DIRECT-0063-NORMAL_A,0,SCN-01-DIRECT-0063-W1,0.0,-1,0,no_movement
SCN-01-DIRECT-0063,direct_fraud,train,SCN-01-DIRECT-0063-NORMAL_B,0,SCN-01-DIRECT-0063-W1,0.0,-1,0,no_movement
SCN-01-DIRECT-0063,direct_fraud,train,SCN-01-DIRECT-0063-NORMAL_C,0,SCN-01-DIRECT-0063-W1,0.0,-1,0,no_movement
SCN-01-DIRECT-0064,direct_fraud,test,SCN-01-DIRECT-0064-VICTIM,0,SCN-01-DIRECT-0064-W1,0.0,-1,0,no_movement
SCN-01-DIRECT-0064,direct_fraud,test,SCN-01-DIRECT-0064-W1,1,SCN-01-DIRECT-0064-W1,39314.0,0,0,no_movement
SCN-01-DIRECT-0064,direct_fraud,test,SCN-01-DIRECT-0064-NORMAL_A,0,SCN-01-DIRECT-0064-W1,0.0,-1,0,no_movement
SCN-01-DIRECT-0064,direct_fraud,test,SCN-01-DIRECT-0064-NORMAL_B,0,SCN-01-DIRECT-0064-W1,0.0,-1,0,no_movement
SCN-01-DIRECT-0064,direct_fraud,test,SCN-01-DIRECT-0064-NORMAL_C,0,SCN-01-DIRECT-0064-W1,0.0,-1,0,no_movement
SCN-01-DIRECT-0065,direct_fraud,train,SCN-01-DIRECT-0065-VICTIM,0,SCN-01-DIRECT-0065-W1,0.0,-1,0,no_movement
SCN-01-DIRECT-0065,direct_fraud,train,SCN-01-DIRECT-0065-W1,1,SCN-01-DIRECT-0065-W1,39332.0,0,0,no_movement
SCN-01-DIRECT-0065,direct_fraud,train,SCN-01-DIRECT-0065-NORMAL_A,0,SCN-01-DIRECT-0065-W1,0.0,-1,0,no_movement
SCN-01-DIRECT-0065,direct_fraud,train,SCN-01-DIRECT-0065-NORMAL_B,0,SCN-01-DIRECT-0065-W1,0.0,-1,0,no_movement
SCN-01-DIRECT-0065,direct_fraud,train,SCN-01-DIRECT-0065-NORMAL_C,0,SCN-01-DIRECT-0065-W1,0.0,-1,0,no_movement
SCN-01-DIRECT-0066,direct_fraud,train,SCN-01-DIRECT-0066-VICTIM,0,SCN-01-DIRECT-0066-W1,0.0,-1,0,no_movement
SCN-01-DIRECT-0066,direct_fraud,train,SCN-01-DIRECT-0066-W1,1,SCN-01-DIRECT-0066-W1,59522.0,0,0,no_movement
SCN-01-DIRECT-0066,direct_fraud,train,SCN-01-DIRECT-0066-NORMAL_A,0,SCN-01-DIRECT-0066-W1,0.0,-1,0,no_movement
SCN-01-DIRECT-0066,direct_fraud,train,SCN-01-DIRECT-0066-NORMAL_B,0,SCN-01-DIRECT-0066-W1,0.0,-1,0,no_movement
SCN-01-DIRECT-0066,direct_fraud,train,SCN-01-DIRECT-0066-NORMAL_C,0,SCN-01-DIRECT-0066-W1,0.0,-1,0,no_movement
SCN-01-DIRECT-0067,direct_fraud,train,SCN-01-DIRECT-0067-VICTIM,0,SCN-01-DIRECT-0067-W1,0.0,-1,0,no_movement
SCN-01-DIRECT-0067,direct_fraud,train,SCN-01-DIRECT-0067-W1,1,SCN-01-DIRECT-0067-W1,58344.0,0,0,no_movement
SCN-01-DIRECT-0067,direct_fraud,train,SCN-01-DIRECT-0067-NORMAL_A,0,SCN-01-DIRECT-0067-W1,0.0,-1,0,no_movement
SCN-01-DIRECT-0067,direct_fraud,train,SCN-01-DIRECT-0067-NORMAL_B,0,SCN-01-DIRECT-0067-W1,0.0,-1,0,no_movement
SCN-01-DIRECT-0067,direct_fraud,train,SCN-01-DIRECT-0067-NORMAL_C,0,SCN-01-DIRECT-0067-W1,0.0,-1,0,no_movement
SCN-01-DIRECT-0068,direct_fraud,train,SCN-01-DIRECT-0068-VICTIM,0,SCN-01-DIRECT-0068-W1,0.0,-1,0,no_movement
SCN-01-DIRECT-0068,direct_fraud,train,SCN-01-DIRECT-0068-W1,1,SCN-01-DIRECT-0068-W1,53849.0,0,0,no_movement
SCN-01-DIRECT-0068,direct_fraud,train,SCN-01-DIRECT-0068-NORMAL_A,0,SCN-01-DIRECT-0068-W1,0.0,-1,0,no_movement
SCN-01-DIRECT-0068,direct_fraud,train,SCN-01-DIRECT-0068-NORMAL_B,0,SCN-01-DIRECT-0068-W1,0.0,-1,0,no_movement
SCN-01-DIRECT-0068,direct_fraud,train,SCN-01-DIRECT-0068-NORMAL_C,0,SCN-01-DIRECT-0068-W1,0.0,-1,0,no_movement
SCN-01-DIRECT-0069,direct_fraud,train,SCN-01-DIRECT-0069-VICTIM,0,SCN-01-DIRECT-0069-W1,0.0,-1,0,no_movement
SCN-01-DIRECT-0069,direct_fraud,train,SCN-01-DIRECT-0069-W1,1,SCN-01-DIRECT-0069-W1,54085.0,0,0,no_movement
SCN-01-DIRECT-0069,direct_fraud,train,SCN-01-DIRECT-0069-NORMAL_A,0,SCN-01-DIRECT-0069-W1,0.0,-1,0,no_movement
SCN-01-DIRECT-0069,direct_fraud,train,SCN-01-DIRECT-0069-NORMAL_B,0,SCN-01-DIRECT-0069-W1,0.0,-1,0,no_movement
SCN-01-DIRECT-0069,direct_fraud,train,SCN-01-DIRECT-0069-NORMAL_C,0,SCN-01-DIRECT-0069-W1,0.0,-1,0,no_movement
SCN-01-DIRECT-0070,direct_fraud,train,SCN-01-DIRECT-0070-VICTIM,0,SCN-01-DIRECT-0070-W1,0.0,-1,0,no_movement
SCN-01-DIRECT-0070,direct_fraud,train,SCN-01-DIRECT-0070-W1,1,SCN-01-DIRECT-0070-W1,40176.0,0,0,no_movement
SCN-01-DIRECT-0070,direct_fraud,train,SCN-01-DIRECT-0070-NORMAL_A,0,SCN-01-DIRECT-0070-W1,0.0,-1,0,no_movement
SCN-01-DIRECT-0070,direct_fraud,train,SCN-01-DIRECT-0070-NORMAL_B,0,SCN-01-DIRECT-0070-W1,0.0,-1,0,no_movement
SCN-01-DIRECT-0070,direct_fraud,train,SCN-01-DIRECT-0070-NORMAL_C,0,SCN-01-DIRECT-0070-W1,0.0,-1,0,no_movement
SCN-01-DIRECT-0071,direct_fraud,train,SCN-01-DIRECT-0071-VICTIM,0,SCN-01-DIRECT-0071-W1,0.0,-1,0,no_movement
SCN-01-DIRECT-0071,direct_fraud,train,SCN-01-DIRECT-0071-W1,1,SCN-01-DIRECT-0071-W1,55440.0,0,0,no_movement
SCN-01-DIRECT-0071,direct_fraud,train,SCN-01-DIRECT-0071-NORMAL_A,0,SCN-01-DIRECT-0071-W1,0.0,-1,0,no_movement
SCN-01-DIRECT-0071,direct_fraud,train,SCN-01-DIRECT-0071-NORMAL_B,0,SCN-01-DIRECT-0071-W1,0.0,-1,0,no_movement
SCN-01-DIRECT-0071,direct_fraud,train,SCN-01-DIRECT-0071-NORMAL_C,0,SCN-01-DIRECT-0071-W1,0.0,-1,0,no_movement
SCN-01-DIRECT-0072,direct_fraud,train,SCN-01-DIRECT-0072-VICTIM,0,SCN-01-DIRECT-0072-W1,0.0,-1,0,no_movement
SCN-01-DIRECT-0072,direct_fraud,train,SCN-01-DIRECT-0072-W1,1,SCN-01-DIRECT-0072-W1,49713.0,0,0,no_movement
SCN-01-DIRECT-0072,direct_fraud,train,SCN-01-DIRECT-0072-NORMAL_A,0,SCN-01-DIRECT-0072-W1,0.0,-1,0,no_movement
SCN-01-DIRECT-0072,direct_fraud,train,SCN-01-DIRECT-0072-NORMAL_B,0,SCN-01-DIRECT-0072-W1,0.0,-1,0,no_movement
SCN-01-DIRECT-0072,direct_fraud,train,SCN-01-DIRECT-0072-NORMAL_C,0,SCN-01-DIRECT-0072-W1,0.0,-1,0,no_movement
SCN-01-DIRECT-0073,direct_fraud,train,SCN-01-DIRECT-0073-VICTIM,0,SCN-01-DIRECT-0073-W1,0.0,-1,0,no_movement
SCN-01-DIRECT-0073,direct_fraud,train,SCN-01-DIRECT-0073-W1,1,SCN-01-DIRECT-0073-W1,48089.0,0,0,no_movement
SCN-01-DIRECT-0073,direct_fraud,train,SCN-01-DIRECT-0073-NORMAL_A,0,SCN-01-DIRECT-0073-W1,0.0,-1,0,no_movement
SCN-01-DIRECT-0073,direct_fraud,train,SCN-01-DIRECT-0073-NORMAL_B,0,SCN-01-DIRECT-0073-W1,0.0,-1,0,no_movement
SCN-01-DIRECT-0073,direct_fraud,train,SCN-01-DIRECT-0073-NORMAL_C,0,SCN-01-DIRECT-0073-W1,0.0,-1,0,no_movement
SCN-01-DIRECT-0074,direct_fraud,train,SCN-01-DIRECT-0074-VICTIM,0,SCN-01-DIRECT-0074-W1,0.0,-1,0,no_movement
SCN-01-DIRECT-0074,direct_fraud,train,SCN-01-DIRECT-0074-W1,1,SCN-01-DIRECT-0074-W1,53428.0,0,0,no_movement
SCN-01-DIRECT-0074,direct_fraud,train,SCN-01-DIRECT-0074-NORMAL_A,0,SCN-01-DIRECT-0074-W1,0.0,-1,0,no_movement
SCN-01-DIRECT-0074,direct_fraud,train,SCN-01-DIRECT-0074-NORMAL_B,0,SCN-01-DIRECT-0074-W1,0.0,-1,0,no_movement
SCN-01-DIRECT-0074,direct_fraud,train,SCN-01-DIRECT-0074-NORMAL_C,0,SCN-01-DIRECT-0074-W1,0.0,-1,0,no_movement
SCN-01-DIRECT-0075,direct_fraud,validation,SCN-01-DIRECT-0075-VICTIM,0,SCN-01-DIRECT-0075-W1,0.0,-1,0,no_movement
SCN-01-DIRECT-0075,direct_fraud,validation,SCN-01-DIRECT-0075-W1,1,SCN-01-DIRECT-0075-W1,48192.0,0,0,no_movement
SCN-01-DIRECT-0075,direct_fraud,validation,SCN-01-DIRECT-0075-NORMAL_A,0,SCN-01-DIRECT-0075-W1,0.0,-1,0,no_movement
SCN-01-DIRECT-0075,direct_fraud,validation,SCN-01-DIRECT-0075-NORMAL_B,0,SCN-01-DIRECT-0075-W1,0.0,-1,0,no_movement
SCN-01-DIRECT-0075,direct_fraud,validation,SCN-01-DIRECT-0075-NORMAL_C,0,SCN-01-DIRECT-0075-W1,0.0,-1,0,no_movement
SCN-01-DIRECT-0076,direct_fraud,validation,SCN-01-DIRECT-0076-VICTIM,0,SCN-01-DIRECT-0076-W1,0.0,-1,0,no_movement
SCN-01-DIRECT-0076,direct_fraud,validation,SCN-01-DIRECT-0076-W1,1,SCN-01-DIRECT-0076-W1,60098.0,0,0,no_movement
SCN-01-DIRECT-0076,direct_fraud,validation,SCN-01-DIRECT-0076-NORMAL_A,0,SCN-01-DIRECT-0076-W1,0.0,-1,0,no_movement
SCN-01-DIRECT-0076,direct_fraud,validation,SCN-01-DIRECT-0076-NORMAL_B,0,SCN-01-DIRECT-0076-W1,0.0,-1,0,no_movement
SCN-01-DIRECT-0076,direct_fraud,validation,SCN-01-DIRECT-0076-NORMAL_C,0,SCN-01-DIRECT-0076-W1,0.0,-1,0,no_movement
SCN-01-DIRECT-0077,direct_fraud,test,SCN-01-DIRECT-0077-VICTIM,0,SCN-01-DIRECT-0077-W1,0.0,-1,0,no_movement
SCN-01-DIRECT-0077,direct_fraud,test,SCN-01-DIRECT-0077-W1,1,SCN-01-DIRECT-0077-W1,41202.0,0,0,no_movement
SCN-01-DIRECT-0077,direct_fraud,test,SCN-01-DIRECT-0077-NORMAL_A,0,SCN-01-DIRECT-0077-W1,0.0,-1,0,no_movement
SCN-01-DIRECT-0077,direct_fraud,test,SCN-01-DIRECT-0077-NORMAL_B,0,SCN-01-DIRECT-0077-W1,0.0,-1,0,no_movement
SCN-01-DIRECT-0077,direct_fraud,test,SCN-01-DIRECT-0077-NORMAL_C,0,SCN-01-DIRECT-0077-W1,0.0,-1,0,no_movement
SCN-01-DIRECT-0078,direct_fraud,train,SCN-01-DIRECT-0078-VICTIM,0,SCN-01-DIRECT-0078-W1,0.0,-1,0,no_movement
SCN-01-DIRECT-0078,direct_fraud,train,SCN-01-DIRECT-0078-W1,1,SCN-01-DIRECT-0078-W1,57403.0,0,0,no_movement
SCN-01-DIRECT-0078,direct_fraud,train,SCN-01-DIRECT-0078-NORMAL_A,0,SCN-01-DIRECT-0078-W1,0.0,-1,0,no_movement
SCN-01-DIRECT-0078,direct_fraud,train,SCN-01-DIRECT-0078-NORMAL_B,0,SCN-01-DIRECT-0078-W1,0.0,-1,0,no_movement
SCN-01-DIRECT-0078,direct_fraud,train,SCN-01-DIRECT-0078-NORMAL_C,0,SCN-01-DIRECT-0078-W1,0.0,-1,0,no_movement
SCN-01-DIRECT-0079,direct_fraud,test,SCN-01-DIRECT-0079-VICTIM,0,SCN-01-DIRECT-0079-W1,0.0,-1,0,no_movement
SCN-01-DIRECT-0079,direct_fraud,test,SCN-01-DIRECT-0079-W1,1,SCN-01-DIRECT-0079-W1,43738.0,0,0,no_movement
SCN-01-DIRECT-0079,direct_fraud,test,SCN-01-DIRECT-0079-NORMAL_A,0,SCN-01-DIRECT-0079-W1,0.0,-1,0,no_movement
SCN-01-DIRECT-0079,direct_fraud,test,SCN-01-DIRECT-0079-NORMAL_B,0,SCN-01-DIRECT-0079-W1,0.0,-1,0,no_movement
SCN-01-DIRECT-0079,direct_fraud,test,SCN-01-DIRECT-0079-NORMAL_C,0,SCN-01-DIRECT-0079-W1,0.0,-1,0,no_movement
SCN-01-DIRECT-0080,direct_fraud,train,SCN-01-DIRECT-0080-VICTIM,0,SCN-01-DIRECT-0080-W1,0.0,-1,0,no_movement
SCN-01-DIRECT-0080,direct_fraud,train,SCN-01-DIRECT-0080-W1,1,SCN-01-DIRECT-0080-W1,47659.0,0,0,no_movement
SCN-01-DIRECT-0080,direct_fraud,train,SCN-01-DIRECT-0080-NORMAL_A,0,SCN-01-DIRECT-0080-W1,0.0,-1,0,no_movement
SCN-01-DIRECT-0080,direct_fraud,train,SCN-01-DIRECT-0080-NORMAL_B,0,SCN-01-DIRECT-0080-W1,0.0,-1,0,no_movement
SCN-01-DIRECT-0080,direct_fraud,train,SCN-01-DIRECT-0080-NORMAL_C,0,SCN-01-DIRECT-0080-W1,0.0,-1,0,no_movement
SCN-01-DIRECT-0081,direct_fraud,train,SCN-01-DIRECT-0081-VICTIM,0,SCN-01-DIRECT-0081-W1,0.0,-1,0,no_movement
SCN-01-DIRECT-0081,direct_fraud,train,SCN-01-DIRECT-0081-W1,1,SCN-01-DIRECT-0081-W1,59115.0,0,0,no_movement
SCN-01-DIRECT-0081,direct_fraud,train,SCN-01-DIRECT-0081-NORMAL_A,0,SCN-01-DIRECT-0081-W1,0.0,-1,0,no_movement
SCN-01-DIRECT-0081,direct_fraud,train,SCN-01-DIRECT-0081-NORMAL_B,0,SCN-01-DIRECT-0081-W1,0.0,-1,0,no_movement
SCN-01-DIRECT-0081,direct_fraud,train,SCN-01-DIRECT-0081-NORMAL_C,0,SCN-01-DIRECT-0081-W1,0.0,-1,0,no_movement
SCN-01-DIRECT-0082,direct_fraud,validation,SCN-01-DIRECT-0082-VICTIM,0,SCN-01-DIRECT-0082-W1,0.0,-1,0,no_movement
SCN-01-DIRECT-0082,direct_fraud,validation,SCN-01-DIRECT-0082-W1,1,SCN-01-DIRECT-0082-W1,38120.0,0,0,no_movement
SCN-01-DIRECT-0082,direct_fraud,validation,SCN-01-DIRECT-0082-NORMAL_A,0,SCN-01-DIRECT-0082-W1,0.0,-1,0,no_movement
SCN-01-DIRECT-0082,direct_fraud,validation,SCN-01-DIRECT-0082-NORMAL_B,0,SCN-01-DIRECT-0082-W1,0.0,-1,0,no_movement
SCN-01-DIRECT-0082,direct_fraud,validation,SCN-01-DIRECT-0082-NORMAL_C,0,SCN-01-DIRECT-0082-W1,0.0,-1,0,no_movement
SCN-01-DIRECT-0083,direct_fraud,train,SCN-01-DIRECT-0083-VICTIM,0,SCN-01-DIRECT-0083-W1,0.0,-1,0,no_movement
SCN-01-DIRECT-0083,direct_fraud,train,SCN-01-DIRECT-0083-W1,1,SCN-01-DIRECT-0083-W1,57556.0,0,0,no_movement
SCN-01-DIRECT-0083,direct_fraud,train,SCN-01-DIRECT-0083-NORMAL_A,0,SCN-01-DIRECT-0083-W1,0.0,-1,0,no_movement
SCN-01-DIRECT-0083,direct_fraud,train,SCN-01-DIRECT-0083-NORMAL_B,0,SCN-01-DIRECT-0083-W1,0.0,-1,0,no_movement
SCN-01-DIRECT-0083,direct_fraud,train,SCN-01-DIRECT-0083-NORMAL_C,0,SCN-01-DIRECT-0083-W1,0.0,-1,0,no_movement
SCN-01-DIRECT-0084,direct_fraud,train,SCN-01-DIRECT-0084-VICTIM,0,SCN-01-DIRECT-0084-W1,0.0,-1,0,no_movement
SCN-01-DIRECT-0084,direct_fraud,train,SCN-01-DIRECT-0084-W1,1,SCN-01-DIRECT-0084-W1,57184.0,0,0,no_movement
SCN-01-DIRECT-0084,direct_fraud,train,SCN-01-DIRECT-0084-NORMAL_A,0,SCN-01-DIRECT-0084-W1,0.0,-1,0,no_movement
SCN-01-DIRECT-0084,direct_fraud,train,SCN-01-DIRECT-0084-NORMAL_B,0,SCN-01-DIRECT-0084-W1,0.0,-1,0,no_movement
SCN-01-DIRECT-0084,direct_fraud,train,SCN-01-DIRECT-0084-NORMAL_C,0,SCN-01-DIRECT-0084-W1,0.0,-1,0,no_movement
SCN-01-DIRECT-0085,direct_fraud,train,SCN-01-DIRECT-0085-VICTIM,0,SCN-01-DIRECT-0085-W1,0.0,-1,0,no_movement
SCN-01-DIRECT-0085,direct_fraud,train,SCN-01-DIRECT-0085-W1,1,SCN-01-DIRECT-0085-W1,43061.0,0,0,no_movement
SCN-01-DIRECT-0085,direct_fraud,train,SCN-01-DIRECT-0085-NORMAL_A,0,SCN-01-DIRECT-0085-W1,0.0,-1,0,no_movement
SCN-01-DIRECT-0085,direct_fraud,train,SCN-01-DIRECT-0085-NORMAL_B,0,SCN-01-DIRECT-0085-W1,0.0,-1,0,no_movement
SCN-01-DIRECT-0085,direct_fraud,train,SCN-01-DIRECT-0085-NORMAL_C,0,SCN-01-DIRECT-0085-W1,0.0,-1,0,no_movement
SCN-01-DIRECT-0086,direct_fraud,train,SCN-01-DIRECT-0086-VICTIM,0,SCN-01-DIRECT-0086-W1,0.0,-1,0,no_movement
SCN-01-DIRECT-0086,direct_fraud,train,SCN-01-DIRECT-0086-W1,1,SCN-01-DIRECT-0086-W1,57384.0,0,0,no_movement
SCN-01-DIRECT-0086,direct_fraud,train,SCN-01-DIRECT-0086-NORMAL_A,0,SCN-01-DIRECT-0086-W1,0.0,-1,0,no_movement
SCN-01-DIRECT-0086,direct_fraud,train,SCN-01-DIRECT-0086-NORMAL_B,0,SCN-01-DIRECT-0086-W1,0.0,-1,0,no_movement
SCN-01-DIRECT-0086,direct_fraud,train,SCN-01-DIRECT-0086-NORMAL_C,0,SCN-01-DIRECT-0086-W1,0.0,-1,0,no_movement
SCN-01-DIRECT-0087,direct_fraud,validation,SCN-01-DIRECT-0087-VICTIM,0,SCN-01-DIRECT-0087-W1,0.0,-1,0,no_movement
SCN-01-DIRECT-0087,direct_fraud,validation,SCN-01-DIRECT-0087-W1,1,SCN-01-DIRECT-0087-W1,45707.0,0,0,no_movement
SCN-01-DIRECT-0087,direct_fraud,validation,SCN-01-DIRECT-0087-NORMAL_A,0,SCN-01-DIRECT-0087-W1,0.0,-1,0,no_movement
SCN-01-DIRECT-0087,direct_fraud,validation,SCN-01-DIRECT-0087-NORMAL_B,0,SCN-01-DIRECT-0087-W1,0.0,-1,0,no_movement
SCN-01-DIRECT-0087,direct_fraud,validation,SCN-01-DIRECT-0087-NORMAL_C,0,SCN-01-DIRECT-0087-W1,0.0,-1,0,no_movement
SCN-01-DIRECT-0088,direct_fraud,train,SCN-01-DIRECT-0088-VICTIM,0,SCN-01-DIRECT-0088-W1,0.0,-1,0,no_movement
SCN-01-DIRECT-0088,direct_fraud,train,SCN-01-DIRECT-0088-W1,1,SCN-01-DIRECT-0088-W1,53537.0,0,0,no_movement
SCN-01-DIRECT-0088,direct_fraud,train,SCN-01-DIRECT-0088-NORMAL_A,0,SCN-01-DIRECT-0088-W1,0.0,-1,0,no_movement
SCN-01-DIRECT-0088,direct_fraud,train,SCN-01-DIRECT-0088-NORMAL_B,0,SCN-01-DIRECT-0088-W1,0.0,-1,0,no_movement
SCN-01-DIRECT-0088,direct_fraud,train,SCN-01-DIRECT-0088-NORMAL_C,0,SCN-01-DIRECT-0088-W1,0.0,-1,0,no_movement
SCN-01-DIRECT-0089,direct_fraud,test,SCN-01-DIRECT-0089-VICTIM,0,SCN-01-DIRECT-0089-W1,0.0,-1,0,no_movement
SCN-01-DIRECT-0089,direct_fraud,test,SCN-01-DIRECT-0089-W1,1,SCN-01-DIRECT-0089-W1,60981.0,0,0,no_movement
SCN-01-DIRECT-0089,direct_fraud,test,SCN-01-DIRECT-0089-NORMAL_A,0,SCN-01-DIRECT-0089-W1,0.0,-1,0,no_movement
SCN-01-DIRECT-0089,direct_fraud,test,SCN-01-DIRECT-0089-NORMAL_B,0,SCN-01-DIRECT-0089-W1,0.0,-1,0,no_movement
SCN-01-DIRECT-0089,direct_fraud,test,SCN-01-DIRECT-0089-NORMAL_C,0,SCN-01-DIRECT-0089-W1,0.0,-1,0,no_movement
SCN-01-DIRECT-0090,direct_fraud,train,SCN-01-DIRECT-0090-VICTIM,0,SCN-01-DIRECT-0090-W1,0.0,-1,0,no_movement
SCN-01-DIRECT-0090,direct_fraud,train,SCN-01-DIRECT-0090-W1,1,SCN-01-DIRECT-0090-W1,61563.0,0,0,no_movement
SCN-01-DIRECT-0090,direct_fraud,train,SCN-01-DIRECT-0090-NORMAL_A,0,SCN-01-DIRECT-0090-W1,0.0,-1,0,no_movement
SCN-01-DIRECT-0090,direct_fraud,train,SCN-01-DIRECT-0090-NORMAL_B,0,SCN-01-DIRECT-0090-W1,0.0,-1,0,no_movement
SCN-01-DIRECT-0090,direct_fraud,train,SCN-01-DIRECT-0090-NORMAL_C,0,SCN-01-DIRECT-0090-W1,0.0,-1,0,no_movement
SCN-01-DIRECT-0091,direct_fraud,train,SCN-01-DIRECT-0091-VICTIM,0,SCN-01-DIRECT-0091-W1,0.0,-1,0,no_movement
SCN-01-DIRECT-0091,direct_fraud,train,SCN-01-DIRECT-0091-W1,1,SCN-01-DIRECT-0091-W1,55714.0,0,0,no_movement
SCN-01-DIRECT-0091,direct_fraud,train,SCN-01-DIRECT-0091-NORMAL_A,0,SCN-01-DIRECT-0091-W1,0.0,-1,0,no_movement
SCN-01-DIRECT-0091,direct_fraud,train,SCN-01-DIRECT-0091-NORMAL_B,0,SCN-01-DIRECT-0091-W1,0.0,-1,0,no_movement
SCN-01-DIRECT-0091,direct_fraud,train,SCN-01-DIRECT-0091-NORMAL_C,0,SCN-01-DIRECT-0091-W1,0.0,-1,0,no_movement
SCN-01-DIRECT-0092,direct_fraud,train,SCN-01-DIRECT-0092-VICTIM,0,SCN-01-DIRECT-0092-W1,0.0,-1,0,no_movement
SCN-01-DIRECT-0092,direct_fraud,train,SCN-01-DIRECT-0092-W1,1,SCN-01-DIRECT-0092-W1,47130.0,0,0,no_movement
SCN-01-DIRECT-0092,direct_fraud,train,SCN-01-DIRECT-0092-NORMAL_A,0,SCN-01-DIRECT-0092-W1,0.0,-1,0,no_movement
SCN-01-DIRECT-0092,direct_fraud,train,SCN-01-DIRECT-0092-NORMAL_B,0,SCN-01-DIRECT-0092-W1,0.0,-1,0,no_movement
SCN-01-DIRECT-0092,direct_fraud,train,SCN-01-DIRECT-0092-NORMAL_C,0,SCN-01-DIRECT-0092-W1,0.0,-1,0,no_movement
SCN-01-DIRECT-0093,direct_fraud,train,SCN-01-DIRECT-0093-VICTIM,0,SCN-01-DIRECT-0093-W1,0.0,-1,0,no_movement
SCN-01-DIRECT-0093,direct_fraud,train,SCN-01-DIRECT-0093-W1,1,SCN-01-DIRECT-0093-W1,37542.0,0,0,no_movement
SCN-01-DIRECT-0093,direct_fraud,train,SCN-01-DIRECT-0093-NORMAL_A,0,SCN-01-DIRECT-0093-W1,0.0,-1,0,no_movement
SCN-01-DIRECT-0093,direct_fraud,train,SCN-01-DIRECT-0093-NORMAL_B,0,SCN-01-DIRECT-0093-W1,0.0,-1,0,no_movement
SCN-01-DIRECT-0093,direct_fraud,train,SCN-01-DIRECT-0093-NORMAL_C,0,SCN-01-DIRECT-0093-W1,0.0,-1,0,no_movement
SCN-01-DIRECT-0094,direct_fraud,validation,SCN-01-DIRECT-0094-VICTIM,0,SCN-01-DIRECT-0094-W1,0.0,-1,0,no_movement
SCN-01-DIRECT-0094,direct_fraud,validation,SCN-01-DIRECT-0094-W1,1,SCN-01-DIRECT-0094-W1,56049.0,0,0,no_movement
SCN-01-DIRECT-0094,direct_fraud,validation,SCN-01-DIRECT-0094-NORMAL_A,0,SCN-01-DIRECT-0094-W1,0.0,-1,0,no_movement
SCN-01-DIRECT-0094,direct_fraud,validation,SCN-01-DIRECT-0094-NORMAL_B,0,SCN-01-DIRECT-0094-W1,0.0,-1,0,no_movement
SCN-01-DIRECT-0094,direct_fraud,validation,SCN-01-DIRECT-0094-NORMAL_C,0,SCN-01-DIRECT-0094-W1,0.0,-1,0,no_movement
SCN-01-DIRECT-0095,direct_fraud,test,SCN-01-DIRECT-0095-VICTIM,0,SCN-01-DIRECT-0095-W1,0.0,-1,0,no_movement
SCN-01-DIRECT-0095,direct_fraud,test,SCN-01-DIRECT-0095-W1,1,SCN-01-DIRECT-0095-W1,54106.0,0,0,no_movement
SCN-01-DIRECT-0095,direct_fraud,test,SCN-01-DIRECT-0095-NORMAL_A,0,SCN-01-DIRECT-0095-W1,0.0,-1,0,no_movement
SCN-01-DIRECT-0095,direct_fraud,test,SCN-01-DIRECT-0095-NORMAL_B,0,SCN-01-DIRECT-0095-W1,0.0,-1,0,no_movement
SCN-01-DIRECT-0095,direct_fraud,test,SCN-01-DIRECT-0095-NORMAL_C,0,SCN-01-DIRECT-0095-W1,0.0,-1,0,no_movement
SCN-01-DIRECT-0096,direct_fraud,validation,SCN-01-DIRECT-0096-VICTIM,0,SCN-01-DIRECT-0096-W1,0.0,-1,0,no_movement
SCN-01-DIRECT-0096,direct_fraud,validation,SCN-01-DIRECT-0096-W1,1,SCN-01-DIRECT-0096-W1,55494.0,0,0,no_movement
SCN-01-DIRECT-0096,direct_fraud,validation,SCN-01-DIRECT-0096-NORMAL_A,0,SCN-01-DIRECT-0096-W1,0.0,-1,0,no_movement
SCN-01-DIRECT-0096,direct_fraud,validation,SCN-01-DIRECT-0096-NORMAL_B,0,SCN-01-DIRECT-0096-W1,0.0,-1,0,no_movement
SCN-01-DIRECT-0096,direct_fraud,validation,SCN-01-DIRECT-0096-NORMAL_C,0,SCN-01-DIRECT-0096-W1,0.0,-1,0,no_movement
SCN-01-DIRECT-0097,direct_fraud,train,SCN-01-DIRECT-0097-VICTIM,0,SCN-01-DIRECT-0097-W1,0.0,-1,0,no_movement
SCN-01-DIRECT-0097,direct_fraud,train,SCN-01-DIRECT-0097-W1,1,SCN-01-DIRECT-0097-W1,47560.0,0,0,no_movement
SCN-01-DIRECT-0097,direct_fraud,train,SCN-01-DIRECT-0097-NORMAL_A,0,SCN-01-DIRECT-0097-W1,0.0,-1,0,no_movement
SCN-01-DIRECT-0097,direct_fraud,train,SCN-01-DIRECT-0097-NORMAL_B,0,SCN-01-DIRECT-0097-W1,0.0,-1,0,no_movement
SCN-01-DIRECT-0097,direct_fraud,train,SCN-01-DIRECT-0097-NORMAL_C,0,SCN-01-DIRECT-0097-W1,0.0,-1,0,no_movement
SCN-01-DIRECT-0098,direct_fraud,train,SCN-01-DIRECT-0098-VICTIM,0,SCN-01-DIRECT-0098-W1,0.0,-1,0,no_movement
SCN-01-DIRECT-0098,direct_fraud,train,SCN-01-DIRECT-0098-W1,1,SCN-01-DIRECT-0098-W1,61009.0,0,0,no_movement
SCN-01-DIRECT-0098,direct_fraud,train,SCN-01-DIRECT-0098-NORMAL_A,0,SCN-01-DIRECT-0098-W1,0.0,-1,0,no_movement
SCN-01-DIRECT-0098,direct_fraud,train,SCN-01-DIRECT-0098-NORMAL_B,0,SCN-01-DIRECT-0098-W1,0.0,-1,0,no_movement
SCN-01-DIRECT-0098,direct_fraud,train,SCN-01-DIRECT-0098-NORMAL_C,0,SCN-01-DIRECT-0098-W1,0.0,-1,0,no_movement
SCN-01-DIRECT-0099,direct_fraud,train,SCN-01-DIRECT-0099-VICTIM,0,SCN-01-DIRECT-0099-W1,0.0,-1,0,no_movement
SCN-01-DIRECT-0099,direct_fraud,train,SCN-01-DIRECT-0099-W1,1,SCN-01-DIRECT-0099-W1,45024.0,0,0,no_movement
SCN-01-DIRECT-0099,direct_fraud,train,SCN-01-DIRECT-0099-NORMAL_A,0,SCN-01-DIRECT-0099-W1,0.0,-1,0,no_movement
SCN-01-DIRECT-0099,direct_fraud,train,SCN-01-DIRECT-0099-NORMAL_B,0,SCN-01-DIRECT-0099-W1,0.0,-1,0,no_movement
SCN-01-DIRECT-0099,direct_fraud,train,SCN-01-DIRECT-0099-NORMAL_C,0,SCN-01-DIRECT-0099-W1,0.0,-1,0,no_movement
SCN-01-DIRECT-0100,direct_fraud,validation,SCN-01-DIRECT-0100-VICTIM,0,SCN-01-DIRECT-0100-W1,0.0,-1,0,no_movement
SCN-01-DIRECT-0100,direct_fraud,validation,SCN-01-DIRECT-0100-W1,1,SCN-01-DIRECT-0100-W1,48247.0,0,0,no_movement
SCN-01-DIRECT-0100,direct_fraud,validation,SCN-01-DIRECT-0100-NORMAL_A,0,SCN-01-DIRECT-0100-W1,0.0,-1,0,no_movement
SCN-01-DIRECT-0100,direct_fraud,validation,SCN-01-DIRECT-0100-NORMAL_B,0,SCN-01-DIRECT-0100-W1,0.0,-1,0,no_movement
SCN-01-DIRECT-0100,direct_fraud,validation,SCN-01-DIRECT-0100-NORMAL_C,0,SCN-01-DIRECT-0100-W1,0.0,-1,0,no_movement
SCN-02-FANOUT-0001,fanout,train,SCN-02-FANOUT-0001-VICTIM,0,SCN-02-FANOUT-0001-W1,0.0,-1,0,no_movement
SCN-02-FANOUT-0001,fanout,train,SCN-02-FANOUT-0001-W1,1,SCN-02-FANOUT-0001-W1,8236.5,0,0,no_movement
SCN-02-FANOUT-0001,fanout,train,SCN-02-FANOUT-0001-W2,1,SCN-02-FANOUT-0001-W1,23038.85,1,0,forward
SCN-02-FANOUT-0001,fanout,train,SCN-02-FANOUT-0001-W3,1,SCN-02-FANOUT-0001-W1,17278.65,1,0,no_movement
SCN-02-FANOUT-0001,fanout,train,SCN-02-FANOUT-0001-W4,0,SCN-02-FANOUT-0001-W1,0.0,-1,0,no_movement
SCN-02-FANOUT-0001,fanout,train,SCN-02-FANOUT-0001-NORMAL_A,0,SCN-02-FANOUT-0001-W1,0.0,-1,0,no_movement
SCN-02-FANOUT-0001,fanout,train,SCN-02-FANOUT-0001-NORMAL_B,0,SCN-02-FANOUT-0001-W1,0.0,-1,0,no_movement
SCN-02-FANOUT-0001,fanout,train,SCN-02-FANOUT-0001-NORMAL_C,0,SCN-02-FANOUT-0001-W1,0.0,-1,0,no_movement
SCN-02-FANOUT-0002,fanout,test,SCN-02-FANOUT-0002-VICTIM,0,SCN-02-FANOUT-0002-W1,0.0,-1,0,no_movement
SCN-02-FANOUT-0002,fanout,test,SCN-02-FANOUT-0002-W1,1,SCN-02-FANOUT-0002-W1,8533.8,0,0,no_movement
SCN-02-FANOUT-0002,fanout,test,SCN-02-FANOUT-0002-W2,1,SCN-02-FANOUT-0002-W1,23915.4,1,0,forward
SCN-02-FANOUT-0002,fanout,test,SCN-02-FANOUT-0002-W3,1,SCN-02-FANOUT-0002-W1,17936.8,1,0,no_movement
SCN-02-FANOUT-0002,fanout,test,SCN-02-FANOUT-0002-W4,0,SCN-02-FANOUT-0002-W1,0.0,-1,0,no_movement
SCN-02-FANOUT-0002,fanout,test,SCN-02-FANOUT-0002-NORMAL_A,0,SCN-02-FANOUT-0002-W1,0.0,-1,0,no_movement
SCN-02-FANOUT-0002,fanout,test,SCN-02-FANOUT-0002-NORMAL_B,0,SCN-02-FANOUT-0002-W1,0.0,-1,0,no_movement
SCN-02-FANOUT-0002,fanout,test,SCN-02-FANOUT-0002-NORMAL_C,0,SCN-02-FANOUT-0002-W1,0.0,-1,0,no_movement
SCN-02-FANOUT-0003,fanout,validation,SCN-02-FANOUT-0003-VICTIM,0,SCN-02-FANOUT-0003-W1,0.0,-1,0,no_movement
SCN-02-FANOUT-0003,fanout,validation,SCN-02-FANOUT-0003-W1,1,SCN-02-FANOUT-0003-W1,7146.18,0,0,no_movement
SCN-02-FANOUT-0003,fanout,validation,SCN-02-FANOUT-0003-W2,1,SCN-02-FANOUT-0003-W1,20189.89,1,0,forward
SCN-02-FANOUT-0003,fanout,validation,SCN-02-FANOUT-0003-W3,1,SCN-02-FANOUT-0003-W1,15141.93,1,0,no_movement
SCN-02-FANOUT-0003,fanout,validation,SCN-02-FANOUT-0003-W4,0,SCN-02-FANOUT-0003-W1,0.0,-1,0,no_movement
SCN-02-FANOUT-0003,fanout,validation,SCN-02-FANOUT-0003-NORMAL_A,0,SCN-02-FANOUT-0003-W1,0.0,-1,0,no_movement
SCN-02-FANOUT-0003,fanout,validation,SCN-02-FANOUT-0003-NORMAL_B,0,SCN-02-FANOUT-0003-W1,0.0,-1,0,no_movement
SCN-02-FANOUT-0003,fanout,validation,SCN-02-FANOUT-0003-NORMAL_C,0,SCN-02-FANOUT-0003-W1,0.0,-1,0,no_movement
SCN-02-FANOUT-0004,fanout,train,SCN-02-FANOUT-0004-VICTIM,0,SCN-02-FANOUT-0004-W1,0.0,-1,0,no_movement
SCN-02-FANOUT-0004,fanout,train,SCN-02-FANOUT-0004-W1,1,SCN-02-FANOUT-0004-W1,8960.64,0,0,no_movement
SCN-02-FANOUT-0004,fanout,train,SCN-02-FANOUT-0004-W2,1,SCN-02-FANOUT-0004-W1,25304.63,1,0,forward
SCN-02-FANOUT-0004,fanout,train,SCN-02-FANOUT-0004-W3,1,SCN-02-FANOUT-0004-W1,18978.73,1,0,no_movement
SCN-02-FANOUT-0004,fanout,train,SCN-02-FANOUT-0004-W4,0,SCN-02-FANOUT-0004-W1,0.0,-1,0,no_movement
SCN-02-FANOUT-0004,fanout,train,SCN-02-FANOUT-0004-NORMAL_A,0,SCN-02-FANOUT-0004-W1,0.0,-1,0,no_movement
SCN-02-FANOUT-0004,fanout,train,SCN-02-FANOUT-0004-NORMAL_B,0,SCN-02-FANOUT-0004-W1,0.0,-1,0,no_movement
SCN-02-FANOUT-0004,fanout,train,SCN-02-FANOUT-0004-NORMAL_C,0,SCN-02-FANOUT-0004-W1,0.0,-1,0,no_movement
SCN-02-FANOUT-0005,fanout,train,SCN-02-FANOUT-0005-VICTIM,0,SCN-02-FANOUT-0005-W1,0.0,-1,0,no_movement
SCN-02-FANOUT-0005,fanout,train,SCN-02-FANOUT-0005-W1,1,SCN-02-FANOUT-0005-W1,9457.25,0,0,no_movement
SCN-02-FANOUT-0005,fanout,train,SCN-02-FANOUT-0005-W2,1,SCN-02-FANOUT-0005-W1,26752.43,1,0,forward
SCN-02-FANOUT-0005,fanout,train,SCN-02-FANOUT-0005-W3,1,SCN-02-FANOUT-0005-W1,20064.32,1,0,no_movement
SCN-02-FANOUT-0005,fanout,train,SCN-02-FANOUT-0005-W4,0,SCN-02-FANOUT-0005-W1,0.0,-1,0,no_movement
SCN-02-FANOUT-0005,fanout,train,SCN-02-FANOUT-0005-NORMAL_A,0,SCN-02-FANOUT-0005-W1,0.0,-1,0,no_movement
SCN-02-FANOUT-0005,fanout,train,SCN-02-FANOUT-0005-NORMAL_B,0,SCN-02-FANOUT-0005-W1,0.0,-1,0,no_movement
SCN-02-FANOUT-0005,fanout,train,SCN-02-FANOUT-0005-NORMAL_C,0,SCN-02-FANOUT-0005-W1,0.0,-1,0,no_movement
SCN-02-FANOUT-0006,fanout,train,SCN-02-FANOUT-0006-VICTIM,0,SCN-02-FANOUT-0006-W1,0.0,-1,0,no_movement
SCN-02-FANOUT-0006,fanout,train,SCN-02-FANOUT-0006-W1,1,SCN-02-FANOUT-0006-W1,6516.94,0,0,no_movement
SCN-02-FANOUT-0006,fanout,train,SCN-02-FANOUT-0006-W2,1,SCN-02-FANOUT-0006-W1,18421.89,1,0,forward
SCN-02-FANOUT-0006,fanout,train,SCN-02-FANOUT-0006-W3,1,SCN-02-FANOUT-0006-W1,13816.17,1,0,no_movement
SCN-02-FANOUT-0006,fanout,train,SCN-02-FANOUT-0006-W4,0,SCN-02-FANOUT-0006-W1,0.0,-1,0,no_movement
SCN-02-FANOUT-0006,fanout,train,SCN-02-FANOUT-0006-NORMAL_A,0,SCN-02-FANOUT-0006-W1,0.0,-1,0,no_movement
SCN-02-FANOUT-0006,fanout,train,SCN-02-FANOUT-0006-NORMAL_B,0,SCN-02-FANOUT-0006-W1,0.0,-1,0,no_movement
SCN-02-FANOUT-0006,fanout,train,SCN-02-FANOUT-0006-NORMAL_C,0,SCN-02-FANOUT-0006-W1,0.0,-1,0,no_movement
SCN-02-FANOUT-0007,fanout,train,SCN-02-FANOUT-0007-VICTIM,0,SCN-02-FANOUT-0007-W1,0.0,-1,0,no_movement
SCN-02-FANOUT-0007,fanout,train,SCN-02-FANOUT-0007-W1,1,SCN-02-FANOUT-0007-W1,8836.74,0,0,no_movement
SCN-02-FANOUT-0007,fanout,train,SCN-02-FANOUT-0007-W2,1,SCN-02-FANOUT-0007-W1,24885.15,1,0,forward
SCN-02-FANOUT-0007,fanout,train,SCN-02-FANOUT-0007-W3,1,SCN-02-FANOUT-0007-W1,18664.11,1,0,no_movement
SCN-02-FANOUT-0007,fanout,train,SCN-02-FANOUT-0007-W4,0,SCN-02-FANOUT-0007-W1,0.0,-1,0,no_movement
SCN-02-FANOUT-0007,fanout,train,SCN-02-FANOUT-0007-NORMAL_A,0,SCN-02-FANOUT-0007-W1,0.0,-1,0,no_movement
SCN-02-FANOUT-0007,fanout,train,SCN-02-FANOUT-0007-NORMAL_B,0,SCN-02-FANOUT-0007-W1,0.0,-1,0,no_movement
SCN-02-FANOUT-0007,fanout,train,SCN-02-FANOUT-0007-NORMAL_C,0,SCN-02-FANOUT-0007-W1,0.0,-1,0,no_movement
SCN-02-FANOUT-0008,fanout,train,SCN-02-FANOUT-0008-VICTIM,0,SCN-02-FANOUT-0008-W1,0.0,-1,0,no_movement
SCN-02-FANOUT-0008,fanout,train,SCN-02-FANOUT-0008-W1,1,SCN-02-FANOUT-0008-W1,8613.7,0,0,no_movement
SCN-02-FANOUT-0008,fanout,train,SCN-02-FANOUT-0008-W2,1,SCN-02-FANOUT-0008-W1,24333.03,1,0,forward
SCN-02-FANOUT-0008,fanout,train,SCN-02-FANOUT-0008-W3,1,SCN-02-FANOUT-0008-W1,18250.27,1,0,no_movement
SCN-02-FANOUT-0008,fanout,train,SCN-02-FANOUT-0008-W4,0,SCN-02-FANOUT-0008-W1,0.0,-1,0,no_movement
SCN-02-FANOUT-0008,fanout,train,SCN-02-FANOUT-0008-NORMAL_A,0,SCN-02-FANOUT-0008-W1,0.0,-1,0,no_movement
SCN-02-FANOUT-0008,fanout,train,SCN-02-FANOUT-0008-NORMAL_B,0,SCN-02-FANOUT-0008-W1,0.0,-1,0,no_movement
SCN-02-FANOUT-0008,fanout,train,SCN-02-FANOUT-0008-NORMAL_C,0,SCN-02-FANOUT-0008-W1,0.0,-1,0,no_movement
SCN-02-FANOUT-0009,fanout,train,SCN-02-FANOUT-0009-VICTIM,0,SCN-02-FANOUT-0009-W1,0.0,-1,0,no_movement
SCN-02-FANOUT-0009,fanout,train,SCN-02-FANOUT-0009-W1,1,SCN-02-FANOUT-0009-W1,9491.71,0,0,no_movement
SCN-02-FANOUT-0009,fanout,train,SCN-02-FANOUT-0009-W2,1,SCN-02-FANOUT-0009-W1,26945.02,1,0,forward
SCN-02-FANOUT-0009,fanout,train,SCN-02-FANOUT-0009-W3,1,SCN-02-FANOUT-0009-W1,20208.27,1,0,no_movement
SCN-02-FANOUT-0009,fanout,train,SCN-02-FANOUT-0009-W4,0,SCN-02-FANOUT-0009-W1,0.0,-1,0,no_movement
SCN-02-FANOUT-0009,fanout,train,SCN-02-FANOUT-0009-NORMAL_A,0,SCN-02-FANOUT-0009-W1,0.0,-1,0,no_movement
SCN-02-FANOUT-0009,fanout,train,SCN-02-FANOUT-0009-NORMAL_B,0,SCN-02-FANOUT-0009-W1,0.0,-1,0,no_movement
SCN-02-FANOUT-0009,fanout,train,SCN-02-FANOUT-0009-NORMAL_C,0,SCN-02-FANOUT-0009-W1,0.0,-1,0,no_movement
SCN-02-FANOUT-0010,fanout,train,SCN-02-FANOUT-0010-VICTIM,0,SCN-02-FANOUT-0010-W1,0.0,-1,0,no_movement
SCN-02-FANOUT-0010,fanout,train,SCN-02-FANOUT-0010-W1,1,SCN-02-FANOUT-0010-W1,7617.03,0,0,no_movement
SCN-02-FANOUT-0010,fanout,train,SCN-02-FANOUT-0010-W2,1,SCN-02-FANOUT-0010-W1,21643.84,1,0,forward
SCN-02-FANOUT-0010,fanout,train,SCN-02-FANOUT-0010-W3,1,SCN-02-FANOUT-0010-W1,16232.13,1,0,no_movement
SCN-02-FANOUT-0010,fanout,train,SCN-02-FANOUT-0010-W4,0,SCN-02-FANOUT-0010-W1,0.0,-1,0,no_movement
SCN-02-FANOUT-0010,fanout,train,SCN-02-FANOUT-0010-NORMAL_A,0,SCN-02-FANOUT-0010-W1,0.0,-1,0,no_movement
SCN-02-FANOUT-0010,fanout,train,SCN-02-FANOUT-0010-NORMAL_B,0,SCN-02-FANOUT-0010-W1,0.0,-1,0,no_movement
SCN-02-FANOUT-0010,fanout,train,SCN-02-FANOUT-0010-NORMAL_C,0,SCN-02-FANOUT-0010-W1,0.0,-1,0,no_movement
SCN-02-FANOUT-0011,fanout,train,SCN-02-FANOUT-0011-VICTIM,0,SCN-02-FANOUT-0011-W1,0.0,-1,0,no_movement
SCN-02-FANOUT-0011,fanout,train,SCN-02-FANOUT-0011-W1,1,SCN-02-FANOUT-0011-W1,7981.55,0,0,no_movement
SCN-02-FANOUT-0011,fanout,train,SCN-02-FANOUT-0011-W2,1,SCN-02-FANOUT-0011-W1,22690.69,1,0,forward
SCN-02-FANOUT-0011,fanout,train,SCN-02-FANOUT-0011-W3,1,SCN-02-FANOUT-0011-W1,17017.76,1,0,no_movement
SCN-02-FANOUT-0011,fanout,train,SCN-02-FANOUT-0011-W4,0,SCN-02-FANOUT-0011-W1,0.0,-1,0,no_movement
SCN-02-FANOUT-0011,fanout,train,SCN-02-FANOUT-0011-NORMAL_A,0,SCN-02-FANOUT-0011-W1,0.0,-1,0,no_movement
SCN-02-FANOUT-0011,fanout,train,SCN-02-FANOUT-0011-NORMAL_B,0,SCN-02-FANOUT-0011-W1,0.0,-1,0,no_movement
SCN-02-FANOUT-0011,fanout,train,SCN-02-FANOUT-0011-NORMAL_C,0,SCN-02-FANOUT-0011-W1,0.0,-1,0,no_movement
SCN-02-FANOUT-0012,fanout,train,SCN-02-FANOUT-0012-VICTIM,0,SCN-02-FANOUT-0012-W1,0.0,-1,0,no_movement
SCN-02-FANOUT-0012,fanout,train,SCN-02-FANOUT-0012-W1,1,SCN-02-FANOUT-0012-W1,9217.18,0,0,no_movement
SCN-02-FANOUT-0012,fanout,train,SCN-02-FANOUT-0012-W2,1,SCN-02-FANOUT-0012-W1,26097.33,1,0,forward
SCN-02-FANOUT-0012,fanout,train,SCN-02-FANOUT-0012-W3,1,SCN-02-FANOUT-0012-W1,19573.49,1,0,no_movement
SCN-02-FANOUT-0012,fanout,train,SCN-02-FANOUT-0012-W4,0,SCN-02-FANOUT-0012-W1,0.0,-1,0,no_movement
SCN-02-FANOUT-0012,fanout,train,SCN-02-FANOUT-0012-NORMAL_A,0,SCN-02-FANOUT-0012-W1,0.0,-1,0,no_movement
SCN-02-FANOUT-0012,fanout,train,SCN-02-FANOUT-0012-NORMAL_B,0,SCN-02-FANOUT-0012-W1,0.0,-1,0,no_movement
SCN-02-FANOUT-0012,fanout,train,SCN-02-FANOUT-0012-NORMAL_C,0,SCN-02-FANOUT-0012-W1,0.0,-1,0,no_movement
SCN-02-FANOUT-0013,fanout,validation,SCN-02-FANOUT-0013-VICTIM,0,SCN-02-FANOUT-0013-W1,0.0,-1,0,no_movement
SCN-02-FANOUT-0013,fanout,validation,SCN-02-FANOUT-0013-W1,1,SCN-02-FANOUT-0013-W1,9951.57,0,0,no_movement
SCN-02-FANOUT-0013,fanout,validation,SCN-02-FANOUT-0013-W2,1,SCN-02-FANOUT-0013-W1,27933.82,1,0,forward
SCN-02-FANOUT-0013,fanout,validation,SCN-02-FANOUT-0013-W3,1,SCN-02-FANOUT-0013-W1,20950.61,1,0,no_movement
SCN-02-FANOUT-0013,fanout,validation,SCN-02-FANOUT-0013-W4,0,SCN-02-FANOUT-0013-W1,0.0,-1,0,no_movement
SCN-02-FANOUT-0013,fanout,validation,SCN-02-FANOUT-0013-NORMAL_A,0,SCN-02-FANOUT-0013-W1,0.0,-1,0,no_movement
SCN-02-FANOUT-0013,fanout,validation,SCN-02-FANOUT-0013-NORMAL_B,0,SCN-02-FANOUT-0013-W1,0.0,-1,0,no_movement
SCN-02-FANOUT-0013,fanout,validation,SCN-02-FANOUT-0013-NORMAL_C,0,SCN-02-FANOUT-0013-W1,0.0,-1,0,no_movement
SCN-02-FANOUT-0014,fanout,validation,SCN-02-FANOUT-0014-VICTIM,0,SCN-02-FANOUT-0014-W1,0.0,-1,0,no_movement
SCN-02-FANOUT-0014,fanout,validation,SCN-02-FANOUT-0014-W1,1,SCN-02-FANOUT-0014-W1,7212.55,0,0,no_movement
SCN-02-FANOUT-0014,fanout,validation,SCN-02-FANOUT-0014-W2,1,SCN-02-FANOUT-0014-W1,20441.83,1,0,forward
SCN-02-FANOUT-0014,fanout,validation,SCN-02-FANOUT-0014-W3,1,SCN-02-FANOUT-0014-W1,15331.62,1,0,no_movement
SCN-02-FANOUT-0014,fanout,validation,SCN-02-FANOUT-0014-W4,0,SCN-02-FANOUT-0014-W1,0.0,-1,0,no_movement
SCN-02-FANOUT-0014,fanout,validation,SCN-02-FANOUT-0014-NORMAL_A,0,SCN-02-FANOUT-0014-W1,0.0,-1,0,no_movement
SCN-02-FANOUT-0014,fanout,validation,SCN-02-FANOUT-0014-NORMAL_B,0,SCN-02-FANOUT-0014-W1,0.0,-1,0,no_movement
SCN-02-FANOUT-0014,fanout,validation,SCN-02-FANOUT-0014-NORMAL_C,0,SCN-02-FANOUT-0014-W1,0.0,-1,0,no_movement
SCN-02-FANOUT-0015,fanout,train,SCN-02-FANOUT-0015-VICTIM,0,SCN-02-FANOUT-0015-W1,0.0,-1,0,no_movement
SCN-02-FANOUT-0015,fanout,train,SCN-02-FANOUT-0015-W1,1,SCN-02-FANOUT-0015-W1,8201.48,0,0,no_movement
SCN-02-FANOUT-0015,fanout,train,SCN-02-FANOUT-0015-W2,1,SCN-02-FANOUT-0015-W1,23419.01,1,0,forward
SCN-02-FANOUT-0015,fanout,train,SCN-02-FANOUT-0015-W3,1,SCN-02-FANOUT-0015-W1,17564.51,1,0,no_movement
SCN-02-FANOUT-0015,fanout,train,SCN-02-FANOUT-0015-W4,0,SCN-02-FANOUT-0015-W1,0.0,-1,0,no_movement
SCN-02-FANOUT-0015,fanout,train,SCN-02-FANOUT-0015-NORMAL_A,0,SCN-02-FANOUT-0015-W1,0.0,-1,0,no_movement
SCN-02-FANOUT-0015,fanout,train,SCN-02-FANOUT-0015-NORMAL_B,0,SCN-02-FANOUT-0015-W1,0.0,-1,0,no_movement
SCN-02-FANOUT-0015,fanout,train,SCN-02-FANOUT-0015-NORMAL_C,0,SCN-02-FANOUT-0015-W1,0.0,-1,0,no_movement
SCN-02-FANOUT-0016,fanout,train,SCN-02-FANOUT-0016-VICTIM,0,SCN-02-FANOUT-0016-W1,0.0,-1,0,no_movement
SCN-02-FANOUT-0016,fanout,train,SCN-02-FANOUT-0016-W1,1,SCN-02-FANOUT-0016-W1,8936.77,0,0,no_movement
SCN-02-FANOUT-0016,fanout,train,SCN-02-FANOUT-0016-W2,1,SCN-02-FANOUT-0016-W1,25503.99,1,0,forward
SCN-02-FANOUT-0016,fanout,train,SCN-02-FANOUT-0016-W3,1,SCN-02-FANOUT-0016-W1,19128.24,1,0,no_movement
SCN-02-FANOUT-0016,fanout,train,SCN-02-FANOUT-0016-W4,0,SCN-02-FANOUT-0016-W1,0.0,-1,0,no_movement
SCN-02-FANOUT-0016,fanout,train,SCN-02-FANOUT-0016-NORMAL_A,0,SCN-02-FANOUT-0016-W1,0.0,-1,0,no_movement
SCN-02-FANOUT-0016,fanout,train,SCN-02-FANOUT-0016-NORMAL_B,0,SCN-02-FANOUT-0016-W1,0.0,-1,0,no_movement
SCN-02-FANOUT-0016,fanout,train,SCN-02-FANOUT-0016-NORMAL_C,0,SCN-02-FANOUT-0016-W1,0.0,-1,0,no_movement
SCN-02-FANOUT-0017,fanout,validation,SCN-02-FANOUT-0017-VICTIM,0,SCN-02-FANOUT-0017-W1,0.0,-1,0,no_movement
SCN-02-FANOUT-0017,fanout,validation,SCN-02-FANOUT-0017-W1,1,SCN-02-FANOUT-0017-W1,9576.59,0,0,no_movement
SCN-02-FANOUT-0017,fanout,validation,SCN-02-FANOUT-0017-W2,1,SCN-02-FANOUT-0017-W1,26831.23,1,0,forward
SCN-02-FANOUT-0017,fanout,validation,SCN-02-FANOUT-0017-W3,1,SCN-02-FANOUT-0017-W1,20123.18,1,0,no_movement
SCN-02-FANOUT-0017,fanout,validation,SCN-02-FANOUT-0017-W4,0,SCN-02-FANOUT-0017-W1,0.0,-1,0,no_movement
SCN-02-FANOUT-0017,fanout,validation,SCN-02-FANOUT-0017-NORMAL_A,0,SCN-02-FANOUT-0017-W1,0.0,-1,0,no_movement
SCN-02-FANOUT-0017,fanout,validation,SCN-02-FANOUT-0017-NORMAL_B,0,SCN-02-FANOUT-0017-W1,0.0,-1,0,no_movement
SCN-02-FANOUT-0017,fanout,validation,SCN-02-FANOUT-0017-NORMAL_C,0,SCN-02-FANOUT-0017-W1,0.0,-1,0,no_movement
SCN-02-FANOUT-0018,fanout,validation,SCN-02-FANOUT-0018-VICTIM,0,SCN-02-FANOUT-0018-W1,0.0,-1,0,no_movement
SCN-02-FANOUT-0018,fanout,validation,SCN-02-FANOUT-0018-W1,1,SCN-02-FANOUT-0018-W1,8605.86,0,0,no_movement
SCN-02-FANOUT-0018,fanout,validation,SCN-02-FANOUT-0018-W2,1,SCN-02-FANOUT-0018-W1,24216.51,1,0,forward
SCN-02-FANOUT-0018,fanout,validation,SCN-02-FANOUT-0018-W3,1,SCN-02-FANOUT-0018-W1,18162.63,1,0,no_movement
SCN-02-FANOUT-0018,fanout,validation,SCN-02-FANOUT-0018-W4,0,SCN-02-FANOUT-0018-W1,0.0,-1,0,no_movement
SCN-02-FANOUT-0018,fanout,validation,SCN-02-FANOUT-0018-NORMAL_A,0,SCN-02-FANOUT-0018-W1,0.0,-1,0,no_movement
SCN-02-FANOUT-0018,fanout,validation,SCN-02-FANOUT-0018-NORMAL_B,0,SCN-02-FANOUT-0018-W1,0.0,-1,0,no_movement
SCN-02-FANOUT-0018,fanout,validation,SCN-02-FANOUT-0018-NORMAL_C,0,SCN-02-FANOUT-0018-W1,0.0,-1,0,no_movement
SCN-02-FANOUT-0019,fanout,train,SCN-02-FANOUT-0019-VICTIM,0,SCN-02-FANOUT-0019-W1,0.0,-1,0,no_movement
SCN-02-FANOUT-0019,fanout,train,SCN-02-FANOUT-0019-W1,1,SCN-02-FANOUT-0019-W1,10236.91,0,0,no_movement
SCN-02-FANOUT-0019,fanout,train,SCN-02-FANOUT-0019-W2,1,SCN-02-FANOUT-0019-W1,29144.19,1,0,forward
SCN-02-FANOUT-0019,fanout,train,SCN-02-FANOUT-0019-W3,1,SCN-02-FANOUT-0019-W1,21858.9,1,0,no_movement
SCN-02-FANOUT-0019,fanout,train,SCN-02-FANOUT-0019-W4,0,SCN-02-FANOUT-0019-W1,0.0,-1,0,no_movement
SCN-02-FANOUT-0019,fanout,train,SCN-02-FANOUT-0019-NORMAL_A,0,SCN-02-FANOUT-0019-W1,0.0,-1,0,no_movement
SCN-02-FANOUT-0019,fanout,train,SCN-02-FANOUT-0019-NORMAL_B,0,SCN-02-FANOUT-0019-W1,0.0,-1,0,no_movement
SCN-02-FANOUT-0019,fanout,train,SCN-02-FANOUT-0019-NORMAL_C,0,SCN-02-FANOUT-0019-W1,0.0,-1,0,no_movement
SCN-02-FANOUT-0020,fanout,train,SCN-02-FANOUT-0020-VICTIM,0,SCN-02-FANOUT-0020-W1,0.0,-1,0,no_movement
SCN-02-FANOUT-0020,fanout,train,SCN-02-FANOUT-0020-W1,1,SCN-02-FANOUT-0020-W1,7180.81,0,0,no_movement
SCN-02-FANOUT-0020,fanout,train,SCN-02-FANOUT-0020-W2,1,SCN-02-FANOUT-0020-W1,20438.96,1,0,forward
SCN-02-FANOUT-0020,fanout,train,SCN-02-FANOUT-0020-W3,1,SCN-02-FANOUT-0020-W1,15329.23,1,0,no_movement
SCN-02-FANOUT-0020,fanout,train,SCN-02-FANOUT-0020-W4,0,SCN-02-FANOUT-0020-W1,0.0,-1,0,no_movement
SCN-02-FANOUT-0020,fanout,train,SCN-02-FANOUT-0020-NORMAL_A,0,SCN-02-FANOUT-0020-W1,0.0,-1,0,no_movement
SCN-02-FANOUT-0020,fanout,train,SCN-02-FANOUT-0020-NORMAL_B,0,SCN-02-FANOUT-0020-W1,0.0,-1,0,no_movement
SCN-02-FANOUT-0020,fanout,train,SCN-02-FANOUT-0020-NORMAL_C,0,SCN-02-FANOUT-0020-W1,0.0,-1,0,no_movement
SCN-02-FANOUT-0021,fanout,train,SCN-02-FANOUT-0021-VICTIM,0,SCN-02-FANOUT-0021-W1,0.0,-1,0,no_movement
SCN-02-FANOUT-0021,fanout,train,SCN-02-FANOUT-0021-W1,1,SCN-02-FANOUT-0021-W1,9668.63,0,0,no_movement
SCN-02-FANOUT-0021,fanout,train,SCN-02-FANOUT-0021-W2,1,SCN-02-FANOUT-0021-W1,27608.21,1,0,forward
SCN-02-FANOUT-0021,fanout,train,SCN-02-FANOUT-0021-W3,1,SCN-02-FANOUT-0021-W1,20706.16,1,0,no_movement
SCN-02-FANOUT-0021,fanout,train,SCN-02-FANOUT-0021-W4,0,SCN-02-FANOUT-0021-W1,0.0,-1,0,no_movement
SCN-02-FANOUT-0021,fanout,train,SCN-02-FANOUT-0021-NORMAL_A,0,SCN-02-FANOUT-0021-W1,0.0,-1,0,no_movement
SCN-02-FANOUT-0021,fanout,train,SCN-02-FANOUT-0021-NORMAL_B,0,SCN-02-FANOUT-0021-W1,0.0,-1,0,no_movement
SCN-02-FANOUT-0021,fanout,train,SCN-02-FANOUT-0021-NORMAL_C,0,SCN-02-FANOUT-0021-W1,0.0,-1,0,no_movement
SCN-02-FANOUT-0022,fanout,train,SCN-02-FANOUT-0022-VICTIM,0,SCN-02-FANOUT-0022-W1,0.0,-1,0,no_movement
SCN-02-FANOUT-0022,fanout,train,SCN-02-FANOUT-0022-W1,1,SCN-02-FANOUT-0022-W1,8009.85,0,0,no_movement
SCN-02-FANOUT-0022,fanout,train,SCN-02-FANOUT-0022-W2,1,SCN-02-FANOUT-0022-W1,22517.8,1,0,forward
SCN-02-FANOUT-0022,fanout,train,SCN-02-FANOUT-0022-W3,1,SCN-02-FANOUT-0022-W1,16888.35,1,0,no_movement
SCN-02-FANOUT-0022,fanout,train,SCN-02-FANOUT-0022-W4,0,SCN-02-FANOUT-0022-W1,0.0,-1,0,no_movement
SCN-02-FANOUT-0022,fanout,train,SCN-02-FANOUT-0022-NORMAL_A,0,SCN-02-FANOUT-0022-W1,0.0,-1,0,no_movement
SCN-02-FANOUT-0022,fanout,train,SCN-02-FANOUT-0022-NORMAL_B,0,SCN-02-FANOUT-0022-W1,0.0,-1,0,no_movement
SCN-02-FANOUT-0022,fanout,train,SCN-02-FANOUT-0022-NORMAL_C,0,SCN-02-FANOUT-0022-W1,0.0,-1,0,no_movement
SCN-02-FANOUT-0023,fanout,train,SCN-02-FANOUT-0023-VICTIM,0,SCN-02-FANOUT-0023-W1,0.0,-1,0,no_movement
SCN-02-FANOUT-0023,fanout,train,SCN-02-FANOUT-0023-W1,1,SCN-02-FANOUT-0023-W1,9981.92,0,0,no_movement
SCN-02-FANOUT-0023,fanout,train,SCN-02-FANOUT-0023-W2,1,SCN-02-FANOUT-0023-W1,27871.47,1,0,forward
SCN-02-FANOUT-0023,fanout,train,SCN-02-FANOUT-0023-W3,1,SCN-02-FANOUT-0023-W1,20903.61,1,0,no_movement
SCN-02-FANOUT-0023,fanout,train,SCN-02-FANOUT-0023-W4,0,SCN-02-FANOUT-0023-W1,0.0,-1,0,no_movement
SCN-02-FANOUT-0023,fanout,train,SCN-02-FANOUT-0023-NORMAL_A,0,SCN-02-FANOUT-0023-W1,0.0,-1,0,no_movement
SCN-02-FANOUT-0023,fanout,train,SCN-02-FANOUT-0023-NORMAL_B,0,SCN-02-FANOUT-0023-W1,0.0,-1,0,no_movement
SCN-02-FANOUT-0023,fanout,train,SCN-02-FANOUT-0023-NORMAL_C,0,SCN-02-FANOUT-0023-W1,0.0,-1,0,no_movement
SCN-02-FANOUT-0024,fanout,train,SCN-02-FANOUT-0024-VICTIM,0,SCN-02-FANOUT-0024-W1,0.0,-1,0,no_movement
SCN-02-FANOUT-0024,fanout,train,SCN-02-FANOUT-0024-W1,1,SCN-02-FANOUT-0024-W1,7924.69,0,0,no_movement
SCN-02-FANOUT-0024,fanout,train,SCN-02-FANOUT-0024-W2,1,SCN-02-FANOUT-0024-W1,22194.03,1,0,forward
SCN-02-FANOUT-0024,fanout,train,SCN-02-FANOUT-0024-W3,1,SCN-02-FANOUT-0024-W1,16645.28,1,0,no_movement
SCN-02-FANOUT-0024,fanout,train,SCN-02-FANOUT-0024-W4,0,SCN-02-FANOUT-0024-W1,0.0,-1,0,no_movement
SCN-02-FANOUT-0024,fanout,train,SCN-02-FANOUT-0024-NORMAL_A,0,SCN-02-FANOUT-0024-W1,0.0,-1,0,no_movement
SCN-02-FANOUT-0024,fanout,train,SCN-02-FANOUT-0024-NORMAL_B,0,SCN-02-FANOUT-0024-W1,0.0,-1,0,no_movement
SCN-02-FANOUT-0024,fanout,train,SCN-02-FANOUT-0024-NORMAL_C,0,SCN-02-FANOUT-0024-W1,0.0,-1,0,no_movement
SCN-02-FANOUT-0025,fanout,train,SCN-02-FANOUT-0025-VICTIM,0,SCN-02-FANOUT-0025-W1,0.0,-1,0,no_movement
SCN-02-FANOUT-0025,fanout,train,SCN-02-FANOUT-0025-W1,1,SCN-02-FANOUT-0025-W1,8975.59,0,0,no_movement
SCN-02-FANOUT-0025,fanout,train,SCN-02-FANOUT-0025-W2,1,SCN-02-FANOUT-0025-W1,25379.8,1,0,forward
SCN-02-FANOUT-0025,fanout,train,SCN-02-FANOUT-0025-W3,1,SCN-02-FANOUT-0025-W1,19034.61,1,0,no_movement
SCN-02-FANOUT-0025,fanout,train,SCN-02-FANOUT-0025-W4,0,SCN-02-FANOUT-0025-W1,0.0,-1,0,no_movement
SCN-02-FANOUT-0025,fanout,train,SCN-02-FANOUT-0025-NORMAL_A,0,SCN-02-FANOUT-0025-W1,0.0,-1,0,no_movement
SCN-02-FANOUT-0025,fanout,train,SCN-02-FANOUT-0025-NORMAL_B,0,SCN-02-FANOUT-0025-W1,0.0,-1,0,no_movement
SCN-02-FANOUT-0025,fanout,train,SCN-02-FANOUT-0025-NORMAL_C,0,SCN-02-FANOUT-0025-W1,0.0,-1,0,no_movement
SCN-02-FANOUT-0026,fanout,train,SCN-02-FANOUT-0026-VICTIM,0,SCN-02-FANOUT-0026-W1,0.0,-1,0,no_movement
SCN-02-FANOUT-0026,fanout,train,SCN-02-FANOUT-0026-W1,1,SCN-02-FANOUT-0026-W1,9700.53,0,0,no_movement
SCN-02-FANOUT-0026,fanout,train,SCN-02-FANOUT-0026-W2,1,SCN-02-FANOUT-0026-W1,27430.84,1,0,forward
SCN-02-FANOUT-0026,fanout,train,SCN-02-FANOUT-0026-W3,1,SCN-02-FANOUT-0026-W1,20573.63,1,0,no_movement
SCN-02-FANOUT-0026,fanout,train,SCN-02-FANOUT-0026-W4,0,SCN-02-FANOUT-0026-W1,0.0,-1,0,no_movement
SCN-02-FANOUT-0026,fanout,train,SCN-02-FANOUT-0026-NORMAL_A,0,SCN-02-FANOUT-0026-W1,0.0,-1,0,no_movement
SCN-02-FANOUT-0026,fanout,train,SCN-02-FANOUT-0026-NORMAL_B,0,SCN-02-FANOUT-0026-W1,0.0,-1,0,no_movement
SCN-02-FANOUT-0026,fanout,train,SCN-02-FANOUT-0026-NORMAL_C,0,SCN-02-FANOUT-0026-W1,0.0,-1,0,no_movement
SCN-02-FANOUT-0027,fanout,train,SCN-02-FANOUT-0027-VICTIM,0,SCN-02-FANOUT-0027-W1,0.0,-1,0,no_movement
SCN-02-FANOUT-0027,fanout,train,SCN-02-FANOUT-0027-W1,1,SCN-02-FANOUT-0027-W1,9757.42,0,0,no_movement
SCN-02-FANOUT-0027,fanout,train,SCN-02-FANOUT-0027-W2,1,SCN-02-FANOUT-0027-W1,27720.19,1,0,forward
SCN-02-FANOUT-0027,fanout,train,SCN-02-FANOUT-0027-W3,1,SCN-02-FANOUT-0027-W1,20790.39,1,0,no_movement
SCN-02-FANOUT-0027,fanout,train,SCN-02-FANOUT-0027-W4,0,SCN-02-FANOUT-0027-W1,0.0,-1,0,no_movement
SCN-02-FANOUT-0027,fanout,train,SCN-02-FANOUT-0027-NORMAL_A,0,SCN-02-FANOUT-0027-W1,0.0,-1,0,no_movement
SCN-02-FANOUT-0027,fanout,train,SCN-02-FANOUT-0027-NORMAL_B,0,SCN-02-FANOUT-0027-W1,0.0,-1,0,no_movement
SCN-02-FANOUT-0027,fanout,train,SCN-02-FANOUT-0027-NORMAL_C,0,SCN-02-FANOUT-0027-W1,0.0,-1,0,no_movement
SCN-02-FANOUT-0028,fanout,train,SCN-02-FANOUT-0028-VICTIM,0,SCN-02-FANOUT-0028-W1,0.0,-1,0,no_movement
SCN-02-FANOUT-0028,fanout,train,SCN-02-FANOUT-0028-W1,1,SCN-02-FANOUT-0028-W1,6396.43,0,0,no_movement
SCN-02-FANOUT-0028,fanout,train,SCN-02-FANOUT-0028-W2,1,SCN-02-FANOUT-0028-W1,18183.18,1,0,forward
SCN-02-FANOUT-0028,fanout,train,SCN-02-FANOUT-0028-W3,1,SCN-02-FANOUT-0028-W1,13637.39,1,0,no_movement
SCN-02-FANOUT-0028,fanout,train,SCN-02-FANOUT-0028-W4,0,SCN-02-FANOUT-0028-W1,0.0,-1,0,no_movement
SCN-02-FANOUT-0028,fanout,train,SCN-02-FANOUT-0028-NORMAL_A,0,SCN-02-FANOUT-0028-W1,0.0,-1,0,no_movement
SCN-02-FANOUT-0028,fanout,train,SCN-02-FANOUT-0028-NORMAL_B,0,SCN-02-FANOUT-0028-W1,0.0,-1,0,no_movement
SCN-02-FANOUT-0028,fanout,train,SCN-02-FANOUT-0028-NORMAL_C,0,SCN-02-FANOUT-0028-W1,0.0,-1,0,no_movement
SCN-02-FANOUT-0029,fanout,train,SCN-02-FANOUT-0029-VICTIM,0,SCN-02-FANOUT-0029-W1,0.0,-1,0,no_movement
SCN-02-FANOUT-0029,fanout,train,SCN-02-FANOUT-0029-W1,1,SCN-02-FANOUT-0029-W1,9343.81,0,0,no_movement
SCN-02-FANOUT-0029,fanout,train,SCN-02-FANOUT-0029-W2,1,SCN-02-FANOUT-0029-W1,26106.11,1,0,forward
SCN-02-FANOUT-0029,fanout,train,SCN-02-FANOUT-0029-W3,1,SCN-02-FANOUT-0029-W1,19580.08,1,0,no_movement
SCN-02-FANOUT-0029,fanout,train,SCN-02-FANOUT-0029-W4,0,SCN-02-FANOUT-0029-W1,0.0,-1,0,no_movement
SCN-02-FANOUT-0029,fanout,train,SCN-02-FANOUT-0029-NORMAL_A,0,SCN-02-FANOUT-0029-W1,0.0,-1,0,no_movement
SCN-02-FANOUT-0029,fanout,train,SCN-02-FANOUT-0029-NORMAL_B,0,SCN-02-FANOUT-0029-W1,0.0,-1,0,no_movement
SCN-02-FANOUT-0029,fanout,train,SCN-02-FANOUT-0029-NORMAL_C,0,SCN-02-FANOUT-0029-W1,0.0,-1,0,no_movement
SCN-02-FANOUT-0030,fanout,train,SCN-02-FANOUT-0030-VICTIM,0,SCN-02-FANOUT-0030-W1,0.0,-1,0,no_movement
SCN-02-FANOUT-0030,fanout,train,SCN-02-FANOUT-0030-W1,1,SCN-02-FANOUT-0030-W1,9500.43,0,0,no_movement
SCN-02-FANOUT-0030,fanout,train,SCN-02-FANOUT-0030-W2,1,SCN-02-FANOUT-0030-W1,26830.89,1,0,forward
SCN-02-FANOUT-0030,fanout,train,SCN-02-FANOUT-0030-W3,1,SCN-02-FANOUT-0030-W1,20122.68,1,0,no_movement
SCN-02-FANOUT-0030,fanout,train,SCN-02-FANOUT-0030-W4,0,SCN-02-FANOUT-0030-W1,0.0,-1,0,no_movement
SCN-02-FANOUT-0030,fanout,train,SCN-02-FANOUT-0030-NORMAL_A,0,SCN-02-FANOUT-0030-W1,0.0,-1,0,no_movement
SCN-02-FANOUT-0030,fanout,train,SCN-02-FANOUT-0030-NORMAL_B,0,SCN-02-FANOUT-0030-W1,0.0,-1,0,no_movement
SCN-02-FANOUT-0030,fanout,train,SCN-02-FANOUT-0030-NORMAL_C,0,SCN-02-FANOUT-0030-W1,0.0,-1,0,no_movement
SCN-02-FANOUT-0031,fanout,test,SCN-02-FANOUT-0031-VICTIM,0,SCN-02-FANOUT-0031-W1,0.0,-1,0,no_movement
SCN-02-FANOUT-0031,fanout,test,SCN-02-FANOUT-0031-W1,1,SCN-02-FANOUT-0031-W1,9218.82,0,0,no_movement
SCN-02-FANOUT-0031,fanout,test,SCN-02-FANOUT-0031-W2,1,SCN-02-FANOUT-0031-W1,26043.39,1,0,forward
SCN-02-FANOUT-0031,fanout,test,SCN-02-FANOUT-0031-W3,1,SCN-02-FANOUT-0031-W1,19532.79,1,0,no_movement
SCN-02-FANOUT-0031,fanout,test,SCN-02-FANOUT-0031-W4,0,SCN-02-FANOUT-0031-W1,0.0,-1,0,no_movement
SCN-02-FANOUT-0031,fanout,test,SCN-02-FANOUT-0031-NORMAL_A,0,SCN-02-FANOUT-0031-W1,0.0,-1,0,no_movement
SCN-02-FANOUT-0031,fanout,test,SCN-02-FANOUT-0031-NORMAL_B,0,SCN-02-FANOUT-0031-W1,0.0,-1,0,no_movement
SCN-02-FANOUT-0031,fanout,test,SCN-02-FANOUT-0031-NORMAL_C,0,SCN-02-FANOUT-0031-W1,0.0,-1,0,no_movement
SCN-02-FANOUT-0032,fanout,train,SCN-02-FANOUT-0032-VICTIM,0,SCN-02-FANOUT-0032-W1,0.0,-1,0,no_movement
SCN-02-FANOUT-0032,fanout,train,SCN-02-FANOUT-0032-W1,1,SCN-02-FANOUT-0032-W1,7666.99,0,0,no_movement
SCN-02-FANOUT-0032,fanout,train,SCN-02-FANOUT-0032-W2,1,SCN-02-FANOUT-0032-W1,21773.0,1,0,forward
SCN-02-FANOUT-0032,fanout,train,SCN-02-FANOUT-0032-W3,1,SCN-02-FANOUT-0032-W1,16330.01,1,0,no_movement
SCN-02-FANOUT-0032,fanout,train,SCN-02-FANOUT-0032-W4,0,SCN-02-FANOUT-0032-W1,0.0,-1,0,no_movement
SCN-02-FANOUT-0032,fanout,train,SCN-02-FANOUT-0032-NORMAL_A,0,SCN-02-FANOUT-0032-W1,0.0,-1,0,no_movement
SCN-02-FANOUT-0032,fanout,train,SCN-02-FANOUT-0032-NORMAL_B,0,SCN-02-FANOUT-0032-W1,0.0,-1,0,no_movement
SCN-02-FANOUT-0032,fanout,train,SCN-02-FANOUT-0032-NORMAL_C,0,SCN-02-FANOUT-0032-W1,0.0,-1,0,no_movement
SCN-02-FANOUT-0033,fanout,train,SCN-02-FANOUT-0033-VICTIM,0,SCN-02-FANOUT-0033-W1,0.0,-1,0,no_movement
SCN-02-FANOUT-0033,fanout,train,SCN-02-FANOUT-0033-W1,1,SCN-02-FANOUT-0033-W1,8519.52,0,0,no_movement
SCN-02-FANOUT-0033,fanout,train,SCN-02-FANOUT-0033-W2,1,SCN-02-FANOUT-0033-W1,24215.42,1,0,forward
SCN-02-FANOUT-0033,fanout,train,SCN-02-FANOUT-0033-W3,1,SCN-02-FANOUT-0033-W1,18162.06,1,0,no_movement
SCN-02-FANOUT-0033,fanout,train,SCN-02-FANOUT-0033-W4,0,SCN-02-FANOUT-0033-W1,0.0,-1,0,no_movement
SCN-02-FANOUT-0033,fanout,train,SCN-02-FANOUT-0033-NORMAL_A,0,SCN-02-FANOUT-0033-W1,0.0,-1,0,no_movement
SCN-02-FANOUT-0033,fanout,train,SCN-02-FANOUT-0033-NORMAL_B,0,SCN-02-FANOUT-0033-W1,0.0,-1,0,no_movement
SCN-02-FANOUT-0033,fanout,train,SCN-02-FANOUT-0033-NORMAL_C,0,SCN-02-FANOUT-0033-W1,0.0,-1,0,no_movement
SCN-02-FANOUT-0034,fanout,train,SCN-02-FANOUT-0034-VICTIM,0,SCN-02-FANOUT-0034-W1,0.0,-1,0,no_movement
SCN-02-FANOUT-0034,fanout,train,SCN-02-FANOUT-0034-W1,1,SCN-02-FANOUT-0034-W1,8467.73,0,0,no_movement
SCN-02-FANOUT-0034,fanout,train,SCN-02-FANOUT-0034-W2,1,SCN-02-FANOUT-0034-W1,24084.73,1,0,forward
SCN-02-FANOUT-0034,fanout,train,SCN-02-FANOUT-0034-W3,1,SCN-02-FANOUT-0034-W1,18063.54,1,0,no_movement
SCN-02-FANOUT-0034,fanout,train,SCN-02-FANOUT-0034-W4,0,SCN-02-FANOUT-0034-W1,0.0,-1,0,no_movement
SCN-02-FANOUT-0034,fanout,train,SCN-02-FANOUT-0034-NORMAL_A,0,SCN-02-FANOUT-0034-W1,0.0,-1,0,no_movement
SCN-02-FANOUT-0034,fanout,train,SCN-02-FANOUT-0034-NORMAL_B,0,SCN-02-FANOUT-0034-W1,0.0,-1,0,no_movement
SCN-02-FANOUT-0034,fanout,train,SCN-02-FANOUT-0034-NORMAL_C,0,SCN-02-FANOUT-0034-W1,0.0,-1,0,no_movement
SCN-02-FANOUT-0035,fanout,test,SCN-02-FANOUT-0035-VICTIM,0,SCN-02-FANOUT-0035-W1,0.0,-1,0,no_movement
SCN-02-FANOUT-0035,fanout,test,SCN-02-FANOUT-0035-W1,1,SCN-02-FANOUT-0035-W1,8567.57,0,0,no_movement
SCN-02-FANOUT-0035,fanout,test,SCN-02-FANOUT-0035-W2,1,SCN-02-FANOUT-0035-W1,24163.39,1,0,forward
SCN-02-FANOUT-0035,fanout,test,SCN-02-FANOUT-0035-W3,1,SCN-02-FANOUT-0035-W1,18122.04,1,0,no_movement
SCN-02-FANOUT-0035,fanout,test,SCN-02-FANOUT-0035-W4,0,SCN-02-FANOUT-0035-W1,0.0,-1,0,no_movement
SCN-02-FANOUT-0035,fanout,test,SCN-02-FANOUT-0035-NORMAL_A,0,SCN-02-FANOUT-0035-W1,0.0,-1,0,no_movement
SCN-02-FANOUT-0035,fanout,test,SCN-02-FANOUT-0035-NORMAL_B,0,SCN-02-FANOUT-0035-W1,0.0,-1,0,no_movement
SCN-02-FANOUT-0035,fanout,test,SCN-02-FANOUT-0035-NORMAL_C,0,SCN-02-FANOUT-0035-W1,0.0,-1,0,no_movement
SCN-02-FANOUT-0036,fanout,train,SCN-02-FANOUT-0036-VICTIM,0,SCN-02-FANOUT-0036-W1,0.0,-1,0,no_movement
SCN-02-FANOUT-0036,fanout,train,SCN-02-FANOUT-0036-W1,1,SCN-02-FANOUT-0036-W1,8372.25,0,0,no_movement
SCN-02-FANOUT-0036,fanout,train,SCN-02-FANOUT-0036-W2,1,SCN-02-FANOUT-0036-W1,23657.14,1,0,forward
SCN-02-FANOUT-0036,fanout,train,SCN-02-FANOUT-0036-W3,1,SCN-02-FANOUT-0036-W1,17742.61,1,0,no_movement
SCN-02-FANOUT-0036,fanout,train,SCN-02-FANOUT-0036-W4,0,SCN-02-FANOUT-0036-W1,0.0,-1,0,no_movement
SCN-02-FANOUT-0036,fanout,train,SCN-02-FANOUT-0036-NORMAL_A,0,SCN-02-FANOUT-0036-W1,0.0,-1,0,no_movement
SCN-02-FANOUT-0036,fanout,train,SCN-02-FANOUT-0036-NORMAL_B,0,SCN-02-FANOUT-0036-W1,0.0,-1,0,no_movement
SCN-02-FANOUT-0036,fanout,train,SCN-02-FANOUT-0036-NORMAL_C,0,SCN-02-FANOUT-0036-W1,0.0,-1,0,no_movement
SCN-02-FANOUT-0037,fanout,train,SCN-02-FANOUT-0037-VICTIM,0,SCN-02-FANOUT-0037-W1,0.0,-1,0,no_movement
SCN-02-FANOUT-0037,fanout,train,SCN-02-FANOUT-0037-W1,1,SCN-02-FANOUT-0037-W1,10251.57,0,0,no_movement
SCN-02-FANOUT-0037,fanout,train,SCN-02-FANOUT-0037-W2,1,SCN-02-FANOUT-0037-W1,29014.39,1,0,forward
SCN-02-FANOUT-0037,fanout,train,SCN-02-FANOUT-0037-W3,1,SCN-02-FANOUT-0037-W1,21761.04,1,0,no_movement
SCN-02-FANOUT-0037,fanout,train,SCN-02-FANOUT-0037-W4,0,SCN-02-FANOUT-0037-W1,0.0,-1,0,no_movement
SCN-02-FANOUT-0037,fanout,train,SCN-02-FANOUT-0037-NORMAL_A,0,SCN-02-FANOUT-0037-W1,0.0,-1,0,no_movement
SCN-02-FANOUT-0037,fanout,train,SCN-02-FANOUT-0037-NORMAL_B,0,SCN-02-FANOUT-0037-W1,0.0,-1,0,no_movement
SCN-02-FANOUT-0037,fanout,train,SCN-02-FANOUT-0037-NORMAL_C,0,SCN-02-FANOUT-0037-W1,0.0,-1,0,no_movement
SCN-02-FANOUT-0038,fanout,train,SCN-02-FANOUT-0038-VICTIM,0,SCN-02-FANOUT-0038-W1,0.0,-1,0,no_movement
SCN-02-FANOUT-0038,fanout,train,SCN-02-FANOUT-0038-W1,1,SCN-02-FANOUT-0038-W1,7007.05,0,0,no_movement
SCN-02-FANOUT-0038,fanout,train,SCN-02-FANOUT-0038-W2,1,SCN-02-FANOUT-0038-W1,19555.69,1,0,forward
SCN-02-FANOUT-0038,fanout,train,SCN-02-FANOUT-0038-W3,1,SCN-02-FANOUT-0038-W1,14667.26,1,0,no_movement
SCN-02-FANOUT-0038,fanout,train,SCN-02-FANOUT-0038-W4,0,SCN-02-FANOUT-0038-W1,0.0,-1,0,no_movement
SCN-02-FANOUT-0038,fanout,train,SCN-02-FANOUT-0038-NORMAL_A,0,SCN-02-FANOUT-0038-W1,0.0,-1,0,no_movement
SCN-02-FANOUT-0038,fanout,train,SCN-02-FANOUT-0038-NORMAL_B,0,SCN-02-FANOUT-0038-W1,0.0,-1,0,no_movement
SCN-02-FANOUT-0038,fanout,train,SCN-02-FANOUT-0038-NORMAL_C,0,SCN-02-FANOUT-0038-W1,0.0,-1,0,no_movement
SCN-02-FANOUT-0039,fanout,test,SCN-02-FANOUT-0039-VICTIM,0,SCN-02-FANOUT-0039-W1,0.0,-1,0,no_movement
SCN-02-FANOUT-0039,fanout,test,SCN-02-FANOUT-0039-W1,1,SCN-02-FANOUT-0039-W1,9629.68,0,0,no_movement
SCN-02-FANOUT-0039,fanout,test,SCN-02-FANOUT-0039-W2,1,SCN-02-FANOUT-0039-W1,27222.33,1,0,forward
SCN-02-FANOUT-0039,fanout,test,SCN-02-FANOUT-0039-W3,1,SCN-02-FANOUT-0039-W1,20416.99,1,0,no_movement
SCN-02-FANOUT-0039,fanout,test,SCN-02-FANOUT-0039-W4,0,SCN-02-FANOUT-0039-W1,0.0,-1,0,no_movement
SCN-02-FANOUT-0039,fanout,test,SCN-02-FANOUT-0039-NORMAL_A,0,SCN-02-FANOUT-0039-W1,0.0,-1,0,no_movement
SCN-02-FANOUT-0039,fanout,test,SCN-02-FANOUT-0039-NORMAL_B,0,SCN-02-FANOUT-0039-W1,0.0,-1,0,no_movement
SCN-02-FANOUT-0039,fanout,test,SCN-02-FANOUT-0039-NORMAL_C,0,SCN-02-FANOUT-0039-W1,0.0,-1,0,no_movement
SCN-02-FANOUT-0040,fanout,validation,SCN-02-FANOUT-0040-VICTIM,0,SCN-02-FANOUT-0040-W1,0.0,-1,0,no_movement
SCN-02-FANOUT-0040,fanout,validation,SCN-02-FANOUT-0040-W1,1,SCN-02-FANOUT-0040-W1,7633.29,0,0,no_movement
SCN-02-FANOUT-0040,fanout,validation,SCN-02-FANOUT-0040-W2,1,SCN-02-FANOUT-0040-W1,21429.97,1,0,forward
SCN-02-FANOUT-0040,fanout,validation,SCN-02-FANOUT-0040-W3,1,SCN-02-FANOUT-0040-W1,16071.74,1,0,no_movement
SCN-02-FANOUT-0040,fanout,validation,SCN-02-FANOUT-0040-W4,0,SCN-02-FANOUT-0040-W1,0.0,-1,0,no_movement
SCN-02-FANOUT-0040,fanout,validation,SCN-02-FANOUT-0040-NORMAL_A,0,SCN-02-FANOUT-0040-W1,0.0,-1,0,no_movement
SCN-02-FANOUT-0040,fanout,validation,SCN-02-FANOUT-0040-NORMAL_B,0,SCN-02-FANOUT-0040-W1,0.0,-1,0,no_movement
SCN-02-FANOUT-0040,fanout,validation,SCN-02-FANOUT-0040-NORMAL_C,0,SCN-02-FANOUT-0040-W1,0.0,-1,0,no_movement
SCN-02-FANOUT-0041,fanout,train,SCN-02-FANOUT-0041-VICTIM,0,SCN-02-FANOUT-0041-W1,0.0,-1,0,no_movement
SCN-02-FANOUT-0041,fanout,train,SCN-02-FANOUT-0041-W1,1,SCN-02-FANOUT-0041-W1,9015.23,0,0,no_movement
SCN-02-FANOUT-0041,fanout,train,SCN-02-FANOUT-0041-W2,1,SCN-02-FANOUT-0041-W1,25711.73,1,0,forward
SCN-02-FANOUT-0041,fanout,train,SCN-02-FANOUT-0041-W3,1,SCN-02-FANOUT-0041-W1,19284.04,1,0,no_movement
SCN-02-FANOUT-0041,fanout,train,SCN-02-FANOUT-0041-W4,0,SCN-02-FANOUT-0041-W1,0.0,-1,0,no_movement
SCN-02-FANOUT-0041,fanout,train,SCN-02-FANOUT-0041-NORMAL_A,0,SCN-02-FANOUT-0041-W1,0.0,-1,0,no_movement
SCN-02-FANOUT-0041,fanout,train,SCN-02-FANOUT-0041-NORMAL_B,0,SCN-02-FANOUT-0041-W1,0.0,-1,0,no_movement
SCN-02-FANOUT-0041,fanout,train,SCN-02-FANOUT-0041-NORMAL_C,0,SCN-02-FANOUT-0041-W1,0.0,-1,0,no_movement
SCN-02-FANOUT-0042,fanout,train,SCN-02-FANOUT-0042-VICTIM,0,SCN-02-FANOUT-0042-W1,0.0,-1,0,no_movement
SCN-02-FANOUT-0042,fanout,train,SCN-02-FANOUT-0042-W1,1,SCN-02-FANOUT-0042-W1,7567.22,0,0,no_movement
SCN-02-FANOUT-0042,fanout,train,SCN-02-FANOUT-0042-W2,1,SCN-02-FANOUT-0042-W1,21265.16,1,0,forward
SCN-02-FANOUT-0042,fanout,train,SCN-02-FANOUT-0042-W3,1,SCN-02-FANOUT-0042-W1,15948.62,1,0,no_movement
SCN-02-FANOUT-0042,fanout,train,SCN-02-FANOUT-0042-W4,0,SCN-02-FANOUT-0042-W1,0.0,-1,0,no_movement
SCN-02-FANOUT-0042,fanout,train,SCN-02-FANOUT-0042-NORMAL_A,0,SCN-02-FANOUT-0042-W1,0.0,-1,0,no_movement
SCN-02-FANOUT-0042,fanout,train,SCN-02-FANOUT-0042-NORMAL_B,0,SCN-02-FANOUT-0042-W1,0.0,-1,0,no_movement
SCN-02-FANOUT-0042,fanout,train,SCN-02-FANOUT-0042-NORMAL_C,0,SCN-02-FANOUT-0042-W1,0.0,-1,0,no_movement
SCN-02-FANOUT-0043,fanout,train,SCN-02-FANOUT-0043-VICTIM,0,SCN-02-FANOUT-0043-W1,0.0,-1,0,no_movement
SCN-02-FANOUT-0043,fanout,train,SCN-02-FANOUT-0043-W1,1,SCN-02-FANOUT-0043-W1,9709.1,0,0,no_movement
SCN-02-FANOUT-0043,fanout,train,SCN-02-FANOUT-0043-W2,1,SCN-02-FANOUT-0043-W1,27135.65,1,0,forward
SCN-02-FANOUT-0043,fanout,train,SCN-02-FANOUT-0043-W3,1,SCN-02-FANOUT-0043-W1,20351.25,1,0,no_movement
SCN-02-FANOUT-0043,fanout,train,SCN-02-FANOUT-0043-W4,0,SCN-02-FANOUT-0043-W1,0.0,-1,0,no_movement
SCN-02-FANOUT-0043,fanout,train,SCN-02-FANOUT-0043-NORMAL_A,0,SCN-02-FANOUT-0043-W1,0.0,-1,0,no_movement
SCN-02-FANOUT-0043,fanout,train,SCN-02-FANOUT-0043-NORMAL_B,0,SCN-02-FANOUT-0043-W1,0.0,-1,0,no_movement
SCN-02-FANOUT-0043,fanout,train,SCN-02-FANOUT-0043-NORMAL_C,0,SCN-02-FANOUT-0043-W1,0.0,-1,0,no_movement
SCN-02-FANOUT-0044,fanout,validation,SCN-02-FANOUT-0044-VICTIM,0,SCN-02-FANOUT-0044-W1,0.0,-1,0,no_movement
SCN-02-FANOUT-0044,fanout,validation,SCN-02-FANOUT-0044-W1,1,SCN-02-FANOUT-0044-W1,10067.72,0,0,no_movement
SCN-02-FANOUT-0044,fanout,validation,SCN-02-FANOUT-0044-W2,1,SCN-02-FANOUT-0044-W1,28652.59,1,0,forward
SCN-02-FANOUT-0044,fanout,validation,SCN-02-FANOUT-0044-W3,1,SCN-02-FANOUT-0044-W1,21489.69,1,0,no_movement
SCN-02-FANOUT-0044,fanout,validation,SCN-02-FANOUT-0044-W4,0,SCN-02-FANOUT-0044-W1,0.0,-1,0,no_movement
SCN-02-FANOUT-0044,fanout,validation,SCN-02-FANOUT-0044-NORMAL_A,0,SCN-02-FANOUT-0044-W1,0.0,-1,0,no_movement
SCN-02-FANOUT-0044,fanout,validation,SCN-02-FANOUT-0044-NORMAL_B,0,SCN-02-FANOUT-0044-W1,0.0,-1,0,no_movement
SCN-02-FANOUT-0044,fanout,validation,SCN-02-FANOUT-0044-NORMAL_C,0,SCN-02-FANOUT-0044-W1,0.0,-1,0,no_movement
SCN-02-FANOUT-0045,fanout,train,SCN-02-FANOUT-0045-VICTIM,0,SCN-02-FANOUT-0045-W1,0.0,-1,0,no_movement
SCN-02-FANOUT-0045,fanout,train,SCN-02-FANOUT-0045-W1,1,SCN-02-FANOUT-0045-W1,7556.39,0,0,no_movement
SCN-02-FANOUT-0045,fanout,train,SCN-02-FANOUT-0045-W2,1,SCN-02-FANOUT-0045-W1,21233.63,1,0,forward
SCN-02-FANOUT-0045,fanout,train,SCN-02-FANOUT-0045-W3,1,SCN-02-FANOUT-0045-W1,15924.98,1,0,no_movement
SCN-02-FANOUT-0045,fanout,train,SCN-02-FANOUT-0045-W4,0,SCN-02-FANOUT-0045-W1,0.0,-1,0,no_movement
SCN-02-FANOUT-0045,fanout,train,SCN-02-FANOUT-0045-NORMAL_A,0,SCN-02-FANOUT-0045-W1,0.0,-1,0,no_movement
SCN-02-FANOUT-0045,fanout,train,SCN-02-FANOUT-0045-NORMAL_B,0,SCN-02-FANOUT-0045-W1,0.0,-1,0,no_movement
SCN-02-FANOUT-0045,fanout,train,SCN-02-FANOUT-0045-NORMAL_C,0,SCN-02-FANOUT-0045-W1,0.0,-1,0,no_movement
SCN-02-FANOUT-0046,fanout,train,SCN-02-FANOUT-0046-VICTIM,0,SCN-02-FANOUT-0046-W1,0.0,-1,0,no_movement
SCN-02-FANOUT-0046,fanout,train,SCN-02-FANOUT-0046-W1,1,SCN-02-FANOUT-0046-W1,6627.45,0,0,no_movement
SCN-02-FANOUT-0046,fanout,train,SCN-02-FANOUT-0046-W2,1,SCN-02-FANOUT-0046-W1,18790.46,1,0,forward
SCN-02-FANOUT-0046,fanout,train,SCN-02-FANOUT-0046-W3,1,SCN-02-FANOUT-0046-W1,14093.09,1,0,no_movement
SCN-02-FANOUT-0046,fanout,train,SCN-02-FANOUT-0046-W4,0,SCN-02-FANOUT-0046-W1,0.0,-1,0,no_movement
SCN-02-FANOUT-0046,fanout,train,SCN-02-FANOUT-0046-NORMAL_A,0,SCN-02-FANOUT-0046-W1,0.0,-1,0,no_movement
SCN-02-FANOUT-0046,fanout,train,SCN-02-FANOUT-0046-NORMAL_B,0,SCN-02-FANOUT-0046-W1,0.0,-1,0,no_movement
SCN-02-FANOUT-0046,fanout,train,SCN-02-FANOUT-0046-NORMAL_C,0,SCN-02-FANOUT-0046-W1,0.0,-1,0,no_movement
SCN-02-FANOUT-0047,fanout,train,SCN-02-FANOUT-0047-VICTIM,0,SCN-02-FANOUT-0047-W1,0.0,-1,0,no_movement
SCN-02-FANOUT-0047,fanout,train,SCN-02-FANOUT-0047-W1,1,SCN-02-FANOUT-0047-W1,9924.87,0,0,no_movement
SCN-02-FANOUT-0047,fanout,train,SCN-02-FANOUT-0047-W2,1,SCN-02-FANOUT-0047-W1,27699.5,1,0,forward
SCN-02-FANOUT-0047,fanout,train,SCN-02-FANOUT-0047-W3,1,SCN-02-FANOUT-0047-W1,20774.63,1,0,no_movement
SCN-02-FANOUT-0047,fanout,train,SCN-02-FANOUT-0047-W4,0,SCN-02-FANOUT-0047-W1,0.0,-1,0,no_movement
SCN-02-FANOUT-0047,fanout,train,SCN-02-FANOUT-0047-NORMAL_A,0,SCN-02-FANOUT-0047-W1,0.0,-1,0,no_movement
SCN-02-FANOUT-0047,fanout,train,SCN-02-FANOUT-0047-NORMAL_B,0,SCN-02-FANOUT-0047-W1,0.0,-1,0,no_movement
SCN-02-FANOUT-0047,fanout,train,SCN-02-FANOUT-0047-NORMAL_C,0,SCN-02-FANOUT-0047-W1,0.0,-1,0,no_movement
SCN-02-FANOUT-0048,fanout,train,SCN-02-FANOUT-0048-VICTIM,0,SCN-02-FANOUT-0048-W1,0.0,-1,0,no_movement
SCN-02-FANOUT-0048,fanout,train,SCN-02-FANOUT-0048-W1,1,SCN-02-FANOUT-0048-W1,9572.34,0,0,no_movement
SCN-02-FANOUT-0048,fanout,train,SCN-02-FANOUT-0048-W2,1,SCN-02-FANOUT-0048-W1,26762.8,1,0,forward
SCN-02-FANOUT-0048,fanout,train,SCN-02-FANOUT-0048-W3,1,SCN-02-FANOUT-0048-W1,20071.86,1,0,no_movement
SCN-02-FANOUT-0048,fanout,train,SCN-02-FANOUT-0048-W4,0,SCN-02-FANOUT-0048-W1,0.0,-1,0,no_movement
SCN-02-FANOUT-0048,fanout,train,SCN-02-FANOUT-0048-NORMAL_A,0,SCN-02-FANOUT-0048-W1,0.0,-1,0,no_movement
SCN-02-FANOUT-0048,fanout,train,SCN-02-FANOUT-0048-NORMAL_B,0,SCN-02-FANOUT-0048-W1,0.0,-1,0,no_movement
SCN-02-FANOUT-0048,fanout,train,SCN-02-FANOUT-0048-NORMAL_C,0,SCN-02-FANOUT-0048-W1,0.0,-1,0,no_movement
SCN-02-FANOUT-0049,fanout,train,SCN-02-FANOUT-0049-VICTIM,0,SCN-02-FANOUT-0049-W1,0.0,-1,0,no_movement
SCN-02-FANOUT-0049,fanout,train,SCN-02-FANOUT-0049-W1,1,SCN-02-FANOUT-0049-W1,8353.0,0,0,no_movement
SCN-02-FANOUT-0049,fanout,train,SCN-02-FANOUT-0049-W2,1,SCN-02-FANOUT-0049-W1,23679.86,1,0,forward
SCN-02-FANOUT-0049,fanout,train,SCN-02-FANOUT-0049-W3,1,SCN-02-FANOUT-0049-W1,17760.14,1,0,no_movement
SCN-02-FANOUT-0049,fanout,train,SCN-02-FANOUT-0049-W4,0,SCN-02-FANOUT-0049-W1,0.0,-1,0,no_movement
SCN-02-FANOUT-0049,fanout,train,SCN-02-FANOUT-0049-NORMAL_A,0,SCN-02-FANOUT-0049-W1,0.0,-1,0,no_movement
SCN-02-FANOUT-0049,fanout,train,SCN-02-FANOUT-0049-NORMAL_B,0,SCN-02-FANOUT-0049-W1,0.0,-1,0,no_movement
SCN-02-FANOUT-0049,fanout,train,SCN-02-FANOUT-0049-NORMAL_C,0,SCN-02-FANOUT-0049-W1,0.0,-1,0,no_movement
SCN-02-FANOUT-0050,fanout,train,SCN-02-FANOUT-0050-VICTIM,0,SCN-02-FANOUT-0050-W1,0.0,-1,0,no_movement
SCN-02-FANOUT-0050,fanout,train,SCN-02-FANOUT-0050-W1,1,SCN-02-FANOUT-0050-W1,9287.52,0,0,no_movement
SCN-02-FANOUT-0050,fanout,train,SCN-02-FANOUT-0050-W2,1,SCN-02-FANOUT-0050-W1,26031.13,1,0,forward
SCN-02-FANOUT-0050,fanout,train,SCN-02-FANOUT-0050-W3,1,SCN-02-FANOUT-0050-W1,19523.35,1,0,no_movement
SCN-02-FANOUT-0050,fanout,train,SCN-02-FANOUT-0050-W4,0,SCN-02-FANOUT-0050-W1,0.0,-1,0,no_movement
SCN-02-FANOUT-0050,fanout,train,SCN-02-FANOUT-0050-NORMAL_A,0,SCN-02-FANOUT-0050-W1,0.0,-1,0,no_movement
SCN-02-FANOUT-0050,fanout,train,SCN-02-FANOUT-0050-NORMAL_B,0,SCN-02-FANOUT-0050-W1,0.0,-1,0,no_movement
SCN-02-FANOUT-0050,fanout,train,SCN-02-FANOUT-0050-NORMAL_C,0,SCN-02-FANOUT-0050-W1,0.0,-1,0,no_movement
SCN-02-FANOUT-0051,fanout,train,SCN-02-FANOUT-0051-VICTIM,0,SCN-02-FANOUT-0051-W1,0.0,-1,0,no_movement
SCN-02-FANOUT-0051,fanout,train,SCN-02-FANOUT-0051-W1,1,SCN-02-FANOUT-0051-W1,7674.89,0,0,no_movement
SCN-02-FANOUT-0051,fanout,train,SCN-02-FANOUT-0051-W2,1,SCN-02-FANOUT-0051-W1,21661.35,1,0,forward
SCN-02-FANOUT-0051,fanout,train,SCN-02-FANOUT-0051-W3,1,SCN-02-FANOUT-0051-W1,16245.76,1,0,no_movement
SCN-02-FANOUT-0051,fanout,train,SCN-02-FANOUT-0051-W4,0,SCN-02-FANOUT-0051-W1,0.0,-1,0,no_movement
SCN-02-FANOUT-0051,fanout,train,SCN-02-FANOUT-0051-NORMAL_A,0,SCN-02-FANOUT-0051-W1,0.0,-1,0,no_movement
SCN-02-FANOUT-0051,fanout,train,SCN-02-FANOUT-0051-NORMAL_B,0,SCN-02-FANOUT-0051-W1,0.0,-1,0,no_movement
SCN-02-FANOUT-0051,fanout,train,SCN-02-FANOUT-0051-NORMAL_C,0,SCN-02-FANOUT-0051-W1,0.0,-1,0,no_movement
SCN-02-FANOUT-0052,fanout,validation,SCN-02-FANOUT-0052-VICTIM,0,SCN-02-FANOUT-0052-W1,0.0,-1,0,no_movement
SCN-02-FANOUT-0052,fanout,validation,SCN-02-FANOUT-0052-W1,1,SCN-02-FANOUT-0052-W1,8090.86,0,0,no_movement
SCN-02-FANOUT-0052,fanout,validation,SCN-02-FANOUT-0052-W2,1,SCN-02-FANOUT-0052-W1,22708.79,1,0,forward
SCN-02-FANOUT-0052,fanout,validation,SCN-02-FANOUT-0052-W3,1,SCN-02-FANOUT-0052-W1,17031.35,1,0,no_movement
SCN-02-FANOUT-0052,fanout,validation,SCN-02-FANOUT-0052-W4,0,SCN-02-FANOUT-0052-W1,0.0,-1,0,no_movement
SCN-02-FANOUT-0052,fanout,validation,SCN-02-FANOUT-0052-NORMAL_A,0,SCN-02-FANOUT-0052-W1,0.0,-1,0,no_movement
SCN-02-FANOUT-0052,fanout,validation,SCN-02-FANOUT-0052-NORMAL_B,0,SCN-02-FANOUT-0052-W1,0.0,-1,0,no_movement
SCN-02-FANOUT-0052,fanout,validation,SCN-02-FANOUT-0052-NORMAL_C,0,SCN-02-FANOUT-0052-W1,0.0,-1,0,no_movement
SCN-02-FANOUT-0053,fanout,train,SCN-02-FANOUT-0053-VICTIM,0,SCN-02-FANOUT-0053-W1,0.0,-1,0,no_movement
SCN-02-FANOUT-0053,fanout,train,SCN-02-FANOUT-0053-W1,1,SCN-02-FANOUT-0053-W1,8655.58,0,0,no_movement
SCN-02-FANOUT-0053,fanout,train,SCN-02-FANOUT-0053-W2,1,SCN-02-FANOUT-0053-W1,24328.38,1,0,forward
SCN-02-FANOUT-0053,fanout,train,SCN-02-FANOUT-0053-W3,1,SCN-02-FANOUT-0053-W1,18246.04,1,0,no_movement
SCN-02-FANOUT-0053,fanout,train,SCN-02-FANOUT-0053-W4,0,SCN-02-FANOUT-0053-W1,0.0,-1,0,no_movement
SCN-02-FANOUT-0053,fanout,train,SCN-02-FANOUT-0053-NORMAL_A,0,SCN-02-FANOUT-0053-W1,0.0,-1,0,no_movement
SCN-02-FANOUT-0053,fanout,train,SCN-02-FANOUT-0053-NORMAL_B,0,SCN-02-FANOUT-0053-W1,0.0,-1,0,no_movement
SCN-02-FANOUT-0053,fanout,train,SCN-02-FANOUT-0053-NORMAL_C,0,SCN-02-FANOUT-0053-W1,0.0,-1,0,no_movement
SCN-02-FANOUT-0054,fanout,train,SCN-02-FANOUT-0054-VICTIM,0,SCN-02-FANOUT-0054-W1,0.0,-1,0,no_movement
SCN-02-FANOUT-0054,fanout,train,SCN-02-FANOUT-0054-W1,1,SCN-02-FANOUT-0054-W1,7325.21,0,0,no_movement
SCN-02-FANOUT-0054,fanout,train,SCN-02-FANOUT-0054-W2,1,SCN-02-FANOUT-0054-W1,20661.02,1,0,forward
SCN-02-FANOUT-0054,fanout,train,SCN-02-FANOUT-0054-W3,1,SCN-02-FANOUT-0054-W1,15495.77,1,0,no_movement
SCN-02-FANOUT-0054,fanout,train,SCN-02-FANOUT-0054-W4,0,SCN-02-FANOUT-0054-W1,0.0,-1,0,no_movement
SCN-02-FANOUT-0054,fanout,train,SCN-02-FANOUT-0054-NORMAL_A,0,SCN-02-FANOUT-0054-W1,0.0,-1,0,no_movement
SCN-02-FANOUT-0054,fanout,train,SCN-02-FANOUT-0054-NORMAL_B,0,SCN-02-FANOUT-0054-W1,0.0,-1,0,no_movement
SCN-02-FANOUT-0054,fanout,train,SCN-02-FANOUT-0054-NORMAL_C,0,SCN-02-FANOUT-0054-W1,0.0,-1,0,no_movement
SCN-02-FANOUT-0055,fanout,validation,SCN-02-FANOUT-0055-VICTIM,0,SCN-02-FANOUT-0055-W1,0.0,-1,0,no_movement
SCN-02-FANOUT-0055,fanout,validation,SCN-02-FANOUT-0055-W1,1,SCN-02-FANOUT-0055-W1,8253.53,0,0,no_movement
SCN-02-FANOUT-0055,fanout,validation,SCN-02-FANOUT-0055-W2,1,SCN-02-FANOUT-0055-W1,23304.12,1,0,forward
SCN-02-FANOUT-0055,fanout,validation,SCN-02-FANOUT-0055-W3,1,SCN-02-FANOUT-0055-W1,17478.35,1,0,no_movement
SCN-02-FANOUT-0055,fanout,validation,SCN-02-FANOUT-0055-W4,0,SCN-02-FANOUT-0055-W1,0.0,-1,0,no_movement
SCN-02-FANOUT-0055,fanout,validation,SCN-02-FANOUT-0055-NORMAL_A,0,SCN-02-FANOUT-0055-W1,0.0,-1,0,no_movement
SCN-02-FANOUT-0055,fanout,validation,SCN-02-FANOUT-0055-NORMAL_B,0,SCN-02-FANOUT-0055-W1,0.0,-1,0,no_movement
SCN-02-FANOUT-0055,fanout,validation,SCN-02-FANOUT-0055-NORMAL_C,0,SCN-02-FANOUT-0055-W1,0.0,-1,0,no_movement
SCN-02-FANOUT-0056,fanout,train,SCN-02-FANOUT-0056-VICTIM,0,SCN-02-FANOUT-0056-W1,0.0,-1,0,no_movement
SCN-02-FANOUT-0056,fanout,train,SCN-02-FANOUT-0056-W1,1,SCN-02-FANOUT-0056-W1,9833.6,0,0,no_movement
SCN-02-FANOUT-0056,fanout,train,SCN-02-FANOUT-0056-W2,1,SCN-02-FANOUT-0056-W1,27733.8,1,0,forward
SCN-02-FANOUT-0056,fanout,train,SCN-02-FANOUT-0056-W3,1,SCN-02-FANOUT-0056-W1,20800.6,1,0,no_movement
SCN-02-FANOUT-0056,fanout,train,SCN-02-FANOUT-0056-W4,0,SCN-02-FANOUT-0056-W1,0.0,-1,0,no_movement
SCN-02-FANOUT-0056,fanout,train,SCN-02-FANOUT-0056-NORMAL_A,0,SCN-02-FANOUT-0056-W1,0.0,-1,0,no_movement
SCN-02-FANOUT-0056,fanout,train,SCN-02-FANOUT-0056-NORMAL_B,0,SCN-02-FANOUT-0056-W1,0.0,-1,0,no_movement
SCN-02-FANOUT-0056,fanout,train,SCN-02-FANOUT-0056-NORMAL_C,0,SCN-02-FANOUT-0056-W1,0.0,-1,0,no_movement
SCN-02-FANOUT-0057,fanout,train,SCN-02-FANOUT-0057-VICTIM,0,SCN-02-FANOUT-0057-W1,0.0,-1,0,no_movement
SCN-02-FANOUT-0057,fanout,train,SCN-02-FANOUT-0057-W1,1,SCN-02-FANOUT-0057-W1,10068.61,0,0,no_movement
SCN-02-FANOUT-0057,fanout,train,SCN-02-FANOUT-0057-W2,1,SCN-02-FANOUT-0057-W1,28236.79,1,0,forward
SCN-02-FANOUT-0057,fanout,train,SCN-02-FANOUT-0057-W3,1,SCN-02-FANOUT-0057-W1,21177.6,1,0,no_movement
SCN-02-FANOUT-0057,fanout,train,SCN-02-FANOUT-0057-W4,0,SCN-02-FANOUT-0057-W1,0.0,-1,0,no_movement
SCN-02-FANOUT-0057,fanout,train,SCN-02-FANOUT-0057-NORMAL_A,0,SCN-02-FANOUT-0057-W1,0.0,-1,0,no_movement
SCN-02-FANOUT-0057,fanout,train,SCN-02-FANOUT-0057-NORMAL_B,0,SCN-02-FANOUT-0057-W1,0.0,-1,0,no_movement
SCN-02-FANOUT-0057,fanout,train,SCN-02-FANOUT-0057-NORMAL_C,0,SCN-02-FANOUT-0057-W1,0.0,-1,0,no_movement
SCN-02-FANOUT-0058,fanout,train,SCN-02-FANOUT-0058-VICTIM,0,SCN-02-FANOUT-0058-W1,0.0,-1,0,no_movement
SCN-02-FANOUT-0058,fanout,train,SCN-02-FANOUT-0058-W1,1,SCN-02-FANOUT-0058-W1,9780.85,0,0,no_movement
SCN-02-FANOUT-0058,fanout,train,SCN-02-FANOUT-0058-W2,1,SCN-02-FANOUT-0058-W1,27561.94,1,0,forward
SCN-02-FANOUT-0058,fanout,train,SCN-02-FANOUT-0058-W3,1,SCN-02-FANOUT-0058-W1,20671.21,1,0,no_movement
SCN-02-FANOUT-0058,fanout,train,SCN-02-FANOUT-0058-W4,0,SCN-02-FANOUT-0058-W1,0.0,-1,0,no_movement
SCN-02-FANOUT-0058,fanout,train,SCN-02-FANOUT-0058-NORMAL_A,0,SCN-02-FANOUT-0058-W1,0.0,-1,0,no_movement
SCN-02-FANOUT-0058,fanout,train,SCN-02-FANOUT-0058-NORMAL_B,0,SCN-02-FANOUT-0058-W1,0.0,-1,0,no_movement
SCN-02-FANOUT-0058,fanout,train,SCN-02-FANOUT-0058-NORMAL_C,0,SCN-02-FANOUT-0058-W1,0.0,-1,0,no_movement
SCN-02-FANOUT-0059,fanout,train,SCN-02-FANOUT-0059-VICTIM,0,SCN-02-FANOUT-0059-W1,0.0,-1,0,no_movement
SCN-02-FANOUT-0059,fanout,train,SCN-02-FANOUT-0059-W1,1,SCN-02-FANOUT-0059-W1,8585.74,0,0,no_movement
SCN-02-FANOUT-0059,fanout,train,SCN-02-FANOUT-0059-W2,1,SCN-02-FANOUT-0059-W1,24216.86,1,0,forward
SCN-02-FANOUT-0059,fanout,train,SCN-02-FANOUT-0059-W3,1,SCN-02-FANOUT-0059-W1,18162.4,1,0,no_movement
SCN-02-FANOUT-0059,fanout,train,SCN-02-FANOUT-0059-W4,0,SCN-02-FANOUT-0059-W1,0.0,-1,0,no_movement
SCN-02-FANOUT-0059,fanout,train,SCN-02-FANOUT-0059-NORMAL_A,0,SCN-02-FANOUT-0059-W1,0.0,-1,0,no_movement
SCN-02-FANOUT-0059,fanout,train,SCN-02-FANOUT-0059-NORMAL_B,0,SCN-02-FANOUT-0059-W1,0.0,-1,0,no_movement
SCN-02-FANOUT-0059,fanout,train,SCN-02-FANOUT-0059-NORMAL_C,0,SCN-02-FANOUT-0059-W1,0.0,-1,0,no_movement
SCN-02-FANOUT-0060,fanout,train,SCN-02-FANOUT-0060-VICTIM,0,SCN-02-FANOUT-0060-W1,0.0,-1,0,no_movement
SCN-02-FANOUT-0060,fanout,train,SCN-02-FANOUT-0060-W1,1,SCN-02-FANOUT-0060-W1,9296.78,0,0,no_movement
SCN-02-FANOUT-0060,fanout,train,SCN-02-FANOUT-0060-W2,1,SCN-02-FANOUT-0060-W1,26080.41,1,0,forward
SCN-02-FANOUT-0060,fanout,train,SCN-02-FANOUT-0060-W3,1,SCN-02-FANOUT-0060-W1,19559.81,1,0,no_movement
SCN-02-FANOUT-0060,fanout,train,SCN-02-FANOUT-0060-W4,0,SCN-02-FANOUT-0060-W1,0.0,-1,0,no_movement
SCN-02-FANOUT-0060,fanout,train,SCN-02-FANOUT-0060-NORMAL_A,0,SCN-02-FANOUT-0060-W1,0.0,-1,0,no_movement
SCN-02-FANOUT-0060,fanout,train,SCN-02-FANOUT-0060-NORMAL_B,0,SCN-02-FANOUT-0060-W1,0.0,-1,0,no_movement
SCN-02-FANOUT-0060,fanout,train,SCN-02-FANOUT-0060-NORMAL_C,0,SCN-02-FANOUT-0060-W1,0.0,-1,0,no_movement
SCN-02-FANOUT-0061,fanout,validation,SCN-02-FANOUT-0061-VICTIM,0,SCN-02-FANOUT-0061-W1,0.0,-1,0,no_movement
SCN-02-FANOUT-0061,fanout,validation,SCN-02-FANOUT-0061-W1,1,SCN-02-FANOUT-0061-W1,9786.58,0,0,no_movement
SCN-02-FANOUT-0061,fanout,validation,SCN-02-FANOUT-0061-W2,1,SCN-02-FANOUT-0061-W1,27427.52,1,0,forward
SCN-02-FANOUT-0061,fanout,validation,SCN-02-FANOUT-0061-W3,1,SCN-02-FANOUT-0061-W1,20570.9,1,0,no_movement
SCN-02-FANOUT-0061,fanout,validation,SCN-02-FANOUT-0061-W4,0,SCN-02-FANOUT-0061-W1,0.0,-1,0,no_movement
SCN-02-FANOUT-0061,fanout,validation,SCN-02-FANOUT-0061-NORMAL_A,0,SCN-02-FANOUT-0061-W1,0.0,-1,0,no_movement
SCN-02-FANOUT-0061,fanout,validation,SCN-02-FANOUT-0061-NORMAL_B,0,SCN-02-FANOUT-0061-W1,0.0,-1,0,no_movement
SCN-02-FANOUT-0061,fanout,validation,SCN-02-FANOUT-0061-NORMAL_C,0,SCN-02-FANOUT-0061-W1,0.0,-1,0,no_movement
SCN-02-FANOUT-0062,fanout,train,SCN-02-FANOUT-0062-VICTIM,0,SCN-02-FANOUT-0062-W1,0.0,-1,0,no_movement
SCN-02-FANOUT-0062,fanout,train,SCN-02-FANOUT-0062-W1,1,SCN-02-FANOUT-0062-W1,8486.52,0,0,no_movement
SCN-02-FANOUT-0062,fanout,train,SCN-02-FANOUT-0062-W2,1,SCN-02-FANOUT-0062-W1,23754.13,1,0,forward
SCN-02-FANOUT-0062,fanout,train,SCN-02-FANOUT-0062-W3,1,SCN-02-FANOUT-0062-W1,17816.35,1,0,no_movement
SCN-02-FANOUT-0062,fanout,train,SCN-02-FANOUT-0062-W4,0,SCN-02-FANOUT-0062-W1,0.0,-1,0,no_movement
SCN-02-FANOUT-0062,fanout,train,SCN-02-FANOUT-0062-NORMAL_A,0,SCN-02-FANOUT-0062-W1,0.0,-1,0,no_movement
SCN-02-FANOUT-0062,fanout,train,SCN-02-FANOUT-0062-NORMAL_B,0,SCN-02-FANOUT-0062-W1,0.0,-1,0,no_movement
SCN-02-FANOUT-0062,fanout,train,SCN-02-FANOUT-0062-NORMAL_C,0,SCN-02-FANOUT-0062-W1,0.0,-1,0,no_movement
SCN-02-FANOUT-0063,fanout,train,SCN-02-FANOUT-0063-VICTIM,0,SCN-02-FANOUT-0063-W1,0.0,-1,0,no_movement
SCN-02-FANOUT-0063,fanout,train,SCN-02-FANOUT-0063-W1,1,SCN-02-FANOUT-0063-W1,9288.93,0,0,no_movement
SCN-02-FANOUT-0063,fanout,train,SCN-02-FANOUT-0063-W2,1,SCN-02-FANOUT-0063-W1,26441.04,1,0,forward
SCN-02-FANOUT-0063,fanout,train,SCN-02-FANOUT-0063-W3,1,SCN-02-FANOUT-0063-W1,19831.03,1,0,no_movement
SCN-02-FANOUT-0063,fanout,train,SCN-02-FANOUT-0063-W4,0,SCN-02-FANOUT-0063-W1,0.0,-1,0,no_movement
SCN-02-FANOUT-0063,fanout,train,SCN-02-FANOUT-0063-NORMAL_A,0,SCN-02-FANOUT-0063-W1,0.0,-1,0,no_movement
SCN-02-FANOUT-0063,fanout,train,SCN-02-FANOUT-0063-NORMAL_B,0,SCN-02-FANOUT-0063-W1,0.0,-1,0,no_movement
SCN-02-FANOUT-0063,fanout,train,SCN-02-FANOUT-0063-NORMAL_C,0,SCN-02-FANOUT-0063-W1,0.0,-1,0,no_movement
SCN-02-FANOUT-0064,fanout,test,SCN-02-FANOUT-0064-VICTIM,0,SCN-02-FANOUT-0064-W1,0.0,-1,0,no_movement
SCN-02-FANOUT-0064,fanout,test,SCN-02-FANOUT-0064-W1,1,SCN-02-FANOUT-0064-W1,9291.08,0,0,no_movement
SCN-02-FANOUT-0064,fanout,test,SCN-02-FANOUT-0064-W2,1,SCN-02-FANOUT-0064-W1,26015.38,1,0,forward
SCN-02-FANOUT-0064,fanout,test,SCN-02-FANOUT-0064-W3,1,SCN-02-FANOUT-0064-W1,19511.54,1,0,no_movement
SCN-02-FANOUT-0064,fanout,test,SCN-02-FANOUT-0064-W4,0,SCN-02-FANOUT-0064-W1,0.0,-1,0,no_movement
SCN-02-FANOUT-0064,fanout,test,SCN-02-FANOUT-0064-NORMAL_A,0,SCN-02-FANOUT-0064-W1,0.0,-1,0,no_movement
SCN-02-FANOUT-0064,fanout,test,SCN-02-FANOUT-0064-NORMAL_B,0,SCN-02-FANOUT-0064-W1,0.0,-1,0,no_movement
SCN-02-FANOUT-0064,fanout,test,SCN-02-FANOUT-0064-NORMAL_C,0,SCN-02-FANOUT-0064-W1,0.0,-1,0,no_movement
SCN-02-FANOUT-0065,fanout,train,SCN-02-FANOUT-0065-VICTIM,0,SCN-02-FANOUT-0065-W1,0.0,-1,0,no_movement
SCN-02-FANOUT-0065,fanout,train,SCN-02-FANOUT-0065-W1,1,SCN-02-FANOUT-0065-W1,9251.62,0,0,no_movement
SCN-02-FANOUT-0065,fanout,train,SCN-02-FANOUT-0065-W2,1,SCN-02-FANOUT-0065-W1,26409.79,1,0,forward
SCN-02-FANOUT-0065,fanout,train,SCN-02-FANOUT-0065-W3,1,SCN-02-FANOUT-0065-W1,19806.59,1,0,no_movement
SCN-02-FANOUT-0065,fanout,train,SCN-02-FANOUT-0065-W4,0,SCN-02-FANOUT-0065-W1,0.0,-1,0,no_movement
SCN-02-FANOUT-0065,fanout,train,SCN-02-FANOUT-0065-NORMAL_A,0,SCN-02-FANOUT-0065-W1,0.0,-1,0,no_movement
SCN-02-FANOUT-0065,fanout,train,SCN-02-FANOUT-0065-NORMAL_B,0,SCN-02-FANOUT-0065-W1,0.0,-1,0,no_movement
SCN-02-FANOUT-0065,fanout,train,SCN-02-FANOUT-0065-NORMAL_C,0,SCN-02-FANOUT-0065-W1,0.0,-1,0,no_movement
SCN-02-FANOUT-0066,fanout,train,SCN-02-FANOUT-0066-VICTIM,0,SCN-02-FANOUT-0066-W1,0.0,-1,0,no_movement
SCN-02-FANOUT-0066,fanout,train,SCN-02-FANOUT-0066-W1,1,SCN-02-FANOUT-0066-W1,10426.5,0,0,no_movement
SCN-02-FANOUT-0066,fanout,train,SCN-02-FANOUT-0066-W2,1,SCN-02-FANOUT-0066-W1,29719.57,1,0,forward
SCN-02-FANOUT-0066,fanout,train,SCN-02-FANOUT-0066-W3,1,SCN-02-FANOUT-0066-W1,22289.93,1,0,no_movement
SCN-02-FANOUT-0066,fanout,train,SCN-02-FANOUT-0066-W4,0,SCN-02-FANOUT-0066-W1,0.0,-1,0,no_movement
SCN-02-FANOUT-0066,fanout,train,SCN-02-FANOUT-0066-NORMAL_A,0,SCN-02-FANOUT-0066-W1,0.0,-1,0,no_movement
SCN-02-FANOUT-0066,fanout,train,SCN-02-FANOUT-0066-NORMAL_B,0,SCN-02-FANOUT-0066-W1,0.0,-1,0,no_movement
SCN-02-FANOUT-0066,fanout,train,SCN-02-FANOUT-0066-NORMAL_C,0,SCN-02-FANOUT-0066-W1,0.0,-1,0,no_movement
SCN-02-FANOUT-0067,fanout,validation,SCN-02-FANOUT-0067-VICTIM,0,SCN-02-FANOUT-0067-W1,0.0,-1,0,no_movement
SCN-02-FANOUT-0067,fanout,validation,SCN-02-FANOUT-0067-W1,1,SCN-02-FANOUT-0067-W1,9285.23,0,0,no_movement
SCN-02-FANOUT-0067,fanout,validation,SCN-02-FANOUT-0067-W2,1,SCN-02-FANOUT-0067-W1,26037.01,1,0,forward
SCN-02-FANOUT-0067,fanout,validation,SCN-02-FANOUT-0067-W3,1,SCN-02-FANOUT-0067-W1,19527.76,1,0,no_movement
SCN-02-FANOUT-0067,fanout,validation,SCN-02-FANOUT-0067-W4,0,SCN-02-FANOUT-0067-W1,0.0,-1,0,no_movement
SCN-02-FANOUT-0067,fanout,validation,SCN-02-FANOUT-0067-NORMAL_A,0,SCN-02-FANOUT-0067-W1,0.0,-1,0,no_movement
SCN-02-FANOUT-0067,fanout,validation,SCN-02-FANOUT-0067-NORMAL_B,0,SCN-02-FANOUT-0067-W1,0.0,-1,0,no_movement
SCN-02-FANOUT-0067,fanout,validation,SCN-02-FANOUT-0067-NORMAL_C,0,SCN-02-FANOUT-0067-W1,0.0,-1,0,no_movement
SCN-02-FANOUT-0068,fanout,train,SCN-02-FANOUT-0068-VICTIM,0,SCN-02-FANOUT-0068-W1,0.0,-1,0,no_movement
SCN-02-FANOUT-0068,fanout,train,SCN-02-FANOUT-0068-W1,1,SCN-02-FANOUT-0068-W1,8492.25,0,0,no_movement
SCN-02-FANOUT-0068,fanout,train,SCN-02-FANOUT-0068-W2,1,SCN-02-FANOUT-0068-W1,24164.14,1,0,forward
SCN-02-FANOUT-0068,fanout,train,SCN-02-FANOUT-0068-W3,1,SCN-02-FANOUT-0068-W1,18122.61,1,0,no_movement
SCN-02-FANOUT-0068,fanout,train,SCN-02-FANOUT-0068-W4,0,SCN-02-FANOUT-0068-W1,0.0,-1,0,no_movement
SCN-02-FANOUT-0068,fanout,train,SCN-02-FANOUT-0068-NORMAL_A,0,SCN-02-FANOUT-0068-W1,0.0,-1,0,no_movement
SCN-02-FANOUT-0068,fanout,train,SCN-02-FANOUT-0068-NORMAL_B,0,SCN-02-FANOUT-0068-W1,0.0,-1,0,no_movement
SCN-02-FANOUT-0068,fanout,train,SCN-02-FANOUT-0068-NORMAL_C,0,SCN-02-FANOUT-0068-W1,0.0,-1,0,no_movement
SCN-02-FANOUT-0069,fanout,test,SCN-02-FANOUT-0069-VICTIM,0,SCN-02-FANOUT-0069-W1,0.0,-1,0,no_movement
SCN-02-FANOUT-0069,fanout,test,SCN-02-FANOUT-0069-W1,1,SCN-02-FANOUT-0069-W1,7320.02,0,0,no_movement
SCN-02-FANOUT-0069,fanout,test,SCN-02-FANOUT-0069-W2,1,SCN-02-FANOUT-0069-W1,20686.56,1,0,forward
SCN-02-FANOUT-0069,fanout,test,SCN-02-FANOUT-0069-W3,1,SCN-02-FANOUT-0069-W1,15514.42,1,0,no_movement
SCN-02-FANOUT-0069,fanout,test,SCN-02-FANOUT-0069-W4,0,SCN-02-FANOUT-0069-W1,0.0,-1,0,no_movement
SCN-02-FANOUT-0069,fanout,test,SCN-02-FANOUT-0069-NORMAL_A,0,SCN-02-FANOUT-0069-W1,0.0,-1,0,no_movement
SCN-02-FANOUT-0069,fanout,test,SCN-02-FANOUT-0069-NORMAL_B,0,SCN-02-FANOUT-0069-W1,0.0,-1,0,no_movement
SCN-02-FANOUT-0069,fanout,test,SCN-02-FANOUT-0069-NORMAL_C,0,SCN-02-FANOUT-0069-W1,0.0,-1,0,no_movement
SCN-02-FANOUT-0070,fanout,validation,SCN-02-FANOUT-0070-VICTIM,0,SCN-02-FANOUT-0070-W1,0.0,-1,0,no_movement
SCN-02-FANOUT-0070,fanout,validation,SCN-02-FANOUT-0070-W1,1,SCN-02-FANOUT-0070-W1,9631.92,0,0,no_movement
SCN-02-FANOUT-0070,fanout,validation,SCN-02-FANOUT-0070-W2,1,SCN-02-FANOUT-0070-W1,27419.47,1,0,forward
SCN-02-FANOUT-0070,fanout,validation,SCN-02-FANOUT-0070-W3,1,SCN-02-FANOUT-0070-W1,20564.61,1,0,no_movement
SCN-02-FANOUT-0070,fanout,validation,SCN-02-FANOUT-0070-W4,0,SCN-02-FANOUT-0070-W1,0.0,-1,0,no_movement
SCN-02-FANOUT-0070,fanout,validation,SCN-02-FANOUT-0070-NORMAL_A,0,SCN-02-FANOUT-0070-W1,0.0,-1,0,no_movement
SCN-02-FANOUT-0070,fanout,validation,SCN-02-FANOUT-0070-NORMAL_B,0,SCN-02-FANOUT-0070-W1,0.0,-1,0,no_movement
SCN-02-FANOUT-0070,fanout,validation,SCN-02-FANOUT-0070-NORMAL_C,0,SCN-02-FANOUT-0070-W1,0.0,-1,0,no_movement
SCN-02-FANOUT-0071,fanout,test,SCN-02-FANOUT-0071-VICTIM,0,SCN-02-FANOUT-0071-W1,0.0,-1,0,no_movement
SCN-02-FANOUT-0071,fanout,test,SCN-02-FANOUT-0071-W1,1,SCN-02-FANOUT-0071-W1,9061.8,0,0,no_movement
SCN-02-FANOUT-0071,fanout,test,SCN-02-FANOUT-0071-W2,1,SCN-02-FANOUT-0071-W1,25377.97,1,0,forward
SCN-02-FANOUT-0071,fanout,test,SCN-02-FANOUT-0071-W3,1,SCN-02-FANOUT-0071-W1,19033.23,1,0,no_movement
SCN-02-FANOUT-0071,fanout,test,SCN-02-FANOUT-0071-W4,0,SCN-02-FANOUT-0071-W1,0.0,-1,0,no_movement
SCN-02-FANOUT-0071,fanout,test,SCN-02-FANOUT-0071-NORMAL_A,0,SCN-02-FANOUT-0071-W1,0.0,-1,0,no_movement
SCN-02-FANOUT-0071,fanout,test,SCN-02-FANOUT-0071-NORMAL_B,0,SCN-02-FANOUT-0071-W1,0.0,-1,0,no_movement
SCN-02-FANOUT-0071,fanout,test,SCN-02-FANOUT-0071-NORMAL_C,0,SCN-02-FANOUT-0071-W1,0.0,-1,0,no_movement
SCN-02-FANOUT-0072,fanout,test,SCN-02-FANOUT-0072-VICTIM,0,SCN-02-FANOUT-0072-W1,0.0,-1,0,no_movement
SCN-02-FANOUT-0072,fanout,test,SCN-02-FANOUT-0072-W1,1,SCN-02-FANOUT-0072-W1,7380.64,0,0,no_movement
SCN-02-FANOUT-0072,fanout,test,SCN-02-FANOUT-0072-W2,1,SCN-02-FANOUT-0072-W1,20599.35,1,0,forward
SCN-02-FANOUT-0072,fanout,test,SCN-02-FANOUT-0072-W3,1,SCN-02-FANOUT-0072-W1,15450.01,1,0,no_movement
SCN-02-FANOUT-0072,fanout,test,SCN-02-FANOUT-0072-W4,0,SCN-02-FANOUT-0072-W1,0.0,-1,0,no_movement
SCN-02-FANOUT-0072,fanout,test,SCN-02-FANOUT-0072-NORMAL_A,0,SCN-02-FANOUT-0072-W1,0.0,-1,0,no_movement
SCN-02-FANOUT-0072,fanout,test,SCN-02-FANOUT-0072-NORMAL_B,0,SCN-02-FANOUT-0072-W1,0.0,-1,0,no_movement
SCN-02-FANOUT-0072,fanout,test,SCN-02-FANOUT-0072-NORMAL_C,0,SCN-02-FANOUT-0072-W1,0.0,-1,0,no_movement
SCN-02-FANOUT-0073,fanout,train,SCN-02-FANOUT-0073-VICTIM,0,SCN-02-FANOUT-0073-W1,0.0,-1,0,no_movement
SCN-02-FANOUT-0073,fanout,train,SCN-02-FANOUT-0073-W1,1,SCN-02-FANOUT-0073-W1,7502.64,0,0,no_movement
SCN-02-FANOUT-0073,fanout,train,SCN-02-FANOUT-0073-W2,1,SCN-02-FANOUT-0073-W1,21062.77,1,0,forward
SCN-02-FANOUT-0073,fanout,train,SCN-02-FANOUT-0073-W3,1,SCN-02-FANOUT-0073-W1,15796.59,1,0,no_movement
SCN-02-FANOUT-0073,fanout,train,SCN-02-FANOUT-0073-W4,0,SCN-02-FANOUT-0073-W1,0.0,-1,0,no_movement
SCN-02-FANOUT-0073,fanout,train,SCN-02-FANOUT-0073-NORMAL_A,0,SCN-02-FANOUT-0073-W1,0.0,-1,0,no_movement
SCN-02-FANOUT-0073,fanout,train,SCN-02-FANOUT-0073-NORMAL_B,0,SCN-02-FANOUT-0073-W1,0.0,-1,0,no_movement
SCN-02-FANOUT-0073,fanout,train,SCN-02-FANOUT-0073-NORMAL_C,0,SCN-02-FANOUT-0073-W1,0.0,-1,0,no_movement
SCN-02-FANOUT-0074,fanout,train,SCN-02-FANOUT-0074-VICTIM,0,SCN-02-FANOUT-0074-W1,0.0,-1,0,no_movement
SCN-02-FANOUT-0074,fanout,train,SCN-02-FANOUT-0074-W1,1,SCN-02-FANOUT-0074-W1,10138.25,0,0,no_movement
SCN-02-FANOUT-0074,fanout,train,SCN-02-FANOUT-0074-W2,1,SCN-02-FANOUT-0074-W1,28552.14,1,0,forward
SCN-02-FANOUT-0074,fanout,train,SCN-02-FANOUT-0074-W3,1,SCN-02-FANOUT-0074-W1,21413.61,1,0,no_movement
SCN-02-FANOUT-0074,fanout,train,SCN-02-FANOUT-0074-W4,0,SCN-02-FANOUT-0074-W1,0.0,-1,0,no_movement
SCN-02-FANOUT-0074,fanout,train,SCN-02-FANOUT-0074-NORMAL_A,0,SCN-02-FANOUT-0074-W1,0.0,-1,0,no_movement
SCN-02-FANOUT-0074,fanout,train,SCN-02-FANOUT-0074-NORMAL_B,0,SCN-02-FANOUT-0074-W1,0.0,-1,0,no_movement
SCN-02-FANOUT-0074,fanout,train,SCN-02-FANOUT-0074-NORMAL_C,0,SCN-02-FANOUT-0074-W1,0.0,-1,0,no_movement
SCN-02-FANOUT-0075,fanout,train,SCN-02-FANOUT-0075-VICTIM,0,SCN-02-FANOUT-0075-W1,0.0,-1,0,no_movement
SCN-02-FANOUT-0075,fanout,train,SCN-02-FANOUT-0075-W1,1,SCN-02-FANOUT-0075-W1,9224.3,0,0,no_movement
SCN-02-FANOUT-0075,fanout,train,SCN-02-FANOUT-0075-W2,1,SCN-02-FANOUT-0075-W1,25839.69,1,0,forward
SCN-02-FANOUT-0075,fanout,train,SCN-02-FANOUT-0075-W3,1,SCN-02-FANOUT-0075-W1,19380.01,1,0,no_movement
SCN-02-FANOUT-0075,fanout,train,SCN-02-FANOUT-0075-W4,0,SCN-02-FANOUT-0075-W1,0.0,-1,0,no_movement
SCN-02-FANOUT-0075,fanout,train,SCN-02-FANOUT-0075-NORMAL_A,0,SCN-02-FANOUT-0075-W1,0.0,-1,0,no_movement
SCN-02-FANOUT-0075,fanout,train,SCN-02-FANOUT-0075-NORMAL_B,0,SCN-02-FANOUT-0075-W1,0.0,-1,0,no_movement
SCN-02-FANOUT-0075,fanout,train,SCN-02-FANOUT-0075-NORMAL_C,0,SCN-02-FANOUT-0075-W1,0.0,-1,0,no_movement
SCN-02-FANOUT-0076,fanout,train,SCN-02-FANOUT-0076-VICTIM,0,SCN-02-FANOUT-0076-W1,0.0,-1,0,no_movement
SCN-02-FANOUT-0076,fanout,train,SCN-02-FANOUT-0076-W1,1,SCN-02-FANOUT-0076-W1,7646.48,0,0,no_movement
SCN-02-FANOUT-0076,fanout,train,SCN-02-FANOUT-0076-W2,1,SCN-02-FANOUT-0076-W1,21472.44,1,0,forward
SCN-02-FANOUT-0076,fanout,train,SCN-02-FANOUT-0076-W3,1,SCN-02-FANOUT-0076-W1,16104.08,1,0,no_movement
SCN-02-FANOUT-0076,fanout,train,SCN-02-FANOUT-0076-W4,0,SCN-02-FANOUT-0076-W1,0.0,-1,0,no_movement
SCN-02-FANOUT-0076,fanout,train,SCN-02-FANOUT-0076-NORMAL_A,0,SCN-02-FANOUT-0076-W1,0.0,-1,0,no_movement
SCN-02-FANOUT-0076,fanout,train,SCN-02-FANOUT-0076-NORMAL_B,0,SCN-02-FANOUT-0076-W1,0.0,-1,0,no_movement
SCN-02-FANOUT-0076,fanout,train,SCN-02-FANOUT-0076-NORMAL_C,0,SCN-02-FANOUT-0076-W1,0.0,-1,0,no_movement
SCN-02-FANOUT-0077,fanout,train,SCN-02-FANOUT-0077-VICTIM,0,SCN-02-FANOUT-0077-W1,0.0,-1,0,no_movement
SCN-02-FANOUT-0077,fanout,train,SCN-02-FANOUT-0077-W1,1,SCN-02-FANOUT-0077-W1,7115.42,0,0,no_movement
SCN-02-FANOUT-0077,fanout,train,SCN-02-FANOUT-0077-W2,1,SCN-02-FANOUT-0077-W1,19871.76,1,0,forward
SCN-02-FANOUT-0077,fanout,train,SCN-02-FANOUT-0077-W3,1,SCN-02-FANOUT-0077-W1,14903.82,1,0,no_movement
SCN-02-FANOUT-0077,fanout,train,SCN-02-FANOUT-0077-W4,0,SCN-02-FANOUT-0077-W1,0.0,-1,0,no_movement
SCN-02-FANOUT-0077,fanout,train,SCN-02-FANOUT-0077-NORMAL_A,0,SCN-02-FANOUT-0077-W1,0.0,-1,0,no_movement
SCN-02-FANOUT-0077,fanout,train,SCN-02-FANOUT-0077-NORMAL_B,0,SCN-02-FANOUT-0077-W1,0.0,-1,0,no_movement
SCN-02-FANOUT-0077,fanout,train,SCN-02-FANOUT-0077-NORMAL_C,0,SCN-02-FANOUT-0077-W1,0.0,-1,0,no_movement
SCN-02-FANOUT-0078,fanout,train,SCN-02-FANOUT-0078-VICTIM,0,SCN-02-FANOUT-0078-W1,0.0,-1,0,no_movement
SCN-02-FANOUT-0078,fanout,train,SCN-02-FANOUT-0078-W1,1,SCN-02-FANOUT-0078-W1,7436.54,0,0,no_movement
SCN-02-FANOUT-0078,fanout,train,SCN-02-FANOUT-0078-W2,1,SCN-02-FANOUT-0078-W1,20849.98,1,0,forward
SCN-02-FANOUT-0078,fanout,train,SCN-02-FANOUT-0078-W3,1,SCN-02-FANOUT-0078-W1,15637.48,1,0,no_movement
SCN-02-FANOUT-0078,fanout,train,SCN-02-FANOUT-0078-W4,0,SCN-02-FANOUT-0078-W1,0.0,-1,0,no_movement
SCN-02-FANOUT-0078,fanout,train,SCN-02-FANOUT-0078-NORMAL_A,0,SCN-02-FANOUT-0078-W1,0.0,-1,0,no_movement
SCN-02-FANOUT-0078,fanout,train,SCN-02-FANOUT-0078-NORMAL_B,0,SCN-02-FANOUT-0078-W1,0.0,-1,0,no_movement
SCN-02-FANOUT-0078,fanout,train,SCN-02-FANOUT-0078-NORMAL_C,0,SCN-02-FANOUT-0078-W1,0.0,-1,0,no_movement
SCN-02-FANOUT-0079,fanout,validation,SCN-02-FANOUT-0079-VICTIM,0,SCN-02-FANOUT-0079-W1,0.0,-1,0,no_movement
SCN-02-FANOUT-0079,fanout,validation,SCN-02-FANOUT-0079-W1,1,SCN-02-FANOUT-0079-W1,10435.69,0,0,no_movement
SCN-02-FANOUT-0079,fanout,validation,SCN-02-FANOUT-0079-W2,1,SCN-02-FANOUT-0079-W1,29220.89,1,0,forward
SCN-02-FANOUT-0079,fanout,validation,SCN-02-FANOUT-0079-W3,1,SCN-02-FANOUT-0079-W1,21915.42,1,0,no_movement
SCN-02-FANOUT-0079,fanout,validation,SCN-02-FANOUT-0079-W4,0,SCN-02-FANOUT-0079-W1,0.0,-1,0,no_movement
SCN-02-FANOUT-0079,fanout,validation,SCN-02-FANOUT-0079-NORMAL_A,0,SCN-02-FANOUT-0079-W1,0.0,-1,0,no_movement
SCN-02-FANOUT-0079,fanout,validation,SCN-02-FANOUT-0079-NORMAL_B,0,SCN-02-FANOUT-0079-W1,0.0,-1,0,no_movement
SCN-02-FANOUT-0079,fanout,validation,SCN-02-FANOUT-0079-NORMAL_C,0,SCN-02-FANOUT-0079-W1,0.0,-1,0,no_movement
SCN-02-FANOUT-0080,fanout,test,SCN-02-FANOUT-0080-VICTIM,0,SCN-02-FANOUT-0080-W1,0.0,-1,0,no_movement
SCN-02-FANOUT-0080,fanout,test,SCN-02-FANOUT-0080-W1,1,SCN-02-FANOUT-0080-W1,9605.65,0,0,no_movement
SCN-02-FANOUT-0080,fanout,test,SCN-02-FANOUT-0080-W2,1,SCN-02-FANOUT-0080-W1,27434.06,1,0,forward
SCN-02-FANOUT-0080,fanout,test,SCN-02-FANOUT-0080-W3,1,SCN-02-FANOUT-0080-W1,20575.29,1,0,no_movement
SCN-02-FANOUT-0080,fanout,test,SCN-02-FANOUT-0080-W4,0,SCN-02-FANOUT-0080-W1,0.0,-1,0,no_movement
SCN-02-FANOUT-0080,fanout,test,SCN-02-FANOUT-0080-NORMAL_A,0,SCN-02-FANOUT-0080-W1,0.0,-1,0,no_movement
SCN-02-FANOUT-0080,fanout,test,SCN-02-FANOUT-0080-NORMAL_B,0,SCN-02-FANOUT-0080-W1,0.0,-1,0,no_movement
SCN-02-FANOUT-0080,fanout,test,SCN-02-FANOUT-0080-NORMAL_C,0,SCN-02-FANOUT-0080-W1,0.0,-1,0,no_movement
SCN-02-FANOUT-0081,fanout,test,SCN-02-FANOUT-0081-VICTIM,0,SCN-02-FANOUT-0081-W1,0.0,-1,0,no_movement
SCN-02-FANOUT-0081,fanout,test,SCN-02-FANOUT-0081-W1,1,SCN-02-FANOUT-0081-W1,9220.52,0,0,no_movement
SCN-02-FANOUT-0081,fanout,test,SCN-02-FANOUT-0081-W2,1,SCN-02-FANOUT-0081-W1,25764.85,1,0,forward
SCN-02-FANOUT-0081,fanout,test,SCN-02-FANOUT-0081-W3,1,SCN-02-FANOUT-0081-W1,19323.63,1,0,no_movement
SCN-02-FANOUT-0081,fanout,test,SCN-02-FANOUT-0081-W4,0,SCN-02-FANOUT-0081-W1,0.0,-1,0,no_movement
SCN-02-FANOUT-0081,fanout,test,SCN-02-FANOUT-0081-NORMAL_A,0,SCN-02-FANOUT-0081-W1,0.0,-1,0,no_movement
SCN-02-FANOUT-0081,fanout,test,SCN-02-FANOUT-0081-NORMAL_B,0,SCN-02-FANOUT-0081-W1,0.0,-1,0,no_movement
SCN-02-FANOUT-0081,fanout,test,SCN-02-FANOUT-0081-NORMAL_C,0,SCN-02-FANOUT-0081-W1,0.0,-1,0,no_movement
SCN-02-FANOUT-0082,fanout,train,SCN-02-FANOUT-0082-VICTIM,0,SCN-02-FANOUT-0082-W1,0.0,-1,0,no_movement
SCN-02-FANOUT-0082,fanout,train,SCN-02-FANOUT-0082-W1,1,SCN-02-FANOUT-0082-W1,9978.28,0,0,no_movement
SCN-02-FANOUT-0082,fanout,train,SCN-02-FANOUT-0082-W2,1,SCN-02-FANOUT-0082-W1,28358.84,1,0,forward
SCN-02-FANOUT-0082,fanout,train,SCN-02-FANOUT-0082-W3,1,SCN-02-FANOUT-0082-W1,21268.88,1,0,no_movement
SCN-02-FANOUT-0082,fanout,train,SCN-02-FANOUT-0082-W4,0,SCN-02-FANOUT-0082-W1,0.0,-1,0,no_movement
SCN-02-FANOUT-0082,fanout,train,SCN-02-FANOUT-0082-NORMAL_A,0,SCN-02-FANOUT-0082-W1,0.0,-1,0,no_movement
SCN-02-FANOUT-0082,fanout,train,SCN-02-FANOUT-0082-NORMAL_B,0,SCN-02-FANOUT-0082-W1,0.0,-1,0,no_movement
SCN-02-FANOUT-0082,fanout,train,SCN-02-FANOUT-0082-NORMAL_C,0,SCN-02-FANOUT-0082-W1,0.0,-1,0,no_movement
SCN-02-FANOUT-0083,fanout,train,SCN-02-FANOUT-0083-VICTIM,0,SCN-02-FANOUT-0083-W1,0.0,-1,0,no_movement
SCN-02-FANOUT-0083,fanout,train,SCN-02-FANOUT-0083-W1,1,SCN-02-FANOUT-0083-W1,7649.85,0,0,no_movement
SCN-02-FANOUT-0083,fanout,train,SCN-02-FANOUT-0083-W2,1,SCN-02-FANOUT-0083-W1,21374.09,1,0,forward
SCN-02-FANOUT-0083,fanout,train,SCN-02-FANOUT-0083-W3,1,SCN-02-FANOUT-0083-W1,16031.06,1,0,no_movement
SCN-02-FANOUT-0083,fanout,train,SCN-02-FANOUT-0083-W4,0,SCN-02-FANOUT-0083-W1,0.0,-1,0,no_movement
SCN-02-FANOUT-0083,fanout,train,SCN-02-FANOUT-0083-NORMAL_A,0,SCN-02-FANOUT-0083-W1,0.0,-1,0,no_movement
SCN-02-FANOUT-0083,fanout,train,SCN-02-FANOUT-0083-NORMAL_B,0,SCN-02-FANOUT-0083-W1,0.0,-1,0,no_movement
SCN-02-FANOUT-0083,fanout,train,SCN-02-FANOUT-0083-NORMAL_C,0,SCN-02-FANOUT-0083-W1,0.0,-1,0,no_movement
SCN-02-FANOUT-0084,fanout,train,SCN-02-FANOUT-0084-VICTIM,0,SCN-02-FANOUT-0084-W1,0.0,-1,0,no_movement
SCN-02-FANOUT-0084,fanout,train,SCN-02-FANOUT-0084-W1,1,SCN-02-FANOUT-0084-W1,10079.26,0,0,no_movement
SCN-02-FANOUT-0084,fanout,train,SCN-02-FANOUT-0084-W2,1,SCN-02-FANOUT-0084-W1,28343.99,1,0,forward
SCN-02-FANOUT-0084,fanout,train,SCN-02-FANOUT-0084-W3,1,SCN-02-FANOUT-0084-W1,21257.75,1,0,no_movement
SCN-02-FANOUT-0084,fanout,train,SCN-02-FANOUT-0084-W4,0,SCN-02-FANOUT-0084-W1,0.0,-1,0,no_movement
SCN-02-FANOUT-0084,fanout,train,SCN-02-FANOUT-0084-NORMAL_A,0,SCN-02-FANOUT-0084-W1,0.0,-1,0,no_movement
SCN-02-FANOUT-0084,fanout,train,SCN-02-FANOUT-0084-NORMAL_B,0,SCN-02-FANOUT-0084-W1,0.0,-1,0,no_movement
SCN-02-FANOUT-0084,fanout,train,SCN-02-FANOUT-0084-NORMAL_C,0,SCN-02-FANOUT-0084-W1,0.0,-1,0,no_movement
SCN-02-FANOUT-0085,fanout,test,SCN-02-FANOUT-0085-VICTIM,0,SCN-02-FANOUT-0085-W1,0.0,-1,0,no_movement
SCN-02-FANOUT-0085,fanout,test,SCN-02-FANOUT-0085-W1,1,SCN-02-FANOUT-0085-W1,9362.34,0,0,no_movement
SCN-02-FANOUT-0085,fanout,test,SCN-02-FANOUT-0085-W2,1,SCN-02-FANOUT-0085-W1,26682.8,1,0,forward
SCN-02-FANOUT-0085,fanout,test,SCN-02-FANOUT-0085-W3,1,SCN-02-FANOUT-0085-W1,20011.86,1,0,no_movement
SCN-02-FANOUT-0085,fanout,test,SCN-02-FANOUT-0085-W4,0,SCN-02-FANOUT-0085-W1,0.0,-1,0,no_movement
SCN-02-FANOUT-0085,fanout,test,SCN-02-FANOUT-0085-NORMAL_A,0,SCN-02-FANOUT-0085-W1,0.0,-1,0,no_movement
SCN-02-FANOUT-0085,fanout,test,SCN-02-FANOUT-0085-NORMAL_B,0,SCN-02-FANOUT-0085-W1,0.0,-1,0,no_movement
SCN-02-FANOUT-0085,fanout,test,SCN-02-FANOUT-0085-NORMAL_C,0,SCN-02-FANOUT-0085-W1,0.0,-1,0,no_movement
SCN-02-FANOUT-0086,fanout,train,SCN-02-FANOUT-0086-VICTIM,0,SCN-02-FANOUT-0086-W1,0.0,-1,0,no_movement
SCN-02-FANOUT-0086,fanout,train,SCN-02-FANOUT-0086-W1,1,SCN-02-FANOUT-0086-W1,6506.26,0,0,no_movement
SCN-02-FANOUT-0086,fanout,train,SCN-02-FANOUT-0086-W2,1,SCN-02-FANOUT-0086-W1,18178.56,1,0,forward
SCN-02-FANOUT-0086,fanout,train,SCN-02-FANOUT-0086-W3,1,SCN-02-FANOUT-0086-W1,13633.18,1,0,no_movement
SCN-02-FANOUT-0086,fanout,train,SCN-02-FANOUT-0086-W4,0,SCN-02-FANOUT-0086-W1,0.0,-1,0,no_movement
SCN-02-FANOUT-0086,fanout,train,SCN-02-FANOUT-0086-NORMAL_A,0,SCN-02-FANOUT-0086-W1,0.0,-1,0,no_movement
SCN-02-FANOUT-0086,fanout,train,SCN-02-FANOUT-0086-NORMAL_B,0,SCN-02-FANOUT-0086-W1,0.0,-1,0,no_movement
SCN-02-FANOUT-0086,fanout,train,SCN-02-FANOUT-0086-NORMAL_C,0,SCN-02-FANOUT-0086-W1,0.0,-1,0,no_movement
SCN-02-FANOUT-0087,fanout,validation,SCN-02-FANOUT-0087-VICTIM,0,SCN-02-FANOUT-0087-W1,0.0,-1,0,no_movement
SCN-02-FANOUT-0087,fanout,validation,SCN-02-FANOUT-0087-W1,1,SCN-02-FANOUT-0087-W1,8585.7,0,0,no_movement
SCN-02-FANOUT-0087,fanout,validation,SCN-02-FANOUT-0087-W2,1,SCN-02-FANOUT-0087-W1,24301.03,1,0,forward
SCN-02-FANOUT-0087,fanout,validation,SCN-02-FANOUT-0087-W3,1,SCN-02-FANOUT-0087-W1,18225.27,1,0,no_movement
SCN-02-FANOUT-0087,fanout,validation,SCN-02-FANOUT-0087-W4,0,SCN-02-FANOUT-0087-W1,0.0,-1,0,no_movement
SCN-02-FANOUT-0087,fanout,validation,SCN-02-FANOUT-0087-NORMAL_A,0,SCN-02-FANOUT-0087-W1,0.0,-1,0,no_movement
SCN-02-FANOUT-0087,fanout,validation,SCN-02-FANOUT-0087-NORMAL_B,0,SCN-02-FANOUT-0087-W1,0.0,-1,0,no_movement
SCN-02-FANOUT-0087,fanout,validation,SCN-02-FANOUT-0087-NORMAL_C,0,SCN-02-FANOUT-0087-W1,0.0,-1,0,no_movement
SCN-02-FANOUT-0088,fanout,test,SCN-02-FANOUT-0088-VICTIM,0,SCN-02-FANOUT-0088-W1,0.0,-1,0,no_movement
SCN-02-FANOUT-0088,fanout,test,SCN-02-FANOUT-0088-W1,1,SCN-02-FANOUT-0088-W1,8241.34,0,0,no_movement
SCN-02-FANOUT-0088,fanout,test,SCN-02-FANOUT-0088-W2,1,SCN-02-FANOUT-0088-W1,23215.66,1,0,forward
SCN-02-FANOUT-0088,fanout,test,SCN-02-FANOUT-0088-W3,1,SCN-02-FANOUT-0088-W1,17411.0,1,0,no_movement
SCN-02-FANOUT-0088,fanout,test,SCN-02-FANOUT-0088-W4,0,SCN-02-FANOUT-0088-W1,0.0,-1,0,no_movement
SCN-02-FANOUT-0088,fanout,test,SCN-02-FANOUT-0088-NORMAL_A,0,SCN-02-FANOUT-0088-W1,0.0,-1,0,no_movement
SCN-02-FANOUT-0088,fanout,test,SCN-02-FANOUT-0088-NORMAL_B,0,SCN-02-FANOUT-0088-W1,0.0,-1,0,no_movement
SCN-02-FANOUT-0088,fanout,test,SCN-02-FANOUT-0088-NORMAL_C,0,SCN-02-FANOUT-0088-W1,0.0,-1,0,no_movement
SCN-02-FANOUT-0089,fanout,validation,SCN-02-FANOUT-0089-VICTIM,0,SCN-02-FANOUT-0089-W1,0.0,-1,0,no_movement
SCN-02-FANOUT-0089,fanout,validation,SCN-02-FANOUT-0089-W1,1,SCN-02-FANOUT-0089-W1,6877.86,0,0,no_movement
SCN-02-FANOUT-0089,fanout,validation,SCN-02-FANOUT-0089-W2,1,SCN-02-FANOUT-0089-W1,19297.36,1,0,forward
SCN-02-FANOUT-0089,fanout,validation,SCN-02-FANOUT-0089-W3,1,SCN-02-FANOUT-0089-W1,14472.78,1,0,no_movement
SCN-02-FANOUT-0089,fanout,validation,SCN-02-FANOUT-0089-W4,0,SCN-02-FANOUT-0089-W1,0.0,-1,0,no_movement
SCN-02-FANOUT-0089,fanout,validation,SCN-02-FANOUT-0089-NORMAL_A,0,SCN-02-FANOUT-0089-W1,0.0,-1,0,no_movement
SCN-02-FANOUT-0089,fanout,validation,SCN-02-FANOUT-0089-NORMAL_B,0,SCN-02-FANOUT-0089-W1,0.0,-1,0,no_movement
SCN-02-FANOUT-0089,fanout,validation,SCN-02-FANOUT-0089-NORMAL_C,0,SCN-02-FANOUT-0089-W1,0.0,-1,0,no_movement
SCN-02-FANOUT-0090,fanout,test,SCN-02-FANOUT-0090-VICTIM,0,SCN-02-FANOUT-0090-W1,0.0,-1,0,no_movement
SCN-02-FANOUT-0090,fanout,test,SCN-02-FANOUT-0090-W1,1,SCN-02-FANOUT-0090-W1,7619.01,0,0,no_movement
SCN-02-FANOUT-0090,fanout,test,SCN-02-FANOUT-0090-W2,1,SCN-02-FANOUT-0090-W1,21768.71,1,0,forward
SCN-02-FANOUT-0090,fanout,test,SCN-02-FANOUT-0090-W3,1,SCN-02-FANOUT-0090-W1,16326.28,1,0,no_movement
SCN-02-FANOUT-0090,fanout,test,SCN-02-FANOUT-0090-W4,0,SCN-02-FANOUT-0090-W1,0.0,-1,0,no_movement
SCN-02-FANOUT-0090,fanout,test,SCN-02-FANOUT-0090-NORMAL_A,0,SCN-02-FANOUT-0090-W1,0.0,-1,0,no_movement
SCN-02-FANOUT-0090,fanout,test,SCN-02-FANOUT-0090-NORMAL_B,0,SCN-02-FANOUT-0090-W1,0.0,-1,0,no_movement
SCN-02-FANOUT-0090,fanout,test,SCN-02-FANOUT-0090-NORMAL_C,0,SCN-02-FANOUT-0090-W1,0.0,-1,0,no_movement
SCN-02-FANOUT-0091,fanout,train,SCN-02-FANOUT-0091-VICTIM,0,SCN-02-FANOUT-0091-W1,0.0,-1,0,no_movement
SCN-02-FANOUT-0091,fanout,train,SCN-02-FANOUT-0091-W1,1,SCN-02-FANOUT-0091-W1,7297.81,0,0,no_movement
SCN-02-FANOUT-0091,fanout,train,SCN-02-FANOUT-0091-W2,1,SCN-02-FANOUT-0091-W1,20838.96,1,0,forward
SCN-02-FANOUT-0091,fanout,train,SCN-02-FANOUT-0091-W3,1,SCN-02-FANOUT-0091-W1,15629.23,1,0,no_movement
SCN-02-FANOUT-0091,fanout,train,SCN-02-FANOUT-0091-W4,0,SCN-02-FANOUT-0091-W1,0.0,-1,0,no_movement
SCN-02-FANOUT-0091,fanout,train,SCN-02-FANOUT-0091-NORMAL_A,0,SCN-02-FANOUT-0091-W1,0.0,-1,0,no_movement
SCN-02-FANOUT-0091,fanout,train,SCN-02-FANOUT-0091-NORMAL_B,0,SCN-02-FANOUT-0091-W1,0.0,-1,0,no_movement
SCN-02-FANOUT-0091,fanout,train,SCN-02-FANOUT-0091-NORMAL_C,0,SCN-02-FANOUT-0091-W1,0.0,-1,0,no_movement
SCN-02-FANOUT-0092,fanout,train,SCN-02-FANOUT-0092-VICTIM,0,SCN-02-FANOUT-0092-W1,0.0,-1,0,no_movement
SCN-02-FANOUT-0092,fanout,train,SCN-02-FANOUT-0092-W1,1,SCN-02-FANOUT-0092-W1,7710.45,0,0,no_movement
SCN-02-FANOUT-0092,fanout,train,SCN-02-FANOUT-0092-W2,1,SCN-02-FANOUT-0092-W1,21647.6,1,0,forward
SCN-02-FANOUT-0092,fanout,train,SCN-02-FANOUT-0092-W3,1,SCN-02-FANOUT-0092-W1,16235.95,1,0,no_movement
SCN-02-FANOUT-0092,fanout,train,SCN-02-FANOUT-0092-W4,0,SCN-02-FANOUT-0092-W1,0.0,-1,0,no_movement
SCN-02-FANOUT-0092,fanout,train,SCN-02-FANOUT-0092-NORMAL_A,0,SCN-02-FANOUT-0092-W1,0.0,-1,0,no_movement
SCN-02-FANOUT-0092,fanout,train,SCN-02-FANOUT-0092-NORMAL_B,0,SCN-02-FANOUT-0092-W1,0.0,-1,0,no_movement
SCN-02-FANOUT-0092,fanout,train,SCN-02-FANOUT-0092-NORMAL_C,0,SCN-02-FANOUT-0092-W1,0.0,-1,0,no_movement
SCN-02-FANOUT-0093,fanout,train,SCN-02-FANOUT-0093-VICTIM,0,SCN-02-FANOUT-0093-W1,0.0,-1,0,no_movement
SCN-02-FANOUT-0093,fanout,train,SCN-02-FANOUT-0093-W1,1,SCN-02-FANOUT-0093-W1,9586.06,0,0,no_movement
SCN-02-FANOUT-0093,fanout,train,SCN-02-FANOUT-0093-W2,1,SCN-02-FANOUT-0093-W1,27065.11,1,0,forward
SCN-02-FANOUT-0093,fanout,train,SCN-02-FANOUT-0093-W3,1,SCN-02-FANOUT-0093-W1,20298.83,1,0,no_movement
SCN-02-FANOUT-0093,fanout,train,SCN-02-FANOUT-0093-W4,0,SCN-02-FANOUT-0093-W1,0.0,-1,0,no_movement
SCN-02-FANOUT-0093,fanout,train,SCN-02-FANOUT-0093-NORMAL_A,0,SCN-02-FANOUT-0093-W1,0.0,-1,0,no_movement
SCN-02-FANOUT-0093,fanout,train,SCN-02-FANOUT-0093-NORMAL_B,0,SCN-02-FANOUT-0093-W1,0.0,-1,0,no_movement
SCN-02-FANOUT-0093,fanout,train,SCN-02-FANOUT-0093-NORMAL_C,0,SCN-02-FANOUT-0093-W1,0.0,-1,0,no_movement
SCN-02-FANOUT-0094,fanout,train,SCN-02-FANOUT-0094-VICTIM,0,SCN-02-FANOUT-0094-W1,0.0,-1,0,no_movement
SCN-02-FANOUT-0094,fanout,train,SCN-02-FANOUT-0094-W1,1,SCN-02-FANOUT-0094-W1,10050.77,0,0,no_movement
SCN-02-FANOUT-0094,fanout,train,SCN-02-FANOUT-0094-W2,1,SCN-02-FANOUT-0094-W1,28070.99,1,0,forward
SCN-02-FANOUT-0094,fanout,train,SCN-02-FANOUT-0094-W3,1,SCN-02-FANOUT-0094-W1,21053.24,1,0,no_movement
SCN-02-FANOUT-0094,fanout,train,SCN-02-FANOUT-0094-W4,0,SCN-02-FANOUT-0094-W1,0.0,-1,0,no_movement
SCN-02-FANOUT-0094,fanout,train,SCN-02-FANOUT-0094-NORMAL_A,0,SCN-02-FANOUT-0094-W1,0.0,-1,0,no_movement
SCN-02-FANOUT-0094,fanout,train,SCN-02-FANOUT-0094-NORMAL_B,0,SCN-02-FANOUT-0094-W1,0.0,-1,0,no_movement
SCN-02-FANOUT-0094,fanout,train,SCN-02-FANOUT-0094-NORMAL_C,0,SCN-02-FANOUT-0094-W1,0.0,-1,0,no_movement
SCN-02-FANOUT-0095,fanout,train,SCN-02-FANOUT-0095-VICTIM,0,SCN-02-FANOUT-0095-W1,0.0,-1,0,no_movement
SCN-02-FANOUT-0095,fanout,train,SCN-02-FANOUT-0095-W1,1,SCN-02-FANOUT-0095-W1,9121.4,0,0,no_movement
SCN-02-FANOUT-0095,fanout,train,SCN-02-FANOUT-0095-W2,1,SCN-02-FANOUT-0095-W1,26017.34,1,0,forward
SCN-02-FANOUT-0095,fanout,train,SCN-02-FANOUT-0095-W3,1,SCN-02-FANOUT-0095-W1,19513.26,1,0,no_movement
SCN-02-FANOUT-0095,fanout,train,SCN-02-FANOUT-0095-W4,0,SCN-02-FANOUT-0095-W1,0.0,-1,0,no_movement
SCN-02-FANOUT-0095,fanout,train,SCN-02-FANOUT-0095-NORMAL_A,0,SCN-02-FANOUT-0095-W1,0.0,-1,0,no_movement
SCN-02-FANOUT-0095,fanout,train,SCN-02-FANOUT-0095-NORMAL_B,0,SCN-02-FANOUT-0095-W1,0.0,-1,0,no_movement
SCN-02-FANOUT-0095,fanout,train,SCN-02-FANOUT-0095-NORMAL_C,0,SCN-02-FANOUT-0095-W1,0.0,-1,0,no_movement
SCN-02-FANOUT-0096,fanout,test,SCN-02-FANOUT-0096-VICTIM,0,SCN-02-FANOUT-0096-W1,0.0,-1,0,no_movement
SCN-02-FANOUT-0096,fanout,test,SCN-02-FANOUT-0096-W1,1,SCN-02-FANOUT-0096-W1,7443.73,0,0,no_movement
SCN-02-FANOUT-0096,fanout,test,SCN-02-FANOUT-0096-W2,1,SCN-02-FANOUT-0096-W1,21103.58,1,0,forward
SCN-02-FANOUT-0096,fanout,test,SCN-02-FANOUT-0096-W3,1,SCN-02-FANOUT-0096-W1,15827.69,1,0,no_movement
SCN-02-FANOUT-0096,fanout,test,SCN-02-FANOUT-0096-W4,0,SCN-02-FANOUT-0096-W1,0.0,-1,0,no_movement
SCN-02-FANOUT-0096,fanout,test,SCN-02-FANOUT-0096-NORMAL_A,0,SCN-02-FANOUT-0096-W1,0.0,-1,0,no_movement
SCN-02-FANOUT-0096,fanout,test,SCN-02-FANOUT-0096-NORMAL_B,0,SCN-02-FANOUT-0096-W1,0.0,-1,0,no_movement
SCN-02-FANOUT-0096,fanout,test,SCN-02-FANOUT-0096-NORMAL_C,0,SCN-02-FANOUT-0096-W1,0.0,-1,0,no_movement
SCN-02-FANOUT-0097,fanout,train,SCN-02-FANOUT-0097-VICTIM,0,SCN-02-FANOUT-0097-W1,0.0,-1,0,no_movement
SCN-02-FANOUT-0097,fanout,train,SCN-02-FANOUT-0097-W1,1,SCN-02-FANOUT-0097-W1,8921.15,0,0,no_movement
SCN-02-FANOUT-0097,fanout,train,SCN-02-FANOUT-0097-W2,1,SCN-02-FANOUT-0097-W1,24979.77,1,0,forward
SCN-02-FANOUT-0097,fanout,train,SCN-02-FANOUT-0097-W3,1,SCN-02-FANOUT-0097-W1,18735.08,1,0,no_movement
SCN-02-FANOUT-0097,fanout,train,SCN-02-FANOUT-0097-W4,0,SCN-02-FANOUT-0097-W1,0.0,-1,0,no_movement
SCN-02-FANOUT-0097,fanout,train,SCN-02-FANOUT-0097-NORMAL_A,0,SCN-02-FANOUT-0097-W1,0.0,-1,0,no_movement
SCN-02-FANOUT-0097,fanout,train,SCN-02-FANOUT-0097-NORMAL_B,0,SCN-02-FANOUT-0097-W1,0.0,-1,0,no_movement
SCN-02-FANOUT-0097,fanout,train,SCN-02-FANOUT-0097-NORMAL_C,0,SCN-02-FANOUT-0097-W1,0.0,-1,0,no_movement
SCN-02-FANOUT-0098,fanout,test,SCN-02-FANOUT-0098-VICTIM,0,SCN-02-FANOUT-0098-W1,0.0,-1,0,no_movement
SCN-02-FANOUT-0098,fanout,test,SCN-02-FANOUT-0098-W1,1,SCN-02-FANOUT-0098-W1,7194.72,0,0,no_movement
SCN-02-FANOUT-0098,fanout,test,SCN-02-FANOUT-0098-W2,1,SCN-02-FANOUT-0098-W1,20389.3,1,0,forward
SCN-02-FANOUT-0098,fanout,test,SCN-02-FANOUT-0098-W3,1,SCN-02-FANOUT-0098-W1,15291.98,1,0,no_movement
SCN-02-FANOUT-0098,fanout,test,SCN-02-FANOUT-0098-W4,0,SCN-02-FANOUT-0098-W1,0.0,-1,0,no_movement
SCN-02-FANOUT-0098,fanout,test,SCN-02-FANOUT-0098-NORMAL_A,0,SCN-02-FANOUT-0098-W1,0.0,-1,0,no_movement
SCN-02-FANOUT-0098,fanout,test,SCN-02-FANOUT-0098-NORMAL_B,0,SCN-02-FANOUT-0098-W1,0.0,-1,0,no_movement
SCN-02-FANOUT-0098,fanout,test,SCN-02-FANOUT-0098-NORMAL_C,0,SCN-02-FANOUT-0098-W1,0.0,-1,0,no_movement
SCN-02-FANOUT-0099,fanout,train,SCN-02-FANOUT-0099-VICTIM,0,SCN-02-FANOUT-0099-W1,0.0,-1,0,no_movement
SCN-02-FANOUT-0099,fanout,train,SCN-02-FANOUT-0099-W1,1,SCN-02-FANOUT-0099-W1,8052.63,0,0,no_movement
SCN-02-FANOUT-0099,fanout,train,SCN-02-FANOUT-0099-W2,1,SCN-02-FANOUT-0099-W1,22923.5,1,0,forward
SCN-02-FANOUT-0099,fanout,train,SCN-02-FANOUT-0099-W3,1,SCN-02-FANOUT-0099-W1,17192.87,1,0,no_movement
SCN-02-FANOUT-0099,fanout,train,SCN-02-FANOUT-0099-W4,0,SCN-02-FANOUT-0099-W1,0.0,-1,0,no_movement
SCN-02-FANOUT-0099,fanout,train,SCN-02-FANOUT-0099-NORMAL_A,0,SCN-02-FANOUT-0099-W1,0.0,-1,0,no_movement
SCN-02-FANOUT-0099,fanout,train,SCN-02-FANOUT-0099-NORMAL_B,0,SCN-02-FANOUT-0099-W1,0.0,-1,0,no_movement
SCN-02-FANOUT-0099,fanout,train,SCN-02-FANOUT-0099-NORMAL_C,0,SCN-02-FANOUT-0099-W1,0.0,-1,0,no_movement
SCN-02-FANOUT-0100,fanout,train,SCN-02-FANOUT-0100-VICTIM,0,SCN-02-FANOUT-0100-W1,0.0,-1,0,no_movement
SCN-02-FANOUT-0100,fanout,train,SCN-02-FANOUT-0100-W1,1,SCN-02-FANOUT-0100-W1,6745.14,0,0,no_movement
SCN-02-FANOUT-0100,fanout,train,SCN-02-FANOUT-0100-W2,1,SCN-02-FANOUT-0100-W1,18906.35,1,0,forward
SCN-02-FANOUT-0100,fanout,train,SCN-02-FANOUT-0100-W3,1,SCN-02-FANOUT-0100-W1,14179.51,1,0,no_movement
SCN-02-FANOUT-0100,fanout,train,SCN-02-FANOUT-0100-W4,0,SCN-02-FANOUT-0100-W1,0.0,-1,0,no_movement
SCN-02-FANOUT-0100,fanout,train,SCN-02-FANOUT-0100-NORMAL_A,0,SCN-02-FANOUT-0100-W1,0.0,-1,0,no_movement
SCN-02-FANOUT-0100,fanout,train,SCN-02-FANOUT-0100-NORMAL_B,0,SCN-02-FANOUT-0100-W1,0.0,-1,0,no_movement
SCN-02-FANOUT-0100,fanout,train,SCN-02-FANOUT-0100-NORMAL_C,0,SCN-02-FANOUT-0100-W1,0.0,-1,0,no_movement
SCN-03-MULTIHOP-0001,multi_hop,train,SCN-03-MULTIHOP-0001-VICTIM,0,SCN-03-MULTIHOP-0001-W1,0.0,-1,0,no_movement
SCN-03-MULTIHOP-0001,multi_hop,train,SCN-03-MULTIHOP-0001-W1,1,SCN-03-MULTIHOP-0001-W1,2970.14,0,0,no_movement
SCN-03-MULTIHOP-0001,multi_hop,train,SCN-03-MULTIHOP-0001-W2,1,SCN-03-MULTIHOP-0001-W1,3181.66,1,0,no_movement
SCN-03-MULTIHOP-0001,multi_hop,train,SCN-03-MULTIHOP-0001-W3,1,SCN-03-MULTIHOP-0001-W1,32271.2,2,0,forward
SCN-03-MULTIHOP-0001,multi_hop,train,SCN-03-MULTIHOP-0001-W4,0,SCN-03-MULTIHOP-0001-W1,0.0,-1,0,no_movement
SCN-03-MULTIHOP-0001,multi_hop,train,SCN-03-MULTIHOP-0001-NORMAL_A,0,SCN-03-MULTIHOP-0001-W1,0.0,-1,0,no_movement
SCN-03-MULTIHOP-0001,multi_hop,train,SCN-03-MULTIHOP-0001-NORMAL_B,0,SCN-03-MULTIHOP-0001-W1,0.0,-1,0,no_movement
SCN-03-MULTIHOP-0001,multi_hop,train,SCN-03-MULTIHOP-0001-NORMAL_C,0,SCN-03-MULTIHOP-0001-W1,0.0,-1,0,no_movement
SCN-03-MULTIHOP-0002,multi_hop,train,SCN-03-MULTIHOP-0002-VICTIM,0,SCN-03-MULTIHOP-0002-W1,0.0,-1,0,no_movement
SCN-03-MULTIHOP-0002,multi_hop,train,SCN-03-MULTIHOP-0002-W1,1,SCN-03-MULTIHOP-0002-W1,3995.49,0,0,no_movement
SCN-03-MULTIHOP-0002,multi_hop,train,SCN-03-MULTIHOP-0002-W2,1,SCN-03-MULTIHOP-0002-W1,4175.73,1,0,no_movement
SCN-03-MULTIHOP-0002,multi_hop,train,SCN-03-MULTIHOP-0002-W3,1,SCN-03-MULTIHOP-0002-W1,43664.78,2,0,forward
SCN-03-MULTIHOP-0002,multi_hop,train,SCN-03-MULTIHOP-0002-W4,0,SCN-03-MULTIHOP-0002-W1,0.0,-1,0,no_movement
SCN-03-MULTIHOP-0002,multi_hop,train,SCN-03-MULTIHOP-0002-NORMAL_A,0,SCN-03-MULTIHOP-0002-W1,0.0,-1,0,no_movement
SCN-03-MULTIHOP-0002,multi_hop,train,SCN-03-MULTIHOP-0002-NORMAL_B,0,SCN-03-MULTIHOP-0002-W1,0.0,-1,0,no_movement
SCN-03-MULTIHOP-0002,multi_hop,train,SCN-03-MULTIHOP-0002-NORMAL_C,0,SCN-03-MULTIHOP-0002-W1,0.0,-1,0,no_movement
SCN-03-MULTIHOP-0003,multi_hop,test,SCN-03-MULTIHOP-0003-VICTIM,0,SCN-03-MULTIHOP-0003-W1,0.0,-1,0,no_movement
SCN-03-MULTIHOP-0003,multi_hop,test,SCN-03-MULTIHOP-0003-W1,1,SCN-03-MULTIHOP-0003-W1,2617.8,0,0,no_movement
SCN-03-MULTIHOP-0003,multi_hop,test,SCN-03-MULTIHOP-0003-W2,1,SCN-03-MULTIHOP-0003-W1,2770.97,1,0,no_movement
SCN-03-MULTIHOP-0003,multi_hop,test,SCN-03-MULTIHOP-0003-W3,1,SCN-03-MULTIHOP-0003-W1,28384.23,2,0,forward
SCN-03-MULTIHOP-0003,multi_hop,test,SCN-03-MULTIHOP-0003-W4,0,SCN-03-MULTIHOP-0003-W1,0.0,-1,0,no_movement
SCN-03-MULTIHOP-0003,multi_hop,test,SCN-03-MULTIHOP-0003-NORMAL_A,0,SCN-03-MULTIHOP-0003-W1,0.0,-1,0,no_movement
SCN-03-MULTIHOP-0003,multi_hop,test,SCN-03-MULTIHOP-0003-NORMAL_B,0,SCN-03-MULTIHOP-0003-W1,0.0,-1,0,no_movement
SCN-03-MULTIHOP-0003,multi_hop,test,SCN-03-MULTIHOP-0003-NORMAL_C,0,SCN-03-MULTIHOP-0003-W1,0.0,-1,0,no_movement
SCN-03-MULTIHOP-0004,multi_hop,train,SCN-03-MULTIHOP-0004-VICTIM,0,SCN-03-MULTIHOP-0004-W1,0.0,-1,0,no_movement
SCN-03-MULTIHOP-0004,multi_hop,train,SCN-03-MULTIHOP-0004-W1,1,SCN-03-MULTIHOP-0004-W1,4012.75,0,0,no_movement
SCN-03-MULTIHOP-0004,multi_hop,train,SCN-03-MULTIHOP-0004-W2,1,SCN-03-MULTIHOP-0004-W1,4143.64,1,0,no_movement
SCN-03-MULTIHOP-0004,multi_hop,train,SCN-03-MULTIHOP-0004-W3,1,SCN-03-MULTIHOP-0004-W1,43808.61,2,0,forward
SCN-03-MULTIHOP-0004,multi_hop,train,SCN-03-MULTIHOP-0004-W4,0,SCN-03-MULTIHOP-0004-W1,0.0,-1,0,no_movement
SCN-03-MULTIHOP-0004,multi_hop,train,SCN-03-MULTIHOP-0004-NORMAL_A,0,SCN-03-MULTIHOP-0004-W1,0.0,-1,0,no_movement
SCN-03-MULTIHOP-0004,multi_hop,train,SCN-03-MULTIHOP-0004-NORMAL_B,0,SCN-03-MULTIHOP-0004-W1,0.0,-1,0,no_movement
SCN-03-MULTIHOP-0004,multi_hop,train,SCN-03-MULTIHOP-0004-NORMAL_C,0,SCN-03-MULTIHOP-0004-W1,0.0,-1,0,no_movement
SCN-03-MULTIHOP-0005,multi_hop,validation,SCN-03-MULTIHOP-0005-VICTIM,0,SCN-03-MULTIHOP-0005-W1,0.0,-1,0,no_movement
SCN-03-MULTIHOP-0005,multi_hop,validation,SCN-03-MULTIHOP-0005-W1,1,SCN-03-MULTIHOP-0005-W1,2839.4,0,0,no_movement
SCN-03-MULTIHOP-0005,multi_hop,validation,SCN-03-MULTIHOP-0005-W2,1,SCN-03-MULTIHOP-0005-W1,3012.07,1,0,no_movement
SCN-03-MULTIHOP-0005,multi_hop,validation,SCN-03-MULTIHOP-0005-W3,1,SCN-03-MULTIHOP-0005-W1,31264.53,2,0,forward
SCN-03-MULTIHOP-0005,multi_hop,validation,SCN-03-MULTIHOP-0005-W4,0,SCN-03-MULTIHOP-0005-W1,0.0,-1,0,no_movement
SCN-03-MULTIHOP-0005,multi_hop,validation,SCN-03-MULTIHOP-0005-NORMAL_A,0,SCN-03-MULTIHOP-0005-W1,0.0,-1,0,no_movement
SCN-03-MULTIHOP-0005,multi_hop,validation,SCN-03-MULTIHOP-0005-NORMAL_B,0,SCN-03-MULTIHOP-0005-W1,0.0,-1,0,no_movement
SCN-03-MULTIHOP-0005,multi_hop,validation,SCN-03-MULTIHOP-0005-NORMAL_C,0,SCN-03-MULTIHOP-0005-W1,0.0,-1,0,no_movement
SCN-03-MULTIHOP-0006,multi_hop,train,SCN-03-MULTIHOP-0006-VICTIM,0,SCN-03-MULTIHOP-0006-W1,0.0,-1,0,no_movement
SCN-03-MULTIHOP-0006,multi_hop,train,SCN-03-MULTIHOP-0006-W1,1,SCN-03-MULTIHOP-0006-W1,3351.0,0,0,no_movement
SCN-03-MULTIHOP-0006,multi_hop,train,SCN-03-MULTIHOP-0006-W2,1,SCN-03-MULTIHOP-0006-W1,3461.01,1,0,no_movement
SCN-03-MULTIHOP-0006,multi_hop,train,SCN-03-MULTIHOP-0006-W3,1,SCN-03-MULTIHOP-0006-W1,36580.99,2,0,forward
SCN-03-MULTIHOP-0006,multi_hop,train,SCN-03-MULTIHOP-0006-W4,0,SCN-03-MULTIHOP-0006-W1,0.0,-1,0,no_movement
SCN-03-MULTIHOP-0006,multi_hop,train,SCN-03-MULTIHOP-0006-NORMAL_A,0,SCN-03-MULTIHOP-0006-W1,0.0,-1,0,no_movement
SCN-03-MULTIHOP-0006,multi_hop,train,SCN-03-MULTIHOP-0006-NORMAL_B,0,SCN-03-MULTIHOP-0006-W1,0.0,-1,0,no_movement
SCN-03-MULTIHOP-0006,multi_hop,train,SCN-03-MULTIHOP-0006-NORMAL_C,0,SCN-03-MULTIHOP-0006-W1,0.0,-1,0,no_movement
SCN-03-MULTIHOP-0007,multi_hop,test,SCN-03-MULTIHOP-0007-VICTIM,0,SCN-03-MULTIHOP-0007-W1,0.0,-1,0,no_movement
SCN-03-MULTIHOP-0007,multi_hop,test,SCN-03-MULTIHOP-0007-W1,1,SCN-03-MULTIHOP-0007-W1,3119.81,0,0,no_movement
SCN-03-MULTIHOP-0007,multi_hop,test,SCN-03-MULTIHOP-0007-W2,1,SCN-03-MULTIHOP-0007-W1,3343.45,1,0,no_movement
SCN-03-MULTIHOP-0007,multi_hop,test,SCN-03-MULTIHOP-0007-W3,1,SCN-03-MULTIHOP-0007-W1,33852.74,2,0,forward
SCN-03-MULTIHOP-0007,multi_hop,test,SCN-03-MULTIHOP-0007-W4,0,SCN-03-MULTIHOP-0007-W1,0.0,-1,0,no_movement
SCN-03-MULTIHOP-0007,multi_hop,test,SCN-03-MULTIHOP-0007-NORMAL_A,0,SCN-03-MULTIHOP-0007-W1,0.0,-1,0,no_movement
SCN-03-MULTIHOP-0007,multi_hop,test,SCN-03-MULTIHOP-0007-NORMAL_B,0,SCN-03-MULTIHOP-0007-W1,0.0,-1,0,no_movement
SCN-03-MULTIHOP-0007,multi_hop,test,SCN-03-MULTIHOP-0007-NORMAL_C,0,SCN-03-MULTIHOP-0007-W1,0.0,-1,0,no_movement
SCN-03-MULTIHOP-0008,multi_hop,train,SCN-03-MULTIHOP-0008-VICTIM,0,SCN-03-MULTIHOP-0008-W1,0.0,-1,0,no_movement
SCN-03-MULTIHOP-0008,multi_hop,train,SCN-03-MULTIHOP-0008-W1,1,SCN-03-MULTIHOP-0008-W1,2520.92,0,0,no_movement
SCN-03-MULTIHOP-0008,multi_hop,train,SCN-03-MULTIHOP-0008-W2,1,SCN-03-MULTIHOP-0008-W1,2634.29,1,0,no_movement
SCN-03-MULTIHOP-0008,multi_hop,train,SCN-03-MULTIHOP-0008-W3,1,SCN-03-MULTIHOP-0008-W1,27449.79,2,0,forward
SCN-03-MULTIHOP-0008,multi_hop,train,SCN-03-MULTIHOP-0008-W4,0,SCN-03-MULTIHOP-0008-W1,0.0,-1,0,no_movement
SCN-03-MULTIHOP-0008,multi_hop,train,SCN-03-MULTIHOP-0008-NORMAL_A,0,SCN-03-MULTIHOP-0008-W1,0.0,-1,0,no_movement
SCN-03-MULTIHOP-0008,multi_hop,train,SCN-03-MULTIHOP-0008-NORMAL_B,0,SCN-03-MULTIHOP-0008-W1,0.0,-1,0,no_movement
SCN-03-MULTIHOP-0008,multi_hop,train,SCN-03-MULTIHOP-0008-NORMAL_C,0,SCN-03-MULTIHOP-0008-W1,0.0,-1,0,no_movement
SCN-03-MULTIHOP-0009,multi_hop,train,SCN-03-MULTIHOP-0009-VICTIM,0,SCN-03-MULTIHOP-0009-W1,0.0,-1,0,no_movement
SCN-03-MULTIHOP-0009,multi_hop,train,SCN-03-MULTIHOP-0009-W1,1,SCN-03-MULTIHOP-0009-W1,3102.41,0,0,no_movement
SCN-03-MULTIHOP-0009,multi_hop,train,SCN-03-MULTIHOP-0009-W2,1,SCN-03-MULTIHOP-0009-W1,3326.61,1,0,no_movement
SCN-03-MULTIHOP-0009,multi_hop,train,SCN-03-MULTIHOP-0009-W3,1,SCN-03-MULTIHOP-0009-W1,34353.98,2,0,forward
SCN-03-MULTIHOP-0009,multi_hop,train,SCN-03-MULTIHOP-0009-W4,0,SCN-03-MULTIHOP-0009-W1,0.0,-1,0,no_movement
SCN-03-MULTIHOP-0009,multi_hop,train,SCN-03-MULTIHOP-0009-NORMAL_A,0,SCN-03-MULTIHOP-0009-W1,0.0,-1,0,no_movement
SCN-03-MULTIHOP-0009,multi_hop,train,SCN-03-MULTIHOP-0009-NORMAL_B,0,SCN-03-MULTIHOP-0009-W1,0.0,-1,0,no_movement
SCN-03-MULTIHOP-0009,multi_hop,train,SCN-03-MULTIHOP-0009-NORMAL_C,0,SCN-03-MULTIHOP-0009-W1,0.0,-1,0,no_movement
SCN-03-MULTIHOP-0010,multi_hop,train,SCN-03-MULTIHOP-0010-VICTIM,0,SCN-03-MULTIHOP-0010-W1,0.0,-1,0,no_movement
SCN-03-MULTIHOP-0010,multi_hop,train,SCN-03-MULTIHOP-0010-W1,1,SCN-03-MULTIHOP-0010-W1,3199.75,0,0,no_movement
SCN-03-MULTIHOP-0010,multi_hop,train,SCN-03-MULTIHOP-0010-W2,1,SCN-03-MULTIHOP-0010-W1,3430.48,1,0,no_movement
SCN-03-MULTIHOP-0010,multi_hop,train,SCN-03-MULTIHOP-0010-W3,1,SCN-03-MULTIHOP-0010-W1,35088.77,2,0,forward
SCN-03-MULTIHOP-0010,multi_hop,train,SCN-03-MULTIHOP-0010-W4,0,SCN-03-MULTIHOP-0010-W1,0.0,-1,0,no_movement
SCN-03-MULTIHOP-0010,multi_hop,train,SCN-03-MULTIHOP-0010-NORMAL_A,0,SCN-03-MULTIHOP-0010-W1,0.0,-1,0,no_movement
SCN-03-MULTIHOP-0010,multi_hop,train,SCN-03-MULTIHOP-0010-NORMAL_B,0,SCN-03-MULTIHOP-0010-W1,0.0,-1,0,no_movement
SCN-03-MULTIHOP-0010,multi_hop,train,SCN-03-MULTIHOP-0010-NORMAL_C,0,SCN-03-MULTIHOP-0010-W1,0.0,-1,0,no_movement
SCN-03-MULTIHOP-0011,multi_hop,test,SCN-03-MULTIHOP-0011-VICTIM,0,SCN-03-MULTIHOP-0011-W1,0.0,-1,0,no_movement
SCN-03-MULTIHOP-0011,multi_hop,test,SCN-03-MULTIHOP-0011-W1,1,SCN-03-MULTIHOP-0011-W1,2750.77,0,0,no_movement
SCN-03-MULTIHOP-0011,multi_hop,test,SCN-03-MULTIHOP-0011-W2,1,SCN-03-MULTIHOP-0011-W1,2865.43,1,0,no_movement
SCN-03-MULTIHOP-0011,multi_hop,test,SCN-03-MULTIHOP-0011-W3,1,SCN-03-MULTIHOP-0011-W1,30319.8,2,0,forward
SCN-03-MULTIHOP-0011,multi_hop,test,SCN-03-MULTIHOP-0011-W4,0,SCN-03-MULTIHOP-0011-W1,0.0,-1,0,no_movement
SCN-03-MULTIHOP-0011,multi_hop,test,SCN-03-MULTIHOP-0011-NORMAL_A,0,SCN-03-MULTIHOP-0011-W1,0.0,-1,0,no_movement
SCN-03-MULTIHOP-0011,multi_hop,test,SCN-03-MULTIHOP-0011-NORMAL_B,0,SCN-03-MULTIHOP-0011-W1,0.0,-1,0,no_movement
SCN-03-MULTIHOP-0011,multi_hop,test,SCN-03-MULTIHOP-0011-NORMAL_C,0,SCN-03-MULTIHOP-0011-W1,0.0,-1,0,no_movement
SCN-03-MULTIHOP-0012,multi_hop,train,SCN-03-MULTIHOP-0012-VICTIM,0,SCN-03-MULTIHOP-0012-W1,0.0,-1,0,no_movement
SCN-03-MULTIHOP-0012,multi_hop,train,SCN-03-MULTIHOP-0012-W1,1,SCN-03-MULTIHOP-0012-W1,3065.35,0,0,no_movement
SCN-03-MULTIHOP-0012,multi_hop,train,SCN-03-MULTIHOP-0012-W2,1,SCN-03-MULTIHOP-0012-W1,3278.39,1,0,no_movement
SCN-03-MULTIHOP-0012,multi_hop,train,SCN-03-MULTIHOP-0012-W3,1,SCN-03-MULTIHOP-0012-W1,33140.26,2,0,forward
SCN-03-MULTIHOP-0012,multi_hop,train,SCN-03-MULTIHOP-0012-W4,0,SCN-03-MULTIHOP-0012-W1,0.0,-1,0,no_movement
SCN-03-MULTIHOP-0012,multi_hop,train,SCN-03-MULTIHOP-0012-NORMAL_A,0,SCN-03-MULTIHOP-0012-W1,0.0,-1,0,no_movement
SCN-03-MULTIHOP-0012,multi_hop,train,SCN-03-MULTIHOP-0012-NORMAL_B,0,SCN-03-MULTIHOP-0012-W1,0.0,-1,0,no_movement
SCN-03-MULTIHOP-0012,multi_hop,train,SCN-03-MULTIHOP-0012-NORMAL_C,0,SCN-03-MULTIHOP-0012-W1,0.0,-1,0,no_movement
SCN-03-MULTIHOP-0013,multi_hop,train,SCN-03-MULTIHOP-0013-VICTIM,0,SCN-03-MULTIHOP-0013-W1,0.0,-1,0,no_movement
SCN-03-MULTIHOP-0013,multi_hop,train,SCN-03-MULTIHOP-0013-W1,1,SCN-03-MULTIHOP-0013-W1,2516.83,0,0,no_movement
SCN-03-MULTIHOP-0013,multi_hop,train,SCN-03-MULTIHOP-0013-W2,1,SCN-03-MULTIHOP-0013-W1,2657.55,1,0,no_movement
SCN-03-MULTIHOP-0013,multi_hop,train,SCN-03-MULTIHOP-0013-W3,1,SCN-03-MULTIHOP-0013-W1,27213.62,2,0,forward
SCN-03-MULTIHOP-0013,multi_hop,train,SCN-03-MULTIHOP-0013-W4,0,SCN-03-MULTIHOP-0013-W1,0.0,-1,0,no_movement
SCN-03-MULTIHOP-0013,multi_hop,train,SCN-03-MULTIHOP-0013-NORMAL_A,0,SCN-03-MULTIHOP-0013-W1,0.0,-1,0,no_movement
SCN-03-MULTIHOP-0013,multi_hop,train,SCN-03-MULTIHOP-0013-NORMAL_B,0,SCN-03-MULTIHOP-0013-W1,0.0,-1,0,no_movement
SCN-03-MULTIHOP-0013,multi_hop,train,SCN-03-MULTIHOP-0013-NORMAL_C,0,SCN-03-MULTIHOP-0013-W1,0.0,-1,0,no_movement
SCN-03-MULTIHOP-0014,multi_hop,train,SCN-03-MULTIHOP-0014-VICTIM,0,SCN-03-MULTIHOP-0014-W1,0.0,-1,0,no_movement
SCN-03-MULTIHOP-0014,multi_hop,train,SCN-03-MULTIHOP-0014-W1,1,SCN-03-MULTIHOP-0014-W1,3082.93,0,0,no_movement
SCN-03-MULTIHOP-0014,multi_hop,train,SCN-03-MULTIHOP-0014-W2,1,SCN-03-MULTIHOP-0014-W1,3347.14,1,0,no_movement
SCN-03-MULTIHOP-0014,multi_hop,train,SCN-03-MULTIHOP-0014-W3,1,SCN-03-MULTIHOP-0014-W1,33841.93,2,0,forward
SCN-03-MULTIHOP-0014,multi_hop,train,SCN-03-MULTIHOP-0014-W4,0,SCN-03-MULTIHOP-0014-W1,0.0,-1,0,no_movement
SCN-03-MULTIHOP-0014,multi_hop,train,SCN-03-MULTIHOP-0014-NORMAL_A,0,SCN-03-MULTIHOP-0014-W1,0.0,-1,0,no_movement
SCN-03-MULTIHOP-0014,multi_hop,train,SCN-03-MULTIHOP-0014-NORMAL_B,0,SCN-03-MULTIHOP-0014-W1,0.0,-1,0,no_movement
SCN-03-MULTIHOP-0014,multi_hop,train,SCN-03-MULTIHOP-0014-NORMAL_C,0,SCN-03-MULTIHOP-0014-W1,0.0,-1,0,no_movement
SCN-03-MULTIHOP-0015,multi_hop,train,SCN-03-MULTIHOP-0015-VICTIM,0,SCN-03-MULTIHOP-0015-W1,0.0,-1,0,no_movement
SCN-03-MULTIHOP-0015,multi_hop,train,SCN-03-MULTIHOP-0015-W1,1,SCN-03-MULTIHOP-0015-W1,3879.32,0,0,no_movement
SCN-03-MULTIHOP-0015,multi_hop,train,SCN-03-MULTIHOP-0015-W2,1,SCN-03-MULTIHOP-0015-W1,4178.0,1,0,no_movement
SCN-03-MULTIHOP-0015,multi_hop,train,SCN-03-MULTIHOP-0015-W3,1,SCN-03-MULTIHOP-0015-W1,42757.68,2,0,forward
SCN-03-MULTIHOP-0015,multi_hop,train,SCN-03-MULTIHOP-0015-W4,0,SCN-03-MULTIHOP-0015-W1,0.0,-1,0,no_movement
SCN-03-MULTIHOP-0015,multi_hop,train,SCN-03-MULTIHOP-0015-NORMAL_A,0,SCN-03-MULTIHOP-0015-W1,0.0,-1,0,no_movement
SCN-03-MULTIHOP-0015,multi_hop,train,SCN-03-MULTIHOP-0015-NORMAL_B,0,SCN-03-MULTIHOP-0015-W1,0.0,-1,0,no_movement
SCN-03-MULTIHOP-0015,multi_hop,train,SCN-03-MULTIHOP-0015-NORMAL_C,0,SCN-03-MULTIHOP-0015-W1,0.0,-1,0,no_movement
SCN-03-MULTIHOP-0016,multi_hop,train,SCN-03-MULTIHOP-0016-VICTIM,0,SCN-03-MULTIHOP-0016-W1,0.0,-1,0,no_movement
SCN-03-MULTIHOP-0016,multi_hop,train,SCN-03-MULTIHOP-0016-W1,1,SCN-03-MULTIHOP-0016-W1,2897.07,0,0,no_movement
SCN-03-MULTIHOP-0016,multi_hop,train,SCN-03-MULTIHOP-0016-W2,1,SCN-03-MULTIHOP-0016-W1,3112.72,1,0,no_movement
SCN-03-MULTIHOP-0016,multi_hop,train,SCN-03-MULTIHOP-0016-W3,1,SCN-03-MULTIHOP-0016-W1,32006.21,2,0,forward
SCN-03-MULTIHOP-0016,multi_hop,train,SCN-03-MULTIHOP-0016-W4,0,SCN-03-MULTIHOP-0016-W1,0.0,-1,0,no_movement
SCN-03-MULTIHOP-0016,multi_hop,train,SCN-03-MULTIHOP-0016-NORMAL_A,0,SCN-03-MULTIHOP-0016-W1,0.0,-1,0,no_movement
SCN-03-MULTIHOP-0016,multi_hop,train,SCN-03-MULTIHOP-0016-NORMAL_B,0,SCN-03-MULTIHOP-0016-W1,0.0,-1,0,no_movement
SCN-03-MULTIHOP-0016,multi_hop,train,SCN-03-MULTIHOP-0016-NORMAL_C,0,SCN-03-MULTIHOP-0016-W1,0.0,-1,0,no_movement
SCN-03-MULTIHOP-0017,multi_hop,train,SCN-03-MULTIHOP-0017-VICTIM,0,SCN-03-MULTIHOP-0017-W1,0.0,-1,0,no_movement
SCN-03-MULTIHOP-0017,multi_hop,train,SCN-03-MULTIHOP-0017-W1,1,SCN-03-MULTIHOP-0017-W1,3921.69,0,0,no_movement
SCN-03-MULTIHOP-0017,multi_hop,train,SCN-03-MULTIHOP-0017-W2,1,SCN-03-MULTIHOP-0017-W1,4195.9,1,0,no_movement
SCN-03-MULTIHOP-0017,multi_hop,train,SCN-03-MULTIHOP-0017-W3,1,SCN-03-MULTIHOP-0017-W1,42406.41,2,0,forward
SCN-03-MULTIHOP-0017,multi_hop,train,SCN-03-MULTIHOP-0017-W4,0,SCN-03-MULTIHOP-0017-W1,0.0,-1,0,no_movement
SCN-03-MULTIHOP-0017,multi_hop,train,SCN-03-MULTIHOP-0017-NORMAL_A,0,SCN-03-MULTIHOP-0017-W1,0.0,-1,0,no_movement
SCN-03-MULTIHOP-0017,multi_hop,train,SCN-03-MULTIHOP-0017-NORMAL_B,0,SCN-03-MULTIHOP-0017-W1,0.0,-1,0,no_movement
SCN-03-MULTIHOP-0017,multi_hop,train,SCN-03-MULTIHOP-0017-NORMAL_C,0,SCN-03-MULTIHOP-0017-W1,0.0,-1,0,no_movement
SCN-03-MULTIHOP-0018,multi_hop,train,SCN-03-MULTIHOP-0018-VICTIM,0,SCN-03-MULTIHOP-0018-W1,0.0,-1,0,no_movement
SCN-03-MULTIHOP-0018,multi_hop,train,SCN-03-MULTIHOP-0018-W1,1,SCN-03-MULTIHOP-0018-W1,2753.62,0,0,no_movement
SCN-03-MULTIHOP-0018,multi_hop,train,SCN-03-MULTIHOP-0018-W2,1,SCN-03-MULTIHOP-0018-W1,2865.68,1,0,no_movement
SCN-03-MULTIHOP-0018,multi_hop,train,SCN-03-MULTIHOP-0018-W3,1,SCN-03-MULTIHOP-0018-W1,30023.7,2,0,forward
SCN-03-MULTIHOP-0018,multi_hop,train,SCN-03-MULTIHOP-0018-W4,0,SCN-03-MULTIHOP-0018-W1,0.0,-1,0,no_movement
SCN-03-MULTIHOP-0018,multi_hop,train,SCN-03-MULTIHOP-0018-NORMAL_A,0,SCN-03-MULTIHOP-0018-W1,0.0,-1,0,no_movement
SCN-03-MULTIHOP-0018,multi_hop,train,SCN-03-MULTIHOP-0018-NORMAL_B,0,SCN-03-MULTIHOP-0018-W1,0.0,-1,0,no_movement
SCN-03-MULTIHOP-0018,multi_hop,train,SCN-03-MULTIHOP-0018-NORMAL_C,0,SCN-03-MULTIHOP-0018-W1,0.0,-1,0,no_movement
SCN-03-MULTIHOP-0019,multi_hop,train,SCN-03-MULTIHOP-0019-VICTIM,0,SCN-03-MULTIHOP-0019-W1,0.0,-1,0,no_movement
SCN-03-MULTIHOP-0019,multi_hop,train,SCN-03-MULTIHOP-0019-W1,1,SCN-03-MULTIHOP-0019-W1,3685.32,0,0,no_movement
SCN-03-MULTIHOP-0019,multi_hop,train,SCN-03-MULTIHOP-0019-W2,1,SCN-03-MULTIHOP-0019-W1,3881.56,1,0,no_movement
SCN-03-MULTIHOP-0019,multi_hop,train,SCN-03-MULTIHOP-0019-W3,1,SCN-03-MULTIHOP-0019-W1,39776.12,2,0,forward
SCN-03-MULTIHOP-0019,multi_hop,train,SCN-03-MULTIHOP-0019-W4,0,SCN-03-MULTIHOP-0019-W1,0.0,-1,0,no_movement
SCN-03-MULTIHOP-0019,multi_hop,train,SCN-03-MULTIHOP-0019-NORMAL_A,0,SCN-03-MULTIHOP-0019-W1,0.0,-1,0,no_movement
SCN-03-MULTIHOP-0019,multi_hop,train,SCN-03-MULTIHOP-0019-NORMAL_B,0,SCN-03-MULTIHOP-0019-W1,0.0,-1,0,no_movement
SCN-03-MULTIHOP-0019,multi_hop,train,SCN-03-MULTIHOP-0019-NORMAL_C,0,SCN-03-MULTIHOP-0019-W1,0.0,-1,0,no_movement
SCN-03-MULTIHOP-0020,multi_hop,train,SCN-03-MULTIHOP-0020-VICTIM,0,SCN-03-MULTIHOP-0020-W1,0.0,-1,0,no_movement
SCN-03-MULTIHOP-0020,multi_hop,train,SCN-03-MULTIHOP-0020-W1,1,SCN-03-MULTIHOP-0020-W1,3771.47,0,0,no_movement
SCN-03-MULTIHOP-0020,multi_hop,train,SCN-03-MULTIHOP-0020-W2,1,SCN-03-MULTIHOP-0020-W1,4053.11,1,0,no_movement
SCN-03-MULTIHOP-0020,multi_hop,train,SCN-03-MULTIHOP-0020-W3,1,SCN-03-MULTIHOP-0020-W1,41824.42,2,0,forward
SCN-03-MULTIHOP-0020,multi_hop,train,SCN-03-MULTIHOP-0020-W4,0,SCN-03-MULTIHOP-0020-W1,0.0,-1,0,no_movement
SCN-03-MULTIHOP-0020,multi_hop,train,SCN-03-MULTIHOP-0020-NORMAL_A,0,SCN-03-MULTIHOP-0020-W1,0.0,-1,0,no_movement
SCN-03-MULTIHOP-0020,multi_hop,train,SCN-03-MULTIHOP-0020-NORMAL_B,0,SCN-03-MULTIHOP-0020-W1,0.0,-1,0,no_movement
SCN-03-MULTIHOP-0020,multi_hop,train,SCN-03-MULTIHOP-0020-NORMAL_C,0,SCN-03-MULTIHOP-0020-W1,0.0,-1,0,no_movement
SCN-03-MULTIHOP-0021,multi_hop,train,SCN-03-MULTIHOP-0021-VICTIM,0,SCN-03-MULTIHOP-0021-W1,0.0,-1,0,no_movement
SCN-03-MULTIHOP-0021,multi_hop,train,SCN-03-MULTIHOP-0021-W1,1,SCN-03-MULTIHOP-0021-W1,2511.33,0,0,no_movement
SCN-03-MULTIHOP-0021,multi_hop,train,SCN-03-MULTIHOP-0021-W2,1,SCN-03-MULTIHOP-0021-W1,2611.05,1,0,no_movement
SCN-03-MULTIHOP-0021,multi_hop,train,SCN-03-MULTIHOP-0021-W3,1,SCN-03-MULTIHOP-0021-W1,27557.62,2,0,forward
SCN-03-MULTIHOP-0021,multi_hop,train,SCN-03-MULTIHOP-0021-W4,0,SCN-03-MULTIHOP-0021-W1,0.0,-1,0,no_movement
SCN-03-MULTIHOP-0021,multi_hop,train,SCN-03-MULTIHOP-0021-NORMAL_A,0,SCN-03-MULTIHOP-0021-W1,0.0,-1,0,no_movement
SCN-03-MULTIHOP-0021,multi_hop,train,SCN-03-MULTIHOP-0021-NORMAL_B,0,SCN-03-MULTIHOP-0021-W1,0.0,-1,0,no_movement
SCN-03-MULTIHOP-0021,multi_hop,train,SCN-03-MULTIHOP-0021-NORMAL_C,0,SCN-03-MULTIHOP-0021-W1,0.0,-1,0,no_movement
SCN-03-MULTIHOP-0022,multi_hop,test,SCN-03-MULTIHOP-0022-VICTIM,0,SCN-03-MULTIHOP-0022-W1,0.0,-1,0,no_movement
SCN-03-MULTIHOP-0022,multi_hop,test,SCN-03-MULTIHOP-0022-W1,1,SCN-03-MULTIHOP-0022-W1,3819.24,0,0,no_movement
SCN-03-MULTIHOP-0022,multi_hop,test,SCN-03-MULTIHOP-0022-W2,1,SCN-03-MULTIHOP-0022-W1,4052.38,1,0,no_movement
SCN-03-MULTIHOP-0022,multi_hop,test,SCN-03-MULTIHOP-0022-W3,1,SCN-03-MULTIHOP-0022-W1,41777.38,2,0,forward
SCN-03-MULTIHOP-0022,multi_hop,test,SCN-03-MULTIHOP-0022-W4,0,SCN-03-MULTIHOP-0022-W1,0.0,-1,0,no_movement
SCN-03-MULTIHOP-0022,multi_hop,test,SCN-03-MULTIHOP-0022-NORMAL_A,0,SCN-03-MULTIHOP-0022-W1,0.0,-1,0,no_movement
SCN-03-MULTIHOP-0022,multi_hop,test,SCN-03-MULTIHOP-0022-NORMAL_B,0,SCN-03-MULTIHOP-0022-W1,0.0,-1,0,no_movement
SCN-03-MULTIHOP-0022,multi_hop,test,SCN-03-MULTIHOP-0022-NORMAL_C,0,SCN-03-MULTIHOP-0022-W1,0.0,-1,0,no_movement
SCN-03-MULTIHOP-0023,multi_hop,train,SCN-03-MULTIHOP-0023-VICTIM,0,SCN-03-MULTIHOP-0023-W1,0.0,-1,0,no_movement
SCN-03-MULTIHOP-0023,multi_hop,train,SCN-03-MULTIHOP-0023-W1,1,SCN-03-MULTIHOP-0023-W1,3886.44,0,0,no_movement
SCN-03-MULTIHOP-0023,multi_hop,train,SCN-03-MULTIHOP-0023-W2,1,SCN-03-MULTIHOP-0023-W1,4075.44,1,0,no_movement
SCN-03-MULTIHOP-0023,multi_hop,train,SCN-03-MULTIHOP-0023-W3,1,SCN-03-MULTIHOP-0023-W1,42351.12,2,0,forward
SCN-03-MULTIHOP-0023,multi_hop,train,SCN-03-MULTIHOP-0023-W4,0,SCN-03-MULTIHOP-0023-W1,0.0,-1,0,no_movement
SCN-03-MULTIHOP-0023,multi_hop,train,SCN-03-MULTIHOP-0023-NORMAL_A,0,SCN-03-MULTIHOP-0023-W1,0.0,-1,0,no_movement
SCN-03-MULTIHOP-0023,multi_hop,train,SCN-03-MULTIHOP-0023-NORMAL_B,0,SCN-03-MULTIHOP-0023-W1,0.0,-1,0,no_movement
SCN-03-MULTIHOP-0023,multi_hop,train,SCN-03-MULTIHOP-0023-NORMAL_C,0,SCN-03-MULTIHOP-0023-W1,0.0,-1,0,no_movement
SCN-03-MULTIHOP-0024,multi_hop,train,SCN-03-MULTIHOP-0024-VICTIM,0,SCN-03-MULTIHOP-0024-W1,0.0,-1,0,no_movement
SCN-03-MULTIHOP-0024,multi_hop,train,SCN-03-MULTIHOP-0024-W1,1,SCN-03-MULTIHOP-0024-W1,2511.0,0,0,no_movement
SCN-03-MULTIHOP-0024,multi_hop,train,SCN-03-MULTIHOP-0024-W2,1,SCN-03-MULTIHOP-0024-W1,2713.87,1,0,no_movement
SCN-03-MULTIHOP-0024,multi_hop,train,SCN-03-MULTIHOP-0024-W3,1,SCN-03-MULTIHOP-0024-W1,27574.13,2,0,forward
SCN-03-MULTIHOP-0024,multi_hop,train,SCN-03-MULTIHOP-0024-W4,0,SCN-03-MULTIHOP-0024-W1,0.0,-1,0,no_movement
SCN-03-MULTIHOP-0024,multi_hop,train,SCN-03-MULTIHOP-0024-NORMAL_A,0,SCN-03-MULTIHOP-0024-W1,0.0,-1,0,no_movement
SCN-03-MULTIHOP-0024,multi_hop,train,SCN-03-MULTIHOP-0024-NORMAL_B,0,SCN-03-MULTIHOP-0024-W1,0.0,-1,0,no_movement
SCN-03-MULTIHOP-0024,multi_hop,train,SCN-03-MULTIHOP-0024-NORMAL_C,0,SCN-03-MULTIHOP-0024-W1,0.0,-1,0,no_movement
SCN-03-MULTIHOP-0025,multi_hop,test,SCN-03-MULTIHOP-0025-VICTIM,0,SCN-03-MULTIHOP-0025-W1,0.0,-1,0,no_movement
SCN-03-MULTIHOP-0025,multi_hop,test,SCN-03-MULTIHOP-0025-W1,1,SCN-03-MULTIHOP-0025-W1,2825.07,0,0,no_movement
SCN-03-MULTIHOP-0025,multi_hop,test,SCN-03-MULTIHOP-0025-W2,1,SCN-03-MULTIHOP-0025-W1,2948.52,1,0,no_movement
SCN-03-MULTIHOP-0025,multi_hop,test,SCN-03-MULTIHOP-0025-W3,1,SCN-03-MULTIHOP-0025-W1,30929.41,2,0,forward
SCN-03-MULTIHOP-0025,multi_hop,test,SCN-03-MULTIHOP-0025-W4,0,SCN-03-MULTIHOP-0025-W1,0.0,-1,0,no_movement
SCN-03-MULTIHOP-0025,multi_hop,test,SCN-03-MULTIHOP-0025-NORMAL_A,0,SCN-03-MULTIHOP-0025-W1,0.0,-1,0,no_movement
SCN-03-MULTIHOP-0025,multi_hop,test,SCN-03-MULTIHOP-0025-NORMAL_B,0,SCN-03-MULTIHOP-0025-W1,0.0,-1,0,no_movement
SCN-03-MULTIHOP-0025,multi_hop,test,SCN-03-MULTIHOP-0025-NORMAL_C,0,SCN-03-MULTIHOP-0025-W1,0.0,-1,0,no_movement
SCN-03-MULTIHOP-0026,multi_hop,train,SCN-03-MULTIHOP-0026-VICTIM,0,SCN-03-MULTIHOP-0026-W1,0.0,-1,0,no_movement
SCN-03-MULTIHOP-0026,multi_hop,train,SCN-03-MULTIHOP-0026-W1,1,SCN-03-MULTIHOP-0026-W1,3108.38,0,0,no_movement
SCN-03-MULTIHOP-0026,multi_hop,train,SCN-03-MULTIHOP-0026-W2,1,SCN-03-MULTIHOP-0026-W1,3301.01,1,0,no_movement
SCN-03-MULTIHOP-0026,multi_hop,train,SCN-03-MULTIHOP-0026-W3,1,SCN-03-MULTIHOP-0026-W1,33674.61,2,0,forward
SCN-03-MULTIHOP-0026,multi_hop,train,SCN-03-MULTIHOP-0026-W4,0,SCN-03-MULTIHOP-0026-W1,0.0,-1,0,no_movement
SCN-03-MULTIHOP-0026,multi_hop,train,SCN-03-MULTIHOP-0026-NORMAL_A,0,SCN-03-MULTIHOP-0026-W1,0.0,-1,0,no_movement
SCN-03-MULTIHOP-0026,multi_hop,train,SCN-03-MULTIHOP-0026-NORMAL_B,0,SCN-03-MULTIHOP-0026-W1,0.0,-1,0,no_movement
SCN-03-MULTIHOP-0026,multi_hop,train,SCN-03-MULTIHOP-0026-NORMAL_C,0,SCN-03-MULTIHOP-0026-W1,0.0,-1,0,no_movement
SCN-03-MULTIHOP-0027,multi_hop,train,SCN-03-MULTIHOP-0027-VICTIM,0,SCN-03-MULTIHOP-0027-W1,0.0,-1,0,no_movement
SCN-03-MULTIHOP-0027,multi_hop,train,SCN-03-MULTIHOP-0027-W1,1,SCN-03-MULTIHOP-0027-W1,3534.67,0,0,no_movement
SCN-03-MULTIHOP-0027,multi_hop,train,SCN-03-MULTIHOP-0027-W2,1,SCN-03-MULTIHOP-0027-W1,3818.62,1,0,no_movement
SCN-03-MULTIHOP-0027,multi_hop,train,SCN-03-MULTIHOP-0027-W3,1,SCN-03-MULTIHOP-0027-W1,38392.71,2,0,forward
SCN-03-MULTIHOP-0027,multi_hop,train,SCN-03-MULTIHOP-0027-W4,0,SCN-03-MULTIHOP-0027-W1,0.0,-1,0,no_movement
SCN-03-MULTIHOP-0027,multi_hop,train,SCN-03-MULTIHOP-0027-NORMAL_A,0,SCN-03-MULTIHOP-0027-W1,0.0,-1,0,no_movement
SCN-03-MULTIHOP-0027,multi_hop,train,SCN-03-MULTIHOP-0027-NORMAL_B,0,SCN-03-MULTIHOP-0027-W1,0.0,-1,0,no_movement
SCN-03-MULTIHOP-0027,multi_hop,train,SCN-03-MULTIHOP-0027-NORMAL_C,0,SCN-03-MULTIHOP-0027-W1,0.0,-1,0,no_movement
SCN-03-MULTIHOP-0028,multi_hop,test,SCN-03-MULTIHOP-0028-VICTIM,0,SCN-03-MULTIHOP-0028-W1,0.0,-1,0,no_movement
SCN-03-MULTIHOP-0028,multi_hop,test,SCN-03-MULTIHOP-0028-W1,1,SCN-03-MULTIHOP-0028-W1,3409.91,0,0,no_movement
SCN-03-MULTIHOP-0028,multi_hop,test,SCN-03-MULTIHOP-0028-W2,1,SCN-03-MULTIHOP-0028-W1,3610.19,1,0,no_movement
SCN-03-MULTIHOP-0028,multi_hop,test,SCN-03-MULTIHOP-0028-W3,1,SCN-03-MULTIHOP-0028-W1,36717.9,2,0,forward
SCN-03-MULTIHOP-0028,multi_hop,test,SCN-03-MULTIHOP-0028-W4,0,SCN-03-MULTIHOP-0028-W1,0.0,-1,0,no_movement
SCN-03-MULTIHOP-0028,multi_hop,test,SCN-03-MULTIHOP-0028-NORMAL_A,0,SCN-03-MULTIHOP-0028-W1,0.0,-1,0,no_movement
SCN-03-MULTIHOP-0028,multi_hop,test,SCN-03-MULTIHOP-0028-NORMAL_B,0,SCN-03-MULTIHOP-0028-W1,0.0,-1,0,no_movement
SCN-03-MULTIHOP-0028,multi_hop,test,SCN-03-MULTIHOP-0028-NORMAL_C,0,SCN-03-MULTIHOP-0028-W1,0.0,-1,0,no_movement
SCN-03-MULTIHOP-0029,multi_hop,validation,SCN-03-MULTIHOP-0029-VICTIM,0,SCN-03-MULTIHOP-0029-W1,0.0,-1,0,no_movement
SCN-03-MULTIHOP-0029,multi_hop,validation,SCN-03-MULTIHOP-0029-W1,1,SCN-03-MULTIHOP-0029-W1,3970.64,0,0,no_movement
SCN-03-MULTIHOP-0029,multi_hop,validation,SCN-03-MULTIHOP-0029-W2,1,SCN-03-MULTIHOP-0029-W1,4252.98,1,0,no_movement
SCN-03-MULTIHOP-0029,multi_hop,validation,SCN-03-MULTIHOP-0029-W3,1,SCN-03-MULTIHOP-0029-W1,42974.38,2,0,forward
SCN-03-MULTIHOP-0029,multi_hop,validation,SCN-03-MULTIHOP-0029-W4,0,SCN-03-MULTIHOP-0029-W1,0.0,-1,0,no_movement
SCN-03-MULTIHOP-0029,multi_hop,validation,SCN-03-MULTIHOP-0029-NORMAL_A,0,SCN-03-MULTIHOP-0029-W1,0.0,-1,0,no_movement
SCN-03-MULTIHOP-0029,multi_hop,validation,SCN-03-MULTIHOP-0029-NORMAL_B,0,SCN-03-MULTIHOP-0029-W1,0.0,-1,0,no_movement
SCN-03-MULTIHOP-0029,multi_hop,validation,SCN-03-MULTIHOP-0029-NORMAL_C,0,SCN-03-MULTIHOP-0029-W1,0.0,-1,0,no_movement
SCN-03-MULTIHOP-0030,multi_hop,train,SCN-03-MULTIHOP-0030-VICTIM,0,SCN-03-MULTIHOP-0030-W1,0.0,-1,0,no_movement
SCN-03-MULTIHOP-0030,multi_hop,train,SCN-03-MULTIHOP-0030-W1,1,SCN-03-MULTIHOP-0030-W1,3631.14,0,0,no_movement
SCN-03-MULTIHOP-0030,multi_hop,train,SCN-03-MULTIHOP-0030-W2,1,SCN-03-MULTIHOP-0030-W1,3828.97,1,0,no_movement
SCN-03-MULTIHOP-0030,multi_hop,train,SCN-03-MULTIHOP-0030-W3,1,SCN-03-MULTIHOP-0030-W1,39553.89,2,0,forward
SCN-03-MULTIHOP-0030,multi_hop,train,SCN-03-MULTIHOP-0030-W4,0,SCN-03-MULTIHOP-0030-W1,0.0,-1,0,no_movement
SCN-03-MULTIHOP-0030,multi_hop,train,SCN-03-MULTIHOP-0030-NORMAL_A,0,SCN-03-MULTIHOP-0030-W1,0.0,-1,0,no_movement
SCN-03-MULTIHOP-0030,multi_hop,train,SCN-03-MULTIHOP-0030-NORMAL_B,0,SCN-03-MULTIHOP-0030-W1,0.0,-1,0,no_movement
SCN-03-MULTIHOP-0030,multi_hop,train,SCN-03-MULTIHOP-0030-NORMAL_C,0,SCN-03-MULTIHOP-0030-W1,0.0,-1,0,no_movement
SCN-03-MULTIHOP-0031,multi_hop,train,SCN-03-MULTIHOP-0031-VICTIM,0,SCN-03-MULTIHOP-0031-W1,0.0,-1,0,no_movement
SCN-03-MULTIHOP-0031,multi_hop,train,SCN-03-MULTIHOP-0031-W1,1,SCN-03-MULTIHOP-0031-W1,2713.93,0,0,no_movement
SCN-03-MULTIHOP-0031,multi_hop,train,SCN-03-MULTIHOP-0031-W2,1,SCN-03-MULTIHOP-0031-W1,2844.5,1,0,no_movement
SCN-03-MULTIHOP-0031,multi_hop,train,SCN-03-MULTIHOP-0031-W3,1,SCN-03-MULTIHOP-0031-W1,29727.57,2,0,forward
SCN-03-MULTIHOP-0031,multi_hop,train,SCN-03-MULTIHOP-0031-W4,0,SCN-03-MULTIHOP-0031-W1,0.0,-1,0,no_movement
SCN-03-MULTIHOP-0031,multi_hop,train,SCN-03-MULTIHOP-0031-NORMAL_A,0,SCN-03-MULTIHOP-0031-W1,0.0,-1,0,no_movement
SCN-03-MULTIHOP-0031,multi_hop,train,SCN-03-MULTIHOP-0031-NORMAL_B,0,SCN-03-MULTIHOP-0031-W1,0.0,-1,0,no_movement
SCN-03-MULTIHOP-0031,multi_hop,train,SCN-03-MULTIHOP-0031-NORMAL_C,0,SCN-03-MULTIHOP-0031-W1,0.0,-1,0,no_movement
SCN-03-MULTIHOP-0032,multi_hop,validation,SCN-03-MULTIHOP-0032-VICTIM,0,SCN-03-MULTIHOP-0032-W1,0.0,-1,0,no_movement
SCN-03-MULTIHOP-0032,multi_hop,validation,SCN-03-MULTIHOP-0032-W1,1,SCN-03-MULTIHOP-0032-W1,3823.22,0,0,no_movement
SCN-03-MULTIHOP-0032,multi_hop,validation,SCN-03-MULTIHOP-0032-W2,1,SCN-03-MULTIHOP-0032-W1,4103.25,1,0,no_movement
SCN-03-MULTIHOP-0032,multi_hop,validation,SCN-03-MULTIHOP-0032-W3,1,SCN-03-MULTIHOP-0032-W1,41306.53,2,0,forward
SCN-03-MULTIHOP-0032,multi_hop,validation,SCN-03-MULTIHOP-0032-W4,0,SCN-03-MULTIHOP-0032-W1,0.0,-1,0,no_movement
SCN-03-MULTIHOP-0032,multi_hop,validation,SCN-03-MULTIHOP-0032-NORMAL_A,0,SCN-03-MULTIHOP-0032-W1,0.0,-1,0,no_movement
SCN-03-MULTIHOP-0032,multi_hop,validation,SCN-03-MULTIHOP-0032-NORMAL_B,0,SCN-03-MULTIHOP-0032-W1,0.0,-1,0,no_movement
SCN-03-MULTIHOP-0032,multi_hop,validation,SCN-03-MULTIHOP-0032-NORMAL_C,0,SCN-03-MULTIHOP-0032-W1,0.0,-1,0,no_movement
SCN-03-MULTIHOP-0033,multi_hop,train,SCN-03-MULTIHOP-0033-VICTIM,0,SCN-03-MULTIHOP-0033-W1,0.0,-1,0,no_movement
SCN-03-MULTIHOP-0033,multi_hop,train,SCN-03-MULTIHOP-0033-W1,1,SCN-03-MULTIHOP-0033-W1,3625.34,0,0,no_movement
SCN-03-MULTIHOP-0033,multi_hop,train,SCN-03-MULTIHOP-0033-W2,1,SCN-03-MULTIHOP-0033-W1,3962.74,1,0,no_movement
SCN-03-MULTIHOP-0033,multi_hop,train,SCN-03-MULTIHOP-0033-W3,1,SCN-03-MULTIHOP-0033-W1,40003.92,2,0,forward
SCN-03-MULTIHOP-0033,multi_hop,train,SCN-03-MULTIHOP-0033-W4,0,SCN-03-MULTIHOP-0033-W1,0.0,-1,0,no_movement
SCN-03-MULTIHOP-0033,multi_hop,train,SCN-03-MULTIHOP-0033-NORMAL_A,0,SCN-03-MULTIHOP-0033-W1,0.0,-1,0,no_movement
SCN-03-MULTIHOP-0033,multi_hop,train,SCN-03-MULTIHOP-0033-NORMAL_B,0,SCN-03-MULTIHOP-0033-W1,0.0,-1,0,no_movement
SCN-03-MULTIHOP-0033,multi_hop,train,SCN-03-MULTIHOP-0033-NORMAL_C,0,SCN-03-MULTIHOP-0033-W1,0.0,-1,0,no_movement
SCN-03-MULTIHOP-0034,multi_hop,train,SCN-03-MULTIHOP-0034-VICTIM,0,SCN-03-MULTIHOP-0034-W1,0.0,-1,0,no_movement
SCN-03-MULTIHOP-0034,multi_hop,train,SCN-03-MULTIHOP-0034-W1,1,SCN-03-MULTIHOP-0034-W1,2703.77,0,0,no_movement
SCN-03-MULTIHOP-0034,multi_hop,train,SCN-03-MULTIHOP-0034-W2,1,SCN-03-MULTIHOP-0034-W1,2820.42,1,0,no_movement
SCN-03-MULTIHOP-0034,multi_hop,train,SCN-03-MULTIHOP-0034-W3,1,SCN-03-MULTIHOP-0034-W1,29451.81,2,0,forward
SCN-03-MULTIHOP-0034,multi_hop,train,SCN-03-MULTIHOP-0034-W4,0,SCN-03-MULTIHOP-0034-W1,0.0,-1,0,no_movement
SCN-03-MULTIHOP-0034,multi_hop,train,SCN-03-MULTIHOP-0034-NORMAL_A,0,SCN-03-MULTIHOP-0034-W1,0.0,-1,0,no_movement
SCN-03-MULTIHOP-0034,multi_hop,train,SCN-03-MULTIHOP-0034-NORMAL_B,0,SCN-03-MULTIHOP-0034-W1,0.0,-1,0,no_movement
SCN-03-MULTIHOP-0034,multi_hop,train,SCN-03-MULTIHOP-0034-NORMAL_C,0,SCN-03-MULTIHOP-0034-W1,0.0,-1,0,no_movement
SCN-03-MULTIHOP-0035,multi_hop,train,SCN-03-MULTIHOP-0035-VICTIM,0,SCN-03-MULTIHOP-0035-W1,0.0,-1,0,no_movement
SCN-03-MULTIHOP-0035,multi_hop,train,SCN-03-MULTIHOP-0035-W1,1,SCN-03-MULTIHOP-0035-W1,3613.11,0,0,no_movement
SCN-03-MULTIHOP-0035,multi_hop,train,SCN-03-MULTIHOP-0035-W2,1,SCN-03-MULTIHOP-0035-W1,3925.5,1,0,no_movement
SCN-03-MULTIHOP-0035,multi_hop,train,SCN-03-MULTIHOP-0035-W3,1,SCN-03-MULTIHOP-0035-W1,39680.39,2,0,forward
SCN-03-MULTIHOP-0035,multi_hop,train,SCN-03-MULTIHOP-0035-W4,0,SCN-03-MULTIHOP-0035-W1,0.0,-1,0,no_movement
SCN-03-MULTIHOP-0035,multi_hop,train,SCN-03-MULTIHOP-0035-NORMAL_A,0,SCN-03-MULTIHOP-0035-W1,0.0,-1,0,no_movement
SCN-03-MULTIHOP-0035,multi_hop,train,SCN-03-MULTIHOP-0035-NORMAL_B,0,SCN-03-MULTIHOP-0035-W1,0.0,-1,0,no_movement
SCN-03-MULTIHOP-0035,multi_hop,train,SCN-03-MULTIHOP-0035-NORMAL_C,0,SCN-03-MULTIHOP-0035-W1,0.0,-1,0,no_movement
SCN-03-MULTIHOP-0036,multi_hop,train,SCN-03-MULTIHOP-0036-VICTIM,0,SCN-03-MULTIHOP-0036-W1,0.0,-1,0,no_movement
SCN-03-MULTIHOP-0036,multi_hop,train,SCN-03-MULTIHOP-0036-W1,1,SCN-03-MULTIHOP-0036-W1,3014.33,0,0,no_movement
SCN-03-MULTIHOP-0036,multi_hop,train,SCN-03-MULTIHOP-0036-W2,1,SCN-03-MULTIHOP-0036-W1,3172.09,1,0,no_movement
SCN-03-MULTIHOP-0036,multi_hop,train,SCN-03-MULTIHOP-0036-W3,1,SCN-03-MULTIHOP-0036-W1,33038.58,2,0,forward
SCN-03-MULTIHOP-0036,multi_hop,train,SCN-03-MULTIHOP-0036-W4,0,SCN-03-MULTIHOP-0036-W1,0.0,-1,0,no_movement
SCN-03-MULTIHOP-0036,multi_hop,train,SCN-03-MULTIHOP-0036-NORMAL_A,0,SCN-03-MULTIHOP-0036-W1,0.0,-1,0,no_movement
SCN-03-MULTIHOP-0036,multi_hop,train,SCN-03-MULTIHOP-0036-NORMAL_B,0,SCN-03-MULTIHOP-0036-W1,0.0,-1,0,no_movement
SCN-03-MULTIHOP-0036,multi_hop,train,SCN-03-MULTIHOP-0036-NORMAL_C,0,SCN-03-MULTIHOP-0036-W1,0.0,-1,0,no_movement
SCN-03-MULTIHOP-0037,multi_hop,validation,SCN-03-MULTIHOP-0037-VICTIM,0,SCN-03-MULTIHOP-0037-W1,0.0,-1,0,no_movement
SCN-03-MULTIHOP-0037,multi_hop,validation,SCN-03-MULTIHOP-0037-W1,1,SCN-03-MULTIHOP-0037-W1,3943.9,0,0,no_movement
SCN-03-MULTIHOP-0037,multi_hop,validation,SCN-03-MULTIHOP-0037-W2,1,SCN-03-MULTIHOP-0037-W1,4184.14,1,0,no_movement
SCN-03-MULTIHOP-0037,multi_hop,validation,SCN-03-MULTIHOP-0037-W3,1,SCN-03-MULTIHOP-0037-W1,43663.96,2,0,forward
SCN-03-MULTIHOP-0037,multi_hop,validation,SCN-03-MULTIHOP-0037-W4,0,SCN-03-MULTIHOP-0037-W1,0.0,-1,0,no_movement
SCN-03-MULTIHOP-0037,multi_hop,validation,SCN-03-MULTIHOP-0037-NORMAL_A,0,SCN-03-MULTIHOP-0037-W1,0.0,-1,0,no_movement
SCN-03-MULTIHOP-0037,multi_hop,validation,SCN-03-MULTIHOP-0037-NORMAL_B,0,SCN-03-MULTIHOP-0037-W1,0.0,-1,0,no_movement
SCN-03-MULTIHOP-0037,multi_hop,validation,SCN-03-MULTIHOP-0037-NORMAL_C,0,SCN-03-MULTIHOP-0037-W1,0.0,-1,0,no_movement
SCN-03-MULTIHOP-0038,multi_hop,train,SCN-03-MULTIHOP-0038-VICTIM,0,SCN-03-MULTIHOP-0038-W1,0.0,-1,0,no_movement
SCN-03-MULTIHOP-0038,multi_hop,train,SCN-03-MULTIHOP-0038-W1,1,SCN-03-MULTIHOP-0038-W1,3351.25,0,0,no_movement
SCN-03-MULTIHOP-0038,multi_hop,train,SCN-03-MULTIHOP-0038-W2,1,SCN-03-MULTIHOP-0038-W1,3486.24,1,0,no_movement
SCN-03-MULTIHOP-0038,multi_hop,train,SCN-03-MULTIHOP-0038-W3,1,SCN-03-MULTIHOP-0038-W1,36307.51,2,0,forward
SCN-03-MULTIHOP-0038,multi_hop,train,SCN-03-MULTIHOP-0038-W4,0,SCN-03-MULTIHOP-0038-W1,0.0,-1,0,no_movement
SCN-03-MULTIHOP-0038,multi_hop,train,SCN-03-MULTIHOP-0038-NORMAL_A,0,SCN-03-MULTIHOP-0038-W1,0.0,-1,0,no_movement
SCN-03-MULTIHOP-0038,multi_hop,train,SCN-03-MULTIHOP-0038-NORMAL_B,0,SCN-03-MULTIHOP-0038-W1,0.0,-1,0,no_movement
SCN-03-MULTIHOP-0038,multi_hop,train,SCN-03-MULTIHOP-0038-NORMAL_C,0,SCN-03-MULTIHOP-0038-W1,0.0,-1,0,no_movement
SCN-03-MULTIHOP-0039,multi_hop,validation,SCN-03-MULTIHOP-0039-VICTIM,0,SCN-03-MULTIHOP-0039-W1,0.0,-1,0,no_movement
SCN-03-MULTIHOP-0039,multi_hop,validation,SCN-03-MULTIHOP-0039-W1,1,SCN-03-MULTIHOP-0039-W1,3934.43,0,0,no_movement
SCN-03-MULTIHOP-0039,multi_hop,validation,SCN-03-MULTIHOP-0039-W2,1,SCN-03-MULTIHOP-0039-W1,4065.89,1,0,no_movement
SCN-03-MULTIHOP-0039,multi_hop,validation,SCN-03-MULTIHOP-0039-W3,1,SCN-03-MULTIHOP-0039-W1,42510.68,2,0,forward
SCN-03-MULTIHOP-0039,multi_hop,validation,SCN-03-MULTIHOP-0039-W4,0,SCN-03-MULTIHOP-0039-W1,0.0,-1,0,no_movement
SCN-03-MULTIHOP-0039,multi_hop,validation,SCN-03-MULTIHOP-0039-NORMAL_A,0,SCN-03-MULTIHOP-0039-W1,0.0,-1,0,no_movement
SCN-03-MULTIHOP-0039,multi_hop,validation,SCN-03-MULTIHOP-0039-NORMAL_B,0,SCN-03-MULTIHOP-0039-W1,0.0,-1,0,no_movement
SCN-03-MULTIHOP-0039,multi_hop,validation,SCN-03-MULTIHOP-0039-NORMAL_C,0,SCN-03-MULTIHOP-0039-W1,0.0,-1,0,no_movement
SCN-03-MULTIHOP-0040,multi_hop,train,SCN-03-MULTIHOP-0040-VICTIM,0,SCN-03-MULTIHOP-0040-W1,0.0,-1,0,no_movement
SCN-03-MULTIHOP-0040,multi_hop,train,SCN-03-MULTIHOP-0040-W1,1,SCN-03-MULTIHOP-0040-W1,2447.95,0,0,no_movement
SCN-03-MULTIHOP-0040,multi_hop,train,SCN-03-MULTIHOP-0040-W2,1,SCN-03-MULTIHOP-0040-W1,2691.12,1,0,no_movement
SCN-03-MULTIHOP-0040,multi_hop,train,SCN-03-MULTIHOP-0040-W3,1,SCN-03-MULTIHOP-0040-W1,26920.93,2,0,forward
SCN-03-MULTIHOP-0040,multi_hop,train,SCN-03-MULTIHOP-0040-W4,0,SCN-03-MULTIHOP-0040-W1,0.0,-1,0,no_movement
SCN-03-MULTIHOP-0040,multi_hop,train,SCN-03-MULTIHOP-0040-NORMAL_A,0,SCN-03-MULTIHOP-0040-W1,0.0,-1,0,no_movement
SCN-03-MULTIHOP-0040,multi_hop,train,SCN-03-MULTIHOP-0040-NORMAL_B,0,SCN-03-MULTIHOP-0040-W1,0.0,-1,0,no_movement
SCN-03-MULTIHOP-0040,multi_hop,train,SCN-03-MULTIHOP-0040-NORMAL_C,0,SCN-03-MULTIHOP-0040-W1,0.0,-1,0,no_movement
SCN-03-MULTIHOP-0041,multi_hop,test,SCN-03-MULTIHOP-0041-VICTIM,0,SCN-03-MULTIHOP-0041-W1,0.0,-1,0,no_movement
SCN-03-MULTIHOP-0041,multi_hop,test,SCN-03-MULTIHOP-0041-W1,1,SCN-03-MULTIHOP-0041-W1,3958.72,0,0,no_movement
SCN-03-MULTIHOP-0041,multi_hop,test,SCN-03-MULTIHOP-0041-W2,1,SCN-03-MULTIHOP-0041-W1,4093.61,1,0,no_movement
SCN-03-MULTIHOP-0041,multi_hop,test,SCN-03-MULTIHOP-0041-W3,1,SCN-03-MULTIHOP-0041-W1,42994.67,2,0,forward
SCN-03-MULTIHOP-0041,multi_hop,test,SCN-03-MULTIHOP-0041-W4,0,SCN-03-MULTIHOP-0041-W1,0.0,-1,0,no_movement
SCN-03-MULTIHOP-0041,multi_hop,test,SCN-03-MULTIHOP-0041-NORMAL_A,0,SCN-03-MULTIHOP-0041-W1,0.0,-1,0,no_movement
SCN-03-MULTIHOP-0041,multi_hop,test,SCN-03-MULTIHOP-0041-NORMAL_B,0,SCN-03-MULTIHOP-0041-W1,0.0,-1,0,no_movement
SCN-03-MULTIHOP-0041,multi_hop,test,SCN-03-MULTIHOP-0041-NORMAL_C,0,SCN-03-MULTIHOP-0041-W1,0.0,-1,0,no_movement
SCN-03-MULTIHOP-0042,multi_hop,validation,SCN-03-MULTIHOP-0042-VICTIM,0,SCN-03-MULTIHOP-0042-W1,0.0,-1,0,no_movement
SCN-03-MULTIHOP-0042,multi_hop,validation,SCN-03-MULTIHOP-0042-W1,1,SCN-03-MULTIHOP-0042-W1,3543.34,0,0,no_movement
SCN-03-MULTIHOP-0042,multi_hop,validation,SCN-03-MULTIHOP-0042-W2,1,SCN-03-MULTIHOP-0042-W1,3674.59,1,0,no_movement
SCN-03-MULTIHOP-0042,multi_hop,validation,SCN-03-MULTIHOP-0042-W3,1,SCN-03-MULTIHOP-0042-W1,38900.07,2,0,forward
SCN-03-MULTIHOP-0042,multi_hop,validation,SCN-03-MULTIHOP-0042-W4,0,SCN-03-MULTIHOP-0042-W1,0.0,-1,0,no_movement
SCN-03-MULTIHOP-0042,multi_hop,validation,SCN-03-MULTIHOP-0042-NORMAL_A,0,SCN-03-MULTIHOP-0042-W1,0.0,-1,0,no_movement
SCN-03-MULTIHOP-0042,multi_hop,validation,SCN-03-MULTIHOP-0042-NORMAL_B,0,SCN-03-MULTIHOP-0042-W1,0.0,-1,0,no_movement
SCN-03-MULTIHOP-0042,multi_hop,validation,SCN-03-MULTIHOP-0042-NORMAL_C,0,SCN-03-MULTIHOP-0042-W1,0.0,-1,0,no_movement
SCN-03-MULTIHOP-0043,multi_hop,train,SCN-03-MULTIHOP-0043-VICTIM,0,SCN-03-MULTIHOP-0043-W1,0.0,-1,0,no_movement
SCN-03-MULTIHOP-0043,multi_hop,train,SCN-03-MULTIHOP-0043-W1,1,SCN-03-MULTIHOP-0043-W1,3774.3,0,0,no_movement
SCN-03-MULTIHOP-0043,multi_hop,train,SCN-03-MULTIHOP-0043-W2,1,SCN-03-MULTIHOP-0043-W1,3929.56,1,0,no_movement
SCN-03-MULTIHOP-0043,multi_hop,train,SCN-03-MULTIHOP-0043-W3,1,SCN-03-MULTIHOP-0043-W1,41330.14,2,0,forward
SCN-03-MULTIHOP-0043,multi_hop,train,SCN-03-MULTIHOP-0043-W4,0,SCN-03-MULTIHOP-0043-W1,0.0,-1,0,no_movement
SCN-03-MULTIHOP-0043,multi_hop,train,SCN-03-MULTIHOP-0043-NORMAL_A,0,SCN-03-MULTIHOP-0043-W1,0.0,-1,0,no_movement
SCN-03-MULTIHOP-0043,multi_hop,train,SCN-03-MULTIHOP-0043-NORMAL_B,0,SCN-03-MULTIHOP-0043-W1,0.0,-1,0,no_movement
SCN-03-MULTIHOP-0043,multi_hop,train,SCN-03-MULTIHOP-0043-NORMAL_C,0,SCN-03-MULTIHOP-0043-W1,0.0,-1,0,no_movement
SCN-03-MULTIHOP-0044,multi_hop,train,SCN-03-MULTIHOP-0044-VICTIM,0,SCN-03-MULTIHOP-0044-W1,0.0,-1,0,no_movement
SCN-03-MULTIHOP-0044,multi_hop,train,SCN-03-MULTIHOP-0044-W1,1,SCN-03-MULTIHOP-0044-W1,2497.41,0,0,no_movement
SCN-03-MULTIHOP-0044,multi_hop,train,SCN-03-MULTIHOP-0044-W2,1,SCN-03-MULTIHOP-0044-W1,2605.38,1,0,no_movement
SCN-03-MULTIHOP-0044,multi_hop,train,SCN-03-MULTIHOP-0044-W3,1,SCN-03-MULTIHOP-0044-W1,27400.21,2,0,forward
SCN-03-MULTIHOP-0044,multi_hop,train,SCN-03-MULTIHOP-0044-W4,0,SCN-03-MULTIHOP-0044-W1,0.0,-1,0,no_movement
SCN-03-MULTIHOP-0044,multi_hop,train,SCN-03-MULTIHOP-0044-NORMAL_A,0,SCN-03-MULTIHOP-0044-W1,0.0,-1,0,no_movement
SCN-03-MULTIHOP-0044,multi_hop,train,SCN-03-MULTIHOP-0044-NORMAL_B,0,SCN-03-MULTIHOP-0044-W1,0.0,-1,0,no_movement
SCN-03-MULTIHOP-0044,multi_hop,train,SCN-03-MULTIHOP-0044-NORMAL_C,0,SCN-03-MULTIHOP-0044-W1,0.0,-1,0,no_movement
SCN-03-MULTIHOP-0045,multi_hop,train,SCN-03-MULTIHOP-0045-VICTIM,0,SCN-03-MULTIHOP-0045-W1,0.0,-1,0,no_movement
SCN-03-MULTIHOP-0045,multi_hop,train,SCN-03-MULTIHOP-0045-W1,1,SCN-03-MULTIHOP-0045-W1,2425.59,0,0,no_movement
SCN-03-MULTIHOP-0045,multi_hop,train,SCN-03-MULTIHOP-0045-W2,1,SCN-03-MULTIHOP-0045-W1,2596.24,1,0,no_movement
SCN-03-MULTIHOP-0045,multi_hop,train,SCN-03-MULTIHOP-0045-W3,1,SCN-03-MULTIHOP-0045-W1,26823.17,2,0,forward
SCN-03-MULTIHOP-0045,multi_hop,train,SCN-03-MULTIHOP-0045-W4,0,SCN-03-MULTIHOP-0045-W1,0.0,-1,0,no_movement
SCN-03-MULTIHOP-0045,multi_hop,train,SCN-03-MULTIHOP-0045-NORMAL_A,0,SCN-03-MULTIHOP-0045-W1,0.0,-1,0,no_movement
SCN-03-MULTIHOP-0045,multi_hop,train,SCN-03-MULTIHOP-0045-NORMAL_B,0,SCN-03-MULTIHOP-0045-W1,0.0,-1,0,no_movement
SCN-03-MULTIHOP-0045,multi_hop,train,SCN-03-MULTIHOP-0045-NORMAL_C,0,SCN-03-MULTIHOP-0045-W1,0.0,-1,0,no_movement
SCN-03-MULTIHOP-0046,multi_hop,train,SCN-03-MULTIHOP-0046-VICTIM,0,SCN-03-MULTIHOP-0046-W1,0.0,-1,0,no_movement
SCN-03-MULTIHOP-0046,multi_hop,train,SCN-03-MULTIHOP-0046-W1,1,SCN-03-MULTIHOP-0046-W1,3137.79,0,0,no_movement
SCN-03-MULTIHOP-0046,multi_hop,train,SCN-03-MULTIHOP-0046-W2,1,SCN-03-MULTIHOP-0046-W1,3213.95,1,0,no_movement
SCN-03-MULTIHOP-0046,multi_hop,train,SCN-03-MULTIHOP-0046-W3,1,SCN-03-MULTIHOP-0046-W1,33896.26,2,0,forward
SCN-03-MULTIHOP-0046,multi_hop,train,SCN-03-MULTIHOP-0046-W4,0,SCN-03-MULTIHOP-0046-W1,0.0,-1,0,no_movement
SCN-03-MULTIHOP-0046,multi_hop,train,SCN-03-MULTIHOP-0046-NORMAL_A,0,SCN-03-MULTIHOP-0046-W1,0.0,-1,0,no_movement
SCN-03-MULTIHOP-0046,multi_hop,train,SCN-03-MULTIHOP-0046-NORMAL_B,0,SCN-03-MULTIHOP-0046-W1,0.0,-1,0,no_movement
SCN-03-MULTIHOP-0046,multi_hop,train,SCN-03-MULTIHOP-0046-NORMAL_C,0,SCN-03-MULTIHOP-0046-W1,0.0,-1,0,no_movement
SCN-03-MULTIHOP-0047,multi_hop,train,SCN-03-MULTIHOP-0047-VICTIM,0,SCN-03-MULTIHOP-0047-W1,0.0,-1,0,no_movement
SCN-03-MULTIHOP-0047,multi_hop,train,SCN-03-MULTIHOP-0047-W1,1,SCN-03-MULTIHOP-0047-W1,4016.41,0,0,no_movement
SCN-03-MULTIHOP-0047,multi_hop,train,SCN-03-MULTIHOP-0047-W2,1,SCN-03-MULTIHOP-0047-W1,4304.18,1,0,no_movement
SCN-03-MULTIHOP-0047,multi_hop,train,SCN-03-MULTIHOP-0047-W3,1,SCN-03-MULTIHOP-0047-W1,43934.41,2,0,forward
SCN-03-MULTIHOP-0047,multi_hop,train,SCN-03-MULTIHOP-0047-W4,0,SCN-03-MULTIHOP-0047-W1,0.0,-1,0,no_movement
SCN-03-MULTIHOP-0047,multi_hop,train,SCN-03-MULTIHOP-0047-NORMAL_A,0,SCN-03-MULTIHOP-0047-W1,0.0,-1,0,no_movement
SCN-03-MULTIHOP-0047,multi_hop,train,SCN-03-MULTIHOP-0047-NORMAL_B,0,SCN-03-MULTIHOP-0047-W1,0.0,-1,0,no_movement
SCN-03-MULTIHOP-0047,multi_hop,train,SCN-03-MULTIHOP-0047-NORMAL_C,0,SCN-03-MULTIHOP-0047-W1,0.0,-1,0,no_movement
SCN-03-MULTIHOP-0048,multi_hop,test,SCN-03-MULTIHOP-0048-VICTIM,0,SCN-03-MULTIHOP-0048-W1,0.0,-1,0,no_movement
SCN-03-MULTIHOP-0048,multi_hop,test,SCN-03-MULTIHOP-0048-W1,1,SCN-03-MULTIHOP-0048-W1,2464.98,0,0,no_movement
SCN-03-MULTIHOP-0048,multi_hop,test,SCN-03-MULTIHOP-0048-W2,1,SCN-03-MULTIHOP-0048-W1,2621.36,1,0,no_movement
SCN-03-MULTIHOP-0048,multi_hop,test,SCN-03-MULTIHOP-0048-W3,1,SCN-03-MULTIHOP-0048-W1,26754.66,2,0,forward
SCN-03-MULTIHOP-0048,multi_hop,test,SCN-03-MULTIHOP-0048-W4,0,SCN-03-MULTIHOP-0048-W1,0.0,-1,0,no_movement
SCN-03-MULTIHOP-0048,multi_hop,test,SCN-03-MULTIHOP-0048-NORMAL_A,0,SCN-03-MULTIHOP-0048-W1,0.0,-1,0,no_movement
SCN-03-MULTIHOP-0048,multi_hop,test,SCN-03-MULTIHOP-0048-NORMAL_B,0,SCN-03-MULTIHOP-0048-W1,0.0,-1,0,no_movement
SCN-03-MULTIHOP-0048,multi_hop,test,SCN-03-MULTIHOP-0048-NORMAL_C,0,SCN-03-MULTIHOP-0048-W1,0.0,-1,0,no_movement
SCN-03-MULTIHOP-0049,multi_hop,train,SCN-03-MULTIHOP-0049-VICTIM,0,SCN-03-MULTIHOP-0049-W1,0.0,-1,0,no_movement
SCN-03-MULTIHOP-0049,multi_hop,train,SCN-03-MULTIHOP-0049-W1,1,SCN-03-MULTIHOP-0049-W1,2986.98,0,0,no_movement
SCN-03-MULTIHOP-0049,multi_hop,train,SCN-03-MULTIHOP-0049-W2,1,SCN-03-MULTIHOP-0049-W1,3092.51,1,0,no_movement
SCN-03-MULTIHOP-0049,multi_hop,train,SCN-03-MULTIHOP-0049-W3,1,SCN-03-MULTIHOP-0049-W1,32403.51,2,0,forward
SCN-03-MULTIHOP-0049,multi_hop,train,SCN-03-MULTIHOP-0049-W4,0,SCN-03-MULTIHOP-0049-W1,0.0,-1,0,no_movement
SCN-03-MULTIHOP-0049,multi_hop,train,SCN-03-MULTIHOP-0049-NORMAL_A,0,SCN-03-MULTIHOP-0049-W1,0.0,-1,0,no_movement
SCN-03-MULTIHOP-0049,multi_hop,train,SCN-03-MULTIHOP-0049-NORMAL_B,0,SCN-03-MULTIHOP-0049-W1,0.0,-1,0,no_movement
SCN-03-MULTIHOP-0049,multi_hop,train,SCN-03-MULTIHOP-0049-NORMAL_C,0,SCN-03-MULTIHOP-0049-W1,0.0,-1,0,no_movement
SCN-03-MULTIHOP-0050,multi_hop,train,SCN-03-MULTIHOP-0050-VICTIM,0,SCN-03-MULTIHOP-0050-W1,0.0,-1,0,no_movement
SCN-03-MULTIHOP-0050,multi_hop,train,SCN-03-MULTIHOP-0050-W1,1,SCN-03-MULTIHOP-0050-W1,3501.84,0,0,no_movement
SCN-03-MULTIHOP-0050,multi_hop,train,SCN-03-MULTIHOP-0050-W2,1,SCN-03-MULTIHOP-0050-W1,3828.51,1,0,no_movement
SCN-03-MULTIHOP-0050,multi_hop,train,SCN-03-MULTIHOP-0050-W3,1,SCN-03-MULTIHOP-0050-W1,38772.65,2,0,forward
SCN-03-MULTIHOP-0050,multi_hop,train,SCN-03-MULTIHOP-0050-W4,0,SCN-03-MULTIHOP-0050-W1,0.0,-1,0,no_movement
SCN-03-MULTIHOP-0050,multi_hop,train,SCN-03-MULTIHOP-0050-NORMAL_A,0,SCN-03-MULTIHOP-0050-W1,0.0,-1,0,no_movement
SCN-03-MULTIHOP-0050,multi_hop,train,SCN-03-MULTIHOP-0050-NORMAL_B,0,SCN-03-MULTIHOP-0050-W1,0.0,-1,0,no_movement
SCN-03-MULTIHOP-0050,multi_hop,train,SCN-03-MULTIHOP-0050-NORMAL_C,0,SCN-03-MULTIHOP-0050-W1,0.0,-1,0,no_movement
SCN-03-MULTIHOP-0051,multi_hop,train,SCN-03-MULTIHOP-0051-VICTIM,0,SCN-03-MULTIHOP-0051-W1,0.0,-1,0,no_movement
SCN-03-MULTIHOP-0051,multi_hop,train,SCN-03-MULTIHOP-0051-W1,1,SCN-03-MULTIHOP-0051-W1,2524.41,0,0,no_movement
SCN-03-MULTIHOP-0051,multi_hop,train,SCN-03-MULTIHOP-0051-W2,1,SCN-03-MULTIHOP-0051-W1,2650.14,1,0,no_movement
SCN-03-MULTIHOP-0051,multi_hop,train,SCN-03-MULTIHOP-0051-W3,1,SCN-03-MULTIHOP-0051-W1,27245.45,2,0,forward
SCN-03-MULTIHOP-0051,multi_hop,train,SCN-03-MULTIHOP-0051-W4,0,SCN-03-MULTIHOP-0051-W1,0.0,-1,0,no_movement
SCN-03-MULTIHOP-0051,multi_hop,train,SCN-03-MULTIHOP-0051-NORMAL_A,0,SCN-03-MULTIHOP-0051-W1,0.0,-1,0,no_movement
SCN-03-MULTIHOP-0051,multi_hop,train,SCN-03-MULTIHOP-0051-NORMAL_B,0,SCN-03-MULTIHOP-0051-W1,0.0,-1,0,no_movement
SCN-03-MULTIHOP-0051,multi_hop,train,SCN-03-MULTIHOP-0051-NORMAL_C,0,SCN-03-MULTIHOP-0051-W1,0.0,-1,0,no_movement
SCN-03-MULTIHOP-0052,multi_hop,train,SCN-03-MULTIHOP-0052-VICTIM,0,SCN-03-MULTIHOP-0052-W1,0.0,-1,0,no_movement
SCN-03-MULTIHOP-0052,multi_hop,train,SCN-03-MULTIHOP-0052-W1,1,SCN-03-MULTIHOP-0052-W1,2821.14,0,0,no_movement
SCN-03-MULTIHOP-0052,multi_hop,train,SCN-03-MULTIHOP-0052-W2,1,SCN-03-MULTIHOP-0052-W1,3056.94,1,0,no_movement
SCN-03-MULTIHOP-0052,multi_hop,train,SCN-03-MULTIHOP-0052-W3,1,SCN-03-MULTIHOP-0052-W1,30941.92,2,0,forward
SCN-03-MULTIHOP-0052,multi_hop,train,SCN-03-MULTIHOP-0052-W4,0,SCN-03-MULTIHOP-0052-W1,0.0,-1,0,no_movement
SCN-03-MULTIHOP-0052,multi_hop,train,SCN-03-MULTIHOP-0052-NORMAL_A,0,SCN-03-MULTIHOP-0052-W1,0.0,-1,0,no_movement
SCN-03-MULTIHOP-0052,multi_hop,train,SCN-03-MULTIHOP-0052-NORMAL_B,0,SCN-03-MULTIHOP-0052-W1,0.0,-1,0,no_movement
SCN-03-MULTIHOP-0052,multi_hop,train,SCN-03-MULTIHOP-0052-NORMAL_C,0,SCN-03-MULTIHOP-0052-W1,0.0,-1,0,no_movement
SCN-03-MULTIHOP-0053,multi_hop,train,SCN-03-MULTIHOP-0053-VICTIM,0,SCN-03-MULTIHOP-0053-W1,0.0,-1,0,no_movement
SCN-03-MULTIHOP-0053,multi_hop,train,SCN-03-MULTIHOP-0053-W1,1,SCN-03-MULTIHOP-0053-W1,2642.73,0,0,no_movement
SCN-03-MULTIHOP-0053,multi_hop,train,SCN-03-MULTIHOP-0053-W2,1,SCN-03-MULTIHOP-0053-W1,2844.92,1,0,no_movement
SCN-03-MULTIHOP-0053,multi_hop,train,SCN-03-MULTIHOP-0053-W3,1,SCN-03-MULTIHOP-0053-W1,28626.35,2,0,forward
SCN-03-MULTIHOP-0053,multi_hop,train,SCN-03-MULTIHOP-0053-W4,0,SCN-03-MULTIHOP-0053-W1,0.0,-1,0,no_movement
SCN-03-MULTIHOP-0053,multi_hop,train,SCN-03-MULTIHOP-0053-NORMAL_A,0,SCN-03-MULTIHOP-0053-W1,0.0,-1,0,no_movement
SCN-03-MULTIHOP-0053,multi_hop,train,SCN-03-MULTIHOP-0053-NORMAL_B,0,SCN-03-MULTIHOP-0053-W1,0.0,-1,0,no_movement
SCN-03-MULTIHOP-0053,multi_hop,train,SCN-03-MULTIHOP-0053-NORMAL_C,0,SCN-03-MULTIHOP-0053-W1,0.0,-1,0,no_movement
SCN-03-MULTIHOP-0054,multi_hop,train,SCN-03-MULTIHOP-0054-VICTIM,0,SCN-03-MULTIHOP-0054-W1,0.0,-1,0,no_movement
SCN-03-MULTIHOP-0054,multi_hop,train,SCN-03-MULTIHOP-0054-W1,1,SCN-03-MULTIHOP-0054-W1,3225.69,0,0,no_movement
SCN-03-MULTIHOP-0054,multi_hop,train,SCN-03-MULTIHOP-0054-W2,1,SCN-03-MULTIHOP-0054-W1,3481.86,1,0,no_movement
SCN-03-MULTIHOP-0054,multi_hop,train,SCN-03-MULTIHOP-0054-W3,1,SCN-03-MULTIHOP-0054-W1,35212.45,2,0,forward
SCN-03-MULTIHOP-0054,multi_hop,train,SCN-03-MULTIHOP-0054-W4,0,SCN-03-MULTIHOP-0054-W1,0.0,-1,0,no_movement
SCN-03-MULTIHOP-0054,multi_hop,train,SCN-03-MULTIHOP-0054-NORMAL_A,0,SCN-03-MULTIHOP-0054-W1,0.0,-1,0,no_movement
SCN-03-MULTIHOP-0054,multi_hop,train,SCN-03-MULTIHOP-0054-NORMAL_B,0,SCN-03-MULTIHOP-0054-W1,0.0,-1,0,no_movement
SCN-03-MULTIHOP-0054,multi_hop,train,SCN-03-MULTIHOP-0054-NORMAL_C,0,SCN-03-MULTIHOP-0054-W1,0.0,-1,0,no_movement
SCN-03-MULTIHOP-0055,multi_hop,train,SCN-03-MULTIHOP-0055-VICTIM,0,SCN-03-MULTIHOP-0055-W1,0.0,-1,0,no_movement
SCN-03-MULTIHOP-0055,multi_hop,train,SCN-03-MULTIHOP-0055-W1,1,SCN-03-MULTIHOP-0055-W1,3379.33,0,0,no_movement
SCN-03-MULTIHOP-0055,multi_hop,train,SCN-03-MULTIHOP-0055-W2,1,SCN-03-MULTIHOP-0055-W1,3533.6,1,0,no_movement
SCN-03-MULTIHOP-0055,multi_hop,train,SCN-03-MULTIHOP-0055-W3,1,SCN-03-MULTIHOP-0055-W1,37239.07,2,0,forward
SCN-03-MULTIHOP-0055,multi_hop,train,SCN-03-MULTIHOP-0055-W4,0,SCN-03-MULTIHOP-0055-W1,0.0,-1,0,no_movement
SCN-03-MULTIHOP-0055,multi_hop,train,SCN-03-MULTIHOP-0055-NORMAL_A,0,SCN-03-MULTIHOP-0055-W1,0.0,-1,0,no_movement
SCN-03-MULTIHOP-0055,multi_hop,train,SCN-03-MULTIHOP-0055-NORMAL_B,0,SCN-03-MULTIHOP-0055-W1,0.0,-1,0,no_movement
SCN-03-MULTIHOP-0055,multi_hop,train,SCN-03-MULTIHOP-0055-NORMAL_C,0,SCN-03-MULTIHOP-0055-W1,0.0,-1,0,no_movement
SCN-03-MULTIHOP-0056,multi_hop,train,SCN-03-MULTIHOP-0056-VICTIM,0,SCN-03-MULTIHOP-0056-W1,0.0,-1,0,no_movement
SCN-03-MULTIHOP-0056,multi_hop,train,SCN-03-MULTIHOP-0056-W1,1,SCN-03-MULTIHOP-0056-W1,3382.09,0,0,no_movement
SCN-03-MULTIHOP-0056,multi_hop,train,SCN-03-MULTIHOP-0056-W2,1,SCN-03-MULTIHOP-0056-W1,3526.18,1,0,no_movement
SCN-03-MULTIHOP-0056,multi_hop,train,SCN-03-MULTIHOP-0056-W3,1,SCN-03-MULTIHOP-0056-W1,37246.73,2,0,forward
SCN-03-MULTIHOP-0056,multi_hop,train,SCN-03-MULTIHOP-0056-W4,0,SCN-03-MULTIHOP-0056-W1,0.0,-1,0,no_movement
SCN-03-MULTIHOP-0056,multi_hop,train,SCN-03-MULTIHOP-0056-NORMAL_A,0,SCN-03-MULTIHOP-0056-W1,0.0,-1,0,no_movement
SCN-03-MULTIHOP-0056,multi_hop,train,SCN-03-MULTIHOP-0056-NORMAL_B,0,SCN-03-MULTIHOP-0056-W1,0.0,-1,0,no_movement
SCN-03-MULTIHOP-0056,multi_hop,train,SCN-03-MULTIHOP-0056-NORMAL_C,0,SCN-03-MULTIHOP-0056-W1,0.0,-1,0,no_movement
SCN-03-MULTIHOP-0057,multi_hop,train,SCN-03-MULTIHOP-0057-VICTIM,0,SCN-03-MULTIHOP-0057-W1,0.0,-1,0,no_movement
SCN-03-MULTIHOP-0057,multi_hop,train,SCN-03-MULTIHOP-0057-W1,1,SCN-03-MULTIHOP-0057-W1,4086.34,0,0,no_movement
SCN-03-MULTIHOP-0057,multi_hop,train,SCN-03-MULTIHOP-0057-W2,1,SCN-03-MULTIHOP-0057-W1,4190.73,1,0,no_movement
SCN-03-MULTIHOP-0057,multi_hop,train,SCN-03-MULTIHOP-0057-W3,1,SCN-03-MULTIHOP-0057-W1,44183.93,2,0,forward
SCN-03-MULTIHOP-0057,multi_hop,train,SCN-03-MULTIHOP-0057-W4,0,SCN-03-MULTIHOP-0057-W1,0.0,-1,0,no_movement
SCN-03-MULTIHOP-0057,multi_hop,train,SCN-03-MULTIHOP-0057-NORMAL_A,0,SCN-03-MULTIHOP-0057-W1,0.0,-1,0,no_movement
SCN-03-MULTIHOP-0057,multi_hop,train,SCN-03-MULTIHOP-0057-NORMAL_B,0,SCN-03-MULTIHOP-0057-W1,0.0,-1,0,no_movement
SCN-03-MULTIHOP-0057,multi_hop,train,SCN-03-MULTIHOP-0057-NORMAL_C,0,SCN-03-MULTIHOP-0057-W1,0.0,-1,0,no_movement
SCN-03-MULTIHOP-0058,multi_hop,train,SCN-03-MULTIHOP-0058-VICTIM,0,SCN-03-MULTIHOP-0058-W1,0.0,-1,0,no_movement
SCN-03-MULTIHOP-0058,multi_hop,train,SCN-03-MULTIHOP-0058-W1,1,SCN-03-MULTIHOP-0058-W1,3680.19,0,0,no_movement
SCN-03-MULTIHOP-0058,multi_hop,train,SCN-03-MULTIHOP-0058-W2,1,SCN-03-MULTIHOP-0058-W1,3977.22,1,0,no_movement
SCN-03-MULTIHOP-0058,multi_hop,train,SCN-03-MULTIHOP-0058-W3,1,SCN-03-MULTIHOP-0058-W1,40665.59,2,0,forward
SCN-03-MULTIHOP-0058,multi_hop,train,SCN-03-MULTIHOP-0058-W4,0,SCN-03-MULTIHOP-0058-W1,0.0,-1,0,no_movement
SCN-03-MULTIHOP-0058,multi_hop,train,SCN-03-MULTIHOP-0058-NORMAL_A,0,SCN-03-MULTIHOP-0058-W1,0.0,-1,0,no_movement
SCN-03-MULTIHOP-0058,multi_hop,train,SCN-03-MULTIHOP-0058-NORMAL_B,0,SCN-03-MULTIHOP-0058-W1,0.0,-1,0,no_movement
SCN-03-MULTIHOP-0058,multi_hop,train,SCN-03-MULTIHOP-0058-NORMAL_C,0,SCN-03-MULTIHOP-0058-W1,0.0,-1,0,no_movement
SCN-03-MULTIHOP-0059,multi_hop,train,SCN-03-MULTIHOP-0059-VICTIM,0,SCN-03-MULTIHOP-0059-W1,0.0,-1,0,no_movement
SCN-03-MULTIHOP-0059,multi_hop,train,SCN-03-MULTIHOP-0059-W1,1,SCN-03-MULTIHOP-0059-W1,2523.67,0,0,no_movement
SCN-03-MULTIHOP-0059,multi_hop,train,SCN-03-MULTIHOP-0059-W2,1,SCN-03-MULTIHOP-0059-W1,2701.91,1,0,no_movement
SCN-03-MULTIHOP-0059,multi_hop,train,SCN-03-MULTIHOP-0059-W3,1,SCN-03-MULTIHOP-0059-W1,27686.42,2,0,forward
SCN-03-MULTIHOP-0059,multi_hop,train,SCN-03-MULTIHOP-0059-W4,0,SCN-03-MULTIHOP-0059-W1,0.0,-1,0,no_movement
SCN-03-MULTIHOP-0059,multi_hop,train,SCN-03-MULTIHOP-0059-NORMAL_A,0,SCN-03-MULTIHOP-0059-W1,0.0,-1,0,no_movement
SCN-03-MULTIHOP-0059,multi_hop,train,SCN-03-MULTIHOP-0059-NORMAL_B,0,SCN-03-MULTIHOP-0059-W1,0.0,-1,0,no_movement
SCN-03-MULTIHOP-0059,multi_hop,train,SCN-03-MULTIHOP-0059-NORMAL_C,0,SCN-03-MULTIHOP-0059-W1,0.0,-1,0,no_movement
SCN-03-MULTIHOP-0060,multi_hop,train,SCN-03-MULTIHOP-0060-VICTIM,0,SCN-03-MULTIHOP-0060-W1,0.0,-1,0,no_movement
SCN-03-MULTIHOP-0060,multi_hop,train,SCN-03-MULTIHOP-0060-W1,1,SCN-03-MULTIHOP-0060-W1,3963.73,0,0,no_movement
SCN-03-MULTIHOP-0060,multi_hop,train,SCN-03-MULTIHOP-0060-W2,1,SCN-03-MULTIHOP-0060-W1,4211.28,1,0,no_movement
SCN-03-MULTIHOP-0060,multi_hop,train,SCN-03-MULTIHOP-0060-W3,1,SCN-03-MULTIHOP-0060-W1,43249.99,2,0,forward
SCN-03-MULTIHOP-0060,multi_hop,train,SCN-03-MULTIHOP-0060-W4,0,SCN-03-MULTIHOP-0060-W1,0.0,-1,0,no_movement
SCN-03-MULTIHOP-0060,multi_hop,train,SCN-03-MULTIHOP-0060-NORMAL_A,0,SCN-03-MULTIHOP-0060-W1,0.0,-1,0,no_movement
SCN-03-MULTIHOP-0060,multi_hop,train,SCN-03-MULTIHOP-0060-NORMAL_B,0,SCN-03-MULTIHOP-0060-W1,0.0,-1,0,no_movement
SCN-03-MULTIHOP-0060,multi_hop,train,SCN-03-MULTIHOP-0060-NORMAL_C,0,SCN-03-MULTIHOP-0060-W1,0.0,-1,0,no_movement
SCN-03-MULTIHOP-0061,multi_hop,train,SCN-03-MULTIHOP-0061-VICTIM,0,SCN-03-MULTIHOP-0061-W1,0.0,-1,0,no_movement
SCN-03-MULTIHOP-0061,multi_hop,train,SCN-03-MULTIHOP-0061-W1,1,SCN-03-MULTIHOP-0061-W1,2827.15,0,0,no_movement
SCN-03-MULTIHOP-0061,multi_hop,train,SCN-03-MULTIHOP-0061-W2,1,SCN-03-MULTIHOP-0061-W1,2987.38,1,0,no_movement
SCN-03-MULTIHOP-0061,multi_hop,train,SCN-03-MULTIHOP-0061-W3,1,SCN-03-MULTIHOP-0061-W1,30927.47,2,0,forward
SCN-03-MULTIHOP-0061,multi_hop,train,SCN-03-MULTIHOP-0061-W4,0,SCN-03-MULTIHOP-0061-W1,0.0,-1,0,no_movement
SCN-03-MULTIHOP-0061,multi_hop,train,SCN-03-MULTIHOP-0061-NORMAL_A,0,SCN-03-MULTIHOP-0061-W1,0.0,-1,0,no_movement
SCN-03-MULTIHOP-0061,multi_hop,train,SCN-03-MULTIHOP-0061-NORMAL_B,0,SCN-03-MULTIHOP-0061-W1,0.0,-1,0,no_movement
SCN-03-MULTIHOP-0061,multi_hop,train,SCN-03-MULTIHOP-0061-NORMAL_C,0,SCN-03-MULTIHOP-0061-W1,0.0,-1,0,no_movement
SCN-03-MULTIHOP-0062,multi_hop,train,SCN-03-MULTIHOP-0062-VICTIM,0,SCN-03-MULTIHOP-0062-W1,0.0,-1,0,no_movement
SCN-03-MULTIHOP-0062,multi_hop,train,SCN-03-MULTIHOP-0062-W1,1,SCN-03-MULTIHOP-0062-W1,2825.64,0,0,no_movement
SCN-03-MULTIHOP-0062,multi_hop,train,SCN-03-MULTIHOP-0062-W2,1,SCN-03-MULTIHOP-0062-W1,3090.76,1,0,no_movement
SCN-03-MULTIHOP-0062,multi_hop,train,SCN-03-MULTIHOP-0062-W3,1,SCN-03-MULTIHOP-0062-W1,31049.6,2,0,forward
SCN-03-MULTIHOP-0062,multi_hop,train,SCN-03-MULTIHOP-0062-W4,0,SCN-03-MULTIHOP-0062-W1,0.0,-1,0,no_movement
SCN-03-MULTIHOP-0062,multi_hop,train,SCN-03-MULTIHOP-0062-NORMAL_A,0,SCN-03-MULTIHOP-0062-W1,0.0,-1,0,no_movement
SCN-03-MULTIHOP-0062,multi_hop,train,SCN-03-MULTIHOP-0062-NORMAL_B,0,SCN-03-MULTIHOP-0062-W1,0.0,-1,0,no_movement
SCN-03-MULTIHOP-0062,multi_hop,train,SCN-03-MULTIHOP-0062-NORMAL_C,0,SCN-03-MULTIHOP-0062-W1,0.0,-1,0,no_movement
SCN-03-MULTIHOP-0063,multi_hop,train,SCN-03-MULTIHOP-0063-VICTIM,0,SCN-03-MULTIHOP-0063-W1,0.0,-1,0,no_movement
SCN-03-MULTIHOP-0063,multi_hop,train,SCN-03-MULTIHOP-0063-W1,1,SCN-03-MULTIHOP-0063-W1,3794.89,0,0,no_movement
SCN-03-MULTIHOP-0063,multi_hop,train,SCN-03-MULTIHOP-0063-W2,1,SCN-03-MULTIHOP-0063-W1,3954.39,1,0,no_movement
SCN-03-MULTIHOP-0063,multi_hop,train,SCN-03-MULTIHOP-0063-W3,1,SCN-03-MULTIHOP-0063-W1,41659.72,2,0,forward
SCN-03-MULTIHOP-0063,multi_hop,train,SCN-03-MULTIHOP-0063-W4,0,SCN-03-MULTIHOP-0063-W1,0.0,-1,0,no_movement
SCN-03-MULTIHOP-0063,multi_hop,train,SCN-03-MULTIHOP-0063-NORMAL_A,0,SCN-03-MULTIHOP-0063-W1,0.0,-1,0,no_movement
SCN-03-MULTIHOP-0063,multi_hop,train,SCN-03-MULTIHOP-0063-NORMAL_B,0,SCN-03-MULTIHOP-0063-W1,0.0,-1,0,no_movement
SCN-03-MULTIHOP-0063,multi_hop,train,SCN-03-MULTIHOP-0063-NORMAL_C,0,SCN-03-MULTIHOP-0063-W1,0.0,-1,0,no_movement
SCN-03-MULTIHOP-0064,multi_hop,test,SCN-03-MULTIHOP-0064-VICTIM,0,SCN-03-MULTIHOP-0064-W1,0.0,-1,0,no_movement
SCN-03-MULTIHOP-0064,multi_hop,test,SCN-03-MULTIHOP-0064-W1,1,SCN-03-MULTIHOP-0064-W1,2942.22,0,0,no_movement
SCN-03-MULTIHOP-0064,multi_hop,test,SCN-03-MULTIHOP-0064-W2,1,SCN-03-MULTIHOP-0064-W1,3188.18,1,0,no_movement
SCN-03-MULTIHOP-0064,multi_hop,test,SCN-03-MULTIHOP-0064-W3,1,SCN-03-MULTIHOP-0064-W1,32080.6,2,0,forward
SCN-03-MULTIHOP-0064,multi_hop,test,SCN-03-MULTIHOP-0064-W4,0,SCN-03-MULTIHOP-0064-W1,0.0,-1,0,no_movement
SCN-03-MULTIHOP-0064,multi_hop,test,SCN-03-MULTIHOP-0064-NORMAL_A,0,SCN-03-MULTIHOP-0064-W1,0.0,-1,0,no_movement
SCN-03-MULTIHOP-0064,multi_hop,test,SCN-03-MULTIHOP-0064-NORMAL_B,0,SCN-03-MULTIHOP-0064-W1,0.0,-1,0,no_movement
SCN-03-MULTIHOP-0064,multi_hop,test,SCN-03-MULTIHOP-0064-NORMAL_C,0,SCN-03-MULTIHOP-0064-W1,0.0,-1,0,no_movement
SCN-03-MULTIHOP-0065,multi_hop,train,SCN-03-MULTIHOP-0065-VICTIM,0,SCN-03-MULTIHOP-0065-W1,0.0,-1,0,no_movement
SCN-03-MULTIHOP-0065,multi_hop,train,SCN-03-MULTIHOP-0065-W1,1,SCN-03-MULTIHOP-0065-W1,3921.62,0,0,no_movement
SCN-03-MULTIHOP-0065,multi_hop,train,SCN-03-MULTIHOP-0065-W2,1,SCN-03-MULTIHOP-0065-W1,4086.9,1,0,no_movement
SCN-03-MULTIHOP-0065,multi_hop,train,SCN-03-MULTIHOP-0065-W3,1,SCN-03-MULTIHOP-0065-W1,42965.48,2,0,forward
SCN-03-MULTIHOP-0065,multi_hop,train,SCN-03-MULTIHOP-0065-W4,0,SCN-03-MULTIHOP-0065-W1,0.0,-1,0,no_movement
SCN-03-MULTIHOP-0065,multi_hop,train,SCN-03-MULTIHOP-0065-NORMAL_A,0,SCN-03-MULTIHOP-0065-W1,0.0,-1,0,no_movement
SCN-03-MULTIHOP-0065,multi_hop,train,SCN-03-MULTIHOP-0065-NORMAL_B,0,SCN-03-MULTIHOP-0065-W1,0.0,-1,0,no_movement
SCN-03-MULTIHOP-0065,multi_hop,train,SCN-03-MULTIHOP-0065-NORMAL_C,0,SCN-03-MULTIHOP-0065-W1,0.0,-1,0,no_movement
SCN-03-MULTIHOP-0066,multi_hop,train,SCN-03-MULTIHOP-0066-VICTIM,0,SCN-03-MULTIHOP-0066-W1,0.0,-1,0,no_movement
SCN-03-MULTIHOP-0066,multi_hop,train,SCN-03-MULTIHOP-0066-W1,1,SCN-03-MULTIHOP-0066-W1,3686.24,0,0,no_movement
SCN-03-MULTIHOP-0066,multi_hop,train,SCN-03-MULTIHOP-0066-W2,1,SCN-03-MULTIHOP-0066-W1,3996.71,1,0,no_movement
SCN-03-MULTIHOP-0066,multi_hop,train,SCN-03-MULTIHOP-0066-W3,1,SCN-03-MULTIHOP-0066-W1,40415.05,2,0,forward
SCN-03-MULTIHOP-0066,multi_hop,train,SCN-03-MULTIHOP-0066-W4,0,SCN-03-MULTIHOP-0066-W1,0.0,-1,0,no_movement
SCN-03-MULTIHOP-0066,multi_hop,train,SCN-03-MULTIHOP-0066-NORMAL_A,0,SCN-03-MULTIHOP-0066-W1,0.0,-1,0,no_movement
SCN-03-MULTIHOP-0066,multi_hop,train,SCN-03-MULTIHOP-0066-NORMAL_B,0,SCN-03-MULTIHOP-0066-W1,0.0,-1,0,no_movement
SCN-03-MULTIHOP-0066,multi_hop,train,SCN-03-MULTIHOP-0066-NORMAL_C,0,SCN-03-MULTIHOP-0066-W1,0.0,-1,0,no_movement
SCN-03-MULTIHOP-0067,multi_hop,validation,SCN-03-MULTIHOP-0067-VICTIM,0,SCN-03-MULTIHOP-0067-W1,0.0,-1,0,no_movement
SCN-03-MULTIHOP-0067,multi_hop,validation,SCN-03-MULTIHOP-0067-W1,1,SCN-03-MULTIHOP-0067-W1,2579.28,0,0,no_movement
SCN-03-MULTIHOP-0067,multi_hop,validation,SCN-03-MULTIHOP-0067-W2,1,SCN-03-MULTIHOP-0067-W1,2726.74,1,0,no_movement
SCN-03-MULTIHOP-0067,multi_hop,validation,SCN-03-MULTIHOP-0067-W3,1,SCN-03-MULTIHOP-0067-W1,28004.98,2,0,forward
SCN-03-MULTIHOP-0067,multi_hop,validation,SCN-03-MULTIHOP-0067-W4,0,SCN-03-MULTIHOP-0067-W1,0.0,-1,0,no_movement
SCN-03-MULTIHOP-0067,multi_hop,validation,SCN-03-MULTIHOP-0067-NORMAL_A,0,SCN-03-MULTIHOP-0067-W1,0.0,-1,0,no_movement
SCN-03-MULTIHOP-0067,multi_hop,validation,SCN-03-MULTIHOP-0067-NORMAL_B,0,SCN-03-MULTIHOP-0067-W1,0.0,-1,0,no_movement
SCN-03-MULTIHOP-0067,multi_hop,validation,SCN-03-MULTIHOP-0067-NORMAL_C,0,SCN-03-MULTIHOP-0067-W1,0.0,-1,0,no_movement
SCN-03-MULTIHOP-0068,multi_hop,train,SCN-03-MULTIHOP-0068-VICTIM,0,SCN-03-MULTIHOP-0068-W1,0.0,-1,0,no_movement
SCN-03-MULTIHOP-0068,multi_hop,train,SCN-03-MULTIHOP-0068-W1,1,SCN-03-MULTIHOP-0068-W1,2539.18,0,0,no_movement
SCN-03-MULTIHOP-0068,multi_hop,train,SCN-03-MULTIHOP-0068-W2,1,SCN-03-MULTIHOP-0068-W1,2728.33,1,0,no_movement
SCN-03-MULTIHOP-0068,multi_hop,train,SCN-03-MULTIHOP-0068-W3,1,SCN-03-MULTIHOP-0068-W1,27781.49,2,0,forward
SCN-03-MULTIHOP-0068,multi_hop,train,SCN-03-MULTIHOP-0068-W4,0,SCN-03-MULTIHOP-0068-W1,0.0,-1,0,no_movement
SCN-03-MULTIHOP-0068,multi_hop,train,SCN-03-MULTIHOP-0068-NORMAL_A,0,SCN-03-MULTIHOP-0068-W1,0.0,-1,0,no_movement
SCN-03-MULTIHOP-0068,multi_hop,train,SCN-03-MULTIHOP-0068-NORMAL_B,0,SCN-03-MULTIHOP-0068-W1,0.0,-1,0,no_movement
SCN-03-MULTIHOP-0068,multi_hop,train,SCN-03-MULTIHOP-0068-NORMAL_C,0,SCN-03-MULTIHOP-0068-W1,0.0,-1,0,no_movement
SCN-03-MULTIHOP-0069,multi_hop,test,SCN-03-MULTIHOP-0069-VICTIM,0,SCN-03-MULTIHOP-0069-W1,0.0,-1,0,no_movement
SCN-03-MULTIHOP-0069,multi_hop,test,SCN-03-MULTIHOP-0069-W1,1,SCN-03-MULTIHOP-0069-W1,3732.66,0,0,no_movement
SCN-03-MULTIHOP-0069,multi_hop,test,SCN-03-MULTIHOP-0069-W2,1,SCN-03-MULTIHOP-0069-W1,3898.48,1,0,no_movement
SCN-03-MULTIHOP-0069,multi_hop,test,SCN-03-MULTIHOP-0069-W3,1,SCN-03-MULTIHOP-0069-W1,40254.86,2,0,forward
SCN-03-MULTIHOP-0069,multi_hop,test,SCN-03-MULTIHOP-0069-W4,0,SCN-03-MULTIHOP-0069-W1,0.0,-1,0,no_movement
SCN-03-MULTIHOP-0069,multi_hop,test,SCN-03-MULTIHOP-0069-NORMAL_A,0,SCN-03-MULTIHOP-0069-W1,0.0,-1,0,no_movement
SCN-03-MULTIHOP-0069,multi_hop,test,SCN-03-MULTIHOP-0069-NORMAL_B,0,SCN-03-MULTIHOP-0069-W1,0.0,-1,0,no_movement
SCN-03-MULTIHOP-0069,multi_hop,test,SCN-03-MULTIHOP-0069-NORMAL_C,0,SCN-03-MULTIHOP-0069-W1,0.0,-1,0,no_movement
SCN-03-MULTIHOP-0070,multi_hop,train,SCN-03-MULTIHOP-0070-VICTIM,0,SCN-03-MULTIHOP-0070-W1,0.0,-1,0,no_movement
SCN-03-MULTIHOP-0070,multi_hop,train,SCN-03-MULTIHOP-0070-W1,1,SCN-03-MULTIHOP-0070-W1,2610.54,0,0,no_movement
SCN-03-MULTIHOP-0070,multi_hop,train,SCN-03-MULTIHOP-0070-W2,1,SCN-03-MULTIHOP-0070-W1,2820.96,1,0,no_movement
SCN-03-MULTIHOP-0070,multi_hop,train,SCN-03-MULTIHOP-0070-W3,1,SCN-03-MULTIHOP-0070-W1,28675.5,2,0,forward
SCN-03-MULTIHOP-0070,multi_hop,train,SCN-03-MULTIHOP-0070-W4,0,SCN-03-MULTIHOP-0070-W1,0.0,-1,0,no_movement
SCN-03-MULTIHOP-0070,multi_hop,train,SCN-03-MULTIHOP-0070-NORMAL_A,0,SCN-03-MULTIHOP-0070-W1,0.0,-1,0,no_movement
SCN-03-MULTIHOP-0070,multi_hop,train,SCN-03-MULTIHOP-0070-NORMAL_B,0,SCN-03-MULTIHOP-0070-W1,0.0,-1,0,no_movement
SCN-03-MULTIHOP-0070,multi_hop,train,SCN-03-MULTIHOP-0070-NORMAL_C,0,SCN-03-MULTIHOP-0070-W1,0.0,-1,0,no_movement
SCN-03-MULTIHOP-0071,multi_hop,test,SCN-03-MULTIHOP-0071-VICTIM,0,SCN-03-MULTIHOP-0071-W1,0.0,-1,0,no_movement
SCN-03-MULTIHOP-0071,multi_hop,test,SCN-03-MULTIHOP-0071-W1,1,SCN-03-MULTIHOP-0071-W1,3883.6,0,0,no_movement
SCN-03-MULTIHOP-0071,multi_hop,test,SCN-03-MULTIHOP-0071-W2,1,SCN-03-MULTIHOP-0071-W1,4122.82,1,0,no_movement
SCN-03-MULTIHOP-0071,multi_hop,test,SCN-03-MULTIHOP-0071-W3,1,SCN-03-MULTIHOP-0071-W1,42286.58,2,0,forward
SCN-03-MULTIHOP-0071,multi_hop,test,SCN-03-MULTIHOP-0071-W4,0,SCN-03-MULTIHOP-0071-W1,0.0,-1,0,no_movement
SCN-03-MULTIHOP-0071,multi_hop,test,SCN-03-MULTIHOP-0071-NORMAL_A,0,SCN-03-MULTIHOP-0071-W1,0.0,-1,0,no_movement
SCN-03-MULTIHOP-0071,multi_hop,test,SCN-03-MULTIHOP-0071-NORMAL_B,0,SCN-03-MULTIHOP-0071-W1,0.0,-1,0,no_movement
SCN-03-MULTIHOP-0071,multi_hop,test,SCN-03-MULTIHOP-0071-NORMAL_C,0,SCN-03-MULTIHOP-0071-W1,0.0,-1,0,no_movement
SCN-03-MULTIHOP-0072,multi_hop,train,SCN-03-MULTIHOP-0072-VICTIM,0,SCN-03-MULTIHOP-0072-W1,0.0,-1,0,no_movement
SCN-03-MULTIHOP-0072,multi_hop,train,SCN-03-MULTIHOP-0072-W1,1,SCN-03-MULTIHOP-0072-W1,3325.72,0,0,no_movement
SCN-03-MULTIHOP-0072,multi_hop,train,SCN-03-MULTIHOP-0072-W2,1,SCN-03-MULTIHOP-0072-W1,3425.91,1,0,no_movement
SCN-03-MULTIHOP-0072,multi_hop,train,SCN-03-MULTIHOP-0072-W3,1,SCN-03-MULTIHOP-0072-W1,35951.37,2,0,forward
SCN-03-MULTIHOP-0072,multi_hop,train,SCN-03-MULTIHOP-0072-W4,0,SCN-03-MULTIHOP-0072-W1,0.0,-1,0,no_movement
SCN-03-MULTIHOP-0072,multi_hop,train,SCN-03-MULTIHOP-0072-NORMAL_A,0,SCN-03-MULTIHOP-0072-W1,0.0,-1,0,no_movement
SCN-03-MULTIHOP-0072,multi_hop,train,SCN-03-MULTIHOP-0072-NORMAL_B,0,SCN-03-MULTIHOP-0072-W1,0.0,-1,0,no_movement
SCN-03-MULTIHOP-0072,multi_hop,train,SCN-03-MULTIHOP-0072-NORMAL_C,0,SCN-03-MULTIHOP-0072-W1,0.0,-1,0,no_movement
SCN-03-MULTIHOP-0073,multi_hop,test,SCN-03-MULTIHOP-0073-VICTIM,0,SCN-03-MULTIHOP-0073-W1,0.0,-1,0,no_movement
SCN-03-MULTIHOP-0073,multi_hop,test,SCN-03-MULTIHOP-0073-W1,1,SCN-03-MULTIHOP-0073-W1,3431.95,0,0,no_movement
SCN-03-MULTIHOP-0073,multi_hop,test,SCN-03-MULTIHOP-0073-W2,1,SCN-03-MULTIHOP-0073-W1,3523.44,1,0,no_movement
SCN-03-MULTIHOP-0073,multi_hop,test,SCN-03-MULTIHOP-0073-W3,1,SCN-03-MULTIHOP-0073-W1,37252.61,2,0,forward
SCN-03-MULTIHOP-0073,multi_hop,test,SCN-03-MULTIHOP-0073-W4,0,SCN-03-MULTIHOP-0073-W1,0.0,-1,0,no_movement
SCN-03-MULTIHOP-0073,multi_hop,test,SCN-03-MULTIHOP-0073-NORMAL_A,0,SCN-03-MULTIHOP-0073-W1,0.0,-1,0,no_movement
SCN-03-MULTIHOP-0073,multi_hop,test,SCN-03-MULTIHOP-0073-NORMAL_B,0,SCN-03-MULTIHOP-0073-W1,0.0,-1,0,no_movement
SCN-03-MULTIHOP-0073,multi_hop,test,SCN-03-MULTIHOP-0073-NORMAL_C,0,SCN-03-MULTIHOP-0073-W1,0.0,-1,0,no_movement
SCN-03-MULTIHOP-0074,multi_hop,train,SCN-03-MULTIHOP-0074-VICTIM,0,SCN-03-MULTIHOP-0074-W1,0.0,-1,0,no_movement
SCN-03-MULTIHOP-0074,multi_hop,train,SCN-03-MULTIHOP-0074-W1,1,SCN-03-MULTIHOP-0074-W1,3346.74,0,0,no_movement
SCN-03-MULTIHOP-0074,multi_hop,train,SCN-03-MULTIHOP-0074-W2,1,SCN-03-MULTIHOP-0074-W1,3593.42,1,0,no_movement
SCN-03-MULTIHOP-0074,multi_hop,train,SCN-03-MULTIHOP-0074-W3,1,SCN-03-MULTIHOP-0074-W1,36671.84,2,0,forward
SCN-03-MULTIHOP-0074,multi_hop,train,SCN-03-MULTIHOP-0074-W4,0,SCN-03-MULTIHOP-0074-W1,0.0,-1,0,no_movement
SCN-03-MULTIHOP-0074,multi_hop,train,SCN-03-MULTIHOP-0074-NORMAL_A,0,SCN-03-MULTIHOP-0074-W1,0.0,-1,0,no_movement
SCN-03-MULTIHOP-0074,multi_hop,train,SCN-03-MULTIHOP-0074-NORMAL_B,0,SCN-03-MULTIHOP-0074-W1,0.0,-1,0,no_movement
SCN-03-MULTIHOP-0074,multi_hop,train,SCN-03-MULTIHOP-0074-NORMAL_C,0,SCN-03-MULTIHOP-0074-W1,0.0,-1,0,no_movement
SCN-03-MULTIHOP-0075,multi_hop,validation,SCN-03-MULTIHOP-0075-VICTIM,0,SCN-03-MULTIHOP-0075-W1,0.0,-1,0,no_movement
SCN-03-MULTIHOP-0075,multi_hop,validation,SCN-03-MULTIHOP-0075-W1,1,SCN-03-MULTIHOP-0075-W1,2915.53,0,0,no_movement
SCN-03-MULTIHOP-0075,multi_hop,validation,SCN-03-MULTIHOP-0075-W2,1,SCN-03-MULTIHOP-0075-W1,3102.24,1,0,no_movement
SCN-03-MULTIHOP-0075,multi_hop,validation,SCN-03-MULTIHOP-0075-W3,1,SCN-03-MULTIHOP-0075-W1,31565.23,2,0,forward
SCN-03-MULTIHOP-0075,multi_hop,validation,SCN-03-MULTIHOP-0075-W4,0,SCN-03-MULTIHOP-0075-W1,0.0,-1,0,no_movement
SCN-03-MULTIHOP-0075,multi_hop,validation,SCN-03-MULTIHOP-0075-NORMAL_A,0,SCN-03-MULTIHOP-0075-W1,0.0,-1,0,no_movement
SCN-03-MULTIHOP-0075,multi_hop,validation,SCN-03-MULTIHOP-0075-NORMAL_B,0,SCN-03-MULTIHOP-0075-W1,0.0,-1,0,no_movement
SCN-03-MULTIHOP-0075,multi_hop,validation,SCN-03-MULTIHOP-0075-NORMAL_C,0,SCN-03-MULTIHOP-0075-W1,0.0,-1,0,no_movement
SCN-03-MULTIHOP-0076,multi_hop,test,SCN-03-MULTIHOP-0076-VICTIM,0,SCN-03-MULTIHOP-0076-W1,0.0,-1,0,no_movement
SCN-03-MULTIHOP-0076,multi_hop,test,SCN-03-MULTIHOP-0076-W1,1,SCN-03-MULTIHOP-0076-W1,2498.88,0,0,no_movement
SCN-03-MULTIHOP-0076,multi_hop,test,SCN-03-MULTIHOP-0076-W2,1,SCN-03-MULTIHOP-0076-W1,2696.58,1,0,no_movement
SCN-03-MULTIHOP-0076,multi_hop,test,SCN-03-MULTIHOP-0076-W3,1,SCN-03-MULTIHOP-0076-W1,27562.54,2,0,forward
SCN-03-MULTIHOP-0076,multi_hop,test,SCN-03-MULTIHOP-0076-W4,0,SCN-03-MULTIHOP-0076-W1,0.0,-1,0,no_movement
SCN-03-MULTIHOP-0076,multi_hop,test,SCN-03-MULTIHOP-0076-NORMAL_A,0,SCN-03-MULTIHOP-0076-W1,0.0,-1,0,no_movement
SCN-03-MULTIHOP-0076,multi_hop,test,SCN-03-MULTIHOP-0076-NORMAL_B,0,SCN-03-MULTIHOP-0076-W1,0.0,-1,0,no_movement
SCN-03-MULTIHOP-0076,multi_hop,test,SCN-03-MULTIHOP-0076-NORMAL_C,0,SCN-03-MULTIHOP-0076-W1,0.0,-1,0,no_movement
SCN-03-MULTIHOP-0077,multi_hop,train,SCN-03-MULTIHOP-0077-VICTIM,0,SCN-03-MULTIHOP-0077-W1,0.0,-1,0,no_movement
SCN-03-MULTIHOP-0077,multi_hop,train,SCN-03-MULTIHOP-0077-W1,1,SCN-03-MULTIHOP-0077-W1,3570.89,0,0,no_movement
SCN-03-MULTIHOP-0077,multi_hop,train,SCN-03-MULTIHOP-0077-W2,1,SCN-03-MULTIHOP-0077-W1,3815.01,1,0,no_movement
SCN-03-MULTIHOP-0077,multi_hop,train,SCN-03-MULTIHOP-0077-W3,1,SCN-03-MULTIHOP-0077-W1,39532.1,2,0,forward
SCN-03-MULTIHOP-0077,multi_hop,train,SCN-03-MULTIHOP-0077-W4,0,SCN-03-MULTIHOP-0077-W1,0.0,-1,0,no_movement
SCN-03-MULTIHOP-0077,multi_hop,train,SCN-03-MULTIHOP-0077-NORMAL_A,0,SCN-03-MULTIHOP-0077-W1,0.0,-1,0,no_movement
SCN-03-MULTIHOP-0077,multi_hop,train,SCN-03-MULTIHOP-0077-NORMAL_B,0,SCN-03-MULTIHOP-0077-W1,0.0,-1,0,no_movement
SCN-03-MULTIHOP-0077,multi_hop,train,SCN-03-MULTIHOP-0077-NORMAL_C,0,SCN-03-MULTIHOP-0077-W1,0.0,-1,0,no_movement
SCN-03-MULTIHOP-0078,multi_hop,train,SCN-03-MULTIHOP-0078-VICTIM,0,SCN-03-MULTIHOP-0078-W1,0.0,-1,0,no_movement
SCN-03-MULTIHOP-0078,multi_hop,train,SCN-03-MULTIHOP-0078-W1,1,SCN-03-MULTIHOP-0078-W1,3140.34,0,0,no_movement
SCN-03-MULTIHOP-0078,multi_hop,train,SCN-03-MULTIHOP-0078-W2,1,SCN-03-MULTIHOP-0078-W1,3342.9,1,0,no_movement
SCN-03-MULTIHOP-0078,multi_hop,train,SCN-03-MULTIHOP-0078-W3,1,SCN-03-MULTIHOP-0078-W1,34812.76,2,0,forward
SCN-03-MULTIHOP-0078,multi_hop,train,SCN-03-MULTIHOP-0078-W4,0,SCN-03-MULTIHOP-0078-W1,0.0,-1,0,no_movement
SCN-03-MULTIHOP-0078,multi_hop,train,SCN-03-MULTIHOP-0078-NORMAL_A,0,SCN-03-MULTIHOP-0078-W1,0.0,-1,0,no_movement
SCN-03-MULTIHOP-0078,multi_hop,train,SCN-03-MULTIHOP-0078-NORMAL_B,0,SCN-03-MULTIHOP-0078-W1,0.0,-1,0,no_movement
SCN-03-MULTIHOP-0078,multi_hop,train,SCN-03-MULTIHOP-0078-NORMAL_C,0,SCN-03-MULTIHOP-0078-W1,0.0,-1,0,no_movement
SCN-03-MULTIHOP-0079,multi_hop,train,SCN-03-MULTIHOP-0079-VICTIM,0,SCN-03-MULTIHOP-0079-W1,0.0,-1,0,no_movement
SCN-03-MULTIHOP-0079,multi_hop,train,SCN-03-MULTIHOP-0079-W1,1,SCN-03-MULTIHOP-0079-W1,2810.47,0,0,no_movement
SCN-03-MULTIHOP-0079,multi_hop,train,SCN-03-MULTIHOP-0079-W2,1,SCN-03-MULTIHOP-0079-W1,3016.2,1,0,no_movement
SCN-03-MULTIHOP-0079,multi_hop,train,SCN-03-MULTIHOP-0079-W3,1,SCN-03-MULTIHOP-0079-W1,30887.33,2,0,forward
SCN-03-MULTIHOP-0079,multi_hop,train,SCN-03-MULTIHOP-0079-W4,0,SCN-03-MULTIHOP-0079-W1,0.0,-1,0,no_movement
SCN-03-MULTIHOP-0079,multi_hop,train,SCN-03-MULTIHOP-0079-NORMAL_A,0,SCN-03-MULTIHOP-0079-W1,0.0,-1,0,no_movement
SCN-03-MULTIHOP-0079,multi_hop,train,SCN-03-MULTIHOP-0079-NORMAL_B,0,SCN-03-MULTIHOP-0079-W1,0.0,-1,0,no_movement
SCN-03-MULTIHOP-0079,multi_hop,train,SCN-03-MULTIHOP-0079-NORMAL_C,0,SCN-03-MULTIHOP-0079-W1,0.0,-1,0,no_movement
SCN-03-MULTIHOP-0080,multi_hop,test,SCN-03-MULTIHOP-0080-VICTIM,0,SCN-03-MULTIHOP-0080-W1,0.0,-1,0,no_movement
SCN-03-MULTIHOP-0080,multi_hop,test,SCN-03-MULTIHOP-0080-W1,1,SCN-03-MULTIHOP-0080-W1,3211.33,0,0,no_movement
SCN-03-MULTIHOP-0080,multi_hop,test,SCN-03-MULTIHOP-0080-W2,1,SCN-03-MULTIHOP-0080-W1,3347.68,1,0,no_movement
SCN-03-MULTIHOP-0080,multi_hop,test,SCN-03-MULTIHOP-0080-W3,1,SCN-03-MULTIHOP-0080-W1,35404.99,2,0,forward
SCN-03-MULTIHOP-0080,multi_hop,test,SCN-03-MULTIHOP-0080-W4,0,SCN-03-MULTIHOP-0080-W1,0.0,-1,0,no_movement
SCN-03-MULTIHOP-0080,multi_hop,test,SCN-03-MULTIHOP-0080-NORMAL_A,0,SCN-03-MULTIHOP-0080-W1,0.0,-1,0,no_movement
SCN-03-MULTIHOP-0080,multi_hop,test,SCN-03-MULTIHOP-0080-NORMAL_B,0,SCN-03-MULTIHOP-0080-W1,0.0,-1,0,no_movement
SCN-03-MULTIHOP-0080,multi_hop,test,SCN-03-MULTIHOP-0080-NORMAL_C,0,SCN-03-MULTIHOP-0080-W1,0.0,-1,0,no_movement
SCN-03-MULTIHOP-0081,multi_hop,test,SCN-03-MULTIHOP-0081-VICTIM,0,SCN-03-MULTIHOP-0081-W1,0.0,-1,0,no_movement
SCN-03-MULTIHOP-0081,multi_hop,test,SCN-03-MULTIHOP-0081-W1,1,SCN-03-MULTIHOP-0081-W1,3933.79,0,0,no_movement
SCN-03-MULTIHOP-0081,multi_hop,test,SCN-03-MULTIHOP-0081-W2,1,SCN-03-MULTIHOP-0081-W1,4239.82,1,0,no_movement
SCN-03-MULTIHOP-0081,multi_hop,test,SCN-03-MULTIHOP-0081-W3,1,SCN-03-MULTIHOP-0081-W1,43626.39,2,0,forward
SCN-03-MULTIHOP-0081,multi_hop,test,SCN-03-MULTIHOP-0081-W4,0,SCN-03-MULTIHOP-0081-W1,0.0,-1,0,no_movement
SCN-03-MULTIHOP-0081,multi_hop,test,SCN-03-MULTIHOP-0081-NORMAL_A,0,SCN-03-MULTIHOP-0081-W1,0.0,-1,0,no_movement
SCN-03-MULTIHOP-0081,multi_hop,test,SCN-03-MULTIHOP-0081-NORMAL_B,0,SCN-03-MULTIHOP-0081-W1,0.0,-1,0,no_movement
SCN-03-MULTIHOP-0081,multi_hop,test,SCN-03-MULTIHOP-0081-NORMAL_C,0,SCN-03-MULTIHOP-0081-W1,0.0,-1,0,no_movement
SCN-03-MULTIHOP-0082,multi_hop,train,SCN-03-MULTIHOP-0082-VICTIM,0,SCN-03-MULTIHOP-0082-W1,0.0,-1,0,no_movement
SCN-03-MULTIHOP-0082,multi_hop,train,SCN-03-MULTIHOP-0082-W1,1,SCN-03-MULTIHOP-0082-W1,3177.58,0,0,no_movement
SCN-03-MULTIHOP-0082,multi_hop,train,SCN-03-MULTIHOP-0082-W2,1,SCN-03-MULTIHOP-0082-W1,3451.67,1,0,no_movement
SCN-03-MULTIHOP-0082,multi_hop,train,SCN-03-MULTIHOP-0082-W3,1,SCN-03-MULTIHOP-0082-W1,34752.75,2,0,forward
SCN-03-MULTIHOP-0082,multi_hop,train,SCN-03-MULTIHOP-0082-W4,0,SCN-03-MULTIHOP-0082-W1,0.0,-1,0,no_movement
SCN-03-MULTIHOP-0082,multi_hop,train,SCN-03-MULTIHOP-0082-NORMAL_A,0,SCN-03-MULTIHOP-0082-W1,0.0,-1,0,no_movement
SCN-03-MULTIHOP-0082,multi_hop,train,SCN-03-MULTIHOP-0082-NORMAL_B,0,SCN-03-MULTIHOP-0082-W1,0.0,-1,0,no_movement
SCN-03-MULTIHOP-0082,multi_hop,train,SCN-03-MULTIHOP-0082-NORMAL_C,0,SCN-03-MULTIHOP-0082-W1,0.0,-1,0,no_movement
SCN-03-MULTIHOP-0083,multi_hop,validation,SCN-03-MULTIHOP-0083-VICTIM,0,SCN-03-MULTIHOP-0083-W1,0.0,-1,0,no_movement
SCN-03-MULTIHOP-0083,multi_hop,validation,SCN-03-MULTIHOP-0083-W1,1,SCN-03-MULTIHOP-0083-W1,2988.37,0,0,no_movement
SCN-03-MULTIHOP-0083,multi_hop,validation,SCN-03-MULTIHOP-0083-W2,1,SCN-03-MULTIHOP-0083-W1,3215.89,1,0,no_movement
SCN-03-MULTIHOP-0083,multi_hop,validation,SCN-03-MULTIHOP-0083-W3,1,SCN-03-MULTIHOP-0083-W1,32980.74,2,0,forward
SCN-03-MULTIHOP-0083,multi_hop,validation,SCN-03-MULTIHOP-0083-W4,0,SCN-03-MULTIHOP-0083-W1,0.0,-1,0,no_movement
SCN-03-MULTIHOP-0083,multi_hop,validation,SCN-03-MULTIHOP-0083-NORMAL_A,0,SCN-03-MULTIHOP-0083-W1,0.0,-1,0,no_movement
SCN-03-MULTIHOP-0083,multi_hop,validation,SCN-03-MULTIHOP-0083-NORMAL_B,0,SCN-03-MULTIHOP-0083-W1,0.0,-1,0,no_movement
SCN-03-MULTIHOP-0083,multi_hop,validation,SCN-03-MULTIHOP-0083-NORMAL_C,0,SCN-03-MULTIHOP-0083-W1,0.0,-1,0,no_movement
SCN-03-MULTIHOP-0084,multi_hop,validation,SCN-03-MULTIHOP-0084-VICTIM,0,SCN-03-MULTIHOP-0084-W1,0.0,-1,0,no_movement
SCN-03-MULTIHOP-0084,multi_hop,validation,SCN-03-MULTIHOP-0084-W1,1,SCN-03-MULTIHOP-0084-W1,3675.58,0,0,no_movement
SCN-03-MULTIHOP-0084,multi_hop,validation,SCN-03-MULTIHOP-0084-W2,1,SCN-03-MULTIHOP-0084-W1,3811.03,1,0,no_movement
SCN-03-MULTIHOP-0084,multi_hop,validation,SCN-03-MULTIHOP-0084-W3,1,SCN-03-MULTIHOP-0084-W1,40065.39,2,0,forward
SCN-03-MULTIHOP-0084,multi_hop,validation,SCN-03-MULTIHOP-0084-W4,0,SCN-03-MULTIHOP-0084-W1,0.0,-1,0,no_movement
SCN-03-MULTIHOP-0084,multi_hop,validation,SCN-03-MULTIHOP-0084-NORMAL_A,0,SCN-03-MULTIHOP-0084-W1,0.0,-1,0,no_movement
SCN-03-MULTIHOP-0084,multi_hop,validation,SCN-03-MULTIHOP-0084-NORMAL_B,0,SCN-03-MULTIHOP-0084-W1,0.0,-1,0,no_movement
SCN-03-MULTIHOP-0084,multi_hop,validation,SCN-03-MULTIHOP-0084-NORMAL_C,0,SCN-03-MULTIHOP-0084-W1,0.0,-1,0,no_movement
SCN-03-MULTIHOP-0085,multi_hop,train,SCN-03-MULTIHOP-0085-VICTIM,0,SCN-03-MULTIHOP-0085-W1,0.0,-1,0,no_movement
SCN-03-MULTIHOP-0085,multi_hop,train,SCN-03-MULTIHOP-0085-W1,1,SCN-03-MULTIHOP-0085-W1,3734.52,0,0,no_movement
SCN-03-MULTIHOP-0085,multi_hop,train,SCN-03-MULTIHOP-0085-W2,1,SCN-03-MULTIHOP-0085-W1,3877.54,1,0,no_movement
SCN-03-MULTIHOP-0085,multi_hop,train,SCN-03-MULTIHOP-0085-W3,1,SCN-03-MULTIHOP-0085-W1,40580.94,2,0,forward
SCN-03-MULTIHOP-0085,multi_hop,train,SCN-03-MULTIHOP-0085-W4,0,SCN-03-MULTIHOP-0085-W1,0.0,-1,0,no_movement
SCN-03-MULTIHOP-0085,multi_hop,train,SCN-03-MULTIHOP-0085-NORMAL_A,0,SCN-03-MULTIHOP-0085-W1,0.0,-1,0,no_movement
SCN-03-MULTIHOP-0085,multi_hop,train,SCN-03-MULTIHOP-0085-NORMAL_B,0,SCN-03-MULTIHOP-0085-W1,0.0,-1,0,no_movement
SCN-03-MULTIHOP-0085,multi_hop,train,SCN-03-MULTIHOP-0085-NORMAL_C,0,SCN-03-MULTIHOP-0085-W1,0.0,-1,0,no_movement
SCN-03-MULTIHOP-0086,multi_hop,train,SCN-03-MULTIHOP-0086-VICTIM,0,SCN-03-MULTIHOP-0086-W1,0.0,-1,0,no_movement
SCN-03-MULTIHOP-0086,multi_hop,train,SCN-03-MULTIHOP-0086-W1,1,SCN-03-MULTIHOP-0086-W1,2494.32,0,0,no_movement
SCN-03-MULTIHOP-0086,multi_hop,train,SCN-03-MULTIHOP-0086-W2,1,SCN-03-MULTIHOP-0086-W1,2648.81,1,0,no_movement
SCN-03-MULTIHOP-0086,multi_hop,train,SCN-03-MULTIHOP-0086-W3,1,SCN-03-MULTIHOP-0086-W1,27307.87,2,0,forward
SCN-03-MULTIHOP-0086,multi_hop,train,SCN-03-MULTIHOP-0086-W4,0,SCN-03-MULTIHOP-0086-W1,0.0,-1,0,no_movement
SCN-03-MULTIHOP-0086,multi_hop,train,SCN-03-MULTIHOP-0086-NORMAL_A,0,SCN-03-MULTIHOP-0086-W1,0.0,-1,0,no_movement
SCN-03-MULTIHOP-0086,multi_hop,train,SCN-03-MULTIHOP-0086-NORMAL_B,0,SCN-03-MULTIHOP-0086-W1,0.0,-1,0,no_movement
SCN-03-MULTIHOP-0086,multi_hop,train,SCN-03-MULTIHOP-0086-NORMAL_C,0,SCN-03-MULTIHOP-0086-W1,0.0,-1,0,no_movement
SCN-03-MULTIHOP-0087,multi_hop,train,SCN-03-MULTIHOP-0087-VICTIM,0,SCN-03-MULTIHOP-0087-W1,0.0,-1,0,no_movement
SCN-03-MULTIHOP-0087,multi_hop,train,SCN-03-MULTIHOP-0087-W1,1,SCN-03-MULTIHOP-0087-W1,2993.71,0,0,no_movement
SCN-03-MULTIHOP-0087,multi_hop,train,SCN-03-MULTIHOP-0087-W2,1,SCN-03-MULTIHOP-0087-W1,3175.47,1,0,no_movement
SCN-03-MULTIHOP-0087,multi_hop,train,SCN-03-MULTIHOP-0087-W3,1,SCN-03-MULTIHOP-0087-W1,32217.82,2,0,forward
SCN-03-MULTIHOP-0087,multi_hop,train,SCN-03-MULTIHOP-0087-W4,0,SCN-03-MULTIHOP-0087-W1,0.0,-1,0,no_movement
SCN-03-MULTIHOP-0087,multi_hop,train,SCN-03-MULTIHOP-0087-NORMAL_A,0,SCN-03-MULTIHOP-0087-W1,0.0,-1,0,no_movement
SCN-03-MULTIHOP-0087,multi_hop,train,SCN-03-MULTIHOP-0087-NORMAL_B,0,SCN-03-MULTIHOP-0087-W1,0.0,-1,0,no_movement
SCN-03-MULTIHOP-0087,multi_hop,train,SCN-03-MULTIHOP-0087-NORMAL_C,0,SCN-03-MULTIHOP-0087-W1,0.0,-1,0,no_movement
SCN-03-MULTIHOP-0088,multi_hop,train,SCN-03-MULTIHOP-0088-VICTIM,0,SCN-03-MULTIHOP-0088-W1,0.0,-1,0,no_movement
SCN-03-MULTIHOP-0088,multi_hop,train,SCN-03-MULTIHOP-0088-W1,1,SCN-03-MULTIHOP-0088-W1,3739.51,0,0,no_movement
SCN-03-MULTIHOP-0088,multi_hop,train,SCN-03-MULTIHOP-0088-W2,1,SCN-03-MULTIHOP-0088-W1,4067.61,1,0,no_movement
SCN-03-MULTIHOP-0088,multi_hop,train,SCN-03-MULTIHOP-0088-W3,1,SCN-03-MULTIHOP-0088-W1,41086.88,2,0,forward
SCN-03-MULTIHOP-0088,multi_hop,train,SCN-03-MULTIHOP-0088-W4,0,SCN-03-MULTIHOP-0088-W1,0.0,-1,0,no_movement
SCN-03-MULTIHOP-0088,multi_hop,train,SCN-03-MULTIHOP-0088-NORMAL_A,0,SCN-03-MULTIHOP-0088-W1,0.0,-1,0,no_movement
SCN-03-MULTIHOP-0088,multi_hop,train,SCN-03-MULTIHOP-0088-NORMAL_B,0,SCN-03-MULTIHOP-0088-W1,0.0,-1,0,no_movement
SCN-03-MULTIHOP-0088,multi_hop,train,SCN-03-MULTIHOP-0088-NORMAL_C,0,SCN-03-MULTIHOP-0088-W1,0.0,-1,0,no_movement
SCN-03-MULTIHOP-0089,multi_hop,train,SCN-03-MULTIHOP-0089-VICTIM,0,SCN-03-MULTIHOP-0089-W1,0.0,-1,0,no_movement
SCN-03-MULTIHOP-0089,multi_hop,train,SCN-03-MULTIHOP-0089-W1,1,SCN-03-MULTIHOP-0089-W1,4031.84,0,0,no_movement
SCN-03-MULTIHOP-0089,multi_hop,train,SCN-03-MULTIHOP-0089-W2,1,SCN-03-MULTIHOP-0089-W1,4299.41,1,0,no_movement
SCN-03-MULTIHOP-0089,multi_hop,train,SCN-03-MULTIHOP-0089-W3,1,SCN-03-MULTIHOP-0089-W1,43746.75,2,0,forward
SCN-03-MULTIHOP-0089,multi_hop,train,SCN-03-MULTIHOP-0089-W4,0,SCN-03-MULTIHOP-0089-W1,0.0,-1,0,no_movement
SCN-03-MULTIHOP-0089,multi_hop,train,SCN-03-MULTIHOP-0089-NORMAL_A,0,SCN-03-MULTIHOP-0089-W1,0.0,-1,0,no_movement
SCN-03-MULTIHOP-0089,multi_hop,train,SCN-03-MULTIHOP-0089-NORMAL_B,0,SCN-03-MULTIHOP-0089-W1,0.0,-1,0,no_movement
SCN-03-MULTIHOP-0089,multi_hop,train,SCN-03-MULTIHOP-0089-NORMAL_C,0,SCN-03-MULTIHOP-0089-W1,0.0,-1,0,no_movement
SCN-03-MULTIHOP-0090,multi_hop,train,SCN-03-MULTIHOP-0090-VICTIM,0,SCN-03-MULTIHOP-0090-W1,0.0,-1,0,no_movement
SCN-03-MULTIHOP-0090,multi_hop,train,SCN-03-MULTIHOP-0090-W1,1,SCN-03-MULTIHOP-0090-W1,3993.49,0,0,no_movement
SCN-03-MULTIHOP-0090,multi_hop,train,SCN-03-MULTIHOP-0090-W2,1,SCN-03-MULTIHOP-0090-W1,4285.56,1,0,no_movement
SCN-03-MULTIHOP-0090,multi_hop,train,SCN-03-MULTIHOP-0090-W3,1,SCN-03-MULTIHOP-0090-W1,43528.95,2,0,forward
SCN-03-MULTIHOP-0090,multi_hop,train,SCN-03-MULTIHOP-0090-W4,0,SCN-03-MULTIHOP-0090-W1,0.0,-1,0,no_movement
SCN-03-MULTIHOP-0090,multi_hop,train,SCN-03-MULTIHOP-0090-NORMAL_A,0,SCN-03-MULTIHOP-0090-W1,0.0,-1,0,no_movement
SCN-03-MULTIHOP-0090,multi_hop,train,SCN-03-MULTIHOP-0090-NORMAL_B,0,SCN-03-MULTIHOP-0090-W1,0.0,-1,0,no_movement
SCN-03-MULTIHOP-0090,multi_hop,train,SCN-03-MULTIHOP-0090-NORMAL_C,0,SCN-03-MULTIHOP-0090-W1,0.0,-1,0,no_movement
SCN-03-MULTIHOP-0091,multi_hop,train,SCN-03-MULTIHOP-0091-VICTIM,0,SCN-03-MULTIHOP-0091-W1,0.0,-1,0,no_movement
SCN-03-MULTIHOP-0091,multi_hop,train,SCN-03-MULTIHOP-0091-W1,1,SCN-03-MULTIHOP-0091-W1,3405.56,0,0,no_movement
SCN-03-MULTIHOP-0091,multi_hop,train,SCN-03-MULTIHOP-0091-W2,1,SCN-03-MULTIHOP-0091-W1,3695.0,1,0,no_movement
SCN-03-MULTIHOP-0091,multi_hop,train,SCN-03-MULTIHOP-0091-W3,1,SCN-03-MULTIHOP-0091-W1,37609.44,2,0,forward
SCN-03-MULTIHOP-0091,multi_hop,train,SCN-03-MULTIHOP-0091-W4,0,SCN-03-MULTIHOP-0091-W1,0.0,-1,0,no_movement
SCN-03-MULTIHOP-0091,multi_hop,train,SCN-03-MULTIHOP-0091-NORMAL_A,0,SCN-03-MULTIHOP-0091-W1,0.0,-1,0,no_movement
SCN-03-MULTIHOP-0091,multi_hop,train,SCN-03-MULTIHOP-0091-NORMAL_B,0,SCN-03-MULTIHOP-0091-W1,0.0,-1,0,no_movement
SCN-03-MULTIHOP-0091,multi_hop,train,SCN-03-MULTIHOP-0091-NORMAL_C,0,SCN-03-MULTIHOP-0091-W1,0.0,-1,0,no_movement
SCN-03-MULTIHOP-0092,multi_hop,train,SCN-03-MULTIHOP-0092-VICTIM,0,SCN-03-MULTIHOP-0092-W1,0.0,-1,0,no_movement
SCN-03-MULTIHOP-0092,multi_hop,train,SCN-03-MULTIHOP-0092-W1,1,SCN-03-MULTIHOP-0092-W1,2574.83,0,0,no_movement
SCN-03-MULTIHOP-0092,multi_hop,train,SCN-03-MULTIHOP-0092-W2,1,SCN-03-MULTIHOP-0092-W1,2794.95,1,0,no_movement
SCN-03-MULTIHOP-0092,multi_hop,train,SCN-03-MULTIHOP-0092-W3,1,SCN-03-MULTIHOP-0092-W1,28438.22,2,0,forward
SCN-03-MULTIHOP-0092,multi_hop,train,SCN-03-MULTIHOP-0092-W4,0,SCN-03-MULTIHOP-0092-W1,0.0,-1,0,no_movement
SCN-03-MULTIHOP-0092,multi_hop,train,SCN-03-MULTIHOP-0092-NORMAL_A,0,SCN-03-MULTIHOP-0092-W1,0.0,-1,0,no_movement
SCN-03-MULTIHOP-0092,multi_hop,train,SCN-03-MULTIHOP-0092-NORMAL_B,0,SCN-03-MULTIHOP-0092-W1,0.0,-1,0,no_movement
SCN-03-MULTIHOP-0092,multi_hop,train,SCN-03-MULTIHOP-0092-NORMAL_C,0,SCN-03-MULTIHOP-0092-W1,0.0,-1,0,no_movement
SCN-03-MULTIHOP-0093,multi_hop,validation,SCN-03-MULTIHOP-0093-VICTIM,0,SCN-03-MULTIHOP-0093-W1,0.0,-1,0,no_movement
SCN-03-MULTIHOP-0093,multi_hop,validation,SCN-03-MULTIHOP-0093-W1,1,SCN-03-MULTIHOP-0093-W1,3862.01,0,0,no_movement
SCN-03-MULTIHOP-0093,multi_hop,validation,SCN-03-MULTIHOP-0093-W2,1,SCN-03-MULTIHOP-0093-W1,4083.88,1,0,no_movement
SCN-03-MULTIHOP-0093,multi_hop,validation,SCN-03-MULTIHOP-0093-W3,1,SCN-03-MULTIHOP-0093-W1,42885.11,2,0,forward
SCN-03-MULTIHOP-0093,multi_hop,validation,SCN-03-MULTIHOP-0093-W4,0,SCN-03-MULTIHOP-0093-W1,0.0,-1,0,no_movement
SCN-03-MULTIHOP-0093,multi_hop,validation,SCN-03-MULTIHOP-0093-NORMAL_A,0,SCN-03-MULTIHOP-0093-W1,0.0,-1,0,no_movement
SCN-03-MULTIHOP-0093,multi_hop,validation,SCN-03-MULTIHOP-0093-NORMAL_B,0,SCN-03-MULTIHOP-0093-W1,0.0,-1,0,no_movement
SCN-03-MULTIHOP-0093,multi_hop,validation,SCN-03-MULTIHOP-0093-NORMAL_C,0,SCN-03-MULTIHOP-0093-W1,0.0,-1,0,no_movement
SCN-03-MULTIHOP-0094,multi_hop,validation,SCN-03-MULTIHOP-0094-VICTIM,0,SCN-03-MULTIHOP-0094-W1,0.0,-1,0,no_movement
SCN-03-MULTIHOP-0094,multi_hop,validation,SCN-03-MULTIHOP-0094-W1,1,SCN-03-MULTIHOP-0094-W1,3461.09,0,0,no_movement
SCN-03-MULTIHOP-0094,multi_hop,validation,SCN-03-MULTIHOP-0094-W2,1,SCN-03-MULTIHOP-0094-W1,3796.34,1,0,no_movement
SCN-03-MULTIHOP-0094,multi_hop,validation,SCN-03-MULTIHOP-0094-W3,1,SCN-03-MULTIHOP-0094-W1,38149.57,2,0,forward
SCN-03-MULTIHOP-0094,multi_hop,validation,SCN-03-MULTIHOP-0094-W4,0,SCN-03-MULTIHOP-0094-W1,0.0,-1,0,no_movement
SCN-03-MULTIHOP-0094,multi_hop,validation,SCN-03-MULTIHOP-0094-NORMAL_A,0,SCN-03-MULTIHOP-0094-W1,0.0,-1,0,no_movement
SCN-03-MULTIHOP-0094,multi_hop,validation,SCN-03-MULTIHOP-0094-NORMAL_B,0,SCN-03-MULTIHOP-0094-W1,0.0,-1,0,no_movement
SCN-03-MULTIHOP-0094,multi_hop,validation,SCN-03-MULTIHOP-0094-NORMAL_C,0,SCN-03-MULTIHOP-0094-W1,0.0,-1,0,no_movement
SCN-03-MULTIHOP-0095,multi_hop,validation,SCN-03-MULTIHOP-0095-VICTIM,0,SCN-03-MULTIHOP-0095-W1,0.0,-1,0,no_movement
SCN-03-MULTIHOP-0095,multi_hop,validation,SCN-03-MULTIHOP-0095-W1,1,SCN-03-MULTIHOP-0095-W1,3690.34,0,0,no_movement
SCN-03-MULTIHOP-0095,multi_hop,validation,SCN-03-MULTIHOP-0095-W2,1,SCN-03-MULTIHOP-0095-W1,3923.0,1,0,no_movement
SCN-03-MULTIHOP-0095,multi_hop,validation,SCN-03-MULTIHOP-0095-W3,1,SCN-03-MULTIHOP-0095-W1,40098.66,2,0,forward
SCN-03-MULTIHOP-0095,multi_hop,validation,SCN-03-MULTIHOP-0095-W4,0,SCN-03-MULTIHOP-0095-W1,0.0,-1,0,no_movement
SCN-03-MULTIHOP-0095,multi_hop,validation,SCN-03-MULTIHOP-0095-NORMAL_A,0,SCN-03-MULTIHOP-0095-W1,0.0,-1,0,no_movement
SCN-03-MULTIHOP-0095,multi_hop,validation,SCN-03-MULTIHOP-0095-NORMAL_B,0,SCN-03-MULTIHOP-0095-W1,0.0,-1,0,no_movement
SCN-03-MULTIHOP-0095,multi_hop,validation,SCN-03-MULTIHOP-0095-NORMAL_C,0,SCN-03-MULTIHOP-0095-W1,0.0,-1,0,no_movement
SCN-03-MULTIHOP-0096,multi_hop,validation,SCN-03-MULTIHOP-0096-VICTIM,0,SCN-03-MULTIHOP-0096-W1,0.0,-1,0,no_movement
SCN-03-MULTIHOP-0096,multi_hop,validation,SCN-03-MULTIHOP-0096-W1,1,SCN-03-MULTIHOP-0096-W1,3304.96,0,0,no_movement
SCN-03-MULTIHOP-0096,multi_hop,validation,SCN-03-MULTIHOP-0096-W2,1,SCN-03-MULTIHOP-0096-W1,3497.63,1,0,no_movement
SCN-03-MULTIHOP-0096,multi_hop,validation,SCN-03-MULTIHOP-0096-W3,1,SCN-03-MULTIHOP-0096-W1,36417.41,2,0,forward
SCN-03-MULTIHOP-0096,multi_hop,validation,SCN-03-MULTIHOP-0096-W4,0,SCN-03-MULTIHOP-0096-W1,0.0,-1,0,no_movement
SCN-03-MULTIHOP-0096,multi_hop,validation,SCN-03-MULTIHOP-0096-NORMAL_A,0,SCN-03-MULTIHOP-0096-W1,0.0,-1,0,no_movement
SCN-03-MULTIHOP-0096,multi_hop,validation,SCN-03-MULTIHOP-0096-NORMAL_B,0,SCN-03-MULTIHOP-0096-W1,0.0,-1,0,no_movement
SCN-03-MULTIHOP-0096,multi_hop,validation,SCN-03-MULTIHOP-0096-NORMAL_C,0,SCN-03-MULTIHOP-0096-W1,0.0,-1,0,no_movement
SCN-03-MULTIHOP-0097,multi_hop,validation,SCN-03-MULTIHOP-0097-VICTIM,0,SCN-03-MULTIHOP-0097-W1,0.0,-1,0,no_movement
SCN-03-MULTIHOP-0097,multi_hop,validation,SCN-03-MULTIHOP-0097-W1,1,SCN-03-MULTIHOP-0097-W1,2960.3,0,0,no_movement
SCN-03-MULTIHOP-0097,multi_hop,validation,SCN-03-MULTIHOP-0097-W2,1,SCN-03-MULTIHOP-0097-W1,3081.34,1,0,no_movement
SCN-03-MULTIHOP-0097,multi_hop,validation,SCN-03-MULTIHOP-0097-W3,1,SCN-03-MULTIHOP-0097-W1,32116.36,2,0,forward
SCN-03-MULTIHOP-0097,multi_hop,validation,SCN-03-MULTIHOP-0097-W4,0,SCN-03-MULTIHOP-0097-W1,0.0,-1,0,no_movement
SCN-03-MULTIHOP-0097,multi_hop,validation,SCN-03-MULTIHOP-0097-NORMAL_A,0,SCN-03-MULTIHOP-0097-W1,0.0,-1,0,no_movement
SCN-03-MULTIHOP-0097,multi_hop,validation,SCN-03-MULTIHOP-0097-NORMAL_B,0,SCN-03-MULTIHOP-0097-W1,0.0,-1,0,no_movement
SCN-03-MULTIHOP-0097,multi_hop,validation,SCN-03-MULTIHOP-0097-NORMAL_C,0,SCN-03-MULTIHOP-0097-W1,0.0,-1,0,no_movement
SCN-03-MULTIHOP-0098,multi_hop,train,SCN-03-MULTIHOP-0098-VICTIM,0,SCN-03-MULTIHOP-0098-W1,0.0,-1,0,no_movement
SCN-03-MULTIHOP-0098,multi_hop,train,SCN-03-MULTIHOP-0098-W1,1,SCN-03-MULTIHOP-0098-W1,3076.34,0,0,no_movement
SCN-03-MULTIHOP-0098,multi_hop,train,SCN-03-MULTIHOP-0098-W2,1,SCN-03-MULTIHOP-0098-W1,3276.49,1,0,no_movement
SCN-03-MULTIHOP-0098,multi_hop,train,SCN-03-MULTIHOP-0098-W3,1,SCN-03-MULTIHOP-0098-W1,33121.17,2,0,forward
SCN-03-MULTIHOP-0098,multi_hop,train,SCN-03-MULTIHOP-0098-W4,0,SCN-03-MULTIHOP-0098-W1,0.0,-1,0,no_movement
SCN-03-MULTIHOP-0098,multi_hop,train,SCN-03-MULTIHOP-0098-NORMAL_A,0,SCN-03-MULTIHOP-0098-W1,0.0,-1,0,no_movement
SCN-03-MULTIHOP-0098,multi_hop,train,SCN-03-MULTIHOP-0098-NORMAL_B,0,SCN-03-MULTIHOP-0098-W1,0.0,-1,0,no_movement
SCN-03-MULTIHOP-0098,multi_hop,train,SCN-03-MULTIHOP-0098-NORMAL_C,0,SCN-03-MULTIHOP-0098-W1,0.0,-1,0,no_movement
SCN-03-MULTIHOP-0099,multi_hop,train,SCN-03-MULTIHOP-0099-VICTIM,0,SCN-03-MULTIHOP-0099-W1,0.0,-1,0,no_movement
SCN-03-MULTIHOP-0099,multi_hop,train,SCN-03-MULTIHOP-0099-W1,1,SCN-03-MULTIHOP-0099-W1,3551.91,0,0,no_movement
SCN-03-MULTIHOP-0099,multi_hop,train,SCN-03-MULTIHOP-0099-W2,1,SCN-03-MULTIHOP-0099-W1,3800.98,1,0,no_movement
SCN-03-MULTIHOP-0099,multi_hop,train,SCN-03-MULTIHOP-0099-W3,1,SCN-03-MULTIHOP-0099-W1,39144.11,2,0,forward
SCN-03-MULTIHOP-0099,multi_hop,train,SCN-03-MULTIHOP-0099-W4,0,SCN-03-MULTIHOP-0099-W1,0.0,-1,0,no_movement
SCN-03-MULTIHOP-0099,multi_hop,train,SCN-03-MULTIHOP-0099-NORMAL_A,0,SCN-03-MULTIHOP-0099-W1,0.0,-1,0,no_movement
SCN-03-MULTIHOP-0099,multi_hop,train,SCN-03-MULTIHOP-0099-NORMAL_B,0,SCN-03-MULTIHOP-0099-W1,0.0,-1,0,no_movement
SCN-03-MULTIHOP-0099,multi_hop,train,SCN-03-MULTIHOP-0099-NORMAL_C,0,SCN-03-MULTIHOP-0099-W1,0.0,-1,0,no_movement
SCN-03-MULTIHOP-0100,multi_hop,train,SCN-03-MULTIHOP-0100-VICTIM,0,SCN-03-MULTIHOP-0100-W1,0.0,-1,0,no_movement
SCN-03-MULTIHOP-0100,multi_hop,train,SCN-03-MULTIHOP-0100-W1,1,SCN-03-MULTIHOP-0100-W1,3943.46,0,0,no_movement
SCN-03-MULTIHOP-0100,multi_hop,train,SCN-03-MULTIHOP-0100-W2,1,SCN-03-MULTIHOP-0100-W1,4196.9,1,0,no_movement
SCN-03-MULTIHOP-0100,multi_hop,train,SCN-03-MULTIHOP-0100-W3,1,SCN-03-MULTIHOP-0100-W1,42953.64,2,0,forward
SCN-03-MULTIHOP-0100,multi_hop,train,SCN-03-MULTIHOP-0100-W4,0,SCN-03-MULTIHOP-0100-W1,0.0,-1,0,no_movement
SCN-03-MULTIHOP-0100,multi_hop,train,SCN-03-MULTIHOP-0100-NORMAL_A,0,SCN-03-MULTIHOP-0100-W1,0.0,-1,0,no_movement
SCN-03-MULTIHOP-0100,multi_hop,train,SCN-03-MULTIHOP-0100-NORMAL_B,0,SCN-03-MULTIHOP-0100-W1,0.0,-1,0,no_movement
SCN-03-MULTIHOP-0100,multi_hop,train,SCN-03-MULTIHOP-0100-NORMAL_C,0,SCN-03-MULTIHOP-0100-W1,0.0,-1,0,no_movement
SCN-04-MIXED-0001,mixed_balance,train,SCN-04-MIXED-0001-VICTIM,0,SCN-04-MIXED-0001-W1,0.0,-1,0,no_movement
SCN-04-MIXED-0001,mixed_balance,train,SCN-04-MIXED-0001-W1,1,SCN-04-MIXED-0001-W1,18659.78,0,0,no_movement
SCN-04-MIXED-0001,mixed_balance,train,SCN-04-MIXED-0001-W2,1,SCN-04-MIXED-0001-W1,7635.05,1,0,no_movement
SCN-04-MIXED-0001,mixed_balance,train,SCN-04-MIXED-0001-W3,1,SCN-04-MIXED-0001-W1,4171.17,2,0,forward
SCN-04-MIXED-0001,mixed_balance,train,SCN-04-MIXED-0001-W4,0,SCN-04-MIXED-0001-W1,0.0,-1,0,no_movement
SCN-04-MIXED-0001,mixed_balance,train,SCN-04-MIXED-0001-NORMAL_A,0,SCN-04-MIXED-0001-W1,0.0,-1,0,no_movement
SCN-04-MIXED-0001,mixed_balance,train,SCN-04-MIXED-0001-NORMAL_B,0,SCN-04-MIXED-0001-W1,0.0,-1,0,no_movement
SCN-04-MIXED-0001,mixed_balance,train,SCN-04-MIXED-0001-NORMAL_C,0,SCN-04-MIXED-0001-W1,0.0,-1,0,no_movement
SCN-04-MIXED-0002,mixed_balance,train,SCN-04-MIXED-0002-VICTIM,0,SCN-04-MIXED-0002-W1,0.0,-1,0,no_movement
SCN-04-MIXED-0002,mixed_balance,train,SCN-04-MIXED-0002-W1,1,SCN-04-MIXED-0002-W1,13827.98,0,0,no_movement
SCN-04-MIXED-0002,mixed_balance,train,SCN-04-MIXED-0002-W2,1,SCN-04-MIXED-0002-W1,5794.87,1,0,no_movement
SCN-04-MIXED-0002,mixed_balance,train,SCN-04-MIXED-0002-W3,1,SCN-04-MIXED-0002-W1,2955.15,2,0,forward
SCN-04-MIXED-0002,mixed_balance,train,SCN-04-MIXED-0002-W4,0,SCN-04-MIXED-0002-W1,0.0,-1,0,no_movement
SCN-04-MIXED-0002,mixed_balance,train,SCN-04-MIXED-0002-NORMAL_A,0,SCN-04-MIXED-0002-W1,0.0,-1,0,no_movement
SCN-04-MIXED-0002,mixed_balance,train,SCN-04-MIXED-0002-NORMAL_B,0,SCN-04-MIXED-0002-W1,0.0,-1,0,no_movement
SCN-04-MIXED-0002,mixed_balance,train,SCN-04-MIXED-0002-NORMAL_C,0,SCN-04-MIXED-0002-W1,0.0,-1,0,no_movement
SCN-04-MIXED-0003,mixed_balance,train,SCN-04-MIXED-0003-VICTIM,0,SCN-04-MIXED-0003-W1,0.0,-1,0,no_movement
SCN-04-MIXED-0003,mixed_balance,train,SCN-04-MIXED-0003-W1,1,SCN-04-MIXED-0003-W1,15642.36,0,0,no_movement
SCN-04-MIXED-0003,mixed_balance,train,SCN-04-MIXED-0003-W2,1,SCN-04-MIXED-0003-W1,6505.03,1,0,no_movement
SCN-04-MIXED-0003,mixed_balance,train,SCN-04-MIXED-0003-W3,1,SCN-04-MIXED-0003-W1,3344.61,2,0,forward
SCN-04-MIXED-0003,mixed_balance,train,SCN-04-MIXED-0003-W4,0,SCN-04-MIXED-0003-W1,0.0,-1,0,no_movement
SCN-04-MIXED-0003,mixed_balance,train,SCN-04-MIXED-0003-NORMAL_A,0,SCN-04-MIXED-0003-W1,0.0,-1,0,no_movement
SCN-04-MIXED-0003,mixed_balance,train,SCN-04-MIXED-0003-NORMAL_B,0,SCN-04-MIXED-0003-W1,0.0,-1,0,no_movement
SCN-04-MIXED-0003,mixed_balance,train,SCN-04-MIXED-0003-NORMAL_C,0,SCN-04-MIXED-0003-W1,0.0,-1,0,no_movement
SCN-04-MIXED-0004,mixed_balance,train,SCN-04-MIXED-0004-VICTIM,0,SCN-04-MIXED-0004-W1,0.0,-1,0,no_movement
SCN-04-MIXED-0004,mixed_balance,train,SCN-04-MIXED-0004-W1,1,SCN-04-MIXED-0004-W1,18772.67,0,0,no_movement
SCN-04-MIXED-0004,mixed_balance,train,SCN-04-MIXED-0004-W2,1,SCN-04-MIXED-0004-W1,7062.01,1,0,no_movement
SCN-04-MIXED-0004,mixed_balance,train,SCN-04-MIXED-0004-W3,1,SCN-04-MIXED-0004-W1,4692.32,2,0,forward
SCN-04-MIXED-0004,mixed_balance,train,SCN-04-MIXED-0004-W4,0,SCN-04-MIXED-0004-W1,0.0,-1,0,no_movement
SCN-04-MIXED-0004,mixed_balance,train,SCN-04-MIXED-0004-NORMAL_A,0,SCN-04-MIXED-0004-W1,0.0,-1,0,no_movement
SCN-04-MIXED-0004,mixed_balance,train,SCN-04-MIXED-0004-NORMAL_B,0,SCN-04-MIXED-0004-W1,0.0,-1,0,no_movement
SCN-04-MIXED-0004,mixed_balance,train,SCN-04-MIXED-0004-NORMAL_C,0,SCN-04-MIXED-0004-W1,0.0,-1,0,no_movement
SCN-04-MIXED-0005,mixed_balance,train,SCN-04-MIXED-0005-VICTIM,0,SCN-04-MIXED-0005-W1,0.0,-1,0,no_movement
SCN-04-MIXED-0005,mixed_balance,train,SCN-04-MIXED-0005-W1,1,SCN-04-MIXED-0005-W1,22244.64,0,0,no_movement
SCN-04-MIXED-0005,mixed_balance,train,SCN-04-MIXED-0005-W2,1,SCN-04-MIXED-0005-W1,9306.92,1,0,no_movement
SCN-04-MIXED-0005,mixed_balance,train,SCN-04-MIXED-0005-W3,1,SCN-04-MIXED-0005-W1,4743.44,2,0,forward
SCN-04-MIXED-0005,mixed_balance,train,SCN-04-MIXED-0005-W4,0,SCN-04-MIXED-0005-W1,0.0,-1,0,no_movement
SCN-04-MIXED-0005,mixed_balance,train,SCN-04-MIXED-0005-NORMAL_A,0,SCN-04-MIXED-0005-W1,0.0,-1,0,no_movement
SCN-04-MIXED-0005,mixed_balance,train,SCN-04-MIXED-0005-NORMAL_B,0,SCN-04-MIXED-0005-W1,0.0,-1,0,no_movement
SCN-04-MIXED-0005,mixed_balance,train,SCN-04-MIXED-0005-NORMAL_C,0,SCN-04-MIXED-0005-W1,0.0,-1,0,no_movement
SCN-04-MIXED-0006,mixed_balance,train,SCN-04-MIXED-0006-VICTIM,0,SCN-04-MIXED-0006-W1,0.0,-1,0,no_movement
SCN-04-MIXED-0006,mixed_balance,train,SCN-04-MIXED-0006-W1,1,SCN-04-MIXED-0006-W1,21780.84,0,0,no_movement
SCN-04-MIXED-0006,mixed_balance,train,SCN-04-MIXED-0006-W2,1,SCN-04-MIXED-0006-W1,9230.77,1,0,no_movement
SCN-04-MIXED-0006,mixed_balance,train,SCN-04-MIXED-0006-W3,1,SCN-04-MIXED-0006-W1,4639.39,2,0,forward
SCN-04-MIXED-0006,mixed_balance,train,SCN-04-MIXED-0006-W4,0,SCN-04-MIXED-0006-W1,0.0,-1,0,no_movement
SCN-04-MIXED-0006,mixed_balance,train,SCN-04-MIXED-0006-NORMAL_A,0,SCN-04-MIXED-0006-W1,0.0,-1,0,no_movement
SCN-04-MIXED-0006,mixed_balance,train,SCN-04-MIXED-0006-NORMAL_B,0,SCN-04-MIXED-0006-W1,0.0,-1,0,no_movement
SCN-04-MIXED-0006,mixed_balance,train,SCN-04-MIXED-0006-NORMAL_C,0,SCN-04-MIXED-0006-W1,0.0,-1,0,no_movement
SCN-04-MIXED-0007,mixed_balance,test,SCN-04-MIXED-0007-VICTIM,0,SCN-04-MIXED-0007-W1,0.0,-1,0,no_movement
SCN-04-MIXED-0007,mixed_balance,test,SCN-04-MIXED-0007-W1,1,SCN-04-MIXED-0007-W1,18838.94,0,0,no_movement
SCN-04-MIXED-0007,mixed_balance,test,SCN-04-MIXED-0007-W2,1,SCN-04-MIXED-0007-W1,7405.15,1,0,no_movement
SCN-04-MIXED-0007,mixed_balance,test,SCN-04-MIXED-0007-W3,1,SCN-04-MIXED-0007-W1,4405.91,2,0,forward
SCN-04-MIXED-0007,mixed_balance,test,SCN-04-MIXED-0007-W4,0,SCN-04-MIXED-0007-W1,0.0,-1,0,no_movement
SCN-04-MIXED-0007,mixed_balance,test,SCN-04-MIXED-0007-NORMAL_A,0,SCN-04-MIXED-0007-W1,0.0,-1,0,no_movement
SCN-04-MIXED-0007,mixed_balance,test,SCN-04-MIXED-0007-NORMAL_B,0,SCN-04-MIXED-0007-W1,0.0,-1,0,no_movement
SCN-04-MIXED-0007,mixed_balance,test,SCN-04-MIXED-0007-NORMAL_C,0,SCN-04-MIXED-0007-W1,0.0,-1,0,no_movement
SCN-04-MIXED-0008,mixed_balance,train,SCN-04-MIXED-0008-VICTIM,0,SCN-04-MIXED-0008-W1,0.0,-1,0,no_movement
SCN-04-MIXED-0008,mixed_balance,train,SCN-04-MIXED-0008-W1,1,SCN-04-MIXED-0008-W1,15244.57,0,0,no_movement
SCN-04-MIXED-0008,mixed_balance,train,SCN-04-MIXED-0008-W2,1,SCN-04-MIXED-0008-W1,6282.2,1,0,no_movement
SCN-04-MIXED-0008,mixed_balance,train,SCN-04-MIXED-0008-W3,1,SCN-04-MIXED-0008-W1,3410.23,2,0,forward
SCN-04-MIXED-0008,mixed_balance,train,SCN-04-MIXED-0008-W4,0,SCN-04-MIXED-0008-W1,0.0,-1,0,no_movement
SCN-04-MIXED-0008,mixed_balance,train,SCN-04-MIXED-0008-NORMAL_A,0,SCN-04-MIXED-0008-W1,0.0,-1,0,no_movement
SCN-04-MIXED-0008,mixed_balance,train,SCN-04-MIXED-0008-NORMAL_B,0,SCN-04-MIXED-0008-W1,0.0,-1,0,no_movement
SCN-04-MIXED-0008,mixed_balance,train,SCN-04-MIXED-0008-NORMAL_C,0,SCN-04-MIXED-0008-W1,0.0,-1,0,no_movement
SCN-04-MIXED-0009,mixed_balance,train,SCN-04-MIXED-0009-VICTIM,0,SCN-04-MIXED-0009-W1,0.0,-1,0,no_movement
SCN-04-MIXED-0009,mixed_balance,train,SCN-04-MIXED-0009-W1,1,SCN-04-MIXED-0009-W1,20818.76,0,0,no_movement
SCN-04-MIXED-0009,mixed_balance,train,SCN-04-MIXED-0009-W2,1,SCN-04-MIXED-0009-W1,8537.92,1,0,no_movement
SCN-04-MIXED-0009,mixed_balance,train,SCN-04-MIXED-0009-W3,1,SCN-04-MIXED-0009-W1,4502.32,2,0,forward
SCN-04-MIXED-0009,mixed_balance,train,SCN-04-MIXED-0009-W4,0,SCN-04-MIXED-0009-W1,0.0,-1,0,no_movement
SCN-04-MIXED-0009,mixed_balance,train,SCN-04-MIXED-0009-NORMAL_A,0,SCN-04-MIXED-0009-W1,0.0,-1,0,no_movement
SCN-04-MIXED-0009,mixed_balance,train,SCN-04-MIXED-0009-NORMAL_B,0,SCN-04-MIXED-0009-W1,0.0,-1,0,no_movement
SCN-04-MIXED-0009,mixed_balance,train,SCN-04-MIXED-0009-NORMAL_C,0,SCN-04-MIXED-0009-W1,0.0,-1,0,no_movement
SCN-04-MIXED-0010,mixed_balance,train,SCN-04-MIXED-0010-VICTIM,0,SCN-04-MIXED-0010-W1,0.0,-1,0,no_movement
SCN-04-MIXED-0010,mixed_balance,train,SCN-04-MIXED-0010-W1,1,SCN-04-MIXED-0010-W1,19914.1,0,0,no_movement
SCN-04-MIXED-0010,mixed_balance,train,SCN-04-MIXED-0010-W2,1,SCN-04-MIXED-0010-W1,7671.94,1,0,no_movement
SCN-04-MIXED-0010,mixed_balance,train,SCN-04-MIXED-0010-W3,1,SCN-04-MIXED-0010-W1,4952.96,2,0,forward
SCN-04-MIXED-0010,mixed_balance,train,SCN-04-MIXED-0010-W4,0,SCN-04-MIXED-0010-W1,0.0,-1,0,no_movement
SCN-04-MIXED-0010,mixed_balance,train,SCN-04-MIXED-0010-NORMAL_A,0,SCN-04-MIXED-0010-W1,0.0,-1,0,no_movement
SCN-04-MIXED-0010,mixed_balance,train,SCN-04-MIXED-0010-NORMAL_B,0,SCN-04-MIXED-0010-W1,0.0,-1,0,no_movement
SCN-04-MIXED-0010,mixed_balance,train,SCN-04-MIXED-0010-NORMAL_C,0,SCN-04-MIXED-0010-W1,0.0,-1,0,no_movement
SCN-04-MIXED-0011,mixed_balance,train,SCN-04-MIXED-0011-VICTIM,0,SCN-04-MIXED-0011-W1,0.0,-1,0,no_movement
SCN-04-MIXED-0011,mixed_balance,train,SCN-04-MIXED-0011-W1,1,SCN-04-MIXED-0011-W1,20756.64,0,0,no_movement
SCN-04-MIXED-0011,mixed_balance,train,SCN-04-MIXED-0011-W2,1,SCN-04-MIXED-0011-W1,7627.65,1,0,no_movement
SCN-04-MIXED-0011,mixed_balance,train,SCN-04-MIXED-0011-W3,1,SCN-04-MIXED-0011-W1,5421.71,2,0,forward
SCN-04-MIXED-0011,mixed_balance,train,SCN-04-MIXED-0011-W4,0,SCN-04-MIXED-0011-W1,0.0,-1,0,no_movement
SCN-04-MIXED-0011,mixed_balance,train,SCN-04-MIXED-0011-NORMAL_A,0,SCN-04-MIXED-0011-W1,0.0,-1,0,no_movement
SCN-04-MIXED-0011,mixed_balance,train,SCN-04-MIXED-0011-NORMAL_B,0,SCN-04-MIXED-0011-W1,0.0,-1,0,no_movement
SCN-04-MIXED-0011,mixed_balance,train,SCN-04-MIXED-0011-NORMAL_C,0,SCN-04-MIXED-0011-W1,0.0,-1,0,no_movement
SCN-04-MIXED-0012,mixed_balance,test,SCN-04-MIXED-0012-VICTIM,0,SCN-04-MIXED-0012-W1,0.0,-1,0,no_movement
SCN-04-MIXED-0012,mixed_balance,test,SCN-04-MIXED-0012-W1,1,SCN-04-MIXED-0012-W1,14350.46,0,0,no_movement
SCN-04-MIXED-0012,mixed_balance,test,SCN-04-MIXED-0012-W2,1,SCN-04-MIXED-0012-W1,5719.81,1,0,no_movement
SCN-04-MIXED-0012,mixed_balance,test,SCN-04-MIXED-0012-W3,1,SCN-04-MIXED-0012-W1,3361.73,2,0,forward
SCN-04-MIXED-0012,mixed_balance,test,SCN-04-MIXED-0012-W4,0,SCN-04-MIXED-0012-W1,0.0,-1,0,no_movement
SCN-04-MIXED-0012,mixed_balance,test,SCN-04-MIXED-0012-NORMAL_A,0,SCN-04-MIXED-0012-W1,0.0,-1,0,no_movement
SCN-04-MIXED-0012,mixed_balance,test,SCN-04-MIXED-0012-NORMAL_B,0,SCN-04-MIXED-0012-W1,0.0,-1,0,no_movement
SCN-04-MIXED-0012,mixed_balance,test,SCN-04-MIXED-0012-NORMAL_C,0,SCN-04-MIXED-0012-W1,0.0,-1,0,no_movement
SCN-04-MIXED-0013,mixed_balance,train,SCN-04-MIXED-0013-VICTIM,0,SCN-04-MIXED-0013-W1,0.0,-1,0,no_movement
SCN-04-MIXED-0013,mixed_balance,train,SCN-04-MIXED-0013-W1,1,SCN-04-MIXED-0013-W1,16621.54,0,0,no_movement
SCN-04-MIXED-0013,mixed_balance,train,SCN-04-MIXED-0013-W2,1,SCN-04-MIXED-0013-W1,6735.44,1,0,no_movement
SCN-04-MIXED-0013,mixed_balance,train,SCN-04-MIXED-0013-W3,1,SCN-04-MIXED-0013-W1,3808.02,2,0,forward
SCN-04-MIXED-0013,mixed_balance,train,SCN-04-MIXED-0013-W4,0,SCN-04-MIXED-0013-W1,0.0,-1,0,no_movement
SCN-04-MIXED-0013,mixed_balance,train,SCN-04-MIXED-0013-NORMAL_A,0,SCN-04-MIXED-0013-W1,0.0,-1,0,no_movement
SCN-04-MIXED-0013,mixed_balance,train,SCN-04-MIXED-0013-NORMAL_B,0,SCN-04-MIXED-0013-W1,0.0,-1,0,no_movement
SCN-04-MIXED-0013,mixed_balance,train,SCN-04-MIXED-0013-NORMAL_C,0,SCN-04-MIXED-0013-W1,0.0,-1,0,no_movement
SCN-04-MIXED-0014,mixed_balance,train,SCN-04-MIXED-0014-VICTIM,0,SCN-04-MIXED-0014-W1,0.0,-1,0,no_movement
SCN-04-MIXED-0014,mixed_balance,train,SCN-04-MIXED-0014-W1,1,SCN-04-MIXED-0014-W1,15188.62,0,0,no_movement
SCN-04-MIXED-0014,mixed_balance,train,SCN-04-MIXED-0014-W2,1,SCN-04-MIXED-0014-W1,6088.81,1,0,no_movement
SCN-04-MIXED-0014,mixed_balance,train,SCN-04-MIXED-0014-W3,1,SCN-04-MIXED-0014-W1,3520.57,2,0,forward
SCN-04-MIXED-0014,mixed_balance,train,SCN-04-MIXED-0014-W4,0,SCN-04-MIXED-0014-W1,0.0,-1,0,no_movement
SCN-04-MIXED-0014,mixed_balance,train,SCN-04-MIXED-0014-NORMAL_A,0,SCN-04-MIXED-0014-W1,0.0,-1,0,no_movement
SCN-04-MIXED-0014,mixed_balance,train,SCN-04-MIXED-0014-NORMAL_B,0,SCN-04-MIXED-0014-W1,0.0,-1,0,no_movement
SCN-04-MIXED-0014,mixed_balance,train,SCN-04-MIXED-0014-NORMAL_C,0,SCN-04-MIXED-0014-W1,0.0,-1,0,no_movement
SCN-04-MIXED-0015,mixed_balance,train,SCN-04-MIXED-0015-VICTIM,0,SCN-04-MIXED-0015-W1,0.0,-1,0,no_movement
SCN-04-MIXED-0015,mixed_balance,train,SCN-04-MIXED-0015-W1,1,SCN-04-MIXED-0015-W1,19935.94,0,0,no_movement
SCN-04-MIXED-0015,mixed_balance,train,SCN-04-MIXED-0015-W2,1,SCN-04-MIXED-0015-W1,8241.57,1,0,no_movement
SCN-04-MIXED-0015,mixed_balance,train,SCN-04-MIXED-0015-W3,1,SCN-04-MIXED-0015-W1,4283.49,2,0,forward
SCN-04-MIXED-0015,mixed_balance,train,SCN-04-MIXED-0015-W4,0,SCN-04-MIXED-0015-W1,0.0,-1,0,no_movement
SCN-04-MIXED-0015,mixed_balance,train,SCN-04-MIXED-0015-NORMAL_A,0,SCN-04-MIXED-0015-W1,0.0,-1,0,no_movement
SCN-04-MIXED-0015,mixed_balance,train,SCN-04-MIXED-0015-NORMAL_B,0,SCN-04-MIXED-0015-W1,0.0,-1,0,no_movement
SCN-04-MIXED-0015,mixed_balance,train,SCN-04-MIXED-0015-NORMAL_C,0,SCN-04-MIXED-0015-W1,0.0,-1,0,no_movement
SCN-04-MIXED-0016,mixed_balance,train,SCN-04-MIXED-0016-VICTIM,0,SCN-04-MIXED-0016-W1,0.0,-1,0,no_movement
SCN-04-MIXED-0016,mixed_balance,train,SCN-04-MIXED-0016-W1,1,SCN-04-MIXED-0016-W1,20186.89,0,0,no_movement
SCN-04-MIXED-0016,mixed_balance,train,SCN-04-MIXED-0016-W2,1,SCN-04-MIXED-0016-W1,8152.67,1,0,no_movement
SCN-04-MIXED-0016,mixed_balance,train,SCN-04-MIXED-0016-W3,1,SCN-04-MIXED-0016-W1,4716.44,2,0,forward
SCN-04-MIXED-0016,mixed_balance,train,SCN-04-MIXED-0016-W4,0,SCN-04-MIXED-0016-W1,0.0,-1,0,no_movement
SCN-04-MIXED-0016,mixed_balance,train,SCN-04-MIXED-0016-NORMAL_A,0,SCN-04-MIXED-0016-W1,0.0,-1,0,no_movement
SCN-04-MIXED-0016,mixed_balance,train,SCN-04-MIXED-0016-NORMAL_B,0,SCN-04-MIXED-0016-W1,0.0,-1,0,no_movement
SCN-04-MIXED-0016,mixed_balance,train,SCN-04-MIXED-0016-NORMAL_C,0,SCN-04-MIXED-0016-W1,0.0,-1,0,no_movement
SCN-04-MIXED-0017,mixed_balance,validation,SCN-04-MIXED-0017-VICTIM,0,SCN-04-MIXED-0017-W1,0.0,-1,0,no_movement
SCN-04-MIXED-0017,mixed_balance,validation,SCN-04-MIXED-0017-W1,1,SCN-04-MIXED-0017-W1,15120.54,0,0,no_movement
SCN-04-MIXED-0017,mixed_balance,validation,SCN-04-MIXED-0017-W2,1,SCN-04-MIXED-0017-W1,5812.1,1,0,no_movement
SCN-04-MIXED-0017,mixed_balance,validation,SCN-04-MIXED-0017-W3,1,SCN-04-MIXED-0017-W1,3815.36,2,0,forward
SCN-04-MIXED-0017,mixed_balance,validation,SCN-04-MIXED-0017-W4,0,SCN-04-MIXED-0017-W1,0.0,-1,0,no_movement
SCN-04-MIXED-0017,mixed_balance,validation,SCN-04-MIXED-0017-NORMAL_A,0,SCN-04-MIXED-0017-W1,0.0,-1,0,no_movement
SCN-04-MIXED-0017,mixed_balance,validation,SCN-04-MIXED-0017-NORMAL_B,0,SCN-04-MIXED-0017-W1,0.0,-1,0,no_movement
SCN-04-MIXED-0017,mixed_balance,validation,SCN-04-MIXED-0017-NORMAL_C,0,SCN-04-MIXED-0017-W1,0.0,-1,0,no_movement
SCN-04-MIXED-0018,mixed_balance,train,SCN-04-MIXED-0018-VICTIM,0,SCN-04-MIXED-0018-W1,0.0,-1,0,no_movement
SCN-04-MIXED-0018,mixed_balance,train,SCN-04-MIXED-0018-W1,1,SCN-04-MIXED-0018-W1,18485.27,0,0,no_movement
SCN-04-MIXED-0018,mixed_balance,train,SCN-04-MIXED-0018-W2,1,SCN-04-MIXED-0018-W1,7306.21,1,0,no_movement
SCN-04-MIXED-0018,mixed_balance,train,SCN-04-MIXED-0018-W3,1,SCN-04-MIXED-0018-W1,4364.52,2,0,forward
SCN-04-MIXED-0018,mixed_balance,train,SCN-04-MIXED-0018-W4,0,SCN-04-MIXED-0018-W1,0.0,-1,0,no_movement
SCN-04-MIXED-0018,mixed_balance,train,SCN-04-MIXED-0018-NORMAL_A,0,SCN-04-MIXED-0018-W1,0.0,-1,0,no_movement
SCN-04-MIXED-0018,mixed_balance,train,SCN-04-MIXED-0018-NORMAL_B,0,SCN-04-MIXED-0018-W1,0.0,-1,0,no_movement
SCN-04-MIXED-0018,mixed_balance,train,SCN-04-MIXED-0018-NORMAL_C,0,SCN-04-MIXED-0018-W1,0.0,-1,0,no_movement
SCN-04-MIXED-0019,mixed_balance,train,SCN-04-MIXED-0019-VICTIM,0,SCN-04-MIXED-0019-W1,0.0,-1,0,no_movement
SCN-04-MIXED-0019,mixed_balance,train,SCN-04-MIXED-0019-W1,1,SCN-04-MIXED-0019-W1,21263.78,0,0,no_movement
SCN-04-MIXED-0019,mixed_balance,train,SCN-04-MIXED-0019-W2,1,SCN-04-MIXED-0019-W1,8655.06,1,0,no_movement
SCN-04-MIXED-0019,mixed_balance,train,SCN-04-MIXED-0019-W3,1,SCN-04-MIXED-0019-W1,4685.16,2,0,forward
SCN-04-MIXED-0019,mixed_balance,train,SCN-04-MIXED-0019-W4,0,SCN-04-MIXED-0019-W1,0.0,-1,0,no_movement
SCN-04-MIXED-0019,mixed_balance,train,SCN-04-MIXED-0019-NORMAL_A,0,SCN-04-MIXED-0019-W1,0.0,-1,0,no_movement
SCN-04-MIXED-0019,mixed_balance,train,SCN-04-MIXED-0019-NORMAL_B,0,SCN-04-MIXED-0019-W1,0.0,-1,0,no_movement
SCN-04-MIXED-0019,mixed_balance,train,SCN-04-MIXED-0019-NORMAL_C,0,SCN-04-MIXED-0019-W1,0.0,-1,0,no_movement
SCN-04-MIXED-0020,mixed_balance,train,SCN-04-MIXED-0020-VICTIM,0,SCN-04-MIXED-0020-W1,0.0,-1,0,no_movement
SCN-04-MIXED-0020,mixed_balance,train,SCN-04-MIXED-0020-W1,1,SCN-04-MIXED-0020-W1,17017.88,0,0,no_movement
SCN-04-MIXED-0020,mixed_balance,train,SCN-04-MIXED-0020-W2,1,SCN-04-MIXED-0020-W1,6287.62,1,0,no_movement
SCN-04-MIXED-0020,mixed_balance,train,SCN-04-MIXED-0020-W3,1,SCN-04-MIXED-0020-W1,4362.5,2,0,forward
SCN-04-MIXED-0020,mixed_balance,train,SCN-04-MIXED-0020-W4,0,SCN-04-MIXED-0020-W1,0.0,-1,0,no_movement
SCN-04-MIXED-0020,mixed_balance,train,SCN-04-MIXED-0020-NORMAL_A,0,SCN-04-MIXED-0020-W1,0.0,-1,0,no_movement
SCN-04-MIXED-0020,mixed_balance,train,SCN-04-MIXED-0020-NORMAL_B,0,SCN-04-MIXED-0020-W1,0.0,-1,0,no_movement
SCN-04-MIXED-0020,mixed_balance,train,SCN-04-MIXED-0020-NORMAL_C,0,SCN-04-MIXED-0020-W1,0.0,-1,0,no_movement
SCN-04-MIXED-0021,mixed_balance,train,SCN-04-MIXED-0021-VICTIM,0,SCN-04-MIXED-0021-W1,0.0,-1,0,no_movement
SCN-04-MIXED-0021,mixed_balance,train,SCN-04-MIXED-0021-W1,1,SCN-04-MIXED-0021-W1,17617.43,0,0,no_movement
SCN-04-MIXED-0021,mixed_balance,train,SCN-04-MIXED-0021-W2,1,SCN-04-MIXED-0021-W1,7063.96,1,0,no_movement
SCN-04-MIXED-0021,mixed_balance,train,SCN-04-MIXED-0021-W3,1,SCN-04-MIXED-0021-W1,3951.61,2,0,forward
SCN-04-MIXED-0021,mixed_balance,train,SCN-04-MIXED-0021-W4,0,SCN-04-MIXED-0021-W1,0.0,-1,0,no_movement
SCN-04-MIXED-0021,mixed_balance,train,SCN-04-MIXED-0021-NORMAL_A,0,SCN-04-MIXED-0021-W1,0.0,-1,0,no_movement
SCN-04-MIXED-0021,mixed_balance,train,SCN-04-MIXED-0021-NORMAL_B,0,SCN-04-MIXED-0021-W1,0.0,-1,0,no_movement
SCN-04-MIXED-0021,mixed_balance,train,SCN-04-MIXED-0021-NORMAL_C,0,SCN-04-MIXED-0021-W1,0.0,-1,0,no_movement
SCN-04-MIXED-0022,mixed_balance,test,SCN-04-MIXED-0022-VICTIM,0,SCN-04-MIXED-0022-W1,0.0,-1,0,no_movement
SCN-04-MIXED-0022,mixed_balance,test,SCN-04-MIXED-0022-W1,1,SCN-04-MIXED-0022-W1,17288.64,0,0,no_movement
SCN-04-MIXED-0022,mixed_balance,test,SCN-04-MIXED-0022-W2,1,SCN-04-MIXED-0022-W1,7051.9,1,0,no_movement
SCN-04-MIXED-0022,mixed_balance,test,SCN-04-MIXED-0022-W3,1,SCN-04-MIXED-0022-W1,3896.46,2,0,forward
SCN-04-MIXED-0022,mixed_balance,test,SCN-04-MIXED-0022-W4,0,SCN-04-MIXED-0022-W1,0.0,-1,0,no_movement
SCN-04-MIXED-0022,mixed_balance,test,SCN-04-MIXED-0022-NORMAL_A,0,SCN-04-MIXED-0022-W1,0.0,-1,0,no_movement
SCN-04-MIXED-0022,mixed_balance,test,SCN-04-MIXED-0022-NORMAL_B,0,SCN-04-MIXED-0022-W1,0.0,-1,0,no_movement
SCN-04-MIXED-0022,mixed_balance,test,SCN-04-MIXED-0022-NORMAL_C,0,SCN-04-MIXED-0022-W1,0.0,-1,0,no_movement
SCN-04-MIXED-0023,mixed_balance,train,SCN-04-MIXED-0023-VICTIM,0,SCN-04-MIXED-0023-W1,0.0,-1,0,no_movement
SCN-04-MIXED-0023,mixed_balance,train,SCN-04-MIXED-0023-W1,1,SCN-04-MIXED-0023-W1,19804.89,0,0,no_movement
SCN-04-MIXED-0023,mixed_balance,train,SCN-04-MIXED-0023-W2,1,SCN-04-MIXED-0023-W1,7898.52,1,0,no_movement
SCN-04-MIXED-0023,mixed_balance,train,SCN-04-MIXED-0023-W3,1,SCN-04-MIXED-0023-W1,4599.59,2,0,forward
SCN-04-MIXED-0023,mixed_balance,train,SCN-04-MIXED-0023-W4,0,SCN-04-MIXED-0023-W1,0.0,-1,0,no_movement
SCN-04-MIXED-0023,mixed_balance,train,SCN-04-MIXED-0023-NORMAL_A,0,SCN-04-MIXED-0023-W1,0.0,-1,0,no_movement
SCN-04-MIXED-0023,mixed_balance,train,SCN-04-MIXED-0023-NORMAL_B,0,SCN-04-MIXED-0023-W1,0.0,-1,0,no_movement
SCN-04-MIXED-0023,mixed_balance,train,SCN-04-MIXED-0023-NORMAL_C,0,SCN-04-MIXED-0023-W1,0.0,-1,0,no_movement
SCN-04-MIXED-0024,mixed_balance,test,SCN-04-MIXED-0024-VICTIM,0,SCN-04-MIXED-0024-W1,0.0,-1,0,no_movement
SCN-04-MIXED-0024,mixed_balance,test,SCN-04-MIXED-0024-W1,1,SCN-04-MIXED-0024-W1,13841.54,0,0,no_movement
SCN-04-MIXED-0024,mixed_balance,test,SCN-04-MIXED-0024-W2,1,SCN-04-MIXED-0024-W1,5516.18,1,0,no_movement
SCN-04-MIXED-0024,mixed_balance,test,SCN-04-MIXED-0024-W3,1,SCN-04-MIXED-0024-W1,3194.28,2,0,forward
SCN-04-MIXED-0024,mixed_balance,test,SCN-04-MIXED-0024-W4,0,SCN-04-MIXED-0024-W1,0.0,-1,0,no_movement
SCN-04-MIXED-0024,mixed_balance,test,SCN-04-MIXED-0024-NORMAL_A,0,SCN-04-MIXED-0024-W1,0.0,-1,0,no_movement
SCN-04-MIXED-0024,mixed_balance,test,SCN-04-MIXED-0024-NORMAL_B,0,SCN-04-MIXED-0024-W1,0.0,-1,0,no_movement
SCN-04-MIXED-0024,mixed_balance,test,SCN-04-MIXED-0024-NORMAL_C,0,SCN-04-MIXED-0024-W1,0.0,-1,0,no_movement
SCN-04-MIXED-0025,mixed_balance,test,SCN-04-MIXED-0025-VICTIM,0,SCN-04-MIXED-0025-W1,0.0,-1,0,no_movement
SCN-04-MIXED-0025,mixed_balance,test,SCN-04-MIXED-0025-W1,1,SCN-04-MIXED-0025-W1,16123.31,0,0,no_movement
SCN-04-MIXED-0025,mixed_balance,test,SCN-04-MIXED-0025-W2,1,SCN-04-MIXED-0025-W1,6530.54,1,0,no_movement
SCN-04-MIXED-0025,mixed_balance,test,SCN-04-MIXED-0025-W3,1,SCN-04-MIXED-0025-W1,3559.15,2,0,forward
SCN-04-MIXED-0025,mixed_balance,test,SCN-04-MIXED-0025-W4,0,SCN-04-MIXED-0025-W1,0.0,-1,0,no_movement
SCN-04-MIXED-0025,mixed_balance,test,SCN-04-MIXED-0025-NORMAL_A,0,SCN-04-MIXED-0025-W1,0.0,-1,0,no_movement
SCN-04-MIXED-0025,mixed_balance,test,SCN-04-MIXED-0025-NORMAL_B,0,SCN-04-MIXED-0025-W1,0.0,-1,0,no_movement
SCN-04-MIXED-0025,mixed_balance,test,SCN-04-MIXED-0025-NORMAL_C,0,SCN-04-MIXED-0025-W1,0.0,-1,0,no_movement
SCN-04-MIXED-0026,mixed_balance,test,SCN-04-MIXED-0026-VICTIM,0,SCN-04-MIXED-0026-W1,0.0,-1,0,no_movement
SCN-04-MIXED-0026,mixed_balance,test,SCN-04-MIXED-0026-W1,1,SCN-04-MIXED-0026-W1,17575.48,0,0,no_movement
SCN-04-MIXED-0026,mixed_balance,test,SCN-04-MIXED-0026-W2,1,SCN-04-MIXED-0026-W1,6770.16,1,0,no_movement
SCN-04-MIXED-0026,mixed_balance,test,SCN-04-MIXED-0026-W3,1,SCN-04-MIXED-0026-W1,4443.36,2,0,forward
SCN-04-MIXED-0026,mixed_balance,test,SCN-04-MIXED-0026-W4,0,SCN-04-MIXED-0026-W1,0.0,-1,0,no_movement
SCN-04-MIXED-0026,mixed_balance,test,SCN-04-MIXED-0026-NORMAL_A,0,SCN-04-MIXED-0026-W1,0.0,-1,0,no_movement
SCN-04-MIXED-0026,mixed_balance,test,SCN-04-MIXED-0026-NORMAL_B,0,SCN-04-MIXED-0026-W1,0.0,-1,0,no_movement
SCN-04-MIXED-0026,mixed_balance,test,SCN-04-MIXED-0026-NORMAL_C,0,SCN-04-MIXED-0026-W1,0.0,-1,0,no_movement
SCN-04-MIXED-0027,mixed_balance,train,SCN-04-MIXED-0027-VICTIM,0,SCN-04-MIXED-0027-W1,0.0,-1,0,no_movement
SCN-04-MIXED-0027,mixed_balance,train,SCN-04-MIXED-0027-W1,1,SCN-04-MIXED-0027-W1,19323.79,0,0,no_movement
SCN-04-MIXED-0027,mixed_balance,train,SCN-04-MIXED-0027-W2,1,SCN-04-MIXED-0027-W1,7545.85,1,0,no_movement
SCN-04-MIXED-0027,mixed_balance,train,SCN-04-MIXED-0027-W3,1,SCN-04-MIXED-0027-W1,4597.36,2,0,forward
SCN-04-MIXED-0027,mixed_balance,train,SCN-04-MIXED-0027-W4,0,SCN-04-MIXED-0027-W1,0.0,-1,0,no_movement
SCN-04-MIXED-0027,mixed_balance,train,SCN-04-MIXED-0027-NORMAL_A,0,SCN-04-MIXED-0027-W1,0.0,-1,0,no_movement
SCN-04-MIXED-0027,mixed_balance,train,SCN-04-MIXED-0027-NORMAL_B,0,SCN-04-MIXED-0027-W1,0.0,-1,0,no_movement
SCN-04-MIXED-0027,mixed_balance,train,SCN-04-MIXED-0027-NORMAL_C,0,SCN-04-MIXED-0027-W1,0.0,-1,0,no_movement
SCN-04-MIXED-0028,mixed_balance,train,SCN-04-MIXED-0028-VICTIM,0,SCN-04-MIXED-0028-W1,0.0,-1,0,no_movement
SCN-04-MIXED-0028,mixed_balance,train,SCN-04-MIXED-0028-W1,1,SCN-04-MIXED-0028-W1,21693.98,0,0,no_movement
SCN-04-MIXED-0028,mixed_balance,train,SCN-04-MIXED-0028-W2,1,SCN-04-MIXED-0028-W1,8998.98,1,0,no_movement
SCN-04-MIXED-0028,mixed_balance,train,SCN-04-MIXED-0028-W3,1,SCN-04-MIXED-0028-W1,4763.04,2,0,forward
SCN-04-MIXED-0028,mixed_balance,train,SCN-04-MIXED-0028-W4,0,SCN-04-MIXED-0028-W1,0.0,-1,0,no_movement
SCN-04-MIXED-0028,mixed_balance,train,SCN-04-MIXED-0028-NORMAL_A,0,SCN-04-MIXED-0028-W1,0.0,-1,0,no_movement
SCN-04-MIXED-0028,mixed_balance,train,SCN-04-MIXED-0028-NORMAL_B,0,SCN-04-MIXED-0028-W1,0.0,-1,0,no_movement
SCN-04-MIXED-0028,mixed_balance,train,SCN-04-MIXED-0028-NORMAL_C,0,SCN-04-MIXED-0028-W1,0.0,-1,0,no_movement
SCN-04-MIXED-0029,mixed_balance,train,SCN-04-MIXED-0029-VICTIM,0,SCN-04-MIXED-0029-W1,0.0,-1,0,no_movement
SCN-04-MIXED-0029,mixed_balance,train,SCN-04-MIXED-0029-W1,1,SCN-04-MIXED-0029-W1,19255.91,0,0,no_movement
SCN-04-MIXED-0029,mixed_balance,train,SCN-04-MIXED-0029-W2,1,SCN-04-MIXED-0029-W1,7300.13,1,0,no_movement
SCN-04-MIXED-0029,mixed_balance,train,SCN-04-MIXED-0029-W3,1,SCN-04-MIXED-0029-W1,4912.96,2,0,forward
SCN-04-MIXED-0029,mixed_balance,train,SCN-04-MIXED-0029-W4,0,SCN-04-MIXED-0029-W1,0.0,-1,0,no_movement
SCN-04-MIXED-0029,mixed_balance,train,SCN-04-MIXED-0029-NORMAL_A,0,SCN-04-MIXED-0029-W1,0.0,-1,0,no_movement
SCN-04-MIXED-0029,mixed_balance,train,SCN-04-MIXED-0029-NORMAL_B,0,SCN-04-MIXED-0029-W1,0.0,-1,0,no_movement
SCN-04-MIXED-0029,mixed_balance,train,SCN-04-MIXED-0029-NORMAL_C,0,SCN-04-MIXED-0029-W1,0.0,-1,0,no_movement
SCN-04-MIXED-0030,mixed_balance,validation,SCN-04-MIXED-0030-VICTIM,0,SCN-04-MIXED-0030-W1,0.0,-1,0,no_movement
SCN-04-MIXED-0030,mixed_balance,validation,SCN-04-MIXED-0030-W1,1,SCN-04-MIXED-0030-W1,16604.46,0,0,no_movement
SCN-04-MIXED-0030,mixed_balance,validation,SCN-04-MIXED-0030-W2,1,SCN-04-MIXED-0030-W1,6873.09,1,0,no_movement
SCN-04-MIXED-0030,mixed_balance,validation,SCN-04-MIXED-0030-W3,1,SCN-04-MIXED-0030-W1,3530.45,2,0,forward
SCN-04-MIXED-0030,mixed_balance,validation,SCN-04-MIXED-0030-W4,0,SCN-04-MIXED-0030-W1,0.0,-1,0,no_movement
SCN-04-MIXED-0030,mixed_balance,validation,SCN-04-MIXED-0030-NORMAL_A,0,SCN-04-MIXED-0030-W1,0.0,-1,0,no_movement
SCN-04-MIXED-0030,mixed_balance,validation,SCN-04-MIXED-0030-NORMAL_B,0,SCN-04-MIXED-0030-W1,0.0,-1,0,no_movement
SCN-04-MIXED-0030,mixed_balance,validation,SCN-04-MIXED-0030-NORMAL_C,0,SCN-04-MIXED-0030-W1,0.0,-1,0,no_movement
SCN-04-MIXED-0031,mixed_balance,train,SCN-04-MIXED-0031-VICTIM,0,SCN-04-MIXED-0031-W1,0.0,-1,0,no_movement
SCN-04-MIXED-0031,mixed_balance,train,SCN-04-MIXED-0031-W1,1,SCN-04-MIXED-0031-W1,18371.76,0,0,no_movement
SCN-04-MIXED-0031,mixed_balance,train,SCN-04-MIXED-0031-W2,1,SCN-04-MIXED-0031-W1,7535.72,1,0,no_movement
SCN-04-MIXED-0031,mixed_balance,train,SCN-04-MIXED-0031-W3,1,SCN-04-MIXED-0031-W1,4026.52,2,0,forward
SCN-04-MIXED-0031,mixed_balance,train,SCN-04-MIXED-0031-W4,0,SCN-04-MIXED-0031-W1,0.0,-1,0,no_movement
SCN-04-MIXED-0031,mixed_balance,train,SCN-04-MIXED-0031-NORMAL_A,0,SCN-04-MIXED-0031-W1,0.0,-1,0,no_movement
SCN-04-MIXED-0031,mixed_balance,train,SCN-04-MIXED-0031-NORMAL_B,0,SCN-04-MIXED-0031-W1,0.0,-1,0,no_movement
SCN-04-MIXED-0031,mixed_balance,train,SCN-04-MIXED-0031-NORMAL_C,0,SCN-04-MIXED-0031-W1,0.0,-1,0,no_movement
SCN-04-MIXED-0032,mixed_balance,train,SCN-04-MIXED-0032-VICTIM,0,SCN-04-MIXED-0032-W1,0.0,-1,0,no_movement
SCN-04-MIXED-0032,mixed_balance,train,SCN-04-MIXED-0032-W1,1,SCN-04-MIXED-0032-W1,15158.98,0,0,no_movement
SCN-04-MIXED-0032,mixed_balance,train,SCN-04-MIXED-0032-W2,1,SCN-04-MIXED-0032-W1,6286.87,1,0,no_movement
SCN-04-MIXED-0032,mixed_balance,train,SCN-04-MIXED-0032-W3,1,SCN-04-MIXED-0032-W1,3292.15,2,0,forward
SCN-04-MIXED-0032,mixed_balance,train,SCN-04-MIXED-0032-W4,0,SCN-04-MIXED-0032-W1,0.0,-1,0,no_movement
SCN-04-MIXED-0032,mixed_balance,train,SCN-04-MIXED-0032-NORMAL_A,0,SCN-04-MIXED-0032-W1,0.0,-1,0,no_movement
SCN-04-MIXED-0032,mixed_balance,train,SCN-04-MIXED-0032-NORMAL_B,0,SCN-04-MIXED-0032-W1,0.0,-1,0,no_movement
SCN-04-MIXED-0032,mixed_balance,train,SCN-04-MIXED-0032-NORMAL_C,0,SCN-04-MIXED-0032-W1,0.0,-1,0,no_movement
SCN-04-MIXED-0033,mixed_balance,train,SCN-04-MIXED-0033-VICTIM,0,SCN-04-MIXED-0033-W1,0.0,-1,0,no_movement
SCN-04-MIXED-0033,mixed_balance,train,SCN-04-MIXED-0033-W1,1,SCN-04-MIXED-0033-W1,21278.76,0,0,no_movement
SCN-04-MIXED-0033,mixed_balance,train,SCN-04-MIXED-0033-W2,1,SCN-04-MIXED-0033-W1,8441.29,1,0,no_movement
SCN-04-MIXED-0033,mixed_balance,train,SCN-04-MIXED-0033-W3,1,SCN-04-MIXED-0033-W1,4866.95,2,0,forward
SCN-04-MIXED-0033,mixed_balance,train,SCN-04-MIXED-0033-W4,0,SCN-04-MIXED-0033-W1,0.0,-1,0,no_movement
SCN-04-MIXED-0033,mixed_balance,train,SCN-04-MIXED-0033-NORMAL_A,0,SCN-04-MIXED-0033-W1,0.0,-1,0,no_movement
SCN-04-MIXED-0033,mixed_balance,train,SCN-04-MIXED-0033-NORMAL_B,0,SCN-04-MIXED-0033-W1,0.0,-1,0,no_movement
SCN-04-MIXED-0033,mixed_balance,train,SCN-04-MIXED-0033-NORMAL_C,0,SCN-04-MIXED-0033-W1,0.0,-1,0,no_movement
SCN-04-MIXED-0034,mixed_balance,validation,SCN-04-MIXED-0034-VICTIM,0,SCN-04-MIXED-0034-W1,0.0,-1,0,no_movement
SCN-04-MIXED-0034,mixed_balance,validation,SCN-04-MIXED-0034-W1,1,SCN-04-MIXED-0034-W1,15703.81,0,0,no_movement
SCN-04-MIXED-0034,mixed_balance,validation,SCN-04-MIXED-0034-W2,1,SCN-04-MIXED-0034-W1,5836.25,1,0,no_movement
SCN-04-MIXED-0034,mixed_balance,validation,SCN-04-MIXED-0034-W3,1,SCN-04-MIXED-0034-W1,4009.94,2,0,forward
SCN-04-MIXED-0034,mixed_balance,validation,SCN-04-MIXED-0034-W4,0,SCN-04-MIXED-0034-W1,0.0,-1,0,no_movement
SCN-04-MIXED-0034,mixed_balance,validation,SCN-04-MIXED-0034-NORMAL_A,0,SCN-04-MIXED-0034-W1,0.0,-1,0,no_movement
SCN-04-MIXED-0034,mixed_balance,validation,SCN-04-MIXED-0034-NORMAL_B,0,SCN-04-MIXED-0034-W1,0.0,-1,0,no_movement
SCN-04-MIXED-0034,mixed_balance,validation,SCN-04-MIXED-0034-NORMAL_C,0,SCN-04-MIXED-0034-W1,0.0,-1,0,no_movement
SCN-04-MIXED-0035,mixed_balance,train,SCN-04-MIXED-0035-VICTIM,0,SCN-04-MIXED-0035-W1,0.0,-1,0,no_movement
SCN-04-MIXED-0035,mixed_balance,train,SCN-04-MIXED-0035-W1,1,SCN-04-MIXED-0035-W1,16307.42,0,0,no_movement
SCN-04-MIXED-0035,mixed_balance,train,SCN-04-MIXED-0035-W2,1,SCN-04-MIXED-0035-W1,6152.91,1,0,no_movement
SCN-04-MIXED-0035,mixed_balance,train,SCN-04-MIXED-0035-W3,1,SCN-04-MIXED-0035-W1,4066.67,2,0,forward
SCN-04-MIXED-0035,mixed_balance,train,SCN-04-MIXED-0035-W4,0,SCN-04-MIXED-0035-W1,0.0,-1,0,no_movement
SCN-04-MIXED-0035,mixed_balance,train,SCN-04-MIXED-0035-NORMAL_A,0,SCN-04-MIXED-0035-W1,0.0,-1,0,no_movement
SCN-04-MIXED-0035,mixed_balance,train,SCN-04-MIXED-0035-NORMAL_B,0,SCN-04-MIXED-0035-W1,0.0,-1,0,no_movement
SCN-04-MIXED-0035,mixed_balance,train,SCN-04-MIXED-0035-NORMAL_C,0,SCN-04-MIXED-0035-W1,0.0,-1,0,no_movement
SCN-04-MIXED-0036,mixed_balance,train,SCN-04-MIXED-0036-VICTIM,0,SCN-04-MIXED-0036-W1,0.0,-1,0,no_movement
SCN-04-MIXED-0036,mixed_balance,train,SCN-04-MIXED-0036-W1,1,SCN-04-MIXED-0036-W1,18902.8,0,0,no_movement
SCN-04-MIXED-0036,mixed_balance,train,SCN-04-MIXED-0036-W2,1,SCN-04-MIXED-0036-W1,7952.24,1,0,no_movement
SCN-04-MIXED-0036,mixed_balance,train,SCN-04-MIXED-0036-W3,1,SCN-04-MIXED-0036-W1,4027.96,2,0,forward
SCN-04-MIXED-0036,mixed_balance,train,SCN-04-MIXED-0036-W4,0,SCN-04-MIXED-0036-W1,0.0,-1,0,no_movement
SCN-04-MIXED-0036,mixed_balance,train,SCN-04-MIXED-0036-NORMAL_A,0,SCN-04-MIXED-0036-W1,0.0,-1,0,no_movement
SCN-04-MIXED-0036,mixed_balance,train,SCN-04-MIXED-0036-NORMAL_B,0,SCN-04-MIXED-0036-W1,0.0,-1,0,no_movement
SCN-04-MIXED-0036,mixed_balance,train,SCN-04-MIXED-0036-NORMAL_C,0,SCN-04-MIXED-0036-W1,0.0,-1,0,no_movement
SCN-04-MIXED-0037,mixed_balance,validation,SCN-04-MIXED-0037-VICTIM,0,SCN-04-MIXED-0037-W1,0.0,-1,0,no_movement
SCN-04-MIXED-0037,mixed_balance,validation,SCN-04-MIXED-0037-W1,1,SCN-04-MIXED-0037-W1,22631.76,0,0,no_movement
SCN-04-MIXED-0037,mixed_balance,validation,SCN-04-MIXED-0037-W2,1,SCN-04-MIXED-0037-W1,8681.95,1,0,no_movement
SCN-04-MIXED-0037,mixed_balance,validation,SCN-04-MIXED-0037-W3,1,SCN-04-MIXED-0037-W1,5617.29,2,0,forward
SCN-04-MIXED-0037,mixed_balance,validation,SCN-04-MIXED-0037-W4,0,SCN-04-MIXED-0037-W1,0.0,-1,0,no_movement
SCN-04-MIXED-0037,mixed_balance,validation,SCN-04-MIXED-0037-NORMAL_A,0,SCN-04-MIXED-0037-W1,0.0,-1,0,no_movement
SCN-04-MIXED-0037,mixed_balance,validation,SCN-04-MIXED-0037-NORMAL_B,0,SCN-04-MIXED-0037-W1,0.0,-1,0,no_movement
SCN-04-MIXED-0037,mixed_balance,validation,SCN-04-MIXED-0037-NORMAL_C,0,SCN-04-MIXED-0037-W1,0.0,-1,0,no_movement
SCN-04-MIXED-0038,mixed_balance,train,SCN-04-MIXED-0038-VICTIM,0,SCN-04-MIXED-0038-W1,0.0,-1,0,no_movement
SCN-04-MIXED-0038,mixed_balance,train,SCN-04-MIXED-0038-W1,1,SCN-04-MIXED-0038-W1,22181.86,0,0,no_movement
SCN-04-MIXED-0038,mixed_balance,train,SCN-04-MIXED-0038-W2,1,SCN-04-MIXED-0038-W1,8881.69,1,0,no_movement
SCN-04-MIXED-0038,mixed_balance,train,SCN-04-MIXED-0038-W3,1,SCN-04-MIXED-0038-W1,5163.45,2,0,forward
SCN-04-MIXED-0038,mixed_balance,train,SCN-04-MIXED-0038-W4,0,SCN-04-MIXED-0038-W1,0.0,-1,0,no_movement
SCN-04-MIXED-0038,mixed_balance,train,SCN-04-MIXED-0038-NORMAL_A,0,SCN-04-MIXED-0038-W1,0.0,-1,0,no_movement
SCN-04-MIXED-0038,mixed_balance,train,SCN-04-MIXED-0038-NORMAL_B,0,SCN-04-MIXED-0038-W1,0.0,-1,0,no_movement
SCN-04-MIXED-0038,mixed_balance,train,SCN-04-MIXED-0038-NORMAL_C,0,SCN-04-MIXED-0038-W1,0.0,-1,0,no_movement
SCN-04-MIXED-0039,mixed_balance,validation,SCN-04-MIXED-0039-VICTIM,0,SCN-04-MIXED-0039-W1,0.0,-1,0,no_movement
SCN-04-MIXED-0039,mixed_balance,validation,SCN-04-MIXED-0039-W1,1,SCN-04-MIXED-0039-W1,18576.66,0,0,no_movement
SCN-04-MIXED-0039,mixed_balance,validation,SCN-04-MIXED-0039-W2,1,SCN-04-MIXED-0039-W1,7284.07,1,0,no_movement
SCN-04-MIXED-0039,mixed_balance,validation,SCN-04-MIXED-0039-W3,1,SCN-04-MIXED-0039-W1,4331.27,2,0,forward
SCN-04-MIXED-0039,mixed_balance,validation,SCN-04-MIXED-0039-W4,0,SCN-04-MIXED-0039-W1,0.0,-1,0,no_movement
SCN-04-MIXED-0039,mixed_balance,validation,SCN-04-MIXED-0039-NORMAL_A,0,SCN-04-MIXED-0039-W1,0.0,-1,0,no_movement
SCN-04-MIXED-0039,mixed_balance,validation,SCN-04-MIXED-0039-NORMAL_B,0,SCN-04-MIXED-0039-W1,0.0,-1,0,no_movement
SCN-04-MIXED-0039,mixed_balance,validation,SCN-04-MIXED-0039-NORMAL_C,0,SCN-04-MIXED-0039-W1,0.0,-1,0,no_movement
SCN-04-MIXED-0040,mixed_balance,validation,SCN-04-MIXED-0040-VICTIM,0,SCN-04-MIXED-0040-W1,0.0,-1,0,no_movement
SCN-04-MIXED-0040,mixed_balance,validation,SCN-04-MIXED-0040-W1,1,SCN-04-MIXED-0040-W1,17159.83,0,0,no_movement
SCN-04-MIXED-0040,mixed_balance,validation,SCN-04-MIXED-0040-W2,1,SCN-04-MIXED-0040-W1,6518.59,1,0,no_movement
SCN-04-MIXED-0040,mixed_balance,validation,SCN-04-MIXED-0040-W3,1,SCN-04-MIXED-0040-W1,4382.58,2,0,forward
SCN-04-MIXED-0040,mixed_balance,validation,SCN-04-MIXED-0040-W4,0,SCN-04-MIXED-0040-W1,0.0,-1,0,no_movement
SCN-04-MIXED-0040,mixed_balance,validation,SCN-04-MIXED-0040-NORMAL_A,0,SCN-04-MIXED-0040-W1,0.0,-1,0,no_movement
SCN-04-MIXED-0040,mixed_balance,validation,SCN-04-MIXED-0040-NORMAL_B,0,SCN-04-MIXED-0040-W1,0.0,-1,0,no_movement
SCN-04-MIXED-0040,mixed_balance,validation,SCN-04-MIXED-0040-NORMAL_C,0,SCN-04-MIXED-0040-W1,0.0,-1,0,no_movement
SCN-04-MIXED-0041,mixed_balance,train,SCN-04-MIXED-0041-VICTIM,0,SCN-04-MIXED-0041-W1,0.0,-1,0,no_movement
SCN-04-MIXED-0041,mixed_balance,train,SCN-04-MIXED-0041-W1,1,SCN-04-MIXED-0041-W1,19087.93,0,0,no_movement
SCN-04-MIXED-0041,mixed_balance,train,SCN-04-MIXED-0041-W2,1,SCN-04-MIXED-0041-W1,7494.88,1,0,no_movement
SCN-04-MIXED-0041,mixed_balance,train,SCN-04-MIXED-0041-W3,1,SCN-04-MIXED-0041-W1,4604.19,2,0,forward
SCN-04-MIXED-0041,mixed_balance,train,SCN-04-MIXED-0041-W4,0,SCN-04-MIXED-0041-W1,0.0,-1,0,no_movement
SCN-04-MIXED-0041,mixed_balance,train,SCN-04-MIXED-0041-NORMAL_A,0,SCN-04-MIXED-0041-W1,0.0,-1,0,no_movement
SCN-04-MIXED-0041,mixed_balance,train,SCN-04-MIXED-0041-NORMAL_B,0,SCN-04-MIXED-0041-W1,0.0,-1,0,no_movement
SCN-04-MIXED-0041,mixed_balance,train,SCN-04-MIXED-0041-NORMAL_C,0,SCN-04-MIXED-0041-W1,0.0,-1,0,no_movement
SCN-04-MIXED-0042,mixed_balance,train,SCN-04-MIXED-0042-VICTIM,0,SCN-04-MIXED-0042-W1,0.0,-1,0,no_movement
SCN-04-MIXED-0042,mixed_balance,train,SCN-04-MIXED-0042-W1,1,SCN-04-MIXED-0042-W1,19859.78,0,0,no_movement
SCN-04-MIXED-0042,mixed_balance,train,SCN-04-MIXED-0042-W2,1,SCN-04-MIXED-0042-W1,8278.21,1,0,no_movement
SCN-04-MIXED-0042,mixed_balance,train,SCN-04-MIXED-0042-W3,1,SCN-04-MIXED-0042-W1,4181.01,2,0,forward
SCN-04-MIXED-0042,mixed_balance,train,SCN-04-MIXED-0042-W4,0,SCN-04-MIXED-0042-W1,0.0,-1,0,no_movement
SCN-04-MIXED-0042,mixed_balance,train,SCN-04-MIXED-0042-NORMAL_A,0,SCN-04-MIXED-0042-W1,0.0,-1,0,no_movement
SCN-04-MIXED-0042,mixed_balance,train,SCN-04-MIXED-0042-NORMAL_B,0,SCN-04-MIXED-0042-W1,0.0,-1,0,no_movement
SCN-04-MIXED-0042,mixed_balance,train,SCN-04-MIXED-0042-NORMAL_C,0,SCN-04-MIXED-0042-W1,0.0,-1,0,no_movement
SCN-04-MIXED-0043,mixed_balance,validation,SCN-04-MIXED-0043-VICTIM,0,SCN-04-MIXED-0043-W1,0.0,-1,0,no_movement
SCN-04-MIXED-0043,mixed_balance,validation,SCN-04-MIXED-0043-W1,1,SCN-04-MIXED-0043-W1,15365.47,0,0,no_movement
SCN-04-MIXED-0043,mixed_balance,validation,SCN-04-MIXED-0043-W2,1,SCN-04-MIXED-0043-W1,6071.95,1,0,no_movement
SCN-04-MIXED-0043,mixed_balance,validation,SCN-04-MIXED-0043-W3,1,SCN-04-MIXED-0043-W1,3586.58,2,0,forward
SCN-04-MIXED-0043,mixed_balance,validation,SCN-04-MIXED-0043-W4,0,SCN-04-MIXED-0043-W1,0.0,-1,0,no_movement
SCN-04-MIXED-0043,mixed_balance,validation,SCN-04-MIXED-0043-NORMAL_A,0,SCN-04-MIXED-0043-W1,0.0,-1,0,no_movement
SCN-04-MIXED-0043,mixed_balance,validation,SCN-04-MIXED-0043-NORMAL_B,0,SCN-04-MIXED-0043-W1,0.0,-1,0,no_movement
SCN-04-MIXED-0043,mixed_balance,validation,SCN-04-MIXED-0043-NORMAL_C,0,SCN-04-MIXED-0043-W1,0.0,-1,0,no_movement
SCN-04-MIXED-0044,mixed_balance,train,SCN-04-MIXED-0044-VICTIM,0,SCN-04-MIXED-0044-W1,0.0,-1,0,no_movement
SCN-04-MIXED-0044,mixed_balance,train,SCN-04-MIXED-0044-W1,1,SCN-04-MIXED-0044-W1,19745.79,0,0,no_movement
SCN-04-MIXED-0044,mixed_balance,train,SCN-04-MIXED-0044-W2,1,SCN-04-MIXED-0044-W1,8208.43,1,0,no_movement
SCN-04-MIXED-0044,mixed_balance,train,SCN-04-MIXED-0044-W3,1,SCN-04-MIXED-0044-W1,4172.78,2,0,forward
SCN-04-MIXED-0044,mixed_balance,train,SCN-04-MIXED-0044-W4,0,SCN-04-MIXED-0044-W1,0.0,-1,0,no_movement
SCN-04-MIXED-0044,mixed_balance,train,SCN-04-MIXED-0044-NORMAL_A,0,SCN-04-MIXED-0044-W1,0.0,-1,0,no_movement
SCN-04-MIXED-0044,mixed_balance,train,SCN-04-MIXED-0044-NORMAL_B,0,SCN-04-MIXED-0044-W1,0.0,-1,0,no_movement
SCN-04-MIXED-0044,mixed_balance,train,SCN-04-MIXED-0044-NORMAL_C,0,SCN-04-MIXED-0044-W1,0.0,-1,0,no_movement
SCN-04-MIXED-0045,mixed_balance,train,SCN-04-MIXED-0045-VICTIM,0,SCN-04-MIXED-0045-W1,0.0,-1,0,no_movement
SCN-04-MIXED-0045,mixed_balance,train,SCN-04-MIXED-0045-W1,1,SCN-04-MIXED-0045-W1,17611.57,0,0,no_movement
SCN-04-MIXED-0045,mixed_balance,train,SCN-04-MIXED-0045-W2,1,SCN-04-MIXED-0045-W1,6470.56,1,0,no_movement
SCN-04-MIXED-0045,mixed_balance,train,SCN-04-MIXED-0045-W3,1,SCN-04-MIXED-0045-W1,4603.87,2,0,forward
SCN-04-MIXED-0045,mixed_balance,train,SCN-04-MIXED-0045-W4,0,SCN-04-MIXED-0045-W1,0.0,-1,0,no_movement
SCN-04-MIXED-0045,mixed_balance,train,SCN-04-MIXED-0045-NORMAL_A,0,SCN-04-MIXED-0045-W1,0.0,-1,0,no_movement
SCN-04-MIXED-0045,mixed_balance,train,SCN-04-MIXED-0045-NORMAL_B,0,SCN-04-MIXED-0045-W1,0.0,-1,0,no_movement
SCN-04-MIXED-0045,mixed_balance,train,SCN-04-MIXED-0045-NORMAL_C,0,SCN-04-MIXED-0045-W1,0.0,-1,0,no_movement
SCN-04-MIXED-0046,mixed_balance,train,SCN-04-MIXED-0046-VICTIM,0,SCN-04-MIXED-0046-W1,0.0,-1,0,no_movement
SCN-04-MIXED-0046,mixed_balance,train,SCN-04-MIXED-0046-W1,1,SCN-04-MIXED-0046-W1,19468.31,0,0,no_movement
SCN-04-MIXED-0046,mixed_balance,train,SCN-04-MIXED-0046-W2,1,SCN-04-MIXED-0046-W1,7732.06,1,0,no_movement
SCN-04-MIXED-0046,mixed_balance,train,SCN-04-MIXED-0046-W3,1,SCN-04-MIXED-0046-W1,4567.63,2,0,forward
SCN-04-MIXED-0046,mixed_balance,train,SCN-04-MIXED-0046-W4,0,SCN-04-MIXED-0046-W1,0.0,-1,0,no_movement
SCN-04-MIXED-0046,mixed_balance,train,SCN-04-MIXED-0046-NORMAL_A,0,SCN-04-MIXED-0046-W1,0.0,-1,0,no_movement
SCN-04-MIXED-0046,mixed_balance,train,SCN-04-MIXED-0046-NORMAL_B,0,SCN-04-MIXED-0046-W1,0.0,-1,0,no_movement
SCN-04-MIXED-0046,mixed_balance,train,SCN-04-MIXED-0046-NORMAL_C,0,SCN-04-MIXED-0046-W1,0.0,-1,0,no_movement
SCN-04-MIXED-0047,mixed_balance,train,SCN-04-MIXED-0047-VICTIM,0,SCN-04-MIXED-0047-W1,0.0,-1,0,no_movement
SCN-04-MIXED-0047,mixed_balance,train,SCN-04-MIXED-0047-W1,1,SCN-04-MIXED-0047-W1,13953.26,0,0,no_movement
SCN-04-MIXED-0047,mixed_balance,train,SCN-04-MIXED-0047-W2,1,SCN-04-MIXED-0047-W1,5105.08,1,0,no_movement
SCN-04-MIXED-0047,mixed_balance,train,SCN-04-MIXED-0047-W3,1,SCN-04-MIXED-0047-W1,3619.66,2,0,forward
SCN-04-MIXED-0047,mixed_balance,train,SCN-04-MIXED-0047-W4,0,SCN-04-MIXED-0047-W1,0.0,-1,0,no_movement
SCN-04-MIXED-0047,mixed_balance,train,SCN-04-MIXED-0047-NORMAL_A,0,SCN-04-MIXED-0047-W1,0.0,-1,0,no_movement
SCN-04-MIXED-0047,mixed_balance,train,SCN-04-MIXED-0047-NORMAL_B,0,SCN-04-MIXED-0047-W1,0.0,-1,0,no_movement
SCN-04-MIXED-0047,mixed_balance,train,SCN-04-MIXED-0047-NORMAL_C,0,SCN-04-MIXED-0047-W1,0.0,-1,0,no_movement
SCN-04-MIXED-0048,mixed_balance,train,SCN-04-MIXED-0048-VICTIM,0,SCN-04-MIXED-0048-W1,0.0,-1,0,no_movement
SCN-04-MIXED-0048,mixed_balance,train,SCN-04-MIXED-0048-W1,1,SCN-04-MIXED-0048-W1,21132.28,0,0,no_movement
SCN-04-MIXED-0048,mixed_balance,train,SCN-04-MIXED-0048-W2,1,SCN-04-MIXED-0048-W1,8053.27,1,0,no_movement
SCN-04-MIXED-0048,mixed_balance,train,SCN-04-MIXED-0048-W3,1,SCN-04-MIXED-0048-W1,5407.45,2,0,forward
SCN-04-MIXED-0048,mixed_balance,train,SCN-04-MIXED-0048-W4,0,SCN-04-MIXED-0048-W1,0.0,-1,0,no_movement
SCN-04-MIXED-0048,mixed_balance,train,SCN-04-MIXED-0048-NORMAL_A,0,SCN-04-MIXED-0048-W1,0.0,-1,0,no_movement
SCN-04-MIXED-0048,mixed_balance,train,SCN-04-MIXED-0048-NORMAL_B,0,SCN-04-MIXED-0048-W1,0.0,-1,0,no_movement
SCN-04-MIXED-0048,mixed_balance,train,SCN-04-MIXED-0048-NORMAL_C,0,SCN-04-MIXED-0048-W1,0.0,-1,0,no_movement
SCN-04-MIXED-0049,mixed_balance,train,SCN-04-MIXED-0049-VICTIM,0,SCN-04-MIXED-0049-W1,0.0,-1,0,no_movement
SCN-04-MIXED-0049,mixed_balance,train,SCN-04-MIXED-0049-W1,1,SCN-04-MIXED-0049-W1,21263.11,0,0,no_movement
SCN-04-MIXED-0049,mixed_balance,train,SCN-04-MIXED-0049-W2,1,SCN-04-MIXED-0049-W1,8371.45,1,0,no_movement
SCN-04-MIXED-0049,mixed_balance,train,SCN-04-MIXED-0049-W3,1,SCN-04-MIXED-0049-W1,5093.44,2,0,forward
SCN-04-MIXED-0049,mixed_balance,train,SCN-04-MIXED-0049-W4,0,SCN-04-MIXED-0049-W1,0.0,-1,0,no_movement
SCN-04-MIXED-0049,mixed_balance,train,SCN-04-MIXED-0049-NORMAL_A,0,SCN-04-MIXED-0049-W1,0.0,-1,0,no_movement
SCN-04-MIXED-0049,mixed_balance,train,SCN-04-MIXED-0049-NORMAL_B,0,SCN-04-MIXED-0049-W1,0.0,-1,0,no_movement
SCN-04-MIXED-0049,mixed_balance,train,SCN-04-MIXED-0049-NORMAL_C,0,SCN-04-MIXED-0049-W1,0.0,-1,0,no_movement
SCN-04-MIXED-0050,mixed_balance,train,SCN-04-MIXED-0050-VICTIM,0,SCN-04-MIXED-0050-W1,0.0,-1,0,no_movement
SCN-04-MIXED-0050,mixed_balance,train,SCN-04-MIXED-0050-W1,1,SCN-04-MIXED-0050-W1,15886.88,0,0,no_movement
SCN-04-MIXED-0050,mixed_balance,train,SCN-04-MIXED-0050-W2,1,SCN-04-MIXED-0050-W1,6570.27,1,0,no_movement
SCN-04-MIXED-0050,mixed_balance,train,SCN-04-MIXED-0050-W3,1,SCN-04-MIXED-0050-W1,3430.85,2,0,forward
SCN-04-MIXED-0050,mixed_balance,train,SCN-04-MIXED-0050-W4,0,SCN-04-MIXED-0050-W1,0.0,-1,0,no_movement
SCN-04-MIXED-0050,mixed_balance,train,SCN-04-MIXED-0050-NORMAL_A,0,SCN-04-MIXED-0050-W1,0.0,-1,0,no_movement
SCN-04-MIXED-0050,mixed_balance,train,SCN-04-MIXED-0050-NORMAL_B,0,SCN-04-MIXED-0050-W1,0.0,-1,0,no_movement
SCN-04-MIXED-0050,mixed_balance,train,SCN-04-MIXED-0050-NORMAL_C,0,SCN-04-MIXED-0050-W1,0.0,-1,0,no_movement
SCN-04-MIXED-0051,mixed_balance,validation,SCN-04-MIXED-0051-VICTIM,0,SCN-04-MIXED-0051-W1,0.0,-1,0,no_movement
SCN-04-MIXED-0051,mixed_balance,validation,SCN-04-MIXED-0051-W1,1,SCN-04-MIXED-0051-W1,17207.14,0,0,no_movement
SCN-04-MIXED-0051,mixed_balance,validation,SCN-04-MIXED-0051-W2,1,SCN-04-MIXED-0051-W1,6594.35,1,0,no_movement
SCN-04-MIXED-0051,mixed_balance,validation,SCN-04-MIXED-0051-W3,1,SCN-04-MIXED-0051-W1,4387.51,2,0,forward
SCN-04-MIXED-0051,mixed_balance,validation,SCN-04-MIXED-0051-W4,0,SCN-04-MIXED-0051-W1,0.0,-1,0,no_movement
SCN-04-MIXED-0051,mixed_balance,validation,SCN-04-MIXED-0051-NORMAL_A,0,SCN-04-MIXED-0051-W1,0.0,-1,0,no_movement
SCN-04-MIXED-0051,mixed_balance,validation,SCN-04-MIXED-0051-NORMAL_B,0,SCN-04-MIXED-0051-W1,0.0,-1,0,no_movement
SCN-04-MIXED-0051,mixed_balance,validation,SCN-04-MIXED-0051-NORMAL_C,0,SCN-04-MIXED-0051-W1,0.0,-1,0,no_movement
SCN-04-MIXED-0052,mixed_balance,test,SCN-04-MIXED-0052-VICTIM,0,SCN-04-MIXED-0052-W1,0.0,-1,0,no_movement
SCN-04-MIXED-0052,mixed_balance,test,SCN-04-MIXED-0052-W1,1,SCN-04-MIXED-0052-W1,20932.39,0,0,no_movement
SCN-04-MIXED-0052,mixed_balance,test,SCN-04-MIXED-0052-W2,1,SCN-04-MIXED-0052-W1,8425.89,1,0,no_movement
SCN-04-MIXED-0052,mixed_balance,test,SCN-04-MIXED-0052-W3,1,SCN-04-MIXED-0052-W1,4907.72,2,0,forward
SCN-04-MIXED-0052,mixed_balance,test,SCN-04-MIXED-0052-W4,0,SCN-04-MIXED-0052-W1,0.0,-1,0,no_movement
SCN-04-MIXED-0052,mixed_balance,test,SCN-04-MIXED-0052-NORMAL_A,0,SCN-04-MIXED-0052-W1,0.0,-1,0,no_movement
SCN-04-MIXED-0052,mixed_balance,test,SCN-04-MIXED-0052-NORMAL_B,0,SCN-04-MIXED-0052-W1,0.0,-1,0,no_movement
SCN-04-MIXED-0052,mixed_balance,test,SCN-04-MIXED-0052-NORMAL_C,0,SCN-04-MIXED-0052-W1,0.0,-1,0,no_movement
SCN-04-MIXED-0053,mixed_balance,train,SCN-04-MIXED-0053-VICTIM,0,SCN-04-MIXED-0053-W1,0.0,-1,0,no_movement
SCN-04-MIXED-0053,mixed_balance,train,SCN-04-MIXED-0053-W1,1,SCN-04-MIXED-0053-W1,21690.32,0,0,no_movement
SCN-04-MIXED-0053,mixed_balance,train,SCN-04-MIXED-0053-W2,1,SCN-04-MIXED-0053-W1,8173.53,1,0,no_movement
SCN-04-MIXED-0053,mixed_balance,train,SCN-04-MIXED-0053-W3,1,SCN-04-MIXED-0053-W1,5658.15,2,0,forward
SCN-04-MIXED-0053,mixed_balance,train,SCN-04-MIXED-0053-W4,0,SCN-04-MIXED-0053-W1,0.0,-1,0,no_movement
SCN-04-MIXED-0053,mixed_balance,train,SCN-04-MIXED-0053-NORMAL_A,0,SCN-04-MIXED-0053-W1,0.0,-1,0,no_movement
SCN-04-MIXED-0053,mixed_balance,train,SCN-04-MIXED-0053-NORMAL_B,0,SCN-04-MIXED-0053-W1,0.0,-1,0,no_movement
SCN-04-MIXED-0053,mixed_balance,train,SCN-04-MIXED-0053-NORMAL_C,0,SCN-04-MIXED-0053-W1,0.0,-1,0,no_movement
SCN-04-MIXED-0054,mixed_balance,train,SCN-04-MIXED-0054-VICTIM,0,SCN-04-MIXED-0054-W1,0.0,-1,0,no_movement
SCN-04-MIXED-0054,mixed_balance,train,SCN-04-MIXED-0054-W1,1,SCN-04-MIXED-0054-W1,18942.57,0,0,no_movement
SCN-04-MIXED-0054,mixed_balance,train,SCN-04-MIXED-0054-W2,1,SCN-04-MIXED-0054-W1,7975.68,1,0,no_movement
SCN-04-MIXED-0054,mixed_balance,train,SCN-04-MIXED-0054-W3,1,SCN-04-MIXED-0054-W1,4034.75,2,0,forward
SCN-04-MIXED-0054,mixed_balance,train,SCN-04-MIXED-0054-W4,0,SCN-04-MIXED-0054-W1,0.0,-1,0,no_movement
SCN-04-MIXED-0054,mixed_balance,train,SCN-04-MIXED-0054-NORMAL_A,0,SCN-04-MIXED-0054-W1,0.0,-1,0,no_movement
SCN-04-MIXED-0054,mixed_balance,train,SCN-04-MIXED-0054-NORMAL_B,0,SCN-04-MIXED-0054-W1,0.0,-1,0,no_movement
SCN-04-MIXED-0054,mixed_balance,train,SCN-04-MIXED-0054-NORMAL_C,0,SCN-04-MIXED-0054-W1,0.0,-1,0,no_movement
SCN-04-MIXED-0055,mixed_balance,train,SCN-04-MIXED-0055-VICTIM,0,SCN-04-MIXED-0055-W1,0.0,-1,0,no_movement
SCN-04-MIXED-0055,mixed_balance,train,SCN-04-MIXED-0055-W1,1,SCN-04-MIXED-0055-W1,20287.07,0,0,no_movement
SCN-04-MIXED-0055,mixed_balance,train,SCN-04-MIXED-0055-W2,1,SCN-04-MIXED-0055-W1,7832.03,1,0,no_movement
SCN-04-MIXED-0055,mixed_balance,train,SCN-04-MIXED-0055-W3,1,SCN-04-MIXED-0055-W1,5071.9,2,0,forward
SCN-04-MIXED-0055,mixed_balance,train,SCN-04-MIXED-0055-W4,0,SCN-04-MIXED-0055-W1,0.0,-1,0,no_movement
SCN-04-MIXED-0055,mixed_balance,train,SCN-04-MIXED-0055-NORMAL_A,0,SCN-04-MIXED-0055-W1,0.0,-1,0,no_movement
SCN-04-MIXED-0055,mixed_balance,train,SCN-04-MIXED-0055-NORMAL_B,0,SCN-04-MIXED-0055-W1,0.0,-1,0,no_movement
SCN-04-MIXED-0055,mixed_balance,train,SCN-04-MIXED-0055-NORMAL_C,0,SCN-04-MIXED-0055-W1,0.0,-1,0,no_movement
SCN-04-MIXED-0056,mixed_balance,train,SCN-04-MIXED-0056-VICTIM,0,SCN-04-MIXED-0056-W1,0.0,-1,0,no_movement
SCN-04-MIXED-0056,mixed_balance,train,SCN-04-MIXED-0056-W1,1,SCN-04-MIXED-0056-W1,21968.01,0,0,no_movement
SCN-04-MIXED-0056,mixed_balance,train,SCN-04-MIXED-0056-W2,1,SCN-04-MIXED-0056-W1,9309.08,1,0,no_movement
SCN-04-MIXED-0056,mixed_balance,train,SCN-04-MIXED-0056-W3,1,SCN-04-MIXED-0056-W1,4670.91,2,0,forward
SCN-04-MIXED-0056,mixed_balance,train,SCN-04-MIXED-0056-W4,0,SCN-04-MIXED-0056-W1,0.0,-1,0,no_movement
SCN-04-MIXED-0056,mixed_balance,train,SCN-04-MIXED-0056-NORMAL_A,0,SCN-04-MIXED-0056-W1,0.0,-1,0,no_movement
SCN-04-MIXED-0056,mixed_balance,train,SCN-04-MIXED-0056-NORMAL_B,0,SCN-04-MIXED-0056-W1,0.0,-1,0,no_movement
SCN-04-MIXED-0056,mixed_balance,train,SCN-04-MIXED-0056-NORMAL_C,0,SCN-04-MIXED-0056-W1,0.0,-1,0,no_movement
SCN-04-MIXED-0057,mixed_balance,train,SCN-04-MIXED-0057-VICTIM,0,SCN-04-MIXED-0057-W1,0.0,-1,0,no_movement
SCN-04-MIXED-0057,mixed_balance,train,SCN-04-MIXED-0057-W1,1,SCN-04-MIXED-0057-W1,22810.51,0,0,no_movement
SCN-04-MIXED-0057,mixed_balance,train,SCN-04-MIXED-0057-W2,1,SCN-04-MIXED-0057-W1,8811.78,1,0,no_movement
SCN-04-MIXED-0057,mixed_balance,train,SCN-04-MIXED-0057-W3,1,SCN-04-MIXED-0057-W1,5492.71,2,0,forward
SCN-04-MIXED-0057,mixed_balance,train,SCN-04-MIXED-0057-W4,0,SCN-04-MIXED-0057-W1,0.0,-1,0,no_movement
SCN-04-MIXED-0057,mixed_balance,train,SCN-04-MIXED-0057-NORMAL_A,0,SCN-04-MIXED-0057-W1,0.0,-1,0,no_movement
SCN-04-MIXED-0057,mixed_balance,train,SCN-04-MIXED-0057-NORMAL_B,0,SCN-04-MIXED-0057-W1,0.0,-1,0,no_movement
SCN-04-MIXED-0057,mixed_balance,train,SCN-04-MIXED-0057-NORMAL_C,0,SCN-04-MIXED-0057-W1,0.0,-1,0,no_movement
SCN-04-MIXED-0058,mixed_balance,train,SCN-04-MIXED-0058-VICTIM,0,SCN-04-MIXED-0058-W1,0.0,-1,0,no_movement
SCN-04-MIXED-0058,mixed_balance,train,SCN-04-MIXED-0058-W1,1,SCN-04-MIXED-0058-W1,17405.65,0,0,no_movement
SCN-04-MIXED-0058,mixed_balance,train,SCN-04-MIXED-0058-W2,1,SCN-04-MIXED-0058-W1,7357.87,1,0,no_movement
SCN-04-MIXED-0058,mixed_balance,train,SCN-04-MIXED-0058-W3,1,SCN-04-MIXED-0058-W1,3687.48,2,0,forward
SCN-04-MIXED-0058,mixed_balance,train,SCN-04-MIXED-0058-W4,0,SCN-04-MIXED-0058-W1,0.0,-1,0,no_movement
SCN-04-MIXED-0058,mixed_balance,train,SCN-04-MIXED-0058-NORMAL_A,0,SCN-04-MIXED-0058-W1,0.0,-1,0,no_movement
SCN-04-MIXED-0058,mixed_balance,train,SCN-04-MIXED-0058-NORMAL_B,0,SCN-04-MIXED-0058-W1,0.0,-1,0,no_movement
SCN-04-MIXED-0058,mixed_balance,train,SCN-04-MIXED-0058-NORMAL_C,0,SCN-04-MIXED-0058-W1,0.0,-1,0,no_movement
SCN-04-MIXED-0059,mixed_balance,test,SCN-04-MIXED-0059-VICTIM,0,SCN-04-MIXED-0059-W1,0.0,-1,0,no_movement
SCN-04-MIXED-0059,mixed_balance,test,SCN-04-MIXED-0059-W1,1,SCN-04-MIXED-0059-W1,22471.81,0,0,no_movement
SCN-04-MIXED-0059,mixed_balance,test,SCN-04-MIXED-0059-W2,1,SCN-04-MIXED-0059-W1,8374.79,1,0,no_movement
SCN-04-MIXED-0059,mixed_balance,test,SCN-04-MIXED-0059-W3,1,SCN-04-MIXED-0059-W1,5770.4,2,0,forward
SCN-04-MIXED-0059,mixed_balance,test,SCN-04-MIXED-0059-W4,0,SCN-04-MIXED-0059-W1,0.0,-1,0,no_movement
SCN-04-MIXED-0059,mixed_balance,test,SCN-04-MIXED-0059-NORMAL_A,0,SCN-04-MIXED-0059-W1,0.0,-1,0,no_movement
SCN-04-MIXED-0059,mixed_balance,test,SCN-04-MIXED-0059-NORMAL_B,0,SCN-04-MIXED-0059-W1,0.0,-1,0,no_movement
SCN-04-MIXED-0059,mixed_balance,test,SCN-04-MIXED-0059-NORMAL_C,0,SCN-04-MIXED-0059-W1,0.0,-1,0,no_movement
SCN-04-MIXED-0060,mixed_balance,train,SCN-04-MIXED-0060-VICTIM,0,SCN-04-MIXED-0060-W1,0.0,-1,0,no_movement
SCN-04-MIXED-0060,mixed_balance,train,SCN-04-MIXED-0060-W1,1,SCN-04-MIXED-0060-W1,20381.27,0,0,no_movement
SCN-04-MIXED-0060,mixed_balance,train,SCN-04-MIXED-0060-W2,1,SCN-04-MIXED-0060-W1,8206.14,1,0,no_movement
SCN-04-MIXED-0060,mixed_balance,train,SCN-04-MIXED-0060-W3,1,SCN-04-MIXED-0060-W1,4609.59,2,0,forward
SCN-04-MIXED-0060,mixed_balance,train,SCN-04-MIXED-0060-W4,0,SCN-04-MIXED-0060-W1,0.0,-1,0,no_movement
SCN-04-MIXED-0060,mixed_balance,train,SCN-04-MIXED-0060-NORMAL_A,0,SCN-04-MIXED-0060-W1,0.0,-1,0,no_movement
SCN-04-MIXED-0060,mixed_balance,train,SCN-04-MIXED-0060-NORMAL_B,0,SCN-04-MIXED-0060-W1,0.0,-1,0,no_movement
SCN-04-MIXED-0060,mixed_balance,train,SCN-04-MIXED-0060-NORMAL_C,0,SCN-04-MIXED-0060-W1,0.0,-1,0,no_movement
SCN-04-MIXED-0061,mixed_balance,train,SCN-04-MIXED-0061-VICTIM,0,SCN-04-MIXED-0061-W1,0.0,-1,0,no_movement
SCN-04-MIXED-0061,mixed_balance,train,SCN-04-MIXED-0061-W1,1,SCN-04-MIXED-0061-W1,14752.95,0,0,no_movement
SCN-04-MIXED-0061,mixed_balance,train,SCN-04-MIXED-0061-W2,1,SCN-04-MIXED-0061-W1,5697.04,1,0,no_movement
SCN-04-MIXED-0061,mixed_balance,train,SCN-04-MIXED-0061-W3,1,SCN-04-MIXED-0061-W1,3648.01,2,0,forward
SCN-04-MIXED-0061,mixed_balance,train,SCN-04-MIXED-0061-W4,0,SCN-04-MIXED-0061-W1,0.0,-1,0,no_movement
SCN-04-MIXED-0061,mixed_balance,train,SCN-04-MIXED-0061-NORMAL_A,0,SCN-04-MIXED-0061-W1,0.0,-1,0,no_movement
SCN-04-MIXED-0061,mixed_balance,train,SCN-04-MIXED-0061-NORMAL_B,0,SCN-04-MIXED-0061-W1,0.0,-1,0,no_movement
SCN-04-MIXED-0061,mixed_balance,train,SCN-04-MIXED-0061-NORMAL_C,0,SCN-04-MIXED-0061-W1,0.0,-1,0,no_movement
SCN-04-MIXED-0062,mixed_balance,train,SCN-04-MIXED-0062-VICTIM,0,SCN-04-MIXED-0062-W1,0.0,-1,0,no_movement
SCN-04-MIXED-0062,mixed_balance,train,SCN-04-MIXED-0062-W1,1,SCN-04-MIXED-0062-W1,17847.68,0,0,no_movement
SCN-04-MIXED-0062,mixed_balance,train,SCN-04-MIXED-0062-W2,1,SCN-04-MIXED-0062-W1,7027.1,1,0,no_movement
SCN-04-MIXED-0062,mixed_balance,train,SCN-04-MIXED-0062-W3,1,SCN-04-MIXED-0062-W1,4358.22,2,0,forward
SCN-04-MIXED-0062,mixed_balance,train,SCN-04-MIXED-0062-W4,0,SCN-04-MIXED-0062-W1,0.0,-1,0,no_movement
SCN-04-MIXED-0062,mixed_balance,train,SCN-04-MIXED-0062-NORMAL_A,0,SCN-04-MIXED-0062-W1,0.0,-1,0,no_movement
SCN-04-MIXED-0062,mixed_balance,train,SCN-04-MIXED-0062-NORMAL_B,0,SCN-04-MIXED-0062-W1,0.0,-1,0,no_movement
SCN-04-MIXED-0062,mixed_balance,train,SCN-04-MIXED-0062-NORMAL_C,0,SCN-04-MIXED-0062-W1,0.0,-1,0,no_movement
SCN-04-MIXED-0063,mixed_balance,test,SCN-04-MIXED-0063-VICTIM,0,SCN-04-MIXED-0063-W1,0.0,-1,0,no_movement
SCN-04-MIXED-0063,mixed_balance,test,SCN-04-MIXED-0063-W1,1,SCN-04-MIXED-0063-W1,16756.68,0,0,no_movement
SCN-04-MIXED-0063,mixed_balance,test,SCN-04-MIXED-0063-W2,1,SCN-04-MIXED-0063-W1,6280.56,1,0,no_movement
SCN-04-MIXED-0063,mixed_balance,test,SCN-04-MIXED-0063-W3,1,SCN-04-MIXED-0063-W1,4328.76,2,0,forward
SCN-04-MIXED-0063,mixed_balance,test,SCN-04-MIXED-0063-W4,0,SCN-04-MIXED-0063-W1,0.0,-1,0,no_movement
SCN-04-MIXED-0063,mixed_balance,test,SCN-04-MIXED-0063-NORMAL_A,0,SCN-04-MIXED-0063-W1,0.0,-1,0,no_movement
SCN-04-MIXED-0063,mixed_balance,test,SCN-04-MIXED-0063-NORMAL_B,0,SCN-04-MIXED-0063-W1,0.0,-1,0,no_movement
SCN-04-MIXED-0063,mixed_balance,test,SCN-04-MIXED-0063-NORMAL_C,0,SCN-04-MIXED-0063-W1,0.0,-1,0,no_movement
SCN-04-MIXED-0064,mixed_balance,test,SCN-04-MIXED-0064-VICTIM,0,SCN-04-MIXED-0064-W1,0.0,-1,0,no_movement
SCN-04-MIXED-0064,mixed_balance,test,SCN-04-MIXED-0064-W1,1,SCN-04-MIXED-0064-W1,22761.48,0,0,no_movement
SCN-04-MIXED-0064,mixed_balance,test,SCN-04-MIXED-0064-W2,1,SCN-04-MIXED-0064-W1,8608.04,1,0,no_movement
SCN-04-MIXED-0064,mixed_balance,test,SCN-04-MIXED-0064-W3,1,SCN-04-MIXED-0064-W1,5803.48,2,0,forward
SCN-04-MIXED-0064,mixed_balance,test,SCN-04-MIXED-0064-W4,0,SCN-04-MIXED-0064-W1,0.0,-1,0,no_movement
SCN-04-MIXED-0064,mixed_balance,test,SCN-04-MIXED-0064-NORMAL_A,0,SCN-04-MIXED-0064-W1,0.0,-1,0,no_movement
SCN-04-MIXED-0064,mixed_balance,test,SCN-04-MIXED-0064-NORMAL_B,0,SCN-04-MIXED-0064-W1,0.0,-1,0,no_movement
SCN-04-MIXED-0064,mixed_balance,test,SCN-04-MIXED-0064-NORMAL_C,0,SCN-04-MIXED-0064-W1,0.0,-1,0,no_movement
SCN-04-MIXED-0065,mixed_balance,train,SCN-04-MIXED-0065-VICTIM,0,SCN-04-MIXED-0065-W1,0.0,-1,0,no_movement
SCN-04-MIXED-0065,mixed_balance,train,SCN-04-MIXED-0065-W1,1,SCN-04-MIXED-0065-W1,14369.85,0,0,no_movement
SCN-04-MIXED-0065,mixed_balance,train,SCN-04-MIXED-0065-W2,1,SCN-04-MIXED-0065-W1,5367.72,1,0,no_movement
SCN-04-MIXED-0065,mixed_balance,train,SCN-04-MIXED-0065-W3,1,SCN-04-MIXED-0065-W1,3711.43,2,0,forward
SCN-04-MIXED-0065,mixed_balance,train,SCN-04-MIXED-0065-W4,0,SCN-04-MIXED-0065-W1,0.0,-1,0,no_movement
SCN-04-MIXED-0065,mixed_balance,train,SCN-04-MIXED-0065-NORMAL_A,0,SCN-04-MIXED-0065-W1,0.0,-1,0,no_movement
SCN-04-MIXED-0065,mixed_balance,train,SCN-04-MIXED-0065-NORMAL_B,0,SCN-04-MIXED-0065-W1,0.0,-1,0,no_movement
SCN-04-MIXED-0065,mixed_balance,train,SCN-04-MIXED-0065-NORMAL_C,0,SCN-04-MIXED-0065-W1,0.0,-1,0,no_movement
SCN-04-MIXED-0066,mixed_balance,train,SCN-04-MIXED-0066-VICTIM,0,SCN-04-MIXED-0066-W1,0.0,-1,0,no_movement
SCN-04-MIXED-0066,mixed_balance,train,SCN-04-MIXED-0066-W1,1,SCN-04-MIXED-0066-W1,19474.22,0,0,no_movement
SCN-04-MIXED-0066,mixed_balance,train,SCN-04-MIXED-0066-W2,1,SCN-04-MIXED-0066-W1,7600.06,1,0,no_movement
SCN-04-MIXED-0066,mixed_balance,train,SCN-04-MIXED-0066-W3,1,SCN-04-MIXED-0066-W1,4801.72,2,0,forward
SCN-04-MIXED-0066,mixed_balance,train,SCN-04-MIXED-0066-W4,0,SCN-04-MIXED-0066-W1,0.0,-1,0,no_movement
SCN-04-MIXED-0066,mixed_balance,train,SCN-04-MIXED-0066-NORMAL_A,0,SCN-04-MIXED-0066-W1,0.0,-1,0,no_movement
SCN-04-MIXED-0066,mixed_balance,train,SCN-04-MIXED-0066-NORMAL_B,0,SCN-04-MIXED-0066-W1,0.0,-1,0,no_movement
SCN-04-MIXED-0066,mixed_balance,train,SCN-04-MIXED-0066-NORMAL_C,0,SCN-04-MIXED-0066-W1,0.0,-1,0,no_movement
SCN-04-MIXED-0067,mixed_balance,train,SCN-04-MIXED-0067-VICTIM,0,SCN-04-MIXED-0067-W1,0.0,-1,0,no_movement
SCN-04-MIXED-0067,mixed_balance,train,SCN-04-MIXED-0067-W1,1,SCN-04-MIXED-0067-W1,19466.04,0,0,no_movement
SCN-04-MIXED-0067,mixed_balance,train,SCN-04-MIXED-0067-W2,1,SCN-04-MIXED-0067-W1,8067.02,1,0,no_movement
SCN-04-MIXED-0067,mixed_balance,train,SCN-04-MIXED-0067-W3,1,SCN-04-MIXED-0067-W1,4269.94,2,0,forward
SCN-04-MIXED-0067,mixed_balance,train,SCN-04-MIXED-0067-W4,0,SCN-04-MIXED-0067-W1,0.0,-1,0,no_movement
SCN-04-MIXED-0067,mixed_balance,train,SCN-04-MIXED-0067-NORMAL_A,0,SCN-04-MIXED-0067-W1,0.0,-1,0,no_movement
SCN-04-MIXED-0067,mixed_balance,train,SCN-04-MIXED-0067-NORMAL_B,0,SCN-04-MIXED-0067-W1,0.0,-1,0,no_movement
SCN-04-MIXED-0067,mixed_balance,train,SCN-04-MIXED-0067-NORMAL_C,0,SCN-04-MIXED-0067-W1,0.0,-1,0,no_movement
SCN-04-MIXED-0068,mixed_balance,test,SCN-04-MIXED-0068-VICTIM,0,SCN-04-MIXED-0068-W1,0.0,-1,0,no_movement
SCN-04-MIXED-0068,mixed_balance,test,SCN-04-MIXED-0068-W1,1,SCN-04-MIXED-0068-W1,15004.8,0,0,no_movement
SCN-04-MIXED-0068,mixed_balance,test,SCN-04-MIXED-0068-W2,1,SCN-04-MIXED-0068-W1,5852.66,1,0,no_movement
SCN-04-MIXED-0068,mixed_balance,test,SCN-04-MIXED-0068-W3,1,SCN-04-MIXED-0068-W1,3684.54,2,0,forward
SCN-04-MIXED-0068,mixed_balance,test,SCN-04-MIXED-0068-W4,0,SCN-04-MIXED-0068-W1,0.0,-1,0,no_movement
SCN-04-MIXED-0068,mixed_balance,test,SCN-04-MIXED-0068-NORMAL_A,0,SCN-04-MIXED-0068-W1,0.0,-1,0,no_movement
SCN-04-MIXED-0068,mixed_balance,test,SCN-04-MIXED-0068-NORMAL_B,0,SCN-04-MIXED-0068-W1,0.0,-1,0,no_movement
SCN-04-MIXED-0068,mixed_balance,test,SCN-04-MIXED-0068-NORMAL_C,0,SCN-04-MIXED-0068-W1,0.0,-1,0,no_movement
SCN-04-MIXED-0069,mixed_balance,train,SCN-04-MIXED-0069-VICTIM,0,SCN-04-MIXED-0069-W1,0.0,-1,0,no_movement
SCN-04-MIXED-0069,mixed_balance,train,SCN-04-MIXED-0069-W1,1,SCN-04-MIXED-0069-W1,16479.95,0,0,no_movement
SCN-04-MIXED-0069,mixed_balance,train,SCN-04-MIXED-0069-W2,1,SCN-04-MIXED-0069-W1,6309.71,1,0,no_movement
SCN-04-MIXED-0069,mixed_balance,train,SCN-04-MIXED-0069-W3,1,SCN-04-MIXED-0069-W1,4082.34,2,0,forward
SCN-04-MIXED-0069,mixed_balance,train,SCN-04-MIXED-0069-W4,0,SCN-04-MIXED-0069-W1,0.0,-1,0,no_movement
SCN-04-MIXED-0069,mixed_balance,train,SCN-04-MIXED-0069-NORMAL_A,0,SCN-04-MIXED-0069-W1,0.0,-1,0,no_movement
SCN-04-MIXED-0069,mixed_balance,train,SCN-04-MIXED-0069-NORMAL_B,0,SCN-04-MIXED-0069-W1,0.0,-1,0,no_movement
SCN-04-MIXED-0069,mixed_balance,train,SCN-04-MIXED-0069-NORMAL_C,0,SCN-04-MIXED-0069-W1,0.0,-1,0,no_movement
SCN-04-MIXED-0070,mixed_balance,validation,SCN-04-MIXED-0070-VICTIM,0,SCN-04-MIXED-0070-W1,0.0,-1,0,no_movement
SCN-04-MIXED-0070,mixed_balance,validation,SCN-04-MIXED-0070-W1,1,SCN-04-MIXED-0070-W1,17415.31,0,0,no_movement
SCN-04-MIXED-0070,mixed_balance,validation,SCN-04-MIXED-0070-W2,1,SCN-04-MIXED-0070-W1,6953.23,1,0,no_movement
SCN-04-MIXED-0070,mixed_balance,validation,SCN-04-MIXED-0070-W3,1,SCN-04-MIXED-0070-W1,4025.46,2,0,forward
SCN-04-MIXED-0070,mixed_balance,validation,SCN-04-MIXED-0070-W4,0,SCN-04-MIXED-0070-W1,0.0,-1,0,no_movement
SCN-04-MIXED-0070,mixed_balance,validation,SCN-04-MIXED-0070-NORMAL_A,0,SCN-04-MIXED-0070-W1,0.0,-1,0,no_movement
SCN-04-MIXED-0070,mixed_balance,validation,SCN-04-MIXED-0070-NORMAL_B,0,SCN-04-MIXED-0070-W1,0.0,-1,0,no_movement
SCN-04-MIXED-0070,mixed_balance,validation,SCN-04-MIXED-0070-NORMAL_C,0,SCN-04-MIXED-0070-W1,0.0,-1,0,no_movement
SCN-04-MIXED-0071,mixed_balance,validation,SCN-04-MIXED-0071-VICTIM,0,SCN-04-MIXED-0071-W1,0.0,-1,0,no_movement
SCN-04-MIXED-0071,mixed_balance,validation,SCN-04-MIXED-0071-W1,1,SCN-04-MIXED-0071-W1,22540.34,0,0,no_movement
SCN-04-MIXED-0071,mixed_balance,validation,SCN-04-MIXED-0071-W2,1,SCN-04-MIXED-0071-W1,8718.46,1,0,no_movement
SCN-04-MIXED-0071,mixed_balance,validation,SCN-04-MIXED-0071-W3,1,SCN-04-MIXED-0071-W1,5536.2,2,0,forward
SCN-04-MIXED-0071,mixed_balance,validation,SCN-04-MIXED-0071-W4,0,SCN-04-MIXED-0071-W1,0.0,-1,0,no_movement
SCN-04-MIXED-0071,mixed_balance,validation,SCN-04-MIXED-0071-NORMAL_A,0,SCN-04-MIXED-0071-W1,0.0,-1,0,no_movement
SCN-04-MIXED-0071,mixed_balance,validation,SCN-04-MIXED-0071-NORMAL_B,0,SCN-04-MIXED-0071-W1,0.0,-1,0,no_movement
SCN-04-MIXED-0071,mixed_balance,validation,SCN-04-MIXED-0071-NORMAL_C,0,SCN-04-MIXED-0071-W1,0.0,-1,0,no_movement
SCN-04-MIXED-0072,mixed_balance,train,SCN-04-MIXED-0072-VICTIM,0,SCN-04-MIXED-0072-W1,0.0,-1,0,no_movement
SCN-04-MIXED-0072,mixed_balance,train,SCN-04-MIXED-0072-W1,1,SCN-04-MIXED-0072-W1,21128.2,0,0,no_movement
SCN-04-MIXED-0072,mixed_balance,train,SCN-04-MIXED-0072-W2,1,SCN-04-MIXED-0072-W1,8078.82,1,0,no_movement
SCN-04-MIXED-0072,mixed_balance,train,SCN-04-MIXED-0072-W3,1,SCN-04-MIXED-0072-W1,5227.98,2,0,forward
SCN-04-MIXED-0072,mixed_balance,train,SCN-04-MIXED-0072-W4,0,SCN-04-MIXED-0072-W1,0.0,-1,0,no_movement
SCN-04-MIXED-0072,mixed_balance,train,SCN-04-MIXED-0072-NORMAL_A,0,SCN-04-MIXED-0072-W1,0.0,-1,0,no_movement
SCN-04-MIXED-0072,mixed_balance,train,SCN-04-MIXED-0072-NORMAL_B,0,SCN-04-MIXED-0072-W1,0.0,-1,0,no_movement
SCN-04-MIXED-0072,mixed_balance,train,SCN-04-MIXED-0072-NORMAL_C,0,SCN-04-MIXED-0072-W1,0.0,-1,0,no_movement
SCN-04-MIXED-0073,mixed_balance,train,SCN-04-MIXED-0073-VICTIM,0,SCN-04-MIXED-0073-W1,0.0,-1,0,no_movement
SCN-04-MIXED-0073,mixed_balance,train,SCN-04-MIXED-0073-W1,1,SCN-04-MIXED-0073-W1,21041.47,0,0,no_movement
SCN-04-MIXED-0073,mixed_balance,train,SCN-04-MIXED-0073-W2,1,SCN-04-MIXED-0073-W1,8259.76,1,0,no_movement
SCN-04-MIXED-0073,mixed_balance,train,SCN-04-MIXED-0073-W3,1,SCN-04-MIXED-0073-W1,5034.77,2,0,forward
SCN-04-MIXED-0073,mixed_balance,train,SCN-04-MIXED-0073-W4,0,SCN-04-MIXED-0073-W1,0.0,-1,0,no_movement
SCN-04-MIXED-0073,mixed_balance,train,SCN-04-MIXED-0073-NORMAL_A,0,SCN-04-MIXED-0073-W1,0.0,-1,0,no_movement
SCN-04-MIXED-0073,mixed_balance,train,SCN-04-MIXED-0073-NORMAL_B,0,SCN-04-MIXED-0073-W1,0.0,-1,0,no_movement
SCN-04-MIXED-0073,mixed_balance,train,SCN-04-MIXED-0073-NORMAL_C,0,SCN-04-MIXED-0073-W1,0.0,-1,0,no_movement
SCN-04-MIXED-0074,mixed_balance,train,SCN-04-MIXED-0074-VICTIM,0,SCN-04-MIXED-0074-W1,0.0,-1,0,no_movement
SCN-04-MIXED-0074,mixed_balance,train,SCN-04-MIXED-0074-W1,1,SCN-04-MIXED-0074-W1,20126.98,0,0,no_movement
SCN-04-MIXED-0074,mixed_balance,train,SCN-04-MIXED-0074-W2,1,SCN-04-MIXED-0074-W1,8408.39,1,0,no_movement
SCN-04-MIXED-0074,mixed_balance,train,SCN-04-MIXED-0074-W3,1,SCN-04-MIXED-0074-W1,4340.63,2,0,forward
SCN-04-MIXED-0074,mixed_balance,train,SCN-04-MIXED-0074-W4,0,SCN-04-MIXED-0074-W1,0.0,-1,0,no_movement
SCN-04-MIXED-0074,mixed_balance,train,SCN-04-MIXED-0074-NORMAL_A,0,SCN-04-MIXED-0074-W1,0.0,-1,0,no_movement
SCN-04-MIXED-0074,mixed_balance,train,SCN-04-MIXED-0074-NORMAL_B,0,SCN-04-MIXED-0074-W1,0.0,-1,0,no_movement
SCN-04-MIXED-0074,mixed_balance,train,SCN-04-MIXED-0074-NORMAL_C,0,SCN-04-MIXED-0074-W1,0.0,-1,0,no_movement
SCN-04-MIXED-0075,mixed_balance,train,SCN-04-MIXED-0075-VICTIM,0,SCN-04-MIXED-0075-W1,0.0,-1,0,no_movement
SCN-04-MIXED-0075,mixed_balance,train,SCN-04-MIXED-0075-W1,1,SCN-04-MIXED-0075-W1,14554.7,0,0,no_movement
SCN-04-MIXED-0075,mixed_balance,train,SCN-04-MIXED-0075-W2,1,SCN-04-MIXED-0075-W1,5913.33,1,0,no_movement
SCN-04-MIXED-0075,mixed_balance,train,SCN-04-MIXED-0075-W3,1,SCN-04-MIXED-0075-W1,3306.97,2,0,forward
SCN-04-MIXED-0075,mixed_balance,train,SCN-04-MIXED-0075-W4,0,SCN-04-MIXED-0075-W1,0.0,-1,0,no_movement
SCN-04-MIXED-0075,mixed_balance,train,SCN-04-MIXED-0075-NORMAL_A,0,SCN-04-MIXED-0075-W1,0.0,-1,0,no_movement
SCN-04-MIXED-0075,mixed_balance,train,SCN-04-MIXED-0075-NORMAL_B,0,SCN-04-MIXED-0075-W1,0.0,-1,0,no_movement
SCN-04-MIXED-0075,mixed_balance,train,SCN-04-MIXED-0075-NORMAL_C,0,SCN-04-MIXED-0075-W1,0.0,-1,0,no_movement
SCN-04-MIXED-0076,mixed_balance,test,SCN-04-MIXED-0076-VICTIM,0,SCN-04-MIXED-0076-W1,0.0,-1,0,no_movement
SCN-04-MIXED-0076,mixed_balance,test,SCN-04-MIXED-0076-W1,1,SCN-04-MIXED-0076-W1,20094.15,0,0,no_movement
SCN-04-MIXED-0076,mixed_balance,test,SCN-04-MIXED-0076-W2,1,SCN-04-MIXED-0076-W1,7840.26,1,0,no_movement
SCN-04-MIXED-0076,mixed_balance,test,SCN-04-MIXED-0076-W3,1,SCN-04-MIXED-0076-W1,4727.59,2,0,forward
SCN-04-MIXED-0076,mixed_balance,test,SCN-04-MIXED-0076-W4,0,SCN-04-MIXED-0076-W1,0.0,-1,0,no_movement
SCN-04-MIXED-0076,mixed_balance,test,SCN-04-MIXED-0076-NORMAL_A,0,SCN-04-MIXED-0076-W1,0.0,-1,0,no_movement
SCN-04-MIXED-0076,mixed_balance,test,SCN-04-MIXED-0076-NORMAL_B,0,SCN-04-MIXED-0076-W1,0.0,-1,0,no_movement
SCN-04-MIXED-0076,mixed_balance,test,SCN-04-MIXED-0076-NORMAL_C,0,SCN-04-MIXED-0076-W1,0.0,-1,0,no_movement
SCN-04-MIXED-0077,mixed_balance,train,SCN-04-MIXED-0077-VICTIM,0,SCN-04-MIXED-0077-W1,0.0,-1,0,no_movement
SCN-04-MIXED-0077,mixed_balance,train,SCN-04-MIXED-0077-W1,1,SCN-04-MIXED-0077-W1,18496.64,0,0,no_movement
SCN-04-MIXED-0077,mixed_balance,train,SCN-04-MIXED-0077-W2,1,SCN-04-MIXED-0077-W1,7291.07,1,0,no_movement
SCN-04-MIXED-0077,mixed_balance,train,SCN-04-MIXED-0077-W3,1,SCN-04-MIXED-0077-W1,4372.29,2,0,forward
SCN-04-MIXED-0077,mixed_balance,train,SCN-04-MIXED-0077-W4,0,SCN-04-MIXED-0077-W1,0.0,-1,0,no_movement
SCN-04-MIXED-0077,mixed_balance,train,SCN-04-MIXED-0077-NORMAL_A,0,SCN-04-MIXED-0077-W1,0.0,-1,0,no_movement
SCN-04-MIXED-0077,mixed_balance,train,SCN-04-MIXED-0077-NORMAL_B,0,SCN-04-MIXED-0077-W1,0.0,-1,0,no_movement
SCN-04-MIXED-0077,mixed_balance,train,SCN-04-MIXED-0077-NORMAL_C,0,SCN-04-MIXED-0077-W1,0.0,-1,0,no_movement
SCN-04-MIXED-0078,mixed_balance,test,SCN-04-MIXED-0078-VICTIM,0,SCN-04-MIXED-0078-W1,0.0,-1,0,no_movement
SCN-04-MIXED-0078,mixed_balance,test,SCN-04-MIXED-0078-W1,1,SCN-04-MIXED-0078-W1,19126.52,0,0,no_movement
SCN-04-MIXED-0078,mixed_balance,test,SCN-04-MIXED-0078-W2,1,SCN-04-MIXED-0078-W1,7247.76,1,0,no_movement
SCN-04-MIXED-0078,mixed_balance,test,SCN-04-MIXED-0078-W3,1,SCN-04-MIXED-0078-W1,4954.72,2,0,forward
SCN-04-MIXED-0078,mixed_balance,test,SCN-04-MIXED-0078-W4,0,SCN-04-MIXED-0078-W1,0.0,-1,0,no_movement
SCN-04-MIXED-0078,mixed_balance,test,SCN-04-MIXED-0078-NORMAL_A,0,SCN-04-MIXED-0078-W1,0.0,-1,0,no_movement
SCN-04-MIXED-0078,mixed_balance,test,SCN-04-MIXED-0078-NORMAL_B,0,SCN-04-MIXED-0078-W1,0.0,-1,0,no_movement
SCN-04-MIXED-0078,mixed_balance,test,SCN-04-MIXED-0078-NORMAL_C,0,SCN-04-MIXED-0078-W1,0.0,-1,0,no_movement
SCN-04-MIXED-0079,mixed_balance,train,SCN-04-MIXED-0079-VICTIM,0,SCN-04-MIXED-0079-W1,0.0,-1,0,no_movement
SCN-04-MIXED-0079,mixed_balance,train,SCN-04-MIXED-0079-W1,1,SCN-04-MIXED-0079-W1,14834.86,0,0,no_movement
SCN-04-MIXED-0079,mixed_balance,train,SCN-04-MIXED-0079-W2,1,SCN-04-MIXED-0079-W1,5887.55,1,0,no_movement
SCN-04-MIXED-0079,mixed_balance,train,SCN-04-MIXED-0079-W3,1,SCN-04-MIXED-0079-W1,3518.59,2,0,forward
SCN-04-MIXED-0079,mixed_balance,train,SCN-04-MIXED-0079-W4,0,SCN-04-MIXED-0079-W1,0.0,-1,0,no_movement
SCN-04-MIXED-0079,mixed_balance,train,SCN-04-MIXED-0079-NORMAL_A,0,SCN-04-MIXED-0079-W1,0.0,-1,0,no_movement
SCN-04-MIXED-0079,mixed_balance,train,SCN-04-MIXED-0079-NORMAL_B,0,SCN-04-MIXED-0079-W1,0.0,-1,0,no_movement
SCN-04-MIXED-0079,mixed_balance,train,SCN-04-MIXED-0079-NORMAL_C,0,SCN-04-MIXED-0079-W1,0.0,-1,0,no_movement
SCN-04-MIXED-0080,mixed_balance,validation,SCN-04-MIXED-0080-VICTIM,0,SCN-04-MIXED-0080-W1,0.0,-1,0,no_movement
SCN-04-MIXED-0080,mixed_balance,validation,SCN-04-MIXED-0080-W1,1,SCN-04-MIXED-0080-W1,18140.8,0,0,no_movement
SCN-04-MIXED-0080,mixed_balance,validation,SCN-04-MIXED-0080-W2,1,SCN-04-MIXED-0080-W1,7043.55,1,0,no_movement
SCN-04-MIXED-0080,mixed_balance,validation,SCN-04-MIXED-0080-W3,1,SCN-04-MIXED-0080-W1,4457.65,2,0,forward
SCN-04-MIXED-0080,mixed_balance,validation,SCN-04-MIXED-0080-W4,0,SCN-04-MIXED-0080-W1,0.0,-1,0,no_movement
SCN-04-MIXED-0080,mixed_balance,validation,SCN-04-MIXED-0080-NORMAL_A,0,SCN-04-MIXED-0080-W1,0.0,-1,0,no_movement
SCN-04-MIXED-0080,mixed_balance,validation,SCN-04-MIXED-0080-NORMAL_B,0,SCN-04-MIXED-0080-W1,0.0,-1,0,no_movement
SCN-04-MIXED-0080,mixed_balance,validation,SCN-04-MIXED-0080-NORMAL_C,0,SCN-04-MIXED-0080-W1,0.0,-1,0,no_movement
SCN-04-MIXED-0081,mixed_balance,train,SCN-04-MIXED-0081-VICTIM,0,SCN-04-MIXED-0081-W1,0.0,-1,0,no_movement
SCN-04-MIXED-0081,mixed_balance,train,SCN-04-MIXED-0081-W1,1,SCN-04-MIXED-0081-W1,21538.39,0,0,no_movement
SCN-04-MIXED-0081,mixed_balance,train,SCN-04-MIXED-0081-W2,1,SCN-04-MIXED-0081-W1,9118.26,1,0,no_movement
SCN-04-MIXED-0081,mixed_balance,train,SCN-04-MIXED-0081-W3,1,SCN-04-MIXED-0081-W1,4581.35,2,0,forward
SCN-04-MIXED-0081,mixed_balance,train,SCN-04-MIXED-0081-W4,0,SCN-04-MIXED-0081-W1,0.0,-1,0,no_movement
SCN-04-MIXED-0081,mixed_balance,train,SCN-04-MIXED-0081-NORMAL_A,0,SCN-04-MIXED-0081-W1,0.0,-1,0,no_movement
SCN-04-MIXED-0081,mixed_balance,train,SCN-04-MIXED-0081-NORMAL_B,0,SCN-04-MIXED-0081-W1,0.0,-1,0,no_movement
SCN-04-MIXED-0081,mixed_balance,train,SCN-04-MIXED-0081-NORMAL_C,0,SCN-04-MIXED-0081-W1,0.0,-1,0,no_movement
SCN-04-MIXED-0082,mixed_balance,train,SCN-04-MIXED-0082-VICTIM,0,SCN-04-MIXED-0082-W1,0.0,-1,0,no_movement
SCN-04-MIXED-0082,mixed_balance,train,SCN-04-MIXED-0082-W1,1,SCN-04-MIXED-0082-W1,15228.85,0,0,no_movement
SCN-04-MIXED-0082,mixed_balance,train,SCN-04-MIXED-0082-W2,1,SCN-04-MIXED-0082-W1,6013.15,1,0,no_movement
SCN-04-MIXED-0082,mixed_balance,train,SCN-04-MIXED-0082-W3,1,SCN-04-MIXED-0082-W1,3660.0,2,0,forward
SCN-04-MIXED-0082,mixed_balance,train,SCN-04-MIXED-0082-W4,0,SCN-04-MIXED-0082-W1,0.0,-1,0,no_movement
SCN-04-MIXED-0082,mixed_balance,train,SCN-04-MIXED-0082-NORMAL_A,0,SCN-04-MIXED-0082-W1,0.0,-1,0,no_movement
SCN-04-MIXED-0082,mixed_balance,train,SCN-04-MIXED-0082-NORMAL_B,0,SCN-04-MIXED-0082-W1,0.0,-1,0,no_movement
SCN-04-MIXED-0082,mixed_balance,train,SCN-04-MIXED-0082-NORMAL_C,0,SCN-04-MIXED-0082-W1,0.0,-1,0,no_movement
SCN-04-MIXED-0083,mixed_balance,validation,SCN-04-MIXED-0083-VICTIM,0,SCN-04-MIXED-0083-W1,0.0,-1,0,no_movement
SCN-04-MIXED-0083,mixed_balance,validation,SCN-04-MIXED-0083-W1,1,SCN-04-MIXED-0083-W1,17718.95,0,0,no_movement
SCN-04-MIXED-0083,mixed_balance,validation,SCN-04-MIXED-0083-W2,1,SCN-04-MIXED-0083-W1,7175.13,1,0,no_movement
SCN-04-MIXED-0083,mixed_balance,validation,SCN-04-MIXED-0083-W3,1,SCN-04-MIXED-0083-W1,4087.92,2,0,forward
SCN-04-MIXED-0083,mixed_balance,validation,SCN-04-MIXED-0083-W4,0,SCN-04-MIXED-0083-W1,0.0,-1,0,no_movement
SCN-04-MIXED-0083,mixed_balance,validation,SCN-04-MIXED-0083-NORMAL_A,0,SCN-04-MIXED-0083-W1,0.0,-1,0,no_movement
SCN-04-MIXED-0083,mixed_balance,validation,SCN-04-MIXED-0083-NORMAL_B,0,SCN-04-MIXED-0083-W1,0.0,-1,0,no_movement
SCN-04-MIXED-0083,mixed_balance,validation,SCN-04-MIXED-0083-NORMAL_C,0,SCN-04-MIXED-0083-W1,0.0,-1,0,no_movement
SCN-04-MIXED-0084,mixed_balance,train,SCN-04-MIXED-0084-VICTIM,0,SCN-04-MIXED-0084-W1,0.0,-1,0,no_movement
SCN-04-MIXED-0084,mixed_balance,train,SCN-04-MIXED-0084-W1,1,SCN-04-MIXED-0084-W1,15626.07,0,0,no_movement
SCN-04-MIXED-0084,mixed_balance,train,SCN-04-MIXED-0084-W2,1,SCN-04-MIXED-0084-W1,5913.45,1,0,no_movement
SCN-04-MIXED-0084,mixed_balance,train,SCN-04-MIXED-0084-W3,1,SCN-04-MIXED-0084-W1,4047.48,2,0,forward
SCN-04-MIXED-0084,mixed_balance,train,SCN-04-MIXED-0084-W4,0,SCN-04-MIXED-0084-W1,0.0,-1,0,no_movement
SCN-04-MIXED-0084,mixed_balance,train,SCN-04-MIXED-0084-NORMAL_A,0,SCN-04-MIXED-0084-W1,0.0,-1,0,no_movement
SCN-04-MIXED-0084,mixed_balance,train,SCN-04-MIXED-0084-NORMAL_B,0,SCN-04-MIXED-0084-W1,0.0,-1,0,no_movement
SCN-04-MIXED-0084,mixed_balance,train,SCN-04-MIXED-0084-NORMAL_C,0,SCN-04-MIXED-0084-W1,0.0,-1,0,no_movement
SCN-04-MIXED-0085,mixed_balance,train,SCN-04-MIXED-0085-VICTIM,0,SCN-04-MIXED-0085-W1,0.0,-1,0,no_movement
SCN-04-MIXED-0085,mixed_balance,train,SCN-04-MIXED-0085-W1,1,SCN-04-MIXED-0085-W1,16836.64,0,0,no_movement
SCN-04-MIXED-0085,mixed_balance,train,SCN-04-MIXED-0085-W2,1,SCN-04-MIXED-0085-W1,6668.67,1,0,no_movement
SCN-04-MIXED-0085,mixed_balance,train,SCN-04-MIXED-0085-W3,1,SCN-04-MIXED-0085-W1,3884.69,2,0,forward
SCN-04-MIXED-0085,mixed_balance,train,SCN-04-MIXED-0085-W4,0,SCN-04-MIXED-0085-W1,0.0,-1,0,no_movement
SCN-04-MIXED-0085,mixed_balance,train,SCN-04-MIXED-0085-NORMAL_A,0,SCN-04-MIXED-0085-W1,0.0,-1,0,no_movement
SCN-04-MIXED-0085,mixed_balance,train,SCN-04-MIXED-0085-NORMAL_B,0,SCN-04-MIXED-0085-W1,0.0,-1,0,no_movement
SCN-04-MIXED-0085,mixed_balance,train,SCN-04-MIXED-0085-NORMAL_C,0,SCN-04-MIXED-0085-W1,0.0,-1,0,no_movement
SCN-04-MIXED-0086,mixed_balance,train,SCN-04-MIXED-0086-VICTIM,0,SCN-04-MIXED-0086-W1,0.0,-1,0,no_movement
SCN-04-MIXED-0086,mixed_balance,train,SCN-04-MIXED-0086-W1,1,SCN-04-MIXED-0086-W1,19465.22,0,0,no_movement
SCN-04-MIXED-0086,mixed_balance,train,SCN-04-MIXED-0086-W2,1,SCN-04-MIXED-0086-W1,7799.2,1,0,no_movement
SCN-04-MIXED-0086,mixed_balance,train,SCN-04-MIXED-0086-W3,1,SCN-04-MIXED-0086-W1,4405.58,2,0,forward
SCN-04-MIXED-0086,mixed_balance,train,SCN-04-MIXED-0086-W4,0,SCN-04-MIXED-0086-W1,0.0,-1,0,no_movement
SCN-04-MIXED-0086,mixed_balance,train,SCN-04-MIXED-0086-NORMAL_A,0,SCN-04-MIXED-0086-W1,0.0,-1,0,no_movement
SCN-04-MIXED-0086,mixed_balance,train,SCN-04-MIXED-0086-NORMAL_B,0,SCN-04-MIXED-0086-W1,0.0,-1,0,no_movement
SCN-04-MIXED-0086,mixed_balance,train,SCN-04-MIXED-0086-NORMAL_C,0,SCN-04-MIXED-0086-W1,0.0,-1,0,no_movement
SCN-04-MIXED-0087,mixed_balance,train,SCN-04-MIXED-0087-VICTIM,0,SCN-04-MIXED-0087-W1,0.0,-1,0,no_movement
SCN-04-MIXED-0087,mixed_balance,train,SCN-04-MIXED-0087-W1,1,SCN-04-MIXED-0087-W1,16475.32,0,0,no_movement
SCN-04-MIXED-0087,mixed_balance,train,SCN-04-MIXED-0087-W2,1,SCN-04-MIXED-0087-W1,6242.43,1,0,no_movement
SCN-04-MIXED-0087,mixed_balance,train,SCN-04-MIXED-0087-W3,1,SCN-04-MIXED-0087-W1,4244.25,2,0,forward
SCN-04-MIXED-0087,mixed_balance,train,SCN-04-MIXED-0087-W4,0,SCN-04-MIXED-0087-W1,0.0,-1,0,no_movement
SCN-04-MIXED-0087,mixed_balance,train,SCN-04-MIXED-0087-NORMAL_A,0,SCN-04-MIXED-0087-W1,0.0,-1,0,no_movement
SCN-04-MIXED-0087,mixed_balance,train,SCN-04-MIXED-0087-NORMAL_B,0,SCN-04-MIXED-0087-W1,0.0,-1,0,no_movement
SCN-04-MIXED-0087,mixed_balance,train,SCN-04-MIXED-0087-NORMAL_C,0,SCN-04-MIXED-0087-W1,0.0,-1,0,no_movement
SCN-04-MIXED-0088,mixed_balance,train,SCN-04-MIXED-0088-VICTIM,0,SCN-04-MIXED-0088-W1,0.0,-1,0,no_movement
SCN-04-MIXED-0088,mixed_balance,train,SCN-04-MIXED-0088-W1,1,SCN-04-MIXED-0088-W1,20105.81,0,0,no_movement
SCN-04-MIXED-0088,mixed_balance,train,SCN-04-MIXED-0088-W2,1,SCN-04-MIXED-0088-W1,7931.36,1,0,no_movement
SCN-04-MIXED-0088,mixed_balance,train,SCN-04-MIXED-0088-W3,1,SCN-04-MIXED-0088-W1,4864.83,2,0,forward
SCN-04-MIXED-0088,mixed_balance,train,SCN-04-MIXED-0088-W4,0,SCN-04-MIXED-0088-W1,0.0,-1,0,no_movement
SCN-04-MIXED-0088,mixed_balance,train,SCN-04-MIXED-0088-NORMAL_A,0,SCN-04-MIXED-0088-W1,0.0,-1,0,no_movement
SCN-04-MIXED-0088,mixed_balance,train,SCN-04-MIXED-0088-NORMAL_B,0,SCN-04-MIXED-0088-W1,0.0,-1,0,no_movement
SCN-04-MIXED-0088,mixed_balance,train,SCN-04-MIXED-0088-NORMAL_C,0,SCN-04-MIXED-0088-W1,0.0,-1,0,no_movement
SCN-04-MIXED-0089,mixed_balance,validation,SCN-04-MIXED-0089-VICTIM,0,SCN-04-MIXED-0089-W1,0.0,-1,0,no_movement
SCN-04-MIXED-0089,mixed_balance,validation,SCN-04-MIXED-0089-W1,1,SCN-04-MIXED-0089-W1,20173.65,0,0,no_movement
SCN-04-MIXED-0089,mixed_balance,validation,SCN-04-MIXED-0089-W2,1,SCN-04-MIXED-0089-W1,8002.85,1,0,no_movement
SCN-04-MIXED-0089,mixed_balance,validation,SCN-04-MIXED-0089-W3,1,SCN-04-MIXED-0089-W1,4724.5,2,0,forward
SCN-04-MIXED-0089,mixed_balance,validation,SCN-04-MIXED-0089-W4,0,SCN-04-MIXED-0089-W1,0.0,-1,0,no_movement
SCN-04-MIXED-0089,mixed_balance,validation,SCN-04-MIXED-0089-NORMAL_A,0,SCN-04-MIXED-0089-W1,0.0,-1,0,no_movement
SCN-04-MIXED-0089,mixed_balance,validation,SCN-04-MIXED-0089-NORMAL_B,0,SCN-04-MIXED-0089-W1,0.0,-1,0,no_movement
SCN-04-MIXED-0089,mixed_balance,validation,SCN-04-MIXED-0089-NORMAL_C,0,SCN-04-MIXED-0089-W1,0.0,-1,0,no_movement
SCN-04-MIXED-0090,mixed_balance,train,SCN-04-MIXED-0090-VICTIM,0,SCN-04-MIXED-0090-W1,0.0,-1,0,no_movement
SCN-04-MIXED-0090,mixed_balance,train,SCN-04-MIXED-0090-W1,1,SCN-04-MIXED-0090-W1,17864.42,0,0,no_movement
SCN-04-MIXED-0090,mixed_balance,train,SCN-04-MIXED-0090-W2,1,SCN-04-MIXED-0090-W1,6807.11,1,0,no_movement
SCN-04-MIXED-0090,mixed_balance,train,SCN-04-MIXED-0090-W3,1,SCN-04-MIXED-0090-W1,4593.47,2,0,forward
SCN-04-MIXED-0090,mixed_balance,train,SCN-04-MIXED-0090-W4,0,SCN-04-MIXED-0090-W1,0.0,-1,0,no_movement
SCN-04-MIXED-0090,mixed_balance,train,SCN-04-MIXED-0090-NORMAL_A,0,SCN-04-MIXED-0090-W1,0.0,-1,0,no_movement
SCN-04-MIXED-0090,mixed_balance,train,SCN-04-MIXED-0090-NORMAL_B,0,SCN-04-MIXED-0090-W1,0.0,-1,0,no_movement
SCN-04-MIXED-0090,mixed_balance,train,SCN-04-MIXED-0090-NORMAL_C,0,SCN-04-MIXED-0090-W1,0.0,-1,0,no_movement
SCN-04-MIXED-0091,mixed_balance,train,SCN-04-MIXED-0091-VICTIM,0,SCN-04-MIXED-0091-W1,0.0,-1,0,no_movement
SCN-04-MIXED-0091,mixed_balance,train,SCN-04-MIXED-0091-W1,1,SCN-04-MIXED-0091-W1,18424.52,0,0,no_movement
SCN-04-MIXED-0091,mixed_balance,train,SCN-04-MIXED-0091-W2,1,SCN-04-MIXED-0091-W1,7643.28,1,0,no_movement
SCN-04-MIXED-0091,mixed_balance,train,SCN-04-MIXED-0091-W3,1,SCN-04-MIXED-0091-W1,4014.2,2,0,forward
SCN-04-MIXED-0091,mixed_balance,train,SCN-04-MIXED-0091-W4,0,SCN-04-MIXED-0091-W1,0.0,-1,0,no_movement
SCN-04-MIXED-0091,mixed_balance,train,SCN-04-MIXED-0091-NORMAL_A,0,SCN-04-MIXED-0091-W1,0.0,-1,0,no_movement
SCN-04-MIXED-0091,mixed_balance,train,SCN-04-MIXED-0091-NORMAL_B,0,SCN-04-MIXED-0091-W1,0.0,-1,0,no_movement
SCN-04-MIXED-0091,mixed_balance,train,SCN-04-MIXED-0091-NORMAL_C,0,SCN-04-MIXED-0091-W1,0.0,-1,0,no_movement
SCN-04-MIXED-0092,mixed_balance,test,SCN-04-MIXED-0092-VICTIM,0,SCN-04-MIXED-0092-W1,0.0,-1,0,no_movement
SCN-04-MIXED-0092,mixed_balance,test,SCN-04-MIXED-0092-W1,1,SCN-04-MIXED-0092-W1,14048.21,0,0,no_movement
SCN-04-MIXED-0092,mixed_balance,test,SCN-04-MIXED-0092-W2,1,SCN-04-MIXED-0092-W1,5640.46,1,0,no_movement
SCN-04-MIXED-0092,mixed_balance,test,SCN-04-MIXED-0092-W3,1,SCN-04-MIXED-0092-W1,3274.33,2,0,forward
SCN-04-MIXED-0092,mixed_balance,test,SCN-04-MIXED-0092-W4,0,SCN-04-MIXED-0092-W1,0.0,-1,0,no_movement
SCN-04-MIXED-0092,mixed_balance,test,SCN-04-MIXED-0092-NORMAL_A,0,SCN-04-MIXED-0092-W1,0.0,-1,0,no_movement
SCN-04-MIXED-0092,mixed_balance,test,SCN-04-MIXED-0092-NORMAL_B,0,SCN-04-MIXED-0092-W1,0.0,-1,0,no_movement
SCN-04-MIXED-0092,mixed_balance,test,SCN-04-MIXED-0092-NORMAL_C,0,SCN-04-MIXED-0092-W1,0.0,-1,0,no_movement
SCN-04-MIXED-0093,mixed_balance,validation,SCN-04-MIXED-0093-VICTIM,0,SCN-04-MIXED-0093-W1,0.0,-1,0,no_movement
SCN-04-MIXED-0093,mixed_balance,validation,SCN-04-MIXED-0093-W1,1,SCN-04-MIXED-0093-W1,20551.81,0,0,no_movement
SCN-04-MIXED-0093,mixed_balance,validation,SCN-04-MIXED-0093-W2,1,SCN-04-MIXED-0093-W1,7784.68,1,0,no_movement
SCN-04-MIXED-0093,mixed_balance,validation,SCN-04-MIXED-0093-W3,1,SCN-04-MIXED-0093-W1,5301.51,2,0,forward
SCN-04-MIXED-0093,mixed_balance,validation,SCN-04-MIXED-0093-W4,0,SCN-04-MIXED-0093-W1,0.0,-1,0,no_movement
SCN-04-MIXED-0093,mixed_balance,validation,SCN-04-MIXED-0093-NORMAL_A,0,SCN-04-MIXED-0093-W1,0.0,-1,0,no_movement
SCN-04-MIXED-0093,mixed_balance,validation,SCN-04-MIXED-0093-NORMAL_B,0,SCN-04-MIXED-0093-W1,0.0,-1,0,no_movement
SCN-04-MIXED-0093,mixed_balance,validation,SCN-04-MIXED-0093-NORMAL_C,0,SCN-04-MIXED-0093-W1,0.0,-1,0,no_movement
SCN-04-MIXED-0094,mixed_balance,train,SCN-04-MIXED-0094-VICTIM,0,SCN-04-MIXED-0094-W1,0.0,-1,0,no_movement
SCN-04-MIXED-0094,mixed_balance,train,SCN-04-MIXED-0094-W1,1,SCN-04-MIXED-0094-W1,17193.8,0,0,no_movement
SCN-04-MIXED-0094,mixed_balance,train,SCN-04-MIXED-0094-W2,1,SCN-04-MIXED-0094-W1,6846.71,1,0,no_movement
SCN-04-MIXED-0094,mixed_balance,train,SCN-04-MIXED-0094-W3,1,SCN-04-MIXED-0094-W1,3962.49,2,0,forward
SCN-04-MIXED-0094,mixed_balance,train,SCN-04-MIXED-0094-W4,0,SCN-04-MIXED-0094-W1,0.0,-1,0,no_movement
SCN-04-MIXED-0094,mixed_balance,train,SCN-04-MIXED-0094-NORMAL_A,0,SCN-04-MIXED-0094-W1,0.0,-1,0,no_movement
SCN-04-MIXED-0094,mixed_balance,train,SCN-04-MIXED-0094-NORMAL_B,0,SCN-04-MIXED-0094-W1,0.0,-1,0,no_movement
SCN-04-MIXED-0094,mixed_balance,train,SCN-04-MIXED-0094-NORMAL_C,0,SCN-04-MIXED-0094-W1,0.0,-1,0,no_movement
SCN-04-MIXED-0095,mixed_balance,test,SCN-04-MIXED-0095-VICTIM,0,SCN-04-MIXED-0095-W1,0.0,-1,0,no_movement
SCN-04-MIXED-0095,mixed_balance,test,SCN-04-MIXED-0095-W1,1,SCN-04-MIXED-0095-W1,21508.68,0,0,no_movement
SCN-04-MIXED-0095,mixed_balance,test,SCN-04-MIXED-0095-W2,1,SCN-04-MIXED-0095-W1,8407.51,1,0,no_movement
SCN-04-MIXED-0095,mixed_balance,test,SCN-04-MIXED-0095-W3,1,SCN-04-MIXED-0095-W1,5034.81,2,0,forward
SCN-04-MIXED-0095,mixed_balance,test,SCN-04-MIXED-0095-W4,0,SCN-04-MIXED-0095-W1,0.0,-1,0,no_movement
SCN-04-MIXED-0095,mixed_balance,test,SCN-04-MIXED-0095-NORMAL_A,0,SCN-04-MIXED-0095-W1,0.0,-1,0,no_movement
SCN-04-MIXED-0095,mixed_balance,test,SCN-04-MIXED-0095-NORMAL_B,0,SCN-04-MIXED-0095-W1,0.0,-1,0,no_movement
SCN-04-MIXED-0095,mixed_balance,test,SCN-04-MIXED-0095-NORMAL_C,0,SCN-04-MIXED-0095-W1,0.0,-1,0,no_movement
SCN-04-MIXED-0096,mixed_balance,train,SCN-04-MIXED-0096-VICTIM,0,SCN-04-MIXED-0096-W1,0.0,-1,0,no_movement
SCN-04-MIXED-0096,mixed_balance,train,SCN-04-MIXED-0096-W1,1,SCN-04-MIXED-0096-W1,17789.13,0,0,no_movement
SCN-04-MIXED-0096,mixed_balance,train,SCN-04-MIXED-0096-W2,1,SCN-04-MIXED-0096-W1,7383.1,1,0,no_movement
SCN-04-MIXED-0096,mixed_balance,train,SCN-04-MIXED-0096-W3,1,SCN-04-MIXED-0096-W1,3913.77,2,0,forward
SCN-04-MIXED-0096,mixed_balance,train,SCN-04-MIXED-0096-W4,0,SCN-04-MIXED-0096-W1,0.0,-1,0,no_movement
SCN-04-MIXED-0096,mixed_balance,train,SCN-04-MIXED-0096-NORMAL_A,0,SCN-04-MIXED-0096-W1,0.0,-1,0,no_movement
SCN-04-MIXED-0096,mixed_balance,train,SCN-04-MIXED-0096-NORMAL_B,0,SCN-04-MIXED-0096-W1,0.0,-1,0,no_movement
SCN-04-MIXED-0096,mixed_balance,train,SCN-04-MIXED-0096-NORMAL_C,0,SCN-04-MIXED-0096-W1,0.0,-1,0,no_movement
SCN-04-MIXED-0097,mixed_balance,train,SCN-04-MIXED-0097-VICTIM,0,SCN-04-MIXED-0097-W1,0.0,-1,0,no_movement
SCN-04-MIXED-0097,mixed_balance,train,SCN-04-MIXED-0097-W1,1,SCN-04-MIXED-0097-W1,20263.93,0,0,no_movement
SCN-04-MIXED-0097,mixed_balance,train,SCN-04-MIXED-0097-W2,1,SCN-04-MIXED-0097-W1,7787.25,1,0,no_movement
SCN-04-MIXED-0097,mixed_balance,train,SCN-04-MIXED-0097-W3,1,SCN-04-MIXED-0097-W1,5109.82,2,0,forward
SCN-04-MIXED-0097,mixed_balance,train,SCN-04-MIXED-0097-W4,0,SCN-04-MIXED-0097-W1,0.0,-1,0,no_movement
SCN-04-MIXED-0097,mixed_balance,train,SCN-04-MIXED-0097-NORMAL_A,0,SCN-04-MIXED-0097-W1,0.0,-1,0,no_movement
SCN-04-MIXED-0097,mixed_balance,train,SCN-04-MIXED-0097-NORMAL_B,0,SCN-04-MIXED-0097-W1,0.0,-1,0,no_movement
SCN-04-MIXED-0097,mixed_balance,train,SCN-04-MIXED-0097-NORMAL_C,0,SCN-04-MIXED-0097-W1,0.0,-1,0,no_movement
SCN-04-MIXED-0098,mixed_balance,train,SCN-04-MIXED-0098-VICTIM,0,SCN-04-MIXED-0098-W1,0.0,-1,0,no_movement
SCN-04-MIXED-0098,mixed_balance,train,SCN-04-MIXED-0098-W1,1,SCN-04-MIXED-0098-W1,16990.67,0,0,no_movement
SCN-04-MIXED-0098,mixed_balance,train,SCN-04-MIXED-0098-W2,1,SCN-04-MIXED-0098-W1,6955.04,1,0,no_movement
SCN-04-MIXED-0098,mixed_balance,train,SCN-04-MIXED-0098-W3,1,SCN-04-MIXED-0098-W1,3816.29,2,0,forward
SCN-04-MIXED-0098,mixed_balance,train,SCN-04-MIXED-0098-W4,0,SCN-04-MIXED-0098-W1,0.0,-1,0,no_movement
SCN-04-MIXED-0098,mixed_balance,train,SCN-04-MIXED-0098-NORMAL_A,0,SCN-04-MIXED-0098-W1,0.0,-1,0,no_movement
SCN-04-MIXED-0098,mixed_balance,train,SCN-04-MIXED-0098-NORMAL_B,0,SCN-04-MIXED-0098-W1,0.0,-1,0,no_movement
SCN-04-MIXED-0098,mixed_balance,train,SCN-04-MIXED-0098-NORMAL_C,0,SCN-04-MIXED-0098-W1,0.0,-1,0,no_movement
SCN-04-MIXED-0099,mixed_balance,train,SCN-04-MIXED-0099-VICTIM,0,SCN-04-MIXED-0099-W1,0.0,-1,0,no_movement
SCN-04-MIXED-0099,mixed_balance,train,SCN-04-MIXED-0099-W1,1,SCN-04-MIXED-0099-W1,21606.47,0,0,no_movement
SCN-04-MIXED-0099,mixed_balance,train,SCN-04-MIXED-0099-W2,1,SCN-04-MIXED-0099-W1,9141.32,1,0,no_movement
SCN-04-MIXED-0099,mixed_balance,train,SCN-04-MIXED-0099-W3,1,SCN-04-MIXED-0099-W1,4622.21,2,0,forward
SCN-04-MIXED-0099,mixed_balance,train,SCN-04-MIXED-0099-W4,0,SCN-04-MIXED-0099-W1,0.0,-1,0,no_movement
SCN-04-MIXED-0099,mixed_balance,train,SCN-04-MIXED-0099-NORMAL_A,0,SCN-04-MIXED-0099-W1,0.0,-1,0,no_movement
SCN-04-MIXED-0099,mixed_balance,train,SCN-04-MIXED-0099-NORMAL_B,0,SCN-04-MIXED-0099-W1,0.0,-1,0,no_movement
SCN-04-MIXED-0099,mixed_balance,train,SCN-04-MIXED-0099-NORMAL_C,0,SCN-04-MIXED-0099-W1,0.0,-1,0,no_movement
SCN-04-MIXED-0100,mixed_balance,validation,SCN-04-MIXED-0100-VICTIM,0,SCN-04-MIXED-0100-W1,0.0,-1,0,no_movement
SCN-04-MIXED-0100,mixed_balance,validation,SCN-04-MIXED-0100-W1,1,SCN-04-MIXED-0100-W1,22982.57,0,0,no_movement
SCN-04-MIXED-0100,mixed_balance,validation,SCN-04-MIXED-0100-W2,1,SCN-04-MIXED-0100-W1,8755.44,1,0,no_movement
SCN-04-MIXED-0100,mixed_balance,validation,SCN-04-MIXED-0100-W3,1,SCN-04-MIXED-0100-W1,5648.99,2,0,forward
SCN-04-MIXED-0100,mixed_balance,validation,SCN-04-MIXED-0100-W4,0,SCN-04-MIXED-0100-W1,0.0,-1,0,no_movement
SCN-04-MIXED-0100,mixed_balance,validation,SCN-04-MIXED-0100-NORMAL_A,0,SCN-04-MIXED-0100-W1,0.0,-1,0,no_movement
SCN-04-MIXED-0100,mixed_balance,validation,SCN-04-MIXED-0100-NORMAL_B,0,SCN-04-MIXED-0100-W1,0.0,-1,0,no_movement
SCN-04-MIXED-0100,mixed_balance,validation,SCN-04-MIXED-0100-NORMAL_C,0,SCN-04-MIXED-0100-W1,0.0,-1,0,no_movement
SCN-05-CASHOUT-0001,rapid_cashout,validation,SCN-05-CASHOUT-0001-VICTIM,0,SCN-05-CASHOUT-0001-W1,0.0,-1,0,no_movement
SCN-05-CASHOUT-0001,rapid_cashout,validation,SCN-05-CASHOUT-0001-W1,1,SCN-05-CASHOUT-0001-W1,28268.0,0,1,cashout
SCN-05-CASHOUT-0001,rapid_cashout,validation,SCN-05-CASHOUT-0001-AGENT1,0,SCN-05-CASHOUT-0001-W1,0.0,-1,0,no_movement
SCN-05-CASHOUT-0001,rapid_cashout,validation,SCN-05-CASHOUT-0001-NORMAL_A,0,SCN-05-CASHOUT-0001-W1,0.0,-1,0,no_movement
SCN-05-CASHOUT-0001,rapid_cashout,validation,SCN-05-CASHOUT-0001-NORMAL_B,0,SCN-05-CASHOUT-0001-W1,0.0,-1,0,no_movement
SCN-05-CASHOUT-0001,rapid_cashout,validation,SCN-05-CASHOUT-0001-NORMAL_C,0,SCN-05-CASHOUT-0001-W1,0.0,-1,0,no_movement
SCN-05-CASHOUT-0002,rapid_cashout,train,SCN-05-CASHOUT-0002-VICTIM,0,SCN-05-CASHOUT-0002-W1,0.0,-1,0,no_movement
SCN-05-CASHOUT-0002,rapid_cashout,train,SCN-05-CASHOUT-0002-W1,1,SCN-05-CASHOUT-0002-W1,24400.0,0,1,cashout
SCN-05-CASHOUT-0002,rapid_cashout,train,SCN-05-CASHOUT-0002-AGENT1,0,SCN-05-CASHOUT-0002-W1,0.0,-1,0,no_movement
SCN-05-CASHOUT-0002,rapid_cashout,train,SCN-05-CASHOUT-0002-NORMAL_A,0,SCN-05-CASHOUT-0002-W1,0.0,-1,0,no_movement
SCN-05-CASHOUT-0002,rapid_cashout,train,SCN-05-CASHOUT-0002-NORMAL_B,0,SCN-05-CASHOUT-0002-W1,0.0,-1,0,no_movement
SCN-05-CASHOUT-0002,rapid_cashout,train,SCN-05-CASHOUT-0002-NORMAL_C,0,SCN-05-CASHOUT-0002-W1,0.0,-1,0,no_movement
SCN-05-CASHOUT-0003,rapid_cashout,train,SCN-05-CASHOUT-0003-VICTIM,0,SCN-05-CASHOUT-0003-W1,0.0,-1,0,no_movement
SCN-05-CASHOUT-0003,rapid_cashout,train,SCN-05-CASHOUT-0003-W1,1,SCN-05-CASHOUT-0003-W1,30454.0,0,1,cashout
SCN-05-CASHOUT-0003,rapid_cashout,train,SCN-05-CASHOUT-0003-AGENT1,0,SCN-05-CASHOUT-0003-W1,0.0,-1,0,no_movement
SCN-05-CASHOUT-0003,rapid_cashout,train,SCN-05-CASHOUT-0003-NORMAL_A,0,SCN-05-CASHOUT-0003-W1,0.0,-1,0,no_movement
SCN-05-CASHOUT-0003,rapid_cashout,train,SCN-05-CASHOUT-0003-NORMAL_B,0,SCN-05-CASHOUT-0003-W1,0.0,-1,0,no_movement
SCN-05-CASHOUT-0003,rapid_cashout,train,SCN-05-CASHOUT-0003-NORMAL_C,0,SCN-05-CASHOUT-0003-W1,0.0,-1,0,no_movement
SCN-05-CASHOUT-0004,rapid_cashout,train,SCN-05-CASHOUT-0004-VICTIM,0,SCN-05-CASHOUT-0004-W1,0.0,-1,0,no_movement
SCN-05-CASHOUT-0004,rapid_cashout,train,SCN-05-CASHOUT-0004-W1,1,SCN-05-CASHOUT-0004-W1,27909.0,0,1,cashout
SCN-05-CASHOUT-0004,rapid_cashout,train,SCN-05-CASHOUT-0004-AGENT1,0,SCN-05-CASHOUT-0004-W1,0.0,-1,0,no_movement
SCN-05-CASHOUT-0004,rapid_cashout,train,SCN-05-CASHOUT-0004-NORMAL_A,0,SCN-05-CASHOUT-0004-W1,0.0,-1,0,no_movement
SCN-05-CASHOUT-0004,rapid_cashout,train,SCN-05-CASHOUT-0004-NORMAL_B,0,SCN-05-CASHOUT-0004-W1,0.0,-1,0,no_movement
SCN-05-CASHOUT-0004,rapid_cashout,train,SCN-05-CASHOUT-0004-NORMAL_C,0,SCN-05-CASHOUT-0004-W1,0.0,-1,0,no_movement
SCN-05-CASHOUT-0005,rapid_cashout,validation,SCN-05-CASHOUT-0005-VICTIM,0,SCN-05-CASHOUT-0005-W1,0.0,-1,0,no_movement
SCN-05-CASHOUT-0005,rapid_cashout,validation,SCN-05-CASHOUT-0005-W1,1,SCN-05-CASHOUT-0005-W1,25430.0,0,1,cashout
SCN-05-CASHOUT-0005,rapid_cashout,validation,SCN-05-CASHOUT-0005-AGENT1,0,SCN-05-CASHOUT-0005-W1,0.0,-1,0,no_movement
SCN-05-CASHOUT-0005,rapid_cashout,validation,SCN-05-CASHOUT-0005-NORMAL_A,0,SCN-05-CASHOUT-0005-W1,0.0,-1,0,no_movement
SCN-05-CASHOUT-0005,rapid_cashout,validation,SCN-05-CASHOUT-0005-NORMAL_B,0,SCN-05-CASHOUT-0005-W1,0.0,-1,0,no_movement
SCN-05-CASHOUT-0005,rapid_cashout,validation,SCN-05-CASHOUT-0005-NORMAL_C,0,SCN-05-CASHOUT-0005-W1,0.0,-1,0,no_movement
SCN-05-CASHOUT-0006,rapid_cashout,train,SCN-05-CASHOUT-0006-VICTIM,0,SCN-05-CASHOUT-0006-W1,0.0,-1,0,no_movement
SCN-05-CASHOUT-0006,rapid_cashout,train,SCN-05-CASHOUT-0006-W1,1,SCN-05-CASHOUT-0006-W1,22972.0,0,1,cashout
SCN-05-CASHOUT-0006,rapid_cashout,train,SCN-05-CASHOUT-0006-AGENT1,0,SCN-05-CASHOUT-0006-W1,0.0,-1,0,no_movement
SCN-05-CASHOUT-0006,rapid_cashout,train,SCN-05-CASHOUT-0006-NORMAL_A,0,SCN-05-CASHOUT-0006-W1,0.0,-1,0,no_movement
SCN-05-CASHOUT-0006,rapid_cashout,train,SCN-05-CASHOUT-0006-NORMAL_B,0,SCN-05-CASHOUT-0006-W1,0.0,-1,0,no_movement
SCN-05-CASHOUT-0006,rapid_cashout,train,SCN-05-CASHOUT-0006-NORMAL_C,0,SCN-05-CASHOUT-0006-W1,0.0,-1,0,no_movement
SCN-05-CASHOUT-0007,rapid_cashout,train,SCN-05-CASHOUT-0007-VICTIM,0,SCN-05-CASHOUT-0007-W1,0.0,-1,0,no_movement
SCN-05-CASHOUT-0007,rapid_cashout,train,SCN-05-CASHOUT-0007-W1,1,SCN-05-CASHOUT-0007-W1,19355.0,0,1,cashout
SCN-05-CASHOUT-0007,rapid_cashout,train,SCN-05-CASHOUT-0007-AGENT1,0,SCN-05-CASHOUT-0007-W1,0.0,-1,0,no_movement
SCN-05-CASHOUT-0007,rapid_cashout,train,SCN-05-CASHOUT-0007-NORMAL_A,0,SCN-05-CASHOUT-0007-W1,0.0,-1,0,no_movement
SCN-05-CASHOUT-0007,rapid_cashout,train,SCN-05-CASHOUT-0007-NORMAL_B,0,SCN-05-CASHOUT-0007-W1,0.0,-1,0,no_movement
SCN-05-CASHOUT-0007,rapid_cashout,train,SCN-05-CASHOUT-0007-NORMAL_C,0,SCN-05-CASHOUT-0007-W1,0.0,-1,0,no_movement
SCN-05-CASHOUT-0008,rapid_cashout,train,SCN-05-CASHOUT-0008-VICTIM,0,SCN-05-CASHOUT-0008-W1,0.0,-1,0,no_movement
SCN-05-CASHOUT-0008,rapid_cashout,train,SCN-05-CASHOUT-0008-W1,1,SCN-05-CASHOUT-0008-W1,24266.0,0,1,cashout
SCN-05-CASHOUT-0008,rapid_cashout,train,SCN-05-CASHOUT-0008-AGENT1,0,SCN-05-CASHOUT-0008-W1,0.0,-1,0,no_movement
SCN-05-CASHOUT-0008,rapid_cashout,train,SCN-05-CASHOUT-0008-NORMAL_A,0,SCN-05-CASHOUT-0008-W1,0.0,-1,0,no_movement
SCN-05-CASHOUT-0008,rapid_cashout,train,SCN-05-CASHOUT-0008-NORMAL_B,0,SCN-05-CASHOUT-0008-W1,0.0,-1,0,no_movement
SCN-05-CASHOUT-0008,rapid_cashout,train,SCN-05-CASHOUT-0008-NORMAL_C,0,SCN-05-CASHOUT-0008-W1,0.0,-1,0,no_movement
SCN-05-CASHOUT-0009,rapid_cashout,train,SCN-05-CASHOUT-0009-VICTIM,0,SCN-05-CASHOUT-0009-W1,0.0,-1,0,no_movement
SCN-05-CASHOUT-0009,rapid_cashout,train,SCN-05-CASHOUT-0009-W1,1,SCN-05-CASHOUT-0009-W1,26875.0,0,1,cashout
SCN-05-CASHOUT-0009,rapid_cashout,train,SCN-05-CASHOUT-0009-AGENT1,0,SCN-05-CASHOUT-0009-W1,0.0,-1,0,no_movement
SCN-05-CASHOUT-0009,rapid_cashout,train,SCN-05-CASHOUT-0009-NORMAL_A,0,SCN-05-CASHOUT-0009-W1,0.0,-1,0,no_movement
SCN-05-CASHOUT-0009,rapid_cashout,train,SCN-05-CASHOUT-0009-NORMAL_B,0,SCN-05-CASHOUT-0009-W1,0.0,-1,0,no_movement
SCN-05-CASHOUT-0009,rapid_cashout,train,SCN-05-CASHOUT-0009-NORMAL_C,0,SCN-05-CASHOUT-0009-W1,0.0,-1,0,no_movement
SCN-05-CASHOUT-0010,rapid_cashout,test,SCN-05-CASHOUT-0010-VICTIM,0,SCN-05-CASHOUT-0010-W1,0.0,-1,0,no_movement
SCN-05-CASHOUT-0010,rapid_cashout,test,SCN-05-CASHOUT-0010-W1,1,SCN-05-CASHOUT-0010-W1,23398.0,0,1,cashout
SCN-05-CASHOUT-0010,rapid_cashout,test,SCN-05-CASHOUT-0010-AGENT1,0,SCN-05-CASHOUT-0010-W1,0.0,-1,0,no_movement
SCN-05-CASHOUT-0010,rapid_cashout,test,SCN-05-CASHOUT-0010-NORMAL_A,0,SCN-05-CASHOUT-0010-W1,0.0,-1,0,no_movement
SCN-05-CASHOUT-0010,rapid_cashout,test,SCN-05-CASHOUT-0010-NORMAL_B,0,SCN-05-CASHOUT-0010-W1,0.0,-1,0,no_movement
SCN-05-CASHOUT-0010,rapid_cashout,test,SCN-05-CASHOUT-0010-NORMAL_C,0,SCN-05-CASHOUT-0010-W1,0.0,-1,0,no_movement
SCN-05-CASHOUT-0011,rapid_cashout,train,SCN-05-CASHOUT-0011-VICTIM,0,SCN-05-CASHOUT-0011-W1,0.0,-1,0,no_movement
SCN-05-CASHOUT-0011,rapid_cashout,train,SCN-05-CASHOUT-0011-W1,1,SCN-05-CASHOUT-0011-W1,21677.0,0,1,cashout
SCN-05-CASHOUT-0011,rapid_cashout,train,SCN-05-CASHOUT-0011-AGENT1,0,SCN-05-CASHOUT-0011-W1,0.0,-1,0,no_movement
SCN-05-CASHOUT-0011,rapid_cashout,train,SCN-05-CASHOUT-0011-NORMAL_A,0,SCN-05-CASHOUT-0011-W1,0.0,-1,0,no_movement
SCN-05-CASHOUT-0011,rapid_cashout,train,SCN-05-CASHOUT-0011-NORMAL_B,0,SCN-05-CASHOUT-0011-W1,0.0,-1,0,no_movement
SCN-05-CASHOUT-0011,rapid_cashout,train,SCN-05-CASHOUT-0011-NORMAL_C,0,SCN-05-CASHOUT-0011-W1,0.0,-1,0,no_movement
SCN-05-CASHOUT-0012,rapid_cashout,train,SCN-05-CASHOUT-0012-VICTIM,0,SCN-05-CASHOUT-0012-W1,0.0,-1,0,no_movement
SCN-05-CASHOUT-0012,rapid_cashout,train,SCN-05-CASHOUT-0012-W1,1,SCN-05-CASHOUT-0012-W1,21577.0,0,1,cashout
SCN-05-CASHOUT-0012,rapid_cashout,train,SCN-05-CASHOUT-0012-AGENT1,0,SCN-05-CASHOUT-0012-W1,0.0,-1,0,no_movement
SCN-05-CASHOUT-0012,rapid_cashout,train,SCN-05-CASHOUT-0012-NORMAL_A,0,SCN-05-CASHOUT-0012-W1,0.0,-1,0,no_movement
SCN-05-CASHOUT-0012,rapid_cashout,train,SCN-05-CASHOUT-0012-NORMAL_B,0,SCN-05-CASHOUT-0012-W1,0.0,-1,0,no_movement
SCN-05-CASHOUT-0012,rapid_cashout,train,SCN-05-CASHOUT-0012-NORMAL_C,0,SCN-05-CASHOUT-0012-W1,0.0,-1,0,no_movement
SCN-05-CASHOUT-0013,rapid_cashout,train,SCN-05-CASHOUT-0013-VICTIM,0,SCN-05-CASHOUT-0013-W1,0.0,-1,0,no_movement
SCN-05-CASHOUT-0013,rapid_cashout,train,SCN-05-CASHOUT-0013-W1,1,SCN-05-CASHOUT-0013-W1,24029.0,0,1,cashout
SCN-05-CASHOUT-0013,rapid_cashout,train,SCN-05-CASHOUT-0013-AGENT1,0,SCN-05-CASHOUT-0013-W1,0.0,-1,0,no_movement
SCN-05-CASHOUT-0013,rapid_cashout,train,SCN-05-CASHOUT-0013-NORMAL_A,0,SCN-05-CASHOUT-0013-W1,0.0,-1,0,no_movement
SCN-05-CASHOUT-0013,rapid_cashout,train,SCN-05-CASHOUT-0013-NORMAL_B,0,SCN-05-CASHOUT-0013-W1,0.0,-1,0,no_movement
SCN-05-CASHOUT-0013,rapid_cashout,train,SCN-05-CASHOUT-0013-NORMAL_C,0,SCN-05-CASHOUT-0013-W1,0.0,-1,0,no_movement
SCN-05-CASHOUT-0014,rapid_cashout,train,SCN-05-CASHOUT-0014-VICTIM,0,SCN-05-CASHOUT-0014-W1,0.0,-1,0,no_movement
SCN-05-CASHOUT-0014,rapid_cashout,train,SCN-05-CASHOUT-0014-W1,1,SCN-05-CASHOUT-0014-W1,22667.0,0,1,cashout
SCN-05-CASHOUT-0014,rapid_cashout,train,SCN-05-CASHOUT-0014-AGENT1,0,SCN-05-CASHOUT-0014-W1,0.0,-1,0,no_movement
SCN-05-CASHOUT-0014,rapid_cashout,train,SCN-05-CASHOUT-0014-NORMAL_A,0,SCN-05-CASHOUT-0014-W1,0.0,-1,0,no_movement
SCN-05-CASHOUT-0014,rapid_cashout,train,SCN-05-CASHOUT-0014-NORMAL_B,0,SCN-05-CASHOUT-0014-W1,0.0,-1,0,no_movement
SCN-05-CASHOUT-0014,rapid_cashout,train,SCN-05-CASHOUT-0014-NORMAL_C,0,SCN-05-CASHOUT-0014-W1,0.0,-1,0,no_movement
SCN-05-CASHOUT-0015,rapid_cashout,train,SCN-05-CASHOUT-0015-VICTIM,0,SCN-05-CASHOUT-0015-W1,0.0,-1,0,no_movement
SCN-05-CASHOUT-0015,rapid_cashout,train,SCN-05-CASHOUT-0015-W1,1,SCN-05-CASHOUT-0015-W1,31162.0,0,1,cashout
SCN-05-CASHOUT-0015,rapid_cashout,train,SCN-05-CASHOUT-0015-AGENT1,0,SCN-05-CASHOUT-0015-W1,0.0,-1,0,no_movement
SCN-05-CASHOUT-0015,rapid_cashout,train,SCN-05-CASHOUT-0015-NORMAL_A,0,SCN-05-CASHOUT-0015-W1,0.0,-1,0,no_movement
SCN-05-CASHOUT-0015,rapid_cashout,train,SCN-05-CASHOUT-0015-NORMAL_B,0,SCN-05-CASHOUT-0015-W1,0.0,-1,0,no_movement
SCN-05-CASHOUT-0015,rapid_cashout,train,SCN-05-CASHOUT-0015-NORMAL_C,0,SCN-05-CASHOUT-0015-W1,0.0,-1,0,no_movement
SCN-05-CASHOUT-0016,rapid_cashout,validation,SCN-05-CASHOUT-0016-VICTIM,0,SCN-05-CASHOUT-0016-W1,0.0,-1,0,no_movement
SCN-05-CASHOUT-0016,rapid_cashout,validation,SCN-05-CASHOUT-0016-W1,1,SCN-05-CASHOUT-0016-W1,27780.0,0,1,cashout
SCN-05-CASHOUT-0016,rapid_cashout,validation,SCN-05-CASHOUT-0016-AGENT1,0,SCN-05-CASHOUT-0016-W1,0.0,-1,0,no_movement
SCN-05-CASHOUT-0016,rapid_cashout,validation,SCN-05-CASHOUT-0016-NORMAL_A,0,SCN-05-CASHOUT-0016-W1,0.0,-1,0,no_movement
SCN-05-CASHOUT-0016,rapid_cashout,validation,SCN-05-CASHOUT-0016-NORMAL_B,0,SCN-05-CASHOUT-0016-W1,0.0,-1,0,no_movement
SCN-05-CASHOUT-0016,rapid_cashout,validation,SCN-05-CASHOUT-0016-NORMAL_C,0,SCN-05-CASHOUT-0016-W1,0.0,-1,0,no_movement
SCN-05-CASHOUT-0017,rapid_cashout,train,SCN-05-CASHOUT-0017-VICTIM,0,SCN-05-CASHOUT-0017-W1,0.0,-1,0,no_movement
SCN-05-CASHOUT-0017,rapid_cashout,train,SCN-05-CASHOUT-0017-W1,1,SCN-05-CASHOUT-0017-W1,19834.0,0,1,cashout
SCN-05-CASHOUT-0017,rapid_cashout,train,SCN-05-CASHOUT-0017-AGENT1,0,SCN-05-CASHOUT-0017-W1,0.0,-1,0,no_movement
SCN-05-CASHOUT-0017,rapid_cashout,train,SCN-05-CASHOUT-0017-NORMAL_A,0,SCN-05-CASHOUT-0017-W1,0.0,-1,0,no_movement
SCN-05-CASHOUT-0017,rapid_cashout,train,SCN-05-CASHOUT-0017-NORMAL_B,0,SCN-05-CASHOUT-0017-W1,0.0,-1,0,no_movement
SCN-05-CASHOUT-0017,rapid_cashout,train,SCN-05-CASHOUT-0017-NORMAL_C,0,SCN-05-CASHOUT-0017-W1,0.0,-1,0,no_movement
SCN-05-CASHOUT-0018,rapid_cashout,train,SCN-05-CASHOUT-0018-VICTIM,0,SCN-05-CASHOUT-0018-W1,0.0,-1,0,no_movement
SCN-05-CASHOUT-0018,rapid_cashout,train,SCN-05-CASHOUT-0018-W1,1,SCN-05-CASHOUT-0018-W1,22681.0,0,1,cashout
SCN-05-CASHOUT-0018,rapid_cashout,train,SCN-05-CASHOUT-0018-AGENT1,0,SCN-05-CASHOUT-0018-W1,0.0,-1,0,no_movement
SCN-05-CASHOUT-0018,rapid_cashout,train,SCN-05-CASHOUT-0018-NORMAL_A,0,SCN-05-CASHOUT-0018-W1,0.0,-1,0,no_movement
SCN-05-CASHOUT-0018,rapid_cashout,train,SCN-05-CASHOUT-0018-NORMAL_B,0,SCN-05-CASHOUT-0018-W1,0.0,-1,0,no_movement
SCN-05-CASHOUT-0018,rapid_cashout,train,SCN-05-CASHOUT-0018-NORMAL_C,0,SCN-05-CASHOUT-0018-W1,0.0,-1,0,no_movement
SCN-05-CASHOUT-0019,rapid_cashout,train,SCN-05-CASHOUT-0019-VICTIM,0,SCN-05-CASHOUT-0019-W1,0.0,-1,0,no_movement
SCN-05-CASHOUT-0019,rapid_cashout,train,SCN-05-CASHOUT-0019-W1,1,SCN-05-CASHOUT-0019-W1,26345.0,0,1,cashout
SCN-05-CASHOUT-0019,rapid_cashout,train,SCN-05-CASHOUT-0019-AGENT1,0,SCN-05-CASHOUT-0019-W1,0.0,-1,0,no_movement
SCN-05-CASHOUT-0019,rapid_cashout,train,SCN-05-CASHOUT-0019-NORMAL_A,0,SCN-05-CASHOUT-0019-W1,0.0,-1,0,no_movement
SCN-05-CASHOUT-0019,rapid_cashout,train,SCN-05-CASHOUT-0019-NORMAL_B,0,SCN-05-CASHOUT-0019-W1,0.0,-1,0,no_movement
SCN-05-CASHOUT-0019,rapid_cashout,train,SCN-05-CASHOUT-0019-NORMAL_C,0,SCN-05-CASHOUT-0019-W1,0.0,-1,0,no_movement
SCN-05-CASHOUT-0020,rapid_cashout,train,SCN-05-CASHOUT-0020-VICTIM,0,SCN-05-CASHOUT-0020-W1,0.0,-1,0,no_movement
SCN-05-CASHOUT-0020,rapid_cashout,train,SCN-05-CASHOUT-0020-W1,1,SCN-05-CASHOUT-0020-W1,25222.0,0,1,cashout
SCN-05-CASHOUT-0020,rapid_cashout,train,SCN-05-CASHOUT-0020-AGENT1,0,SCN-05-CASHOUT-0020-W1,0.0,-1,0,no_movement
SCN-05-CASHOUT-0020,rapid_cashout,train,SCN-05-CASHOUT-0020-NORMAL_A,0,SCN-05-CASHOUT-0020-W1,0.0,-1,0,no_movement
SCN-05-CASHOUT-0020,rapid_cashout,train,SCN-05-CASHOUT-0020-NORMAL_B,0,SCN-05-CASHOUT-0020-W1,0.0,-1,0,no_movement
SCN-05-CASHOUT-0020,rapid_cashout,train,SCN-05-CASHOUT-0020-NORMAL_C,0,SCN-05-CASHOUT-0020-W1,0.0,-1,0,no_movement
SCN-05-CASHOUT-0021,rapid_cashout,train,SCN-05-CASHOUT-0021-VICTIM,0,SCN-05-CASHOUT-0021-W1,0.0,-1,0,no_movement
SCN-05-CASHOUT-0021,rapid_cashout,train,SCN-05-CASHOUT-0021-W1,1,SCN-05-CASHOUT-0021-W1,30683.0,0,1,cashout
SCN-05-CASHOUT-0021,rapid_cashout,train,SCN-05-CASHOUT-0021-AGENT1,0,SCN-05-CASHOUT-0021-W1,0.0,-1,0,no_movement
SCN-05-CASHOUT-0021,rapid_cashout,train,SCN-05-CASHOUT-0021-NORMAL_A,0,SCN-05-CASHOUT-0021-W1,0.0,-1,0,no_movement
SCN-05-CASHOUT-0021,rapid_cashout,train,SCN-05-CASHOUT-0021-NORMAL_B,0,SCN-05-CASHOUT-0021-W1,0.0,-1,0,no_movement
SCN-05-CASHOUT-0021,rapid_cashout,train,SCN-05-CASHOUT-0021-NORMAL_C,0,SCN-05-CASHOUT-0021-W1,0.0,-1,0,no_movement
SCN-05-CASHOUT-0022,rapid_cashout,train,SCN-05-CASHOUT-0022-VICTIM,0,SCN-05-CASHOUT-0022-W1,0.0,-1,0,no_movement
SCN-05-CASHOUT-0022,rapid_cashout,train,SCN-05-CASHOUT-0022-W1,1,SCN-05-CASHOUT-0022-W1,30971.0,0,1,cashout
SCN-05-CASHOUT-0022,rapid_cashout,train,SCN-05-CASHOUT-0022-AGENT1,0,SCN-05-CASHOUT-0022-W1,0.0,-1,0,no_movement
SCN-05-CASHOUT-0022,rapid_cashout,train,SCN-05-CASHOUT-0022-NORMAL_A,0,SCN-05-CASHOUT-0022-W1,0.0,-1,0,no_movement
SCN-05-CASHOUT-0022,rapid_cashout,train,SCN-05-CASHOUT-0022-NORMAL_B,0,SCN-05-CASHOUT-0022-W1,0.0,-1,0,no_movement
SCN-05-CASHOUT-0022,rapid_cashout,train,SCN-05-CASHOUT-0022-NORMAL_C,0,SCN-05-CASHOUT-0022-W1,0.0,-1,0,no_movement
SCN-05-CASHOUT-0023,rapid_cashout,train,SCN-05-CASHOUT-0023-VICTIM,0,SCN-05-CASHOUT-0023-W1,0.0,-1,0,no_movement
SCN-05-CASHOUT-0023,rapid_cashout,train,SCN-05-CASHOUT-0023-W1,1,SCN-05-CASHOUT-0023-W1,23318.0,0,1,cashout
SCN-05-CASHOUT-0023,rapid_cashout,train,SCN-05-CASHOUT-0023-AGENT1,0,SCN-05-CASHOUT-0023-W1,0.0,-1,0,no_movement
SCN-05-CASHOUT-0023,rapid_cashout,train,SCN-05-CASHOUT-0023-NORMAL_A,0,SCN-05-CASHOUT-0023-W1,0.0,-1,0,no_movement
SCN-05-CASHOUT-0023,rapid_cashout,train,SCN-05-CASHOUT-0023-NORMAL_B,0,SCN-05-CASHOUT-0023-W1,0.0,-1,0,no_movement
SCN-05-CASHOUT-0023,rapid_cashout,train,SCN-05-CASHOUT-0023-NORMAL_C,0,SCN-05-CASHOUT-0023-W1,0.0,-1,0,no_movement
SCN-05-CASHOUT-0024,rapid_cashout,train,SCN-05-CASHOUT-0024-VICTIM,0,SCN-05-CASHOUT-0024-W1,0.0,-1,0,no_movement
SCN-05-CASHOUT-0024,rapid_cashout,train,SCN-05-CASHOUT-0024-W1,1,SCN-05-CASHOUT-0024-W1,19594.0,0,1,cashout
SCN-05-CASHOUT-0024,rapid_cashout,train,SCN-05-CASHOUT-0024-AGENT1,0,SCN-05-CASHOUT-0024-W1,0.0,-1,0,no_movement
SCN-05-CASHOUT-0024,rapid_cashout,train,SCN-05-CASHOUT-0024-NORMAL_A,0,SCN-05-CASHOUT-0024-W1,0.0,-1,0,no_movement
SCN-05-CASHOUT-0024,rapid_cashout,train,SCN-05-CASHOUT-0024-NORMAL_B,0,SCN-05-CASHOUT-0024-W1,0.0,-1,0,no_movement
SCN-05-CASHOUT-0024,rapid_cashout,train,SCN-05-CASHOUT-0024-NORMAL_C,0,SCN-05-CASHOUT-0024-W1,0.0,-1,0,no_movement
SCN-05-CASHOUT-0025,rapid_cashout,test,SCN-05-CASHOUT-0025-VICTIM,0,SCN-05-CASHOUT-0025-W1,0.0,-1,0,no_movement
SCN-05-CASHOUT-0025,rapid_cashout,test,SCN-05-CASHOUT-0025-W1,1,SCN-05-CASHOUT-0025-W1,26607.0,0,1,cashout
SCN-05-CASHOUT-0025,rapid_cashout,test,SCN-05-CASHOUT-0025-AGENT1,0,SCN-05-CASHOUT-0025-W1,0.0,-1,0,no_movement
SCN-05-CASHOUT-0025,rapid_cashout,test,SCN-05-CASHOUT-0025-NORMAL_A,0,SCN-05-CASHOUT-0025-W1,0.0,-1,0,no_movement
SCN-05-CASHOUT-0025,rapid_cashout,test,SCN-05-CASHOUT-0025-NORMAL_B,0,SCN-05-CASHOUT-0025-W1,0.0,-1,0,no_movement
SCN-05-CASHOUT-0025,rapid_cashout,test,SCN-05-CASHOUT-0025-NORMAL_C,0,SCN-05-CASHOUT-0025-W1,0.0,-1,0,no_movement
SCN-05-CASHOUT-0026,rapid_cashout,train,SCN-05-CASHOUT-0026-VICTIM,0,SCN-05-CASHOUT-0026-W1,0.0,-1,0,no_movement
SCN-05-CASHOUT-0026,rapid_cashout,train,SCN-05-CASHOUT-0026-W1,1,SCN-05-CASHOUT-0026-W1,26451.0,0,1,cashout
SCN-05-CASHOUT-0026,rapid_cashout,train,SCN-05-CASHOUT-0026-AGENT1,0,SCN-05-CASHOUT-0026-W1,0.0,-1,0,no_movement
SCN-05-CASHOUT-0026,rapid_cashout,train,SCN-05-CASHOUT-0026-NORMAL_A,0,SCN-05-CASHOUT-0026-W1,0.0,-1,0,no_movement
SCN-05-CASHOUT-0026,rapid_cashout,train,SCN-05-CASHOUT-0026-NORMAL_B,0,SCN-05-CASHOUT-0026-W1,0.0,-1,0,no_movement
SCN-05-CASHOUT-0026,rapid_cashout,train,SCN-05-CASHOUT-0026-NORMAL_C,0,SCN-05-CASHOUT-0026-W1,0.0,-1,0,no_movement
SCN-05-CASHOUT-0027,rapid_cashout,train,SCN-05-CASHOUT-0027-VICTIM,0,SCN-05-CASHOUT-0027-W1,0.0,-1,0,no_movement
SCN-05-CASHOUT-0027,rapid_cashout,train,SCN-05-CASHOUT-0027-W1,1,SCN-05-CASHOUT-0027-W1,25455.0,0,1,cashout
SCN-05-CASHOUT-0027,rapid_cashout,train,SCN-05-CASHOUT-0027-AGENT1,0,SCN-05-CASHOUT-0027-W1,0.0,-1,0,no_movement
SCN-05-CASHOUT-0027,rapid_cashout,train,SCN-05-CASHOUT-0027-NORMAL_A,0,SCN-05-CASHOUT-0027-W1,0.0,-1,0,no_movement
SCN-05-CASHOUT-0027,rapid_cashout,train,SCN-05-CASHOUT-0027-NORMAL_B,0,SCN-05-CASHOUT-0027-W1,0.0,-1,0,no_movement
SCN-05-CASHOUT-0027,rapid_cashout,train,SCN-05-CASHOUT-0027-NORMAL_C,0,SCN-05-CASHOUT-0027-W1,0.0,-1,0,no_movement
SCN-05-CASHOUT-0028,rapid_cashout,test,SCN-05-CASHOUT-0028-VICTIM,0,SCN-05-CASHOUT-0028-W1,0.0,-1,0,no_movement
SCN-05-CASHOUT-0028,rapid_cashout,test,SCN-05-CASHOUT-0028-W1,1,SCN-05-CASHOUT-0028-W1,27483.0,0,1,cashout
SCN-05-CASHOUT-0028,rapid_cashout,test,SCN-05-CASHOUT-0028-AGENT1,0,SCN-05-CASHOUT-0028-W1,0.0,-1,0,no_movement
SCN-05-CASHOUT-0028,rapid_cashout,test,SCN-05-CASHOUT-0028-NORMAL_A,0,SCN-05-CASHOUT-0028-W1,0.0,-1,0,no_movement
SCN-05-CASHOUT-0028,rapid_cashout,test,SCN-05-CASHOUT-0028-NORMAL_B,0,SCN-05-CASHOUT-0028-W1,0.0,-1,0,no_movement
SCN-05-CASHOUT-0028,rapid_cashout,test,SCN-05-CASHOUT-0028-NORMAL_C,0,SCN-05-CASHOUT-0028-W1,0.0,-1,0,no_movement
SCN-05-CASHOUT-0029,rapid_cashout,validation,SCN-05-CASHOUT-0029-VICTIM,0,SCN-05-CASHOUT-0029-W1,0.0,-1,0,no_movement
SCN-05-CASHOUT-0029,rapid_cashout,validation,SCN-05-CASHOUT-0029-W1,1,SCN-05-CASHOUT-0029-W1,24417.0,0,1,cashout
SCN-05-CASHOUT-0029,rapid_cashout,validation,SCN-05-CASHOUT-0029-AGENT1,0,SCN-05-CASHOUT-0029-W1,0.0,-1,0,no_movement
SCN-05-CASHOUT-0029,rapid_cashout,validation,SCN-05-CASHOUT-0029-NORMAL_A,0,SCN-05-CASHOUT-0029-W1,0.0,-1,0,no_movement
SCN-05-CASHOUT-0029,rapid_cashout,validation,SCN-05-CASHOUT-0029-NORMAL_B,0,SCN-05-CASHOUT-0029-W1,0.0,-1,0,no_movement
SCN-05-CASHOUT-0029,rapid_cashout,validation,SCN-05-CASHOUT-0029-NORMAL_C,0,SCN-05-CASHOUT-0029-W1,0.0,-1,0,no_movement
SCN-05-CASHOUT-0030,rapid_cashout,train,SCN-05-CASHOUT-0030-VICTIM,0,SCN-05-CASHOUT-0030-W1,0.0,-1,0,no_movement
SCN-05-CASHOUT-0030,rapid_cashout,train,SCN-05-CASHOUT-0030-W1,1,SCN-05-CASHOUT-0030-W1,27599.0,0,1,cashout
SCN-05-CASHOUT-0030,rapid_cashout,train,SCN-05-CASHOUT-0030-AGENT1,0,SCN-05-CASHOUT-0030-W1,0.0,-1,0,no_movement
SCN-05-CASHOUT-0030,rapid_cashout,train,SCN-05-CASHOUT-0030-NORMAL_A,0,SCN-05-CASHOUT-0030-W1,0.0,-1,0,no_movement
SCN-05-CASHOUT-0030,rapid_cashout,train,SCN-05-CASHOUT-0030-NORMAL_B,0,SCN-05-CASHOUT-0030-W1,0.0,-1,0,no_movement
SCN-05-CASHOUT-0030,rapid_cashout,train,SCN-05-CASHOUT-0030-NORMAL_C,0,SCN-05-CASHOUT-0030-W1,0.0,-1,0,no_movement
SCN-05-CASHOUT-0031,rapid_cashout,train,SCN-05-CASHOUT-0031-VICTIM,0,SCN-05-CASHOUT-0031-W1,0.0,-1,0,no_movement
SCN-05-CASHOUT-0031,rapid_cashout,train,SCN-05-CASHOUT-0031-W1,1,SCN-05-CASHOUT-0031-W1,27760.0,0,1,cashout
SCN-05-CASHOUT-0031,rapid_cashout,train,SCN-05-CASHOUT-0031-AGENT1,0,SCN-05-CASHOUT-0031-W1,0.0,-1,0,no_movement
SCN-05-CASHOUT-0031,rapid_cashout,train,SCN-05-CASHOUT-0031-NORMAL_A,0,SCN-05-CASHOUT-0031-W1,0.0,-1,0,no_movement
SCN-05-CASHOUT-0031,rapid_cashout,train,SCN-05-CASHOUT-0031-NORMAL_B,0,SCN-05-CASHOUT-0031-W1,0.0,-1,0,no_movement
SCN-05-CASHOUT-0031,rapid_cashout,train,SCN-05-CASHOUT-0031-NORMAL_C,0,SCN-05-CASHOUT-0031-W1,0.0,-1,0,no_movement
SCN-05-CASHOUT-0032,rapid_cashout,train,SCN-05-CASHOUT-0032-VICTIM,0,SCN-05-CASHOUT-0032-W1,0.0,-1,0,no_movement
SCN-05-CASHOUT-0032,rapid_cashout,train,SCN-05-CASHOUT-0032-W1,1,SCN-05-CASHOUT-0032-W1,28393.0,0,1,cashout
SCN-05-CASHOUT-0032,rapid_cashout,train,SCN-05-CASHOUT-0032-AGENT1,0,SCN-05-CASHOUT-0032-W1,0.0,-1,0,no_movement
SCN-05-CASHOUT-0032,rapid_cashout,train,SCN-05-CASHOUT-0032-NORMAL_A,0,SCN-05-CASHOUT-0032-W1,0.0,-1,0,no_movement
SCN-05-CASHOUT-0032,rapid_cashout,train,SCN-05-CASHOUT-0032-NORMAL_B,0,SCN-05-CASHOUT-0032-W1,0.0,-1,0,no_movement
SCN-05-CASHOUT-0032,rapid_cashout,train,SCN-05-CASHOUT-0032-NORMAL_C,0,SCN-05-CASHOUT-0032-W1,0.0,-1,0,no_movement
SCN-05-CASHOUT-0033,rapid_cashout,train,SCN-05-CASHOUT-0033-VICTIM,0,SCN-05-CASHOUT-0033-W1,0.0,-1,0,no_movement
SCN-05-CASHOUT-0033,rapid_cashout,train,SCN-05-CASHOUT-0033-W1,1,SCN-05-CASHOUT-0033-W1,25958.0,0,1,cashout
SCN-05-CASHOUT-0033,rapid_cashout,train,SCN-05-CASHOUT-0033-AGENT1,0,SCN-05-CASHOUT-0033-W1,0.0,-1,0,no_movement
SCN-05-CASHOUT-0033,rapid_cashout,train,SCN-05-CASHOUT-0033-NORMAL_A,0,SCN-05-CASHOUT-0033-W1,0.0,-1,0,no_movement
SCN-05-CASHOUT-0033,rapid_cashout,train,SCN-05-CASHOUT-0033-NORMAL_B,0,SCN-05-CASHOUT-0033-W1,0.0,-1,0,no_movement
SCN-05-CASHOUT-0033,rapid_cashout,train,SCN-05-CASHOUT-0033-NORMAL_C,0,SCN-05-CASHOUT-0033-W1,0.0,-1,0,no_movement
SCN-05-CASHOUT-0034,rapid_cashout,train,SCN-05-CASHOUT-0034-VICTIM,0,SCN-05-CASHOUT-0034-W1,0.0,-1,0,no_movement
SCN-05-CASHOUT-0034,rapid_cashout,train,SCN-05-CASHOUT-0034-W1,1,SCN-05-CASHOUT-0034-W1,23346.0,0,1,cashout
SCN-05-CASHOUT-0034,rapid_cashout,train,SCN-05-CASHOUT-0034-AGENT1,0,SCN-05-CASHOUT-0034-W1,0.0,-1,0,no_movement
SCN-05-CASHOUT-0034,rapid_cashout,train,SCN-05-CASHOUT-0034-NORMAL_A,0,SCN-05-CASHOUT-0034-W1,0.0,-1,0,no_movement
SCN-05-CASHOUT-0034,rapid_cashout,train,SCN-05-CASHOUT-0034-NORMAL_B,0,SCN-05-CASHOUT-0034-W1,0.0,-1,0,no_movement
SCN-05-CASHOUT-0034,rapid_cashout,train,SCN-05-CASHOUT-0034-NORMAL_C,0,SCN-05-CASHOUT-0034-W1,0.0,-1,0,no_movement
SCN-05-CASHOUT-0035,rapid_cashout,train,SCN-05-CASHOUT-0035-VICTIM,0,SCN-05-CASHOUT-0035-W1,0.0,-1,0,no_movement
SCN-05-CASHOUT-0035,rapid_cashout,train,SCN-05-CASHOUT-0035-W1,1,SCN-05-CASHOUT-0035-W1,25110.0,0,1,cashout
SCN-05-CASHOUT-0035,rapid_cashout,train,SCN-05-CASHOUT-0035-AGENT1,0,SCN-05-CASHOUT-0035-W1,0.0,-1,0,no_movement
SCN-05-CASHOUT-0035,rapid_cashout,train,SCN-05-CASHOUT-0035-NORMAL_A,0,SCN-05-CASHOUT-0035-W1,0.0,-1,0,no_movement
SCN-05-CASHOUT-0035,rapid_cashout,train,SCN-05-CASHOUT-0035-NORMAL_B,0,SCN-05-CASHOUT-0035-W1,0.0,-1,0,no_movement
SCN-05-CASHOUT-0035,rapid_cashout,train,SCN-05-CASHOUT-0035-NORMAL_C,0,SCN-05-CASHOUT-0035-W1,0.0,-1,0,no_movement
SCN-05-CASHOUT-0036,rapid_cashout,train,SCN-05-CASHOUT-0036-VICTIM,0,SCN-05-CASHOUT-0036-W1,0.0,-1,0,no_movement
SCN-05-CASHOUT-0036,rapid_cashout,train,SCN-05-CASHOUT-0036-W1,1,SCN-05-CASHOUT-0036-W1,20626.0,0,1,cashout
SCN-05-CASHOUT-0036,rapid_cashout,train,SCN-05-CASHOUT-0036-AGENT1,0,SCN-05-CASHOUT-0036-W1,0.0,-1,0,no_movement
SCN-05-CASHOUT-0036,rapid_cashout,train,SCN-05-CASHOUT-0036-NORMAL_A,0,SCN-05-CASHOUT-0036-W1,0.0,-1,0,no_movement
SCN-05-CASHOUT-0036,rapid_cashout,train,SCN-05-CASHOUT-0036-NORMAL_B,0,SCN-05-CASHOUT-0036-W1,0.0,-1,0,no_movement
SCN-05-CASHOUT-0036,rapid_cashout,train,SCN-05-CASHOUT-0036-NORMAL_C,0,SCN-05-CASHOUT-0036-W1,0.0,-1,0,no_movement
SCN-05-CASHOUT-0037,rapid_cashout,train,SCN-05-CASHOUT-0037-VICTIM,0,SCN-05-CASHOUT-0037-W1,0.0,-1,0,no_movement
SCN-05-CASHOUT-0037,rapid_cashout,train,SCN-05-CASHOUT-0037-W1,1,SCN-05-CASHOUT-0037-W1,23992.0,0,1,cashout
SCN-05-CASHOUT-0037,rapid_cashout,train,SCN-05-CASHOUT-0037-AGENT1,0,SCN-05-CASHOUT-0037-W1,0.0,-1,0,no_movement
SCN-05-CASHOUT-0037,rapid_cashout,train,SCN-05-CASHOUT-0037-NORMAL_A,0,SCN-05-CASHOUT-0037-W1,0.0,-1,0,no_movement
SCN-05-CASHOUT-0037,rapid_cashout,train,SCN-05-CASHOUT-0037-NORMAL_B,0,SCN-05-CASHOUT-0037-W1,0.0,-1,0,no_movement
SCN-05-CASHOUT-0037,rapid_cashout,train,SCN-05-CASHOUT-0037-NORMAL_C,0,SCN-05-CASHOUT-0037-W1,0.0,-1,0,no_movement
SCN-05-CASHOUT-0038,rapid_cashout,test,SCN-05-CASHOUT-0038-VICTIM,0,SCN-05-CASHOUT-0038-W1,0.0,-1,0,no_movement
SCN-05-CASHOUT-0038,rapid_cashout,test,SCN-05-CASHOUT-0038-W1,1,SCN-05-CASHOUT-0038-W1,23410.0,0,1,cashout
SCN-05-CASHOUT-0038,rapid_cashout,test,SCN-05-CASHOUT-0038-AGENT1,0,SCN-05-CASHOUT-0038-W1,0.0,-1,0,no_movement
SCN-05-CASHOUT-0038,rapid_cashout,test,SCN-05-CASHOUT-0038-NORMAL_A,0,SCN-05-CASHOUT-0038-W1,0.0,-1,0,no_movement
SCN-05-CASHOUT-0038,rapid_cashout,test,SCN-05-CASHOUT-0038-NORMAL_B,0,SCN-05-CASHOUT-0038-W1,0.0,-1,0,no_movement
SCN-05-CASHOUT-0038,rapid_cashout,test,SCN-05-CASHOUT-0038-NORMAL_C,0,SCN-05-CASHOUT-0038-W1,0.0,-1,0,no_movement
SCN-05-CASHOUT-0039,rapid_cashout,train,SCN-05-CASHOUT-0039-VICTIM,0,SCN-05-CASHOUT-0039-W1,0.0,-1,0,no_movement
SCN-05-CASHOUT-0039,rapid_cashout,train,SCN-05-CASHOUT-0039-W1,1,SCN-05-CASHOUT-0039-W1,30676.0,0,1,cashout
SCN-05-CASHOUT-0039,rapid_cashout,train,SCN-05-CASHOUT-0039-AGENT1,0,SCN-05-CASHOUT-0039-W1,0.0,-1,0,no_movement
SCN-05-CASHOUT-0039,rapid_cashout,train,SCN-05-CASHOUT-0039-NORMAL_A,0,SCN-05-CASHOUT-0039-W1,0.0,-1,0,no_movement
SCN-05-CASHOUT-0039,rapid_cashout,train,SCN-05-CASHOUT-0039-NORMAL_B,0,SCN-05-CASHOUT-0039-W1,0.0,-1,0,no_movement
SCN-05-CASHOUT-0039,rapid_cashout,train,SCN-05-CASHOUT-0039-NORMAL_C,0,SCN-05-CASHOUT-0039-W1,0.0,-1,0,no_movement
SCN-05-CASHOUT-0040,rapid_cashout,train,SCN-05-CASHOUT-0040-VICTIM,0,SCN-05-CASHOUT-0040-W1,0.0,-1,0,no_movement
SCN-05-CASHOUT-0040,rapid_cashout,train,SCN-05-CASHOUT-0040-W1,1,SCN-05-CASHOUT-0040-W1,25664.0,0,1,cashout
SCN-05-CASHOUT-0040,rapid_cashout,train,SCN-05-CASHOUT-0040-AGENT1,0,SCN-05-CASHOUT-0040-W1,0.0,-1,0,no_movement
SCN-05-CASHOUT-0040,rapid_cashout,train,SCN-05-CASHOUT-0040-NORMAL_A,0,SCN-05-CASHOUT-0040-W1,0.0,-1,0,no_movement
SCN-05-CASHOUT-0040,rapid_cashout,train,SCN-05-CASHOUT-0040-NORMAL_B,0,SCN-05-CASHOUT-0040-W1,0.0,-1,0,no_movement
SCN-05-CASHOUT-0040,rapid_cashout,train,SCN-05-CASHOUT-0040-NORMAL_C,0,SCN-05-CASHOUT-0040-W1,0.0,-1,0,no_movement
SCN-05-CASHOUT-0041,rapid_cashout,train,SCN-05-CASHOUT-0041-VICTIM,0,SCN-05-CASHOUT-0041-W1,0.0,-1,0,no_movement
SCN-05-CASHOUT-0041,rapid_cashout,train,SCN-05-CASHOUT-0041-W1,1,SCN-05-CASHOUT-0041-W1,24549.0,0,1,cashout
SCN-05-CASHOUT-0041,rapid_cashout,train,SCN-05-CASHOUT-0041-AGENT1,0,SCN-05-CASHOUT-0041-W1,0.0,-1,0,no_movement
SCN-05-CASHOUT-0041,rapid_cashout,train,SCN-05-CASHOUT-0041-NORMAL_A,0,SCN-05-CASHOUT-0041-W1,0.0,-1,0,no_movement
SCN-05-CASHOUT-0041,rapid_cashout,train,SCN-05-CASHOUT-0041-NORMAL_B,0,SCN-05-CASHOUT-0041-W1,0.0,-1,0,no_movement
SCN-05-CASHOUT-0041,rapid_cashout,train,SCN-05-CASHOUT-0041-NORMAL_C,0,SCN-05-CASHOUT-0041-W1,0.0,-1,0,no_movement
SCN-05-CASHOUT-0042,rapid_cashout,train,SCN-05-CASHOUT-0042-VICTIM,0,SCN-05-CASHOUT-0042-W1,0.0,-1,0,no_movement
SCN-05-CASHOUT-0042,rapid_cashout,train,SCN-05-CASHOUT-0042-W1,1,SCN-05-CASHOUT-0042-W1,28256.0,0,1,cashout
SCN-05-CASHOUT-0042,rapid_cashout,train,SCN-05-CASHOUT-0042-AGENT1,0,SCN-05-CASHOUT-0042-W1,0.0,-1,0,no_movement
SCN-05-CASHOUT-0042,rapid_cashout,train,SCN-05-CASHOUT-0042-NORMAL_A,0,SCN-05-CASHOUT-0042-W1,0.0,-1,0,no_movement
SCN-05-CASHOUT-0042,rapid_cashout,train,SCN-05-CASHOUT-0042-NORMAL_B,0,SCN-05-CASHOUT-0042-W1,0.0,-1,0,no_movement
SCN-05-CASHOUT-0042,rapid_cashout,train,SCN-05-CASHOUT-0042-NORMAL_C,0,SCN-05-CASHOUT-0042-W1,0.0,-1,0,no_movement
SCN-05-CASHOUT-0043,rapid_cashout,train,SCN-05-CASHOUT-0043-VICTIM,0,SCN-05-CASHOUT-0043-W1,0.0,-1,0,no_movement
SCN-05-CASHOUT-0043,rapid_cashout,train,SCN-05-CASHOUT-0043-W1,1,SCN-05-CASHOUT-0043-W1,29245.0,0,1,cashout
SCN-05-CASHOUT-0043,rapid_cashout,train,SCN-05-CASHOUT-0043-AGENT1,0,SCN-05-CASHOUT-0043-W1,0.0,-1,0,no_movement
SCN-05-CASHOUT-0043,rapid_cashout,train,SCN-05-CASHOUT-0043-NORMAL_A,0,SCN-05-CASHOUT-0043-W1,0.0,-1,0,no_movement
SCN-05-CASHOUT-0043,rapid_cashout,train,SCN-05-CASHOUT-0043-NORMAL_B,0,SCN-05-CASHOUT-0043-W1,0.0,-1,0,no_movement
SCN-05-CASHOUT-0043,rapid_cashout,train,SCN-05-CASHOUT-0043-NORMAL_C,0,SCN-05-CASHOUT-0043-W1,0.0,-1,0,no_movement
SCN-05-CASHOUT-0044,rapid_cashout,validation,SCN-05-CASHOUT-0044-VICTIM,0,SCN-05-CASHOUT-0044-W1,0.0,-1,0,no_movement
SCN-05-CASHOUT-0044,rapid_cashout,validation,SCN-05-CASHOUT-0044-W1,1,SCN-05-CASHOUT-0044-W1,27840.0,0,1,cashout
SCN-05-CASHOUT-0044,rapid_cashout,validation,SCN-05-CASHOUT-0044-AGENT1,0,SCN-05-CASHOUT-0044-W1,0.0,-1,0,no_movement
SCN-05-CASHOUT-0044,rapid_cashout,validation,SCN-05-CASHOUT-0044-NORMAL_A,0,SCN-05-CASHOUT-0044-W1,0.0,-1,0,no_movement
SCN-05-CASHOUT-0044,rapid_cashout,validation,SCN-05-CASHOUT-0044-NORMAL_B,0,SCN-05-CASHOUT-0044-W1,0.0,-1,0,no_movement
SCN-05-CASHOUT-0044,rapid_cashout,validation,SCN-05-CASHOUT-0044-NORMAL_C,0,SCN-05-CASHOUT-0044-W1,0.0,-1,0,no_movement
SCN-05-CASHOUT-0045,rapid_cashout,test,SCN-05-CASHOUT-0045-VICTIM,0,SCN-05-CASHOUT-0045-W1,0.0,-1,0,no_movement
SCN-05-CASHOUT-0045,rapid_cashout,test,SCN-05-CASHOUT-0045-W1,1,SCN-05-CASHOUT-0045-W1,31212.0,0,1,cashout
SCN-05-CASHOUT-0045,rapid_cashout,test,SCN-05-CASHOUT-0045-AGENT1,0,SCN-05-CASHOUT-0045-W1,0.0,-1,0,no_movement
SCN-05-CASHOUT-0045,rapid_cashout,test,SCN-05-CASHOUT-0045-NORMAL_A,0,SCN-05-CASHOUT-0045-W1,0.0,-1,0,no_movement
SCN-05-CASHOUT-0045,rapid_cashout,test,SCN-05-CASHOUT-0045-NORMAL_B,0,SCN-05-CASHOUT-0045-W1,0.0,-1,0,no_movement
SCN-05-CASHOUT-0045,rapid_cashout,test,SCN-05-CASHOUT-0045-NORMAL_C,0,SCN-05-CASHOUT-0045-W1,0.0,-1,0,no_movement
SCN-05-CASHOUT-0046,rapid_cashout,test,SCN-05-CASHOUT-0046-VICTIM,0,SCN-05-CASHOUT-0046-W1,0.0,-1,0,no_movement
SCN-05-CASHOUT-0046,rapid_cashout,test,SCN-05-CASHOUT-0046-W1,1,SCN-05-CASHOUT-0046-W1,27511.0,0,1,cashout
SCN-05-CASHOUT-0046,rapid_cashout,test,SCN-05-CASHOUT-0046-AGENT1,0,SCN-05-CASHOUT-0046-W1,0.0,-1,0,no_movement
SCN-05-CASHOUT-0046,rapid_cashout,test,SCN-05-CASHOUT-0046-NORMAL_A,0,SCN-05-CASHOUT-0046-W1,0.0,-1,0,no_movement
SCN-05-CASHOUT-0046,rapid_cashout,test,SCN-05-CASHOUT-0046-NORMAL_B,0,SCN-05-CASHOUT-0046-W1,0.0,-1,0,no_movement
SCN-05-CASHOUT-0046,rapid_cashout,test,SCN-05-CASHOUT-0046-NORMAL_C,0,SCN-05-CASHOUT-0046-W1,0.0,-1,0,no_movement
SCN-05-CASHOUT-0047,rapid_cashout,train,SCN-05-CASHOUT-0047-VICTIM,0,SCN-05-CASHOUT-0047-W1,0.0,-1,0,no_movement
SCN-05-CASHOUT-0047,rapid_cashout,train,SCN-05-CASHOUT-0047-W1,1,SCN-05-CASHOUT-0047-W1,29000.0,0,1,cashout
SCN-05-CASHOUT-0047,rapid_cashout,train,SCN-05-CASHOUT-0047-AGENT1,0,SCN-05-CASHOUT-0047-W1,0.0,-1,0,no_movement
SCN-05-CASHOUT-0047,rapid_cashout,train,SCN-05-CASHOUT-0047-NORMAL_A,0,SCN-05-CASHOUT-0047-W1,0.0,-1,0,no_movement
SCN-05-CASHOUT-0047,rapid_cashout,train,SCN-05-CASHOUT-0047-NORMAL_B,0,SCN-05-CASHOUT-0047-W1,0.0,-1,0,no_movement
SCN-05-CASHOUT-0047,rapid_cashout,train,SCN-05-CASHOUT-0047-NORMAL_C,0,SCN-05-CASHOUT-0047-W1,0.0,-1,0,no_movement
SCN-05-CASHOUT-0048,rapid_cashout,train,SCN-05-CASHOUT-0048-VICTIM,0,SCN-05-CASHOUT-0048-W1,0.0,-1,0,no_movement
SCN-05-CASHOUT-0048,rapid_cashout,train,SCN-05-CASHOUT-0048-W1,1,SCN-05-CASHOUT-0048-W1,22012.0,0,1,cashout
SCN-05-CASHOUT-0048,rapid_cashout,train,SCN-05-CASHOUT-0048-AGENT1,0,SCN-05-CASHOUT-0048-W1,0.0,-1,0,no_movement
SCN-05-CASHOUT-0048,rapid_cashout,train,SCN-05-CASHOUT-0048-NORMAL_A,0,SCN-05-CASHOUT-0048-W1,0.0,-1,0,no_movement
SCN-05-CASHOUT-0048,rapid_cashout,train,SCN-05-CASHOUT-0048-NORMAL_B,0,SCN-05-CASHOUT-0048-W1,0.0,-1,0,no_movement
SCN-05-CASHOUT-0048,rapid_cashout,train,SCN-05-CASHOUT-0048-NORMAL_C,0,SCN-05-CASHOUT-0048-W1,0.0,-1,0,no_movement
SCN-05-CASHOUT-0049,rapid_cashout,validation,SCN-05-CASHOUT-0049-VICTIM,0,SCN-05-CASHOUT-0049-W1,0.0,-1,0,no_movement
SCN-05-CASHOUT-0049,rapid_cashout,validation,SCN-05-CASHOUT-0049-W1,1,SCN-05-CASHOUT-0049-W1,22149.0,0,1,cashout
SCN-05-CASHOUT-0049,rapid_cashout,validation,SCN-05-CASHOUT-0049-AGENT1,0,SCN-05-CASHOUT-0049-W1,0.0,-1,0,no_movement
SCN-05-CASHOUT-0049,rapid_cashout,validation,SCN-05-CASHOUT-0049-NORMAL_A,0,SCN-05-CASHOUT-0049-W1,0.0,-1,0,no_movement
SCN-05-CASHOUT-0049,rapid_cashout,validation,SCN-05-CASHOUT-0049-NORMAL_B,0,SCN-05-CASHOUT-0049-W1,0.0,-1,0,no_movement
SCN-05-CASHOUT-0049,rapid_cashout,validation,SCN-05-CASHOUT-0049-NORMAL_C,0,SCN-05-CASHOUT-0049-W1,0.0,-1,0,no_movement
SCN-05-CASHOUT-0050,rapid_cashout,train,SCN-05-CASHOUT-0050-VICTIM,0,SCN-05-CASHOUT-0050-W1,0.0,-1,0,no_movement
SCN-05-CASHOUT-0050,rapid_cashout,train,SCN-05-CASHOUT-0050-W1,1,SCN-05-CASHOUT-0050-W1,20805.0,0,1,cashout
SCN-05-CASHOUT-0050,rapid_cashout,train,SCN-05-CASHOUT-0050-AGENT1,0,SCN-05-CASHOUT-0050-W1,0.0,-1,0,no_movement
SCN-05-CASHOUT-0050,rapid_cashout,train,SCN-05-CASHOUT-0050-NORMAL_A,0,SCN-05-CASHOUT-0050-W1,0.0,-1,0,no_movement
SCN-05-CASHOUT-0050,rapid_cashout,train,SCN-05-CASHOUT-0050-NORMAL_B,0,SCN-05-CASHOUT-0050-W1,0.0,-1,0,no_movement
SCN-05-CASHOUT-0050,rapid_cashout,train,SCN-05-CASHOUT-0050-NORMAL_C,0,SCN-05-CASHOUT-0050-W1,0.0,-1,0,no_movement
SCN-05-CASHOUT-0051,rapid_cashout,train,SCN-05-CASHOUT-0051-VICTIM,0,SCN-05-CASHOUT-0051-W1,0.0,-1,0,no_movement
SCN-05-CASHOUT-0051,rapid_cashout,train,SCN-05-CASHOUT-0051-W1,1,SCN-05-CASHOUT-0051-W1,22604.0,0,1,cashout
SCN-05-CASHOUT-0051,rapid_cashout,train,SCN-05-CASHOUT-0051-AGENT1,0,SCN-05-CASHOUT-0051-W1,0.0,-1,0,no_movement
SCN-05-CASHOUT-0051,rapid_cashout,train,SCN-05-CASHOUT-0051-NORMAL_A,0,SCN-05-CASHOUT-0051-W1,0.0,-1,0,no_movement
SCN-05-CASHOUT-0051,rapid_cashout,train,SCN-05-CASHOUT-0051-NORMAL_B,0,SCN-05-CASHOUT-0051-W1,0.0,-1,0,no_movement
SCN-05-CASHOUT-0051,rapid_cashout,train,SCN-05-CASHOUT-0051-NORMAL_C,0,SCN-05-CASHOUT-0051-W1,0.0,-1,0,no_movement
SCN-05-CASHOUT-0052,rapid_cashout,train,SCN-05-CASHOUT-0052-VICTIM,0,SCN-05-CASHOUT-0052-W1,0.0,-1,0,no_movement
SCN-05-CASHOUT-0052,rapid_cashout,train,SCN-05-CASHOUT-0052-W1,1,SCN-05-CASHOUT-0052-W1,27461.0,0,1,cashout
SCN-05-CASHOUT-0052,rapid_cashout,train,SCN-05-CASHOUT-0052-AGENT1,0,SCN-05-CASHOUT-0052-W1,0.0,-1,0,no_movement
SCN-05-CASHOUT-0052,rapid_cashout,train,SCN-05-CASHOUT-0052-NORMAL_A,0,SCN-05-CASHOUT-0052-W1,0.0,-1,0,no_movement
SCN-05-CASHOUT-0052,rapid_cashout,train,SCN-05-CASHOUT-0052-NORMAL_B,0,SCN-05-CASHOUT-0052-W1,0.0,-1,0,no_movement
SCN-05-CASHOUT-0052,rapid_cashout,train,SCN-05-CASHOUT-0052-NORMAL_C,0,SCN-05-CASHOUT-0052-W1,0.0,-1,0,no_movement
SCN-05-CASHOUT-0053,rapid_cashout,validation,SCN-05-CASHOUT-0053-VICTIM,0,SCN-05-CASHOUT-0053-W1,0.0,-1,0,no_movement
SCN-05-CASHOUT-0053,rapid_cashout,validation,SCN-05-CASHOUT-0053-W1,1,SCN-05-CASHOUT-0053-W1,23197.0,0,1,cashout
SCN-05-CASHOUT-0053,rapid_cashout,validation,SCN-05-CASHOUT-0053-AGENT1,0,SCN-05-CASHOUT-0053-W1,0.0,-1,0,no_movement
SCN-05-CASHOUT-0053,rapid_cashout,validation,SCN-05-CASHOUT-0053-NORMAL_A,0,SCN-05-CASHOUT-0053-W1,0.0,-1,0,no_movement
SCN-05-CASHOUT-0053,rapid_cashout,validation,SCN-05-CASHOUT-0053-NORMAL_B,0,SCN-05-CASHOUT-0053-W1,0.0,-1,0,no_movement
SCN-05-CASHOUT-0053,rapid_cashout,validation,SCN-05-CASHOUT-0053-NORMAL_C,0,SCN-05-CASHOUT-0053-W1,0.0,-1,0,no_movement
SCN-05-CASHOUT-0054,rapid_cashout,train,SCN-05-CASHOUT-0054-VICTIM,0,SCN-05-CASHOUT-0054-W1,0.0,-1,0,no_movement
SCN-05-CASHOUT-0054,rapid_cashout,train,SCN-05-CASHOUT-0054-W1,1,SCN-05-CASHOUT-0054-W1,23805.0,0,1,cashout
SCN-05-CASHOUT-0054,rapid_cashout,train,SCN-05-CASHOUT-0054-AGENT1,0,SCN-05-CASHOUT-0054-W1,0.0,-1,0,no_movement
SCN-05-CASHOUT-0054,rapid_cashout,train,SCN-05-CASHOUT-0054-NORMAL_A,0,SCN-05-CASHOUT-0054-W1,0.0,-1,0,no_movement
SCN-05-CASHOUT-0054,rapid_cashout,train,SCN-05-CASHOUT-0054-NORMAL_B,0,SCN-05-CASHOUT-0054-W1,0.0,-1,0,no_movement
SCN-05-CASHOUT-0054,rapid_cashout,train,SCN-05-CASHOUT-0054-NORMAL_C,0,SCN-05-CASHOUT-0054-W1,0.0,-1,0,no_movement
SCN-05-CASHOUT-0055,rapid_cashout,validation,SCN-05-CASHOUT-0055-VICTIM,0,SCN-05-CASHOUT-0055-W1,0.0,-1,0,no_movement
SCN-05-CASHOUT-0055,rapid_cashout,validation,SCN-05-CASHOUT-0055-W1,1,SCN-05-CASHOUT-0055-W1,20497.0,0,1,cashout
SCN-05-CASHOUT-0055,rapid_cashout,validation,SCN-05-CASHOUT-0055-AGENT1,0,SCN-05-CASHOUT-0055-W1,0.0,-1,0,no_movement
SCN-05-CASHOUT-0055,rapid_cashout,validation,SCN-05-CASHOUT-0055-NORMAL_A,0,SCN-05-CASHOUT-0055-W1,0.0,-1,0,no_movement
SCN-05-CASHOUT-0055,rapid_cashout,validation,SCN-05-CASHOUT-0055-NORMAL_B,0,SCN-05-CASHOUT-0055-W1,0.0,-1,0,no_movement
SCN-05-CASHOUT-0055,rapid_cashout,validation,SCN-05-CASHOUT-0055-NORMAL_C,0,SCN-05-CASHOUT-0055-W1,0.0,-1,0,no_movement
SCN-05-CASHOUT-0056,rapid_cashout,test,SCN-05-CASHOUT-0056-VICTIM,0,SCN-05-CASHOUT-0056-W1,0.0,-1,0,no_movement
SCN-05-CASHOUT-0056,rapid_cashout,test,SCN-05-CASHOUT-0056-W1,1,SCN-05-CASHOUT-0056-W1,23403.0,0,1,cashout
SCN-05-CASHOUT-0056,rapid_cashout,test,SCN-05-CASHOUT-0056-AGENT1,0,SCN-05-CASHOUT-0056-W1,0.0,-1,0,no_movement
SCN-05-CASHOUT-0056,rapid_cashout,test,SCN-05-CASHOUT-0056-NORMAL_A,0,SCN-05-CASHOUT-0056-W1,0.0,-1,0,no_movement
SCN-05-CASHOUT-0056,rapid_cashout,test,SCN-05-CASHOUT-0056-NORMAL_B,0,SCN-05-CASHOUT-0056-W1,0.0,-1,0,no_movement
SCN-05-CASHOUT-0056,rapid_cashout,test,SCN-05-CASHOUT-0056-NORMAL_C,0,SCN-05-CASHOUT-0056-W1,0.0,-1,0,no_movement
SCN-05-CASHOUT-0057,rapid_cashout,validation,SCN-05-CASHOUT-0057-VICTIM,0,SCN-05-CASHOUT-0057-W1,0.0,-1,0,no_movement
SCN-05-CASHOUT-0057,rapid_cashout,validation,SCN-05-CASHOUT-0057-W1,1,SCN-05-CASHOUT-0057-W1,19023.0,0,1,cashout
SCN-05-CASHOUT-0057,rapid_cashout,validation,SCN-05-CASHOUT-0057-AGENT1,0,SCN-05-CASHOUT-0057-W1,0.0,-1,0,no_movement
SCN-05-CASHOUT-0057,rapid_cashout,validation,SCN-05-CASHOUT-0057-NORMAL_A,0,SCN-05-CASHOUT-0057-W1,0.0,-1,0,no_movement
SCN-05-CASHOUT-0057,rapid_cashout,validation,SCN-05-CASHOUT-0057-NORMAL_B,0,SCN-05-CASHOUT-0057-W1,0.0,-1,0,no_movement
SCN-05-CASHOUT-0057,rapid_cashout,validation,SCN-05-CASHOUT-0057-NORMAL_C,0,SCN-05-CASHOUT-0057-W1,0.0,-1,0,no_movement
SCN-05-CASHOUT-0058,rapid_cashout,test,SCN-05-CASHOUT-0058-VICTIM,0,SCN-05-CASHOUT-0058-W1,0.0,-1,0,no_movement
SCN-05-CASHOUT-0058,rapid_cashout,test,SCN-05-CASHOUT-0058-W1,1,SCN-05-CASHOUT-0058-W1,29117.0,0,1,cashout
SCN-05-CASHOUT-0058,rapid_cashout,test,SCN-05-CASHOUT-0058-AGENT1,0,SCN-05-CASHOUT-0058-W1,0.0,-1,0,no_movement
SCN-05-CASHOUT-0058,rapid_cashout,test,SCN-05-CASHOUT-0058-NORMAL_A,0,SCN-05-CASHOUT-0058-W1,0.0,-1,0,no_movement
SCN-05-CASHOUT-0058,rapid_cashout,test,SCN-05-CASHOUT-0058-NORMAL_B,0,SCN-05-CASHOUT-0058-W1,0.0,-1,0,no_movement
SCN-05-CASHOUT-0058,rapid_cashout,test,SCN-05-CASHOUT-0058-NORMAL_C,0,SCN-05-CASHOUT-0058-W1,0.0,-1,0,no_movement
SCN-05-CASHOUT-0059,rapid_cashout,test,SCN-05-CASHOUT-0059-VICTIM,0,SCN-05-CASHOUT-0059-W1,0.0,-1,0,no_movement
SCN-05-CASHOUT-0059,rapid_cashout,test,SCN-05-CASHOUT-0059-W1,1,SCN-05-CASHOUT-0059-W1,29021.0,0,1,cashout
SCN-05-CASHOUT-0059,rapid_cashout,test,SCN-05-CASHOUT-0059-AGENT1,0,SCN-05-CASHOUT-0059-W1,0.0,-1,0,no_movement
SCN-05-CASHOUT-0059,rapid_cashout,test,SCN-05-CASHOUT-0059-NORMAL_A,0,SCN-05-CASHOUT-0059-W1,0.0,-1,0,no_movement
SCN-05-CASHOUT-0059,rapid_cashout,test,SCN-05-CASHOUT-0059-NORMAL_B,0,SCN-05-CASHOUT-0059-W1,0.0,-1,0,no_movement
SCN-05-CASHOUT-0059,rapid_cashout,test,SCN-05-CASHOUT-0059-NORMAL_C,0,SCN-05-CASHOUT-0059-W1,0.0,-1,0,no_movement
SCN-05-CASHOUT-0060,rapid_cashout,validation,SCN-05-CASHOUT-0060-VICTIM,0,SCN-05-CASHOUT-0060-W1,0.0,-1,0,no_movement
SCN-05-CASHOUT-0060,rapid_cashout,validation,SCN-05-CASHOUT-0060-W1,1,SCN-05-CASHOUT-0060-W1,21089.0,0,1,cashout
SCN-05-CASHOUT-0060,rapid_cashout,validation,SCN-05-CASHOUT-0060-AGENT1,0,SCN-05-CASHOUT-0060-W1,0.0,-1,0,no_movement
SCN-05-CASHOUT-0060,rapid_cashout,validation,SCN-05-CASHOUT-0060-NORMAL_A,0,SCN-05-CASHOUT-0060-W1,0.0,-1,0,no_movement
SCN-05-CASHOUT-0060,rapid_cashout,validation,SCN-05-CASHOUT-0060-NORMAL_B,0,SCN-05-CASHOUT-0060-W1,0.0,-1,0,no_movement
SCN-05-CASHOUT-0060,rapid_cashout,validation,SCN-05-CASHOUT-0060-NORMAL_C,0,SCN-05-CASHOUT-0060-W1,0.0,-1,0,no_movement
SCN-05-CASHOUT-0061,rapid_cashout,train,SCN-05-CASHOUT-0061-VICTIM,0,SCN-05-CASHOUT-0061-W1,0.0,-1,0,no_movement
SCN-05-CASHOUT-0061,rapid_cashout,train,SCN-05-CASHOUT-0061-W1,1,SCN-05-CASHOUT-0061-W1,22439.0,0,1,cashout
SCN-05-CASHOUT-0061,rapid_cashout,train,SCN-05-CASHOUT-0061-AGENT1,0,SCN-05-CASHOUT-0061-W1,0.0,-1,0,no_movement
SCN-05-CASHOUT-0061,rapid_cashout,train,SCN-05-CASHOUT-0061-NORMAL_A,0,SCN-05-CASHOUT-0061-W1,0.0,-1,0,no_movement
SCN-05-CASHOUT-0061,rapid_cashout,train,SCN-05-CASHOUT-0061-NORMAL_B,0,SCN-05-CASHOUT-0061-W1,0.0,-1,0,no_movement
SCN-05-CASHOUT-0061,rapid_cashout,train,SCN-05-CASHOUT-0061-NORMAL_C,0,SCN-05-CASHOUT-0061-W1,0.0,-1,0,no_movement
SCN-05-CASHOUT-0062,rapid_cashout,train,SCN-05-CASHOUT-0062-VICTIM,0,SCN-05-CASHOUT-0062-W1,0.0,-1,0,no_movement
SCN-05-CASHOUT-0062,rapid_cashout,train,SCN-05-CASHOUT-0062-W1,1,SCN-05-CASHOUT-0062-W1,21243.0,0,1,cashout
SCN-05-CASHOUT-0062,rapid_cashout,train,SCN-05-CASHOUT-0062-AGENT1,0,SCN-05-CASHOUT-0062-W1,0.0,-1,0,no_movement
SCN-05-CASHOUT-0062,rapid_cashout,train,SCN-05-CASHOUT-0062-NORMAL_A,0,SCN-05-CASHOUT-0062-W1,0.0,-1,0,no_movement
SCN-05-CASHOUT-0062,rapid_cashout,train,SCN-05-CASHOUT-0062-NORMAL_B,0,SCN-05-CASHOUT-0062-W1,0.0,-1,0,no_movement
SCN-05-CASHOUT-0062,rapid_cashout,train,SCN-05-CASHOUT-0062-NORMAL_C,0,SCN-05-CASHOUT-0062-W1,0.0,-1,0,no_movement
SCN-05-CASHOUT-0063,rapid_cashout,train,SCN-05-CASHOUT-0063-VICTIM,0,SCN-05-CASHOUT-0063-W1,0.0,-1,0,no_movement
SCN-05-CASHOUT-0063,rapid_cashout,train,SCN-05-CASHOUT-0063-W1,1,SCN-05-CASHOUT-0063-W1,31118.0,0,1,cashout
SCN-05-CASHOUT-0063,rapid_cashout,train,SCN-05-CASHOUT-0063-AGENT1,0,SCN-05-CASHOUT-0063-W1,0.0,-1,0,no_movement
SCN-05-CASHOUT-0063,rapid_cashout,train,SCN-05-CASHOUT-0063-NORMAL_A,0,SCN-05-CASHOUT-0063-W1,0.0,-1,0,no_movement
SCN-05-CASHOUT-0063,rapid_cashout,train,SCN-05-CASHOUT-0063-NORMAL_B,0,SCN-05-CASHOUT-0063-W1,0.0,-1,0,no_movement
SCN-05-CASHOUT-0063,rapid_cashout,train,SCN-05-CASHOUT-0063-NORMAL_C,0,SCN-05-CASHOUT-0063-W1,0.0,-1,0,no_movement
SCN-05-CASHOUT-0064,rapid_cashout,train,SCN-05-CASHOUT-0064-VICTIM,0,SCN-05-CASHOUT-0064-W1,0.0,-1,0,no_movement
SCN-05-CASHOUT-0064,rapid_cashout,train,SCN-05-CASHOUT-0064-W1,1,SCN-05-CASHOUT-0064-W1,25030.0,0,1,cashout
SCN-05-CASHOUT-0064,rapid_cashout,train,SCN-05-CASHOUT-0064-AGENT1,0,SCN-05-CASHOUT-0064-W1,0.0,-1,0,no_movement
SCN-05-CASHOUT-0064,rapid_cashout,train,SCN-05-CASHOUT-0064-NORMAL_A,0,SCN-05-CASHOUT-0064-W1,0.0,-1,0,no_movement
SCN-05-CASHOUT-0064,rapid_cashout,train,SCN-05-CASHOUT-0064-NORMAL_B,0,SCN-05-CASHOUT-0064-W1,0.0,-1,0,no_movement
SCN-05-CASHOUT-0064,rapid_cashout,train,SCN-05-CASHOUT-0064-NORMAL_C,0,SCN-05-CASHOUT-0064-W1,0.0,-1,0,no_movement
SCN-05-CASHOUT-0065,rapid_cashout,train,SCN-05-CASHOUT-0065-VICTIM,0,SCN-05-CASHOUT-0065-W1,0.0,-1,0,no_movement
SCN-05-CASHOUT-0065,rapid_cashout,train,SCN-05-CASHOUT-0065-W1,1,SCN-05-CASHOUT-0065-W1,28482.0,0,1,cashout
SCN-05-CASHOUT-0065,rapid_cashout,train,SCN-05-CASHOUT-0065-AGENT1,0,SCN-05-CASHOUT-0065-W1,0.0,-1,0,no_movement
SCN-05-CASHOUT-0065,rapid_cashout,train,SCN-05-CASHOUT-0065-NORMAL_A,0,SCN-05-CASHOUT-0065-W1,0.0,-1,0,no_movement
SCN-05-CASHOUT-0065,rapid_cashout,train,SCN-05-CASHOUT-0065-NORMAL_B,0,SCN-05-CASHOUT-0065-W1,0.0,-1,0,no_movement
SCN-05-CASHOUT-0065,rapid_cashout,train,SCN-05-CASHOUT-0065-NORMAL_C,0,SCN-05-CASHOUT-0065-W1,0.0,-1,0,no_movement
SCN-05-CASHOUT-0066,rapid_cashout,validation,SCN-05-CASHOUT-0066-VICTIM,0,SCN-05-CASHOUT-0066-W1,0.0,-1,0,no_movement
SCN-05-CASHOUT-0066,rapid_cashout,validation,SCN-05-CASHOUT-0066-W1,1,SCN-05-CASHOUT-0066-W1,30925.0,0,1,cashout
SCN-05-CASHOUT-0066,rapid_cashout,validation,SCN-05-CASHOUT-0066-AGENT1,0,SCN-05-CASHOUT-0066-W1,0.0,-1,0,no_movement
SCN-05-CASHOUT-0066,rapid_cashout,validation,SCN-05-CASHOUT-0066-NORMAL_A,0,SCN-05-CASHOUT-0066-W1,0.0,-1,0,no_movement
SCN-05-CASHOUT-0066,rapid_cashout,validation,SCN-05-CASHOUT-0066-NORMAL_B,0,SCN-05-CASHOUT-0066-W1,0.0,-1,0,no_movement
SCN-05-CASHOUT-0066,rapid_cashout,validation,SCN-05-CASHOUT-0066-NORMAL_C,0,SCN-05-CASHOUT-0066-W1,0.0,-1,0,no_movement
SCN-05-CASHOUT-0067,rapid_cashout,train,SCN-05-CASHOUT-0067-VICTIM,0,SCN-05-CASHOUT-0067-W1,0.0,-1,0,no_movement
SCN-05-CASHOUT-0067,rapid_cashout,train,SCN-05-CASHOUT-0067-W1,1,SCN-05-CASHOUT-0067-W1,19449.0,0,1,cashout
SCN-05-CASHOUT-0067,rapid_cashout,train,SCN-05-CASHOUT-0067-AGENT1,0,SCN-05-CASHOUT-0067-W1,0.0,-1,0,no_movement
SCN-05-CASHOUT-0067,rapid_cashout,train,SCN-05-CASHOUT-0067-NORMAL_A,0,SCN-05-CASHOUT-0067-W1,0.0,-1,0,no_movement
SCN-05-CASHOUT-0067,rapid_cashout,train,SCN-05-CASHOUT-0067-NORMAL_B,0,SCN-05-CASHOUT-0067-W1,0.0,-1,0,no_movement
SCN-05-CASHOUT-0067,rapid_cashout,train,SCN-05-CASHOUT-0067-NORMAL_C,0,SCN-05-CASHOUT-0067-W1,0.0,-1,0,no_movement
SCN-05-CASHOUT-0068,rapid_cashout,train,SCN-05-CASHOUT-0068-VICTIM,0,SCN-05-CASHOUT-0068-W1,0.0,-1,0,no_movement
SCN-05-CASHOUT-0068,rapid_cashout,train,SCN-05-CASHOUT-0068-W1,1,SCN-05-CASHOUT-0068-W1,29240.0,0,1,cashout
SCN-05-CASHOUT-0068,rapid_cashout,train,SCN-05-CASHOUT-0068-AGENT1,0,SCN-05-CASHOUT-0068-W1,0.0,-1,0,no_movement
SCN-05-CASHOUT-0068,rapid_cashout,train,SCN-05-CASHOUT-0068-NORMAL_A,0,SCN-05-CASHOUT-0068-W1,0.0,-1,0,no_movement
SCN-05-CASHOUT-0068,rapid_cashout,train,SCN-05-CASHOUT-0068-NORMAL_B,0,SCN-05-CASHOUT-0068-W1,0.0,-1,0,no_movement
SCN-05-CASHOUT-0068,rapid_cashout,train,SCN-05-CASHOUT-0068-NORMAL_C,0,SCN-05-CASHOUT-0068-W1,0.0,-1,0,no_movement
SCN-05-CASHOUT-0069,rapid_cashout,train,SCN-05-CASHOUT-0069-VICTIM,0,SCN-05-CASHOUT-0069-W1,0.0,-1,0,no_movement
SCN-05-CASHOUT-0069,rapid_cashout,train,SCN-05-CASHOUT-0069-W1,1,SCN-05-CASHOUT-0069-W1,30175.0,0,1,cashout
SCN-05-CASHOUT-0069,rapid_cashout,train,SCN-05-CASHOUT-0069-AGENT1,0,SCN-05-CASHOUT-0069-W1,0.0,-1,0,no_movement
SCN-05-CASHOUT-0069,rapid_cashout,train,SCN-05-CASHOUT-0069-NORMAL_A,0,SCN-05-CASHOUT-0069-W1,0.0,-1,0,no_movement
SCN-05-CASHOUT-0069,rapid_cashout,train,SCN-05-CASHOUT-0069-NORMAL_B,0,SCN-05-CASHOUT-0069-W1,0.0,-1,0,no_movement
SCN-05-CASHOUT-0069,rapid_cashout,train,SCN-05-CASHOUT-0069-NORMAL_C,0,SCN-05-CASHOUT-0069-W1,0.0,-1,0,no_movement
SCN-05-CASHOUT-0070,rapid_cashout,train,SCN-05-CASHOUT-0070-VICTIM,0,SCN-05-CASHOUT-0070-W1,0.0,-1,0,no_movement
SCN-05-CASHOUT-0070,rapid_cashout,train,SCN-05-CASHOUT-0070-W1,1,SCN-05-CASHOUT-0070-W1,21103.0,0,1,cashout
SCN-05-CASHOUT-0070,rapid_cashout,train,SCN-05-CASHOUT-0070-AGENT1,0,SCN-05-CASHOUT-0070-W1,0.0,-1,0,no_movement
SCN-05-CASHOUT-0070,rapid_cashout,train,SCN-05-CASHOUT-0070-NORMAL_A,0,SCN-05-CASHOUT-0070-W1,0.0,-1,0,no_movement
SCN-05-CASHOUT-0070,rapid_cashout,train,SCN-05-CASHOUT-0070-NORMAL_B,0,SCN-05-CASHOUT-0070-W1,0.0,-1,0,no_movement
SCN-05-CASHOUT-0070,rapid_cashout,train,SCN-05-CASHOUT-0070-NORMAL_C,0,SCN-05-CASHOUT-0070-W1,0.0,-1,0,no_movement
SCN-05-CASHOUT-0071,rapid_cashout,test,SCN-05-CASHOUT-0071-VICTIM,0,SCN-05-CASHOUT-0071-W1,0.0,-1,0,no_movement
SCN-05-CASHOUT-0071,rapid_cashout,test,SCN-05-CASHOUT-0071-W1,1,SCN-05-CASHOUT-0071-W1,19878.0,0,1,cashout
SCN-05-CASHOUT-0071,rapid_cashout,test,SCN-05-CASHOUT-0071-AGENT1,0,SCN-05-CASHOUT-0071-W1,0.0,-1,0,no_movement
SCN-05-CASHOUT-0071,rapid_cashout,test,SCN-05-CASHOUT-0071-NORMAL_A,0,SCN-05-CASHOUT-0071-W1,0.0,-1,0,no_movement
SCN-05-CASHOUT-0071,rapid_cashout,test,SCN-05-CASHOUT-0071-NORMAL_B,0,SCN-05-CASHOUT-0071-W1,0.0,-1,0,no_movement
SCN-05-CASHOUT-0071,rapid_cashout,test,SCN-05-CASHOUT-0071-NORMAL_C,0,SCN-05-CASHOUT-0071-W1,0.0,-1,0,no_movement
SCN-05-CASHOUT-0072,rapid_cashout,train,SCN-05-CASHOUT-0072-VICTIM,0,SCN-05-CASHOUT-0072-W1,0.0,-1,0,no_movement
SCN-05-CASHOUT-0072,rapid_cashout,train,SCN-05-CASHOUT-0072-W1,1,SCN-05-CASHOUT-0072-W1,21268.0,0,1,cashout
SCN-05-CASHOUT-0072,rapid_cashout,train,SCN-05-CASHOUT-0072-AGENT1,0,SCN-05-CASHOUT-0072-W1,0.0,-1,0,no_movement
SCN-05-CASHOUT-0072,rapid_cashout,train,SCN-05-CASHOUT-0072-NORMAL_A,0,SCN-05-CASHOUT-0072-W1,0.0,-1,0,no_movement
SCN-05-CASHOUT-0072,rapid_cashout,train,SCN-05-CASHOUT-0072-NORMAL_B,0,SCN-05-CASHOUT-0072-W1,0.0,-1,0,no_movement
SCN-05-CASHOUT-0072,rapid_cashout,train,SCN-05-CASHOUT-0072-NORMAL_C,0,SCN-05-CASHOUT-0072-W1,0.0,-1,0,no_movement
SCN-05-CASHOUT-0073,rapid_cashout,train,SCN-05-CASHOUT-0073-VICTIM,0,SCN-05-CASHOUT-0073-W1,0.0,-1,0,no_movement
SCN-05-CASHOUT-0073,rapid_cashout,train,SCN-05-CASHOUT-0073-W1,1,SCN-05-CASHOUT-0073-W1,19024.0,0,1,cashout
SCN-05-CASHOUT-0073,rapid_cashout,train,SCN-05-CASHOUT-0073-AGENT1,0,SCN-05-CASHOUT-0073-W1,0.0,-1,0,no_movement
SCN-05-CASHOUT-0073,rapid_cashout,train,SCN-05-CASHOUT-0073-NORMAL_A,0,SCN-05-CASHOUT-0073-W1,0.0,-1,0,no_movement
SCN-05-CASHOUT-0073,rapid_cashout,train,SCN-05-CASHOUT-0073-NORMAL_B,0,SCN-05-CASHOUT-0073-W1,0.0,-1,0,no_movement
SCN-05-CASHOUT-0073,rapid_cashout,train,SCN-05-CASHOUT-0073-NORMAL_C,0,SCN-05-CASHOUT-0073-W1,0.0,-1,0,no_movement
SCN-05-CASHOUT-0074,rapid_cashout,validation,SCN-05-CASHOUT-0074-VICTIM,0,SCN-05-CASHOUT-0074-W1,0.0,-1,0,no_movement
SCN-05-CASHOUT-0074,rapid_cashout,validation,SCN-05-CASHOUT-0074-W1,1,SCN-05-CASHOUT-0074-W1,30757.0,0,1,cashout
SCN-05-CASHOUT-0074,rapid_cashout,validation,SCN-05-CASHOUT-0074-AGENT1,0,SCN-05-CASHOUT-0074-W1,0.0,-1,0,no_movement
SCN-05-CASHOUT-0074,rapid_cashout,validation,SCN-05-CASHOUT-0074-NORMAL_A,0,SCN-05-CASHOUT-0074-W1,0.0,-1,0,no_movement
SCN-05-CASHOUT-0074,rapid_cashout,validation,SCN-05-CASHOUT-0074-NORMAL_B,0,SCN-05-CASHOUT-0074-W1,0.0,-1,0,no_movement
SCN-05-CASHOUT-0074,rapid_cashout,validation,SCN-05-CASHOUT-0074-NORMAL_C,0,SCN-05-CASHOUT-0074-W1,0.0,-1,0,no_movement
SCN-05-CASHOUT-0075,rapid_cashout,train,SCN-05-CASHOUT-0075-VICTIM,0,SCN-05-CASHOUT-0075-W1,0.0,-1,0,no_movement
SCN-05-CASHOUT-0075,rapid_cashout,train,SCN-05-CASHOUT-0075-W1,1,SCN-05-CASHOUT-0075-W1,20456.0,0,1,cashout
SCN-05-CASHOUT-0075,rapid_cashout,train,SCN-05-CASHOUT-0075-AGENT1,0,SCN-05-CASHOUT-0075-W1,0.0,-1,0,no_movement
SCN-05-CASHOUT-0075,rapid_cashout,train,SCN-05-CASHOUT-0075-NORMAL_A,0,SCN-05-CASHOUT-0075-W1,0.0,-1,0,no_movement
SCN-05-CASHOUT-0075,rapid_cashout,train,SCN-05-CASHOUT-0075-NORMAL_B,0,SCN-05-CASHOUT-0075-W1,0.0,-1,0,no_movement
SCN-05-CASHOUT-0075,rapid_cashout,train,SCN-05-CASHOUT-0075-NORMAL_C,0,SCN-05-CASHOUT-0075-W1,0.0,-1,0,no_movement
SCN-05-CASHOUT-0076,rapid_cashout,validation,SCN-05-CASHOUT-0076-VICTIM,0,SCN-05-CASHOUT-0076-W1,0.0,-1,0,no_movement
SCN-05-CASHOUT-0076,rapid_cashout,validation,SCN-05-CASHOUT-0076-W1,1,SCN-05-CASHOUT-0076-W1,20928.0,0,1,cashout
SCN-05-CASHOUT-0076,rapid_cashout,validation,SCN-05-CASHOUT-0076-AGENT1,0,SCN-05-CASHOUT-0076-W1,0.0,-1,0,no_movement
SCN-05-CASHOUT-0076,rapid_cashout,validation,SCN-05-CASHOUT-0076-NORMAL_A,0,SCN-05-CASHOUT-0076-W1,0.0,-1,0,no_movement
SCN-05-CASHOUT-0076,rapid_cashout,validation,SCN-05-CASHOUT-0076-NORMAL_B,0,SCN-05-CASHOUT-0076-W1,0.0,-1,0,no_movement
SCN-05-CASHOUT-0076,rapid_cashout,validation,SCN-05-CASHOUT-0076-NORMAL_C,0,SCN-05-CASHOUT-0076-W1,0.0,-1,0,no_movement
SCN-05-CASHOUT-0077,rapid_cashout,test,SCN-05-CASHOUT-0077-VICTIM,0,SCN-05-CASHOUT-0077-W1,0.0,-1,0,no_movement
SCN-05-CASHOUT-0077,rapid_cashout,test,SCN-05-CASHOUT-0077-W1,1,SCN-05-CASHOUT-0077-W1,26112.0,0,1,cashout
SCN-05-CASHOUT-0077,rapid_cashout,test,SCN-05-CASHOUT-0077-AGENT1,0,SCN-05-CASHOUT-0077-W1,0.0,-1,0,no_movement
SCN-05-CASHOUT-0077,rapid_cashout,test,SCN-05-CASHOUT-0077-NORMAL_A,0,SCN-05-CASHOUT-0077-W1,0.0,-1,0,no_movement
SCN-05-CASHOUT-0077,rapid_cashout,test,SCN-05-CASHOUT-0077-NORMAL_B,0,SCN-05-CASHOUT-0077-W1,0.0,-1,0,no_movement
SCN-05-CASHOUT-0077,rapid_cashout,test,SCN-05-CASHOUT-0077-NORMAL_C,0,SCN-05-CASHOUT-0077-W1,0.0,-1,0,no_movement
SCN-05-CASHOUT-0078,rapid_cashout,train,SCN-05-CASHOUT-0078-VICTIM,0,SCN-05-CASHOUT-0078-W1,0.0,-1,0,no_movement
SCN-05-CASHOUT-0078,rapid_cashout,train,SCN-05-CASHOUT-0078-W1,1,SCN-05-CASHOUT-0078-W1,30610.0,0,1,cashout
SCN-05-CASHOUT-0078,rapid_cashout,train,SCN-05-CASHOUT-0078-AGENT1,0,SCN-05-CASHOUT-0078-W1,0.0,-1,0,no_movement
SCN-05-CASHOUT-0078,rapid_cashout,train,SCN-05-CASHOUT-0078-NORMAL_A,0,SCN-05-CASHOUT-0078-W1,0.0,-1,0,no_movement
SCN-05-CASHOUT-0078,rapid_cashout,train,SCN-05-CASHOUT-0078-NORMAL_B,0,SCN-05-CASHOUT-0078-W1,0.0,-1,0,no_movement
SCN-05-CASHOUT-0078,rapid_cashout,train,SCN-05-CASHOUT-0078-NORMAL_C,0,SCN-05-CASHOUT-0078-W1,0.0,-1,0,no_movement
SCN-05-CASHOUT-0079,rapid_cashout,train,SCN-05-CASHOUT-0079-VICTIM,0,SCN-05-CASHOUT-0079-W1,0.0,-1,0,no_movement
SCN-05-CASHOUT-0079,rapid_cashout,train,SCN-05-CASHOUT-0079-W1,1,SCN-05-CASHOUT-0079-W1,26280.0,0,1,cashout
SCN-05-CASHOUT-0079,rapid_cashout,train,SCN-05-CASHOUT-0079-AGENT1,0,SCN-05-CASHOUT-0079-W1,0.0,-1,0,no_movement
SCN-05-CASHOUT-0079,rapid_cashout,train,SCN-05-CASHOUT-0079-NORMAL_A,0,SCN-05-CASHOUT-0079-W1,0.0,-1,0,no_movement
SCN-05-CASHOUT-0079,rapid_cashout,train,SCN-05-CASHOUT-0079-NORMAL_B,0,SCN-05-CASHOUT-0079-W1,0.0,-1,0,no_movement
SCN-05-CASHOUT-0079,rapid_cashout,train,SCN-05-CASHOUT-0079-NORMAL_C,0,SCN-05-CASHOUT-0079-W1,0.0,-1,0,no_movement
SCN-05-CASHOUT-0080,rapid_cashout,test,SCN-05-CASHOUT-0080-VICTIM,0,SCN-05-CASHOUT-0080-W1,0.0,-1,0,no_movement
SCN-05-CASHOUT-0080,rapid_cashout,test,SCN-05-CASHOUT-0080-W1,1,SCN-05-CASHOUT-0080-W1,20508.0,0,1,cashout
SCN-05-CASHOUT-0080,rapid_cashout,test,SCN-05-CASHOUT-0080-AGENT1,0,SCN-05-CASHOUT-0080-W1,0.0,-1,0,no_movement
SCN-05-CASHOUT-0080,rapid_cashout,test,SCN-05-CASHOUT-0080-NORMAL_A,0,SCN-05-CASHOUT-0080-W1,0.0,-1,0,no_movement
SCN-05-CASHOUT-0080,rapid_cashout,test,SCN-05-CASHOUT-0080-NORMAL_B,0,SCN-05-CASHOUT-0080-W1,0.0,-1,0,no_movement
SCN-05-CASHOUT-0080,rapid_cashout,test,SCN-05-CASHOUT-0080-NORMAL_C,0,SCN-05-CASHOUT-0080-W1,0.0,-1,0,no_movement
SCN-05-CASHOUT-0081,rapid_cashout,validation,SCN-05-CASHOUT-0081-VICTIM,0,SCN-05-CASHOUT-0081-W1,0.0,-1,0,no_movement
SCN-05-CASHOUT-0081,rapid_cashout,validation,SCN-05-CASHOUT-0081-W1,1,SCN-05-CASHOUT-0081-W1,19859.0,0,1,cashout
SCN-05-CASHOUT-0081,rapid_cashout,validation,SCN-05-CASHOUT-0081-AGENT1,0,SCN-05-CASHOUT-0081-W1,0.0,-1,0,no_movement
SCN-05-CASHOUT-0081,rapid_cashout,validation,SCN-05-CASHOUT-0081-NORMAL_A,0,SCN-05-CASHOUT-0081-W1,0.0,-1,0,no_movement
SCN-05-CASHOUT-0081,rapid_cashout,validation,SCN-05-CASHOUT-0081-NORMAL_B,0,SCN-05-CASHOUT-0081-W1,0.0,-1,0,no_movement
SCN-05-CASHOUT-0081,rapid_cashout,validation,SCN-05-CASHOUT-0081-NORMAL_C,0,SCN-05-CASHOUT-0081-W1,0.0,-1,0,no_movement
SCN-05-CASHOUT-0082,rapid_cashout,train,SCN-05-CASHOUT-0082-VICTIM,0,SCN-05-CASHOUT-0082-W1,0.0,-1,0,no_movement
SCN-05-CASHOUT-0082,rapid_cashout,train,SCN-05-CASHOUT-0082-W1,1,SCN-05-CASHOUT-0082-W1,21869.0,0,1,cashout
SCN-05-CASHOUT-0082,rapid_cashout,train,SCN-05-CASHOUT-0082-AGENT1,0,SCN-05-CASHOUT-0082-W1,0.0,-1,0,no_movement
SCN-05-CASHOUT-0082,rapid_cashout,train,SCN-05-CASHOUT-0082-NORMAL_A,0,SCN-05-CASHOUT-0082-W1,0.0,-1,0,no_movement
SCN-05-CASHOUT-0082,rapid_cashout,train,SCN-05-CASHOUT-0082-NORMAL_B,0,SCN-05-CASHOUT-0082-W1,0.0,-1,0,no_movement
SCN-05-CASHOUT-0082,rapid_cashout,train,SCN-05-CASHOUT-0082-NORMAL_C,0,SCN-05-CASHOUT-0082-W1,0.0,-1,0,no_movement
SCN-05-CASHOUT-0083,rapid_cashout,test,SCN-05-CASHOUT-0083-VICTIM,0,SCN-05-CASHOUT-0083-W1,0.0,-1,0,no_movement
SCN-05-CASHOUT-0083,rapid_cashout,test,SCN-05-CASHOUT-0083-W1,1,SCN-05-CASHOUT-0083-W1,27907.0,0,1,cashout
SCN-05-CASHOUT-0083,rapid_cashout,test,SCN-05-CASHOUT-0083-AGENT1,0,SCN-05-CASHOUT-0083-W1,0.0,-1,0,no_movement
SCN-05-CASHOUT-0083,rapid_cashout,test,SCN-05-CASHOUT-0083-NORMAL_A,0,SCN-05-CASHOUT-0083-W1,0.0,-1,0,no_movement
SCN-05-CASHOUT-0083,rapid_cashout,test,SCN-05-CASHOUT-0083-NORMAL_B,0,SCN-05-CASHOUT-0083-W1,0.0,-1,0,no_movement
SCN-05-CASHOUT-0083,rapid_cashout,test,SCN-05-CASHOUT-0083-NORMAL_C,0,SCN-05-CASHOUT-0083-W1,0.0,-1,0,no_movement
SCN-05-CASHOUT-0084,rapid_cashout,test,SCN-05-CASHOUT-0084-VICTIM,0,SCN-05-CASHOUT-0084-W1,0.0,-1,0,no_movement
SCN-05-CASHOUT-0084,rapid_cashout,test,SCN-05-CASHOUT-0084-W1,1,SCN-05-CASHOUT-0084-W1,20018.0,0,1,cashout
SCN-05-CASHOUT-0084,rapid_cashout,test,SCN-05-CASHOUT-0084-AGENT1,0,SCN-05-CASHOUT-0084-W1,0.0,-1,0,no_movement
SCN-05-CASHOUT-0084,rapid_cashout,test,SCN-05-CASHOUT-0084-NORMAL_A,0,SCN-05-CASHOUT-0084-W1,0.0,-1,0,no_movement
SCN-05-CASHOUT-0084,rapid_cashout,test,SCN-05-CASHOUT-0084-NORMAL_B,0,SCN-05-CASHOUT-0084-W1,0.0,-1,0,no_movement
SCN-05-CASHOUT-0084,rapid_cashout,test,SCN-05-CASHOUT-0084-NORMAL_C,0,SCN-05-CASHOUT-0084-W1,0.0,-1,0,no_movement
SCN-05-CASHOUT-0085,rapid_cashout,train,SCN-05-CASHOUT-0085-VICTIM,0,SCN-05-CASHOUT-0085-W1,0.0,-1,0,no_movement
SCN-05-CASHOUT-0085,rapid_cashout,train,SCN-05-CASHOUT-0085-W1,1,SCN-05-CASHOUT-0085-W1,19671.0,0,1,cashout
SCN-05-CASHOUT-0085,rapid_cashout,train,SCN-05-CASHOUT-0085-AGENT1,0,SCN-05-CASHOUT-0085-W1,0.0,-1,0,no_movement
SCN-05-CASHOUT-0085,rapid_cashout,train,SCN-05-CASHOUT-0085-NORMAL_A,0,SCN-05-CASHOUT-0085-W1,0.0,-1,0,no_movement
SCN-05-CASHOUT-0085,rapid_cashout,train,SCN-05-CASHOUT-0085-NORMAL_B,0,SCN-05-CASHOUT-0085-W1,0.0,-1,0,no_movement
SCN-05-CASHOUT-0085,rapid_cashout,train,SCN-05-CASHOUT-0085-NORMAL_C,0,SCN-05-CASHOUT-0085-W1,0.0,-1,0,no_movement
SCN-05-CASHOUT-0086,rapid_cashout,train,SCN-05-CASHOUT-0086-VICTIM,0,SCN-05-CASHOUT-0086-W1,0.0,-1,0,no_movement
SCN-05-CASHOUT-0086,rapid_cashout,train,SCN-05-CASHOUT-0086-W1,1,SCN-05-CASHOUT-0086-W1,20876.0,0,1,cashout
SCN-05-CASHOUT-0086,rapid_cashout,train,SCN-05-CASHOUT-0086-AGENT1,0,SCN-05-CASHOUT-0086-W1,0.0,-1,0,no_movement
SCN-05-CASHOUT-0086,rapid_cashout,train,SCN-05-CASHOUT-0086-NORMAL_A,0,SCN-05-CASHOUT-0086-W1,0.0,-1,0,no_movement
SCN-05-CASHOUT-0086,rapid_cashout,train,SCN-05-CASHOUT-0086-NORMAL_B,0,SCN-05-CASHOUT-0086-W1,0.0,-1,0,no_movement
SCN-05-CASHOUT-0086,rapid_cashout,train,SCN-05-CASHOUT-0086-NORMAL_C,0,SCN-05-CASHOUT-0086-W1,0.0,-1,0,no_movement
SCN-05-CASHOUT-0087,rapid_cashout,train,SCN-05-CASHOUT-0087-VICTIM,0,SCN-05-CASHOUT-0087-W1,0.0,-1,0,no_movement
SCN-05-CASHOUT-0087,rapid_cashout,train,SCN-05-CASHOUT-0087-W1,1,SCN-05-CASHOUT-0087-W1,26175.0,0,1,cashout
SCN-05-CASHOUT-0087,rapid_cashout,train,SCN-05-CASHOUT-0087-AGENT1,0,SCN-05-CASHOUT-0087-W1,0.0,-1,0,no_movement
SCN-05-CASHOUT-0087,rapid_cashout,train,SCN-05-CASHOUT-0087-NORMAL_A,0,SCN-05-CASHOUT-0087-W1,0.0,-1,0,no_movement
SCN-05-CASHOUT-0087,rapid_cashout,train,SCN-05-CASHOUT-0087-NORMAL_B,0,SCN-05-CASHOUT-0087-W1,0.0,-1,0,no_movement
SCN-05-CASHOUT-0087,rapid_cashout,train,SCN-05-CASHOUT-0087-NORMAL_C,0,SCN-05-CASHOUT-0087-W1,0.0,-1,0,no_movement
SCN-05-CASHOUT-0088,rapid_cashout,train,SCN-05-CASHOUT-0088-VICTIM,0,SCN-05-CASHOUT-0088-W1,0.0,-1,0,no_movement
SCN-05-CASHOUT-0088,rapid_cashout,train,SCN-05-CASHOUT-0088-W1,1,SCN-05-CASHOUT-0088-W1,29872.0,0,1,cashout
SCN-05-CASHOUT-0088,rapid_cashout,train,SCN-05-CASHOUT-0088-AGENT1,0,SCN-05-CASHOUT-0088-W1,0.0,-1,0,no_movement
SCN-05-CASHOUT-0088,rapid_cashout,train,SCN-05-CASHOUT-0088-NORMAL_A,0,SCN-05-CASHOUT-0088-W1,0.0,-1,0,no_movement
SCN-05-CASHOUT-0088,rapid_cashout,train,SCN-05-CASHOUT-0088-NORMAL_B,0,SCN-05-CASHOUT-0088-W1,0.0,-1,0,no_movement
SCN-05-CASHOUT-0088,rapid_cashout,train,SCN-05-CASHOUT-0088-NORMAL_C,0,SCN-05-CASHOUT-0088-W1,0.0,-1,0,no_movement
SCN-05-CASHOUT-0089,rapid_cashout,train,SCN-05-CASHOUT-0089-VICTIM,0,SCN-05-CASHOUT-0089-W1,0.0,-1,0,no_movement
SCN-05-CASHOUT-0089,rapid_cashout,train,SCN-05-CASHOUT-0089-W1,1,SCN-05-CASHOUT-0089-W1,27775.0,0,1,cashout
SCN-05-CASHOUT-0089,rapid_cashout,train,SCN-05-CASHOUT-0089-AGENT1,0,SCN-05-CASHOUT-0089-W1,0.0,-1,0,no_movement
SCN-05-CASHOUT-0089,rapid_cashout,train,SCN-05-CASHOUT-0089-NORMAL_A,0,SCN-05-CASHOUT-0089-W1,0.0,-1,0,no_movement
SCN-05-CASHOUT-0089,rapid_cashout,train,SCN-05-CASHOUT-0089-NORMAL_B,0,SCN-05-CASHOUT-0089-W1,0.0,-1,0,no_movement
SCN-05-CASHOUT-0089,rapid_cashout,train,SCN-05-CASHOUT-0089-NORMAL_C,0,SCN-05-CASHOUT-0089-W1,0.0,-1,0,no_movement
SCN-05-CASHOUT-0090,rapid_cashout,validation,SCN-05-CASHOUT-0090-VICTIM,0,SCN-05-CASHOUT-0090-W1,0.0,-1,0,no_movement
SCN-05-CASHOUT-0090,rapid_cashout,validation,SCN-05-CASHOUT-0090-W1,1,SCN-05-CASHOUT-0090-W1,25897.0,0,1,cashout
SCN-05-CASHOUT-0090,rapid_cashout,validation,SCN-05-CASHOUT-0090-AGENT1,0,SCN-05-CASHOUT-0090-W1,0.0,-1,0,no_movement
SCN-05-CASHOUT-0090,rapid_cashout,validation,SCN-05-CASHOUT-0090-NORMAL_A,0,SCN-05-CASHOUT-0090-W1,0.0,-1,0,no_movement
SCN-05-CASHOUT-0090,rapid_cashout,validation,SCN-05-CASHOUT-0090-NORMAL_B,0,SCN-05-CASHOUT-0090-W1,0.0,-1,0,no_movement
SCN-05-CASHOUT-0090,rapid_cashout,validation,SCN-05-CASHOUT-0090-NORMAL_C,0,SCN-05-CASHOUT-0090-W1,0.0,-1,0,no_movement
SCN-05-CASHOUT-0091,rapid_cashout,train,SCN-05-CASHOUT-0091-VICTIM,0,SCN-05-CASHOUT-0091-W1,0.0,-1,0,no_movement
SCN-05-CASHOUT-0091,rapid_cashout,train,SCN-05-CASHOUT-0091-W1,1,SCN-05-CASHOUT-0091-W1,27025.0,0,1,cashout
SCN-05-CASHOUT-0091,rapid_cashout,train,SCN-05-CASHOUT-0091-AGENT1,0,SCN-05-CASHOUT-0091-W1,0.0,-1,0,no_movement
SCN-05-CASHOUT-0091,rapid_cashout,train,SCN-05-CASHOUT-0091-NORMAL_A,0,SCN-05-CASHOUT-0091-W1,0.0,-1,0,no_movement
SCN-05-CASHOUT-0091,rapid_cashout,train,SCN-05-CASHOUT-0091-NORMAL_B,0,SCN-05-CASHOUT-0091-W1,0.0,-1,0,no_movement
SCN-05-CASHOUT-0091,rapid_cashout,train,SCN-05-CASHOUT-0091-NORMAL_C,0,SCN-05-CASHOUT-0091-W1,0.0,-1,0,no_movement
SCN-05-CASHOUT-0092,rapid_cashout,train,SCN-05-CASHOUT-0092-VICTIM,0,SCN-05-CASHOUT-0092-W1,0.0,-1,0,no_movement
SCN-05-CASHOUT-0092,rapid_cashout,train,SCN-05-CASHOUT-0092-W1,1,SCN-05-CASHOUT-0092-W1,19774.0,0,1,cashout
SCN-05-CASHOUT-0092,rapid_cashout,train,SCN-05-CASHOUT-0092-AGENT1,0,SCN-05-CASHOUT-0092-W1,0.0,-1,0,no_movement
SCN-05-CASHOUT-0092,rapid_cashout,train,SCN-05-CASHOUT-0092-NORMAL_A,0,SCN-05-CASHOUT-0092-W1,0.0,-1,0,no_movement
SCN-05-CASHOUT-0092,rapid_cashout,train,SCN-05-CASHOUT-0092-NORMAL_B,0,SCN-05-CASHOUT-0092-W1,0.0,-1,0,no_movement
SCN-05-CASHOUT-0092,rapid_cashout,train,SCN-05-CASHOUT-0092-NORMAL_C,0,SCN-05-CASHOUT-0092-W1,0.0,-1,0,no_movement
SCN-05-CASHOUT-0093,rapid_cashout,train,SCN-05-CASHOUT-0093-VICTIM,0,SCN-05-CASHOUT-0093-W1,0.0,-1,0,no_movement
SCN-05-CASHOUT-0093,rapid_cashout,train,SCN-05-CASHOUT-0093-W1,1,SCN-05-CASHOUT-0093-W1,19889.0,0,1,cashout
SCN-05-CASHOUT-0093,rapid_cashout,train,SCN-05-CASHOUT-0093-AGENT1,0,SCN-05-CASHOUT-0093-W1,0.0,-1,0,no_movement
SCN-05-CASHOUT-0093,rapid_cashout,train,SCN-05-CASHOUT-0093-NORMAL_A,0,SCN-05-CASHOUT-0093-W1,0.0,-1,0,no_movement
SCN-05-CASHOUT-0093,rapid_cashout,train,SCN-05-CASHOUT-0093-NORMAL_B,0,SCN-05-CASHOUT-0093-W1,0.0,-1,0,no_movement
SCN-05-CASHOUT-0093,rapid_cashout,train,SCN-05-CASHOUT-0093-NORMAL_C,0,SCN-05-CASHOUT-0093-W1,0.0,-1,0,no_movement
SCN-05-CASHOUT-0094,rapid_cashout,test,SCN-05-CASHOUT-0094-VICTIM,0,SCN-05-CASHOUT-0094-W1,0.0,-1,0,no_movement
SCN-05-CASHOUT-0094,rapid_cashout,test,SCN-05-CASHOUT-0094-W1,1,SCN-05-CASHOUT-0094-W1,22041.0,0,1,cashout
SCN-05-CASHOUT-0094,rapid_cashout,test,SCN-05-CASHOUT-0094-AGENT1,0,SCN-05-CASHOUT-0094-W1,0.0,-1,0,no_movement
SCN-05-CASHOUT-0094,rapid_cashout,test,SCN-05-CASHOUT-0094-NORMAL_A,0,SCN-05-CASHOUT-0094-W1,0.0,-1,0,no_movement
SCN-05-CASHOUT-0094,rapid_cashout,test,SCN-05-CASHOUT-0094-NORMAL_B,0,SCN-05-CASHOUT-0094-W1,0.0,-1,0,no_movement
SCN-05-CASHOUT-0094,rapid_cashout,test,SCN-05-CASHOUT-0094-NORMAL_C,0,SCN-05-CASHOUT-0094-W1,0.0,-1,0,no_movement
SCN-05-CASHOUT-0095,rapid_cashout,train,SCN-05-CASHOUT-0095-VICTIM,0,SCN-05-CASHOUT-0095-W1,0.0,-1,0,no_movement
SCN-05-CASHOUT-0095,rapid_cashout,train,SCN-05-CASHOUT-0095-W1,1,SCN-05-CASHOUT-0095-W1,27093.0,0,1,cashout
SCN-05-CASHOUT-0095,rapid_cashout,train,SCN-05-CASHOUT-0095-AGENT1,0,SCN-05-CASHOUT-0095-W1,0.0,-1,0,no_movement
SCN-05-CASHOUT-0095,rapid_cashout,train,SCN-05-CASHOUT-0095-NORMAL_A,0,SCN-05-CASHOUT-0095-W1,0.0,-1,0,no_movement
SCN-05-CASHOUT-0095,rapid_cashout,train,SCN-05-CASHOUT-0095-NORMAL_B,0,SCN-05-CASHOUT-0095-W1,0.0,-1,0,no_movement
SCN-05-CASHOUT-0095,rapid_cashout,train,SCN-05-CASHOUT-0095-NORMAL_C,0,SCN-05-CASHOUT-0095-W1,0.0,-1,0,no_movement
SCN-05-CASHOUT-0096,rapid_cashout,train,SCN-05-CASHOUT-0096-VICTIM,0,SCN-05-CASHOUT-0096-W1,0.0,-1,0,no_movement
SCN-05-CASHOUT-0096,rapid_cashout,train,SCN-05-CASHOUT-0096-W1,1,SCN-05-CASHOUT-0096-W1,25670.0,0,1,cashout
SCN-05-CASHOUT-0096,rapid_cashout,train,SCN-05-CASHOUT-0096-AGENT1,0,SCN-05-CASHOUT-0096-W1,0.0,-1,0,no_movement
SCN-05-CASHOUT-0096,rapid_cashout,train,SCN-05-CASHOUT-0096-NORMAL_A,0,SCN-05-CASHOUT-0096-W1,0.0,-1,0,no_movement
SCN-05-CASHOUT-0096,rapid_cashout,train,SCN-05-CASHOUT-0096-NORMAL_B,0,SCN-05-CASHOUT-0096-W1,0.0,-1,0,no_movement
SCN-05-CASHOUT-0096,rapid_cashout,train,SCN-05-CASHOUT-0096-NORMAL_C,0,SCN-05-CASHOUT-0096-W1,0.0,-1,0,no_movement
SCN-05-CASHOUT-0097,rapid_cashout,train,SCN-05-CASHOUT-0097-VICTIM,0,SCN-05-CASHOUT-0097-W1,0.0,-1,0,no_movement
SCN-05-CASHOUT-0097,rapid_cashout,train,SCN-05-CASHOUT-0097-W1,1,SCN-05-CASHOUT-0097-W1,24685.0,0,1,cashout
SCN-05-CASHOUT-0097,rapid_cashout,train,SCN-05-CASHOUT-0097-AGENT1,0,SCN-05-CASHOUT-0097-W1,0.0,-1,0,no_movement
SCN-05-CASHOUT-0097,rapid_cashout,train,SCN-05-CASHOUT-0097-NORMAL_A,0,SCN-05-CASHOUT-0097-W1,0.0,-1,0,no_movement
SCN-05-CASHOUT-0097,rapid_cashout,train,SCN-05-CASHOUT-0097-NORMAL_B,0,SCN-05-CASHOUT-0097-W1,0.0,-1,0,no_movement
SCN-05-CASHOUT-0097,rapid_cashout,train,SCN-05-CASHOUT-0097-NORMAL_C,0,SCN-05-CASHOUT-0097-W1,0.0,-1,0,no_movement
SCN-05-CASHOUT-0098,rapid_cashout,train,SCN-05-CASHOUT-0098-VICTIM,0,SCN-05-CASHOUT-0098-W1,0.0,-1,0,no_movement
SCN-05-CASHOUT-0098,rapid_cashout,train,SCN-05-CASHOUT-0098-W1,1,SCN-05-CASHOUT-0098-W1,25026.0,0,1,cashout
SCN-05-CASHOUT-0098,rapid_cashout,train,SCN-05-CASHOUT-0098-AGENT1,0,SCN-05-CASHOUT-0098-W1,0.0,-1,0,no_movement
SCN-05-CASHOUT-0098,rapid_cashout,train,SCN-05-CASHOUT-0098-NORMAL_A,0,SCN-05-CASHOUT-0098-W1,0.0,-1,0,no_movement
SCN-05-CASHOUT-0098,rapid_cashout,train,SCN-05-CASHOUT-0098-NORMAL_B,0,SCN-05-CASHOUT-0098-W1,0.0,-1,0,no_movement
SCN-05-CASHOUT-0098,rapid_cashout,train,SCN-05-CASHOUT-0098-NORMAL_C,0,SCN-05-CASHOUT-0098-W1,0.0,-1,0,no_movement
SCN-05-CASHOUT-0099,rapid_cashout,train,SCN-05-CASHOUT-0099-VICTIM,0,SCN-05-CASHOUT-0099-W1,0.0,-1,0,no_movement
SCN-05-CASHOUT-0099,rapid_cashout,train,SCN-05-CASHOUT-0099-W1,1,SCN-05-CASHOUT-0099-W1,28215.0,0,1,cashout
SCN-05-CASHOUT-0099,rapid_cashout,train,SCN-05-CASHOUT-0099-AGENT1,0,SCN-05-CASHOUT-0099-W1,0.0,-1,0,no_movement
SCN-05-CASHOUT-0099,rapid_cashout,train,SCN-05-CASHOUT-0099-NORMAL_A,0,SCN-05-CASHOUT-0099-W1,0.0,-1,0,no_movement
SCN-05-CASHOUT-0099,rapid_cashout,train,SCN-05-CASHOUT-0099-NORMAL_B,0,SCN-05-CASHOUT-0099-W1,0.0,-1,0,no_movement
SCN-05-CASHOUT-0099,rapid_cashout,train,SCN-05-CASHOUT-0099-NORMAL_C,0,SCN-05-CASHOUT-0099-W1,0.0,-1,0,no_movement
SCN-05-CASHOUT-0100,rapid_cashout,train,SCN-05-CASHOUT-0100-VICTIM,0,SCN-05-CASHOUT-0100-W1,0.0,-1,0,no_movement
SCN-05-CASHOUT-0100,rapid_cashout,train,SCN-05-CASHOUT-0100-W1,1,SCN-05-CASHOUT-0100-W1,24042.0,0,1,cashout
SCN-05-CASHOUT-0100,rapid_cashout,train,SCN-05-CASHOUT-0100-AGENT1,0,SCN-05-CASHOUT-0100-W1,0.0,-1,0,no_movement
SCN-05-CASHOUT-0100,rapid_cashout,train,SCN-05-CASHOUT-0100-NORMAL_A,0,SCN-05-CASHOUT-0100-W1,0.0,-1,0,no_movement
SCN-05-CASHOUT-0100,rapid_cashout,train,SCN-05-CASHOUT-0100-NORMAL_B,0,SCN-05-CASHOUT-0100-W1,0.0,-1,0,no_movement
SCN-05-CASHOUT-0100,rapid_cashout,train,SCN-05-CASHOUT-0100-NORMAL_C,0,SCN-05-CASHOUT-0100-W1,0.0,-1,0,no_movement
SCN-06-FANOUT-CASHOUT-0001,fanout_cashout,train,SCN-06-FANOUT-CASHOUT-0001-VICTIM,0,SCN-06-FANOUT-CASHOUT-0001-W1,0.0,-1,0,no_movement
SCN-06-FANOUT-CASHOUT-0001,fanout_cashout,train,SCN-06-FANOUT-CASHOUT-0001-W1,1,SCN-06-FANOUT-CASHOUT-0001-W1,11586.53,0,1,no_movement
SCN-06-FANOUT-CASHOUT-0001,fanout_cashout,train,SCN-06-FANOUT-CASHOUT-0001-W2,1,SCN-06-FANOUT-CASHOUT-0001-W1,3833.32,1,0,no_movement
SCN-06-FANOUT-CASHOUT-0001,fanout_cashout,train,SCN-06-FANOUT-CASHOUT-0001-W3,1,SCN-06-FANOUT-CASHOUT-0001-W1,15408.23,2,0,forward
SCN-06-FANOUT-CASHOUT-0001,fanout_cashout,train,SCN-06-FANOUT-CASHOUT-0001-W4,0,SCN-06-FANOUT-CASHOUT-0001-W1,0.0,-1,0,no_movement
SCN-06-FANOUT-CASHOUT-0001,fanout_cashout,train,SCN-06-FANOUT-CASHOUT-0001-AGENT1,0,SCN-06-FANOUT-CASHOUT-0001-W1,0.0,-1,0,no_movement
SCN-06-FANOUT-CASHOUT-0001,fanout_cashout,train,SCN-06-FANOUT-CASHOUT-0001-NORMAL_A,0,SCN-06-FANOUT-CASHOUT-0001-W1,0.0,-1,0,no_movement
SCN-06-FANOUT-CASHOUT-0001,fanout_cashout,train,SCN-06-FANOUT-CASHOUT-0001-NORMAL_B,0,SCN-06-FANOUT-CASHOUT-0001-W1,0.0,-1,0,no_movement
SCN-06-FANOUT-CASHOUT-0001,fanout_cashout,train,SCN-06-FANOUT-CASHOUT-0001-NORMAL_C,0,SCN-06-FANOUT-CASHOUT-0001-W1,0.0,-1,0,no_movement
SCN-06-FANOUT-CASHOUT-0002,fanout_cashout,train,SCN-06-FANOUT-CASHOUT-0002-VICTIM,0,SCN-06-FANOUT-CASHOUT-0002-W1,0.0,-1,0,no_movement
SCN-06-FANOUT-CASHOUT-0002,fanout_cashout,train,SCN-06-FANOUT-CASHOUT-0002-W1,1,SCN-06-FANOUT-CASHOUT-0002-W1,15692.07,0,1,no_movement
SCN-06-FANOUT-CASHOUT-0002,fanout_cashout,train,SCN-06-FANOUT-CASHOUT-0002-W2,1,SCN-06-FANOUT-CASHOUT-0002-W1,5175.22,1,0,no_movement
SCN-06-FANOUT-CASHOUT-0002,fanout_cashout,train,SCN-06-FANOUT-CASHOUT-0002-W3,1,SCN-06-FANOUT-CASHOUT-0002-W1,20775.77,2,0,forward
SCN-06-FANOUT-CASHOUT-0002,fanout_cashout,train,SCN-06-FANOUT-CASHOUT-0002-W4,0,SCN-06-FANOUT-CASHOUT-0002-W1,0.0,-1,0,no_movement
SCN-06-FANOUT-CASHOUT-0002,fanout_cashout,train,SCN-06-FANOUT-CASHOUT-0002-AGENT1,0,SCN-06-FANOUT-CASHOUT-0002-W1,0.0,-1,0,no_movement
SCN-06-FANOUT-CASHOUT-0002,fanout_cashout,train,SCN-06-FANOUT-CASHOUT-0002-NORMAL_A,0,SCN-06-FANOUT-CASHOUT-0002-W1,0.0,-1,0,no_movement
SCN-06-FANOUT-CASHOUT-0002,fanout_cashout,train,SCN-06-FANOUT-CASHOUT-0002-NORMAL_B,0,SCN-06-FANOUT-CASHOUT-0002-W1,0.0,-1,0,no_movement
SCN-06-FANOUT-CASHOUT-0002,fanout_cashout,train,SCN-06-FANOUT-CASHOUT-0002-NORMAL_C,0,SCN-06-FANOUT-CASHOUT-0002-W1,0.0,-1,0,no_movement
SCN-06-FANOUT-CASHOUT-0003,fanout_cashout,test,SCN-06-FANOUT-CASHOUT-0003-VICTIM,0,SCN-06-FANOUT-CASHOUT-0003-W1,0.0,-1,0,no_movement
SCN-06-FANOUT-CASHOUT-0003,fanout_cashout,test,SCN-06-FANOUT-CASHOUT-0003-W1,1,SCN-06-FANOUT-CASHOUT-0003-W1,16084.78,0,1,no_movement
SCN-06-FANOUT-CASHOUT-0003,fanout_cashout,test,SCN-06-FANOUT-CASHOUT-0003-W2,1,SCN-06-FANOUT-CASHOUT-0003-W1,5299.49,1,0,no_movement
SCN-06-FANOUT-CASHOUT-0003,fanout_cashout,test,SCN-06-FANOUT-CASHOUT-0003-W3,1,SCN-06-FANOUT-CASHOUT-0003-W1,21401.67,2,0,forward
SCN-06-FANOUT-CASHOUT-0003,fanout_cashout,test,SCN-06-FANOUT-CASHOUT-0003-W4,0,SCN-06-FANOUT-CASHOUT-0003-W1,0.0,-1,0,no_movement
SCN-06-FANOUT-CASHOUT-0003,fanout_cashout,test,SCN-06-FANOUT-CASHOUT-0003-AGENT1,0,SCN-06-FANOUT-CASHOUT-0003-W1,0.0,-1,0,no_movement
SCN-06-FANOUT-CASHOUT-0003,fanout_cashout,test,SCN-06-FANOUT-CASHOUT-0003-NORMAL_A,0,SCN-06-FANOUT-CASHOUT-0003-W1,0.0,-1,0,no_movement
SCN-06-FANOUT-CASHOUT-0003,fanout_cashout,test,SCN-06-FANOUT-CASHOUT-0003-NORMAL_B,0,SCN-06-FANOUT-CASHOUT-0003-W1,0.0,-1,0,no_movement
SCN-06-FANOUT-CASHOUT-0003,fanout_cashout,test,SCN-06-FANOUT-CASHOUT-0003-NORMAL_C,0,SCN-06-FANOUT-CASHOUT-0003-W1,0.0,-1,0,no_movement
SCN-06-FANOUT-CASHOUT-0004,fanout_cashout,train,SCN-06-FANOUT-CASHOUT-0004-VICTIM,0,SCN-06-FANOUT-CASHOUT-0004-W1,0.0,-1,0,no_movement
SCN-06-FANOUT-CASHOUT-0004,fanout_cashout,train,SCN-06-FANOUT-CASHOUT-0004-W1,1,SCN-06-FANOUT-CASHOUT-0004-W1,13106.45,0,1,no_movement
SCN-06-FANOUT-CASHOUT-0004,fanout_cashout,train,SCN-06-FANOUT-CASHOUT-0004-W2,1,SCN-06-FANOUT-CASHOUT-0004-W1,4289.47,1,0,no_movement
SCN-06-FANOUT-CASHOUT-0004,fanout_cashout,train,SCN-06-FANOUT-CASHOUT-0004-W3,1,SCN-06-FANOUT-CASHOUT-0004-W1,17432.94,2,0,forward
SCN-06-FANOUT-CASHOUT-0004,fanout_cashout,train,SCN-06-FANOUT-CASHOUT-0004-W4,0,SCN-06-FANOUT-CASHOUT-0004-W1,0.0,-1,0,no_movement
SCN-06-FANOUT-CASHOUT-0004,fanout_cashout,train,SCN-06-FANOUT-CASHOUT-0004-AGENT1,0,SCN-06-FANOUT-CASHOUT-0004-W1,0.0,-1,0,no_movement
SCN-06-FANOUT-CASHOUT-0004,fanout_cashout,train,SCN-06-FANOUT-CASHOUT-0004-NORMAL_A,0,SCN-06-FANOUT-CASHOUT-0004-W1,0.0,-1,0,no_movement
SCN-06-FANOUT-CASHOUT-0004,fanout_cashout,train,SCN-06-FANOUT-CASHOUT-0004-NORMAL_B,0,SCN-06-FANOUT-CASHOUT-0004-W1,0.0,-1,0,no_movement
SCN-06-FANOUT-CASHOUT-0004,fanout_cashout,train,SCN-06-FANOUT-CASHOUT-0004-NORMAL_C,0,SCN-06-FANOUT-CASHOUT-0004-W1,0.0,-1,0,no_movement
SCN-06-FANOUT-CASHOUT-0005,fanout_cashout,train,SCN-06-FANOUT-CASHOUT-0005-VICTIM,0,SCN-06-FANOUT-CASHOUT-0005-W1,0.0,-1,0,no_movement
SCN-06-FANOUT-CASHOUT-0005,fanout_cashout,train,SCN-06-FANOUT-CASHOUT-0005-W1,1,SCN-06-FANOUT-CASHOUT-0005-W1,12140.89,0,1,no_movement
SCN-06-FANOUT-CASHOUT-0005,fanout_cashout,train,SCN-06-FANOUT-CASHOUT-0005-W2,1,SCN-06-FANOUT-CASHOUT-0005-W1,4057.85,1,0,no_movement
SCN-06-FANOUT-CASHOUT-0005,fanout_cashout,train,SCN-06-FANOUT-CASHOUT-0005-W3,1,SCN-06-FANOUT-CASHOUT-0005-W1,15947.89,2,0,forward
SCN-06-FANOUT-CASHOUT-0005,fanout_cashout,train,SCN-06-FANOUT-CASHOUT-0005-W4,0,SCN-06-FANOUT-CASHOUT-0005-W1,0.0,-1,0,no_movement
SCN-06-FANOUT-CASHOUT-0005,fanout_cashout,train,SCN-06-FANOUT-CASHOUT-0005-AGENT1,0,SCN-06-FANOUT-CASHOUT-0005-W1,0.0,-1,0,no_movement
SCN-06-FANOUT-CASHOUT-0005,fanout_cashout,train,SCN-06-FANOUT-CASHOUT-0005-NORMAL_A,0,SCN-06-FANOUT-CASHOUT-0005-W1,0.0,-1,0,no_movement
SCN-06-FANOUT-CASHOUT-0005,fanout_cashout,train,SCN-06-FANOUT-CASHOUT-0005-NORMAL_B,0,SCN-06-FANOUT-CASHOUT-0005-W1,0.0,-1,0,no_movement
SCN-06-FANOUT-CASHOUT-0005,fanout_cashout,train,SCN-06-FANOUT-CASHOUT-0005-NORMAL_C,0,SCN-06-FANOUT-CASHOUT-0005-W1,0.0,-1,0,no_movement
SCN-06-FANOUT-CASHOUT-0006,fanout_cashout,train,SCN-06-FANOUT-CASHOUT-0006-VICTIM,0,SCN-06-FANOUT-CASHOUT-0006-W1,0.0,-1,0,no_movement
SCN-06-FANOUT-CASHOUT-0006,fanout_cashout,train,SCN-06-FANOUT-CASHOUT-0006-W1,1,SCN-06-FANOUT-CASHOUT-0006-W1,13197.1,0,1,no_movement
SCN-06-FANOUT-CASHOUT-0006,fanout_cashout,train,SCN-06-FANOUT-CASHOUT-0006-W2,1,SCN-06-FANOUT-CASHOUT-0006-W1,4294.53,1,0,no_movement
SCN-06-FANOUT-CASHOUT-0006,fanout_cashout,train,SCN-06-FANOUT-CASHOUT-0006-W3,1,SCN-06-FANOUT-CASHOUT-0006-W1,17463.57,2,0,forward
SCN-06-FANOUT-CASHOUT-0006,fanout_cashout,train,SCN-06-FANOUT-CASHOUT-0006-W4,0,SCN-06-FANOUT-CASHOUT-0006-W1,0.0,-1,0,no_movement
SCN-06-FANOUT-CASHOUT-0006,fanout_cashout,train,SCN-06-FANOUT-CASHOUT-0006-AGENT1,0,SCN-06-FANOUT-CASHOUT-0006-W1,0.0,-1,0,no_movement
SCN-06-FANOUT-CASHOUT-0006,fanout_cashout,train,SCN-06-FANOUT-CASHOUT-0006-NORMAL_A,0,SCN-06-FANOUT-CASHOUT-0006-W1,0.0,-1,0,no_movement
SCN-06-FANOUT-CASHOUT-0006,fanout_cashout,train,SCN-06-FANOUT-CASHOUT-0006-NORMAL_B,0,SCN-06-FANOUT-CASHOUT-0006-W1,0.0,-1,0,no_movement
SCN-06-FANOUT-CASHOUT-0006,fanout_cashout,train,SCN-06-FANOUT-CASHOUT-0006-NORMAL_C,0,SCN-06-FANOUT-CASHOUT-0006-W1,0.0,-1,0,no_movement
SCN-06-FANOUT-CASHOUT-0007,fanout_cashout,validation,SCN-06-FANOUT-CASHOUT-0007-VICTIM,0,SCN-06-FANOUT-CASHOUT-0007-W1,0.0,-1,0,no_movement
SCN-06-FANOUT-CASHOUT-0007,fanout_cashout,validation,SCN-06-FANOUT-CASHOUT-0007-W1,1,SCN-06-FANOUT-CASHOUT-0007-W1,12644.98,0,1,no_movement
SCN-06-FANOUT-CASHOUT-0007,fanout_cashout,validation,SCN-06-FANOUT-CASHOUT-0007-W2,1,SCN-06-FANOUT-CASHOUT-0007-W1,4243.07,1,0,no_movement
SCN-06-FANOUT-CASHOUT-0007,fanout_cashout,validation,SCN-06-FANOUT-CASHOUT-0007-W3,1,SCN-06-FANOUT-CASHOUT-0007-W1,16730.75,2,0,forward
SCN-06-FANOUT-CASHOUT-0007,fanout_cashout,validation,SCN-06-FANOUT-CASHOUT-0007-W4,0,SCN-06-FANOUT-CASHOUT-0007-W1,0.0,-1,0,no_movement
SCN-06-FANOUT-CASHOUT-0007,fanout_cashout,validation,SCN-06-FANOUT-CASHOUT-0007-AGENT1,0,SCN-06-FANOUT-CASHOUT-0007-W1,0.0,-1,0,no_movement
SCN-06-FANOUT-CASHOUT-0007,fanout_cashout,validation,SCN-06-FANOUT-CASHOUT-0007-NORMAL_A,0,SCN-06-FANOUT-CASHOUT-0007-W1,0.0,-1,0,no_movement
SCN-06-FANOUT-CASHOUT-0007,fanout_cashout,validation,SCN-06-FANOUT-CASHOUT-0007-NORMAL_B,0,SCN-06-FANOUT-CASHOUT-0007-W1,0.0,-1,0,no_movement
SCN-06-FANOUT-CASHOUT-0007,fanout_cashout,validation,SCN-06-FANOUT-CASHOUT-0007-NORMAL_C,0,SCN-06-FANOUT-CASHOUT-0007-W1,0.0,-1,0,no_movement
SCN-06-FANOUT-CASHOUT-0008,fanout_cashout,test,SCN-06-FANOUT-CASHOUT-0008-VICTIM,0,SCN-06-FANOUT-CASHOUT-0008-W1,0.0,-1,0,no_movement
SCN-06-FANOUT-CASHOUT-0008,fanout_cashout,test,SCN-06-FANOUT-CASHOUT-0008-W1,1,SCN-06-FANOUT-CASHOUT-0008-W1,13321.89,0,1,no_movement
SCN-06-FANOUT-CASHOUT-0008,fanout_cashout,test,SCN-06-FANOUT-CASHOUT-0008-W2,1,SCN-06-FANOUT-CASHOUT-0008-W1,4349.96,1,0,no_movement
SCN-06-FANOUT-CASHOUT-0008,fanout_cashout,test,SCN-06-FANOUT-CASHOUT-0008-W3,1,SCN-06-FANOUT-CASHOUT-0008-W1,17685.51,2,0,forward
SCN-06-FANOUT-CASHOUT-0008,fanout_cashout,test,SCN-06-FANOUT-CASHOUT-0008-W4,0,SCN-06-FANOUT-CASHOUT-0008-W1,0.0,-1,0,no_movement
SCN-06-FANOUT-CASHOUT-0008,fanout_cashout,test,SCN-06-FANOUT-CASHOUT-0008-AGENT1,0,SCN-06-FANOUT-CASHOUT-0008-W1,0.0,-1,0,no_movement
SCN-06-FANOUT-CASHOUT-0008,fanout_cashout,test,SCN-06-FANOUT-CASHOUT-0008-NORMAL_A,0,SCN-06-FANOUT-CASHOUT-0008-W1,0.0,-1,0,no_movement
SCN-06-FANOUT-CASHOUT-0008,fanout_cashout,test,SCN-06-FANOUT-CASHOUT-0008-NORMAL_B,0,SCN-06-FANOUT-CASHOUT-0008-W1,0.0,-1,0,no_movement
SCN-06-FANOUT-CASHOUT-0008,fanout_cashout,test,SCN-06-FANOUT-CASHOUT-0008-NORMAL_C,0,SCN-06-FANOUT-CASHOUT-0008-W1,0.0,-1,0,no_movement
SCN-06-FANOUT-CASHOUT-0009,fanout_cashout,train,SCN-06-FANOUT-CASHOUT-0009-VICTIM,0,SCN-06-FANOUT-CASHOUT-0009-W1,0.0,-1,0,no_movement
SCN-06-FANOUT-CASHOUT-0009,fanout_cashout,train,SCN-06-FANOUT-CASHOUT-0009-W1,1,SCN-06-FANOUT-CASHOUT-0009-W1,15417.08,0,1,no_movement
SCN-06-FANOUT-CASHOUT-0009,fanout_cashout,train,SCN-06-FANOUT-CASHOUT-0009-W2,1,SCN-06-FANOUT-CASHOUT-0009-W1,5178.23,1,0,no_movement
SCN-06-FANOUT-CASHOUT-0009,fanout_cashout,train,SCN-06-FANOUT-CASHOUT-0009-W3,1,SCN-06-FANOUT-CASHOUT-0009-W1,20333.29,2,0,forward
SCN-06-FANOUT-CASHOUT-0009,fanout_cashout,train,SCN-06-FANOUT-CASHOUT-0009-W4,0,SCN-06-FANOUT-CASHOUT-0009-W1,0.0,-1,0,no_movement
SCN-06-FANOUT-CASHOUT-0009,fanout_cashout,train,SCN-06-FANOUT-CASHOUT-0009-AGENT1,0,SCN-06-FANOUT-CASHOUT-0009-W1,0.0,-1,0,no_movement
SCN-06-FANOUT-CASHOUT-0009,fanout_cashout,train,SCN-06-FANOUT-CASHOUT-0009-NORMAL_A,0,SCN-06-FANOUT-CASHOUT-0009-W1,0.0,-1,0,no_movement
SCN-06-FANOUT-CASHOUT-0009,fanout_cashout,train,SCN-06-FANOUT-CASHOUT-0009-NORMAL_B,0,SCN-06-FANOUT-CASHOUT-0009-W1,0.0,-1,0,no_movement
SCN-06-FANOUT-CASHOUT-0009,fanout_cashout,train,SCN-06-FANOUT-CASHOUT-0009-NORMAL_C,0,SCN-06-FANOUT-CASHOUT-0009-W1,0.0,-1,0,no_movement
SCN-06-FANOUT-CASHOUT-0010,fanout_cashout,test,SCN-06-FANOUT-CASHOUT-0010-VICTIM,0,SCN-06-FANOUT-CASHOUT-0010-W1,0.0,-1,0,no_movement
SCN-06-FANOUT-CASHOUT-0010,fanout_cashout,test,SCN-06-FANOUT-CASHOUT-0010-W1,1,SCN-06-FANOUT-CASHOUT-0010-W1,14102.7,0,1,no_movement
SCN-06-FANOUT-CASHOUT-0010,fanout_cashout,test,SCN-06-FANOUT-CASHOUT-0010-W2,1,SCN-06-FANOUT-CASHOUT-0010-W1,4687.14,1,0,no_movement
SCN-06-FANOUT-CASHOUT-0010,fanout_cashout,test,SCN-06-FANOUT-CASHOUT-0010-W3,1,SCN-06-FANOUT-CASHOUT-0010-W1,18669.85,2,0,forward
SCN-06-FANOUT-CASHOUT-0010,fanout_cashout,test,SCN-06-FANOUT-CASHOUT-0010-W4,0,SCN-06-FANOUT-CASHOUT-0010-W1,0.0,-1,0,no_movement
SCN-06-FANOUT-CASHOUT-0010,fanout_cashout,test,SCN-06-FANOUT-CASHOUT-0010-AGENT1,0,SCN-06-FANOUT-CASHOUT-0010-W1,0.0,-1,0,no_movement
SCN-06-FANOUT-CASHOUT-0010,fanout_cashout,test,SCN-06-FANOUT-CASHOUT-0010-NORMAL_A,0,SCN-06-FANOUT-CASHOUT-0010-W1,0.0,-1,0,no_movement
SCN-06-FANOUT-CASHOUT-0010,fanout_cashout,test,SCN-06-FANOUT-CASHOUT-0010-NORMAL_B,0,SCN-06-FANOUT-CASHOUT-0010-W1,0.0,-1,0,no_movement
SCN-06-FANOUT-CASHOUT-0010,fanout_cashout,test,SCN-06-FANOUT-CASHOUT-0010-NORMAL_C,0,SCN-06-FANOUT-CASHOUT-0010-W1,0.0,-1,0,no_movement
SCN-06-FANOUT-CASHOUT-0011,fanout_cashout,train,SCN-06-FANOUT-CASHOUT-0011-VICTIM,0,SCN-06-FANOUT-CASHOUT-0011-W1,0.0,-1,0,no_movement
SCN-06-FANOUT-CASHOUT-0011,fanout_cashout,train,SCN-06-FANOUT-CASHOUT-0011-W1,1,SCN-06-FANOUT-CASHOUT-0011-W1,11010.06,0,1,no_movement
SCN-06-FANOUT-CASHOUT-0011,fanout_cashout,train,SCN-06-FANOUT-CASHOUT-0011-W2,1,SCN-06-FANOUT-CASHOUT-0011-W1,3608.34,1,0,no_movement
SCN-06-FANOUT-CASHOUT-0011,fanout_cashout,train,SCN-06-FANOUT-CASHOUT-0011-W3,1,SCN-06-FANOUT-CASHOUT-0011-W1,14573.49,2,0,forward
SCN-06-FANOUT-CASHOUT-0011,fanout_cashout,train,SCN-06-FANOUT-CASHOUT-0011-W4,0,SCN-06-FANOUT-CASHOUT-0011-W1,0.0,-1,0,no_movement
SCN-06-FANOUT-CASHOUT-0011,fanout_cashout,train,SCN-06-FANOUT-CASHOUT-0011-AGENT1,0,SCN-06-FANOUT-CASHOUT-0011-W1,0.0,-1,0,no_movement
SCN-06-FANOUT-CASHOUT-0011,fanout_cashout,train,SCN-06-FANOUT-CASHOUT-0011-NORMAL_A,0,SCN-06-FANOUT-CASHOUT-0011-W1,0.0,-1,0,no_movement
SCN-06-FANOUT-CASHOUT-0011,fanout_cashout,train,SCN-06-FANOUT-CASHOUT-0011-NORMAL_B,0,SCN-06-FANOUT-CASHOUT-0011-W1,0.0,-1,0,no_movement
SCN-06-FANOUT-CASHOUT-0011,fanout_cashout,train,SCN-06-FANOUT-CASHOUT-0011-NORMAL_C,0,SCN-06-FANOUT-CASHOUT-0011-W1,0.0,-1,0,no_movement
SCN-06-FANOUT-CASHOUT-0012,fanout_cashout,train,SCN-06-FANOUT-CASHOUT-0012-VICTIM,0,SCN-06-FANOUT-CASHOUT-0012-W1,0.0,-1,0,no_movement
SCN-06-FANOUT-CASHOUT-0012,fanout_cashout,train,SCN-06-FANOUT-CASHOUT-0012-W1,1,SCN-06-FANOUT-CASHOUT-0012-W1,15558.26,0,1,no_movement
SCN-06-FANOUT-CASHOUT-0012,fanout_cashout,train,SCN-06-FANOUT-CASHOUT-0012-W2,1,SCN-06-FANOUT-CASHOUT-0012-W1,5140.77,1,0,no_movement
SCN-06-FANOUT-CASHOUT-0012,fanout_cashout,train,SCN-06-FANOUT-CASHOUT-0012-W3,1,SCN-06-FANOUT-CASHOUT-0012-W1,20646.75,2,0,forward
SCN-06-FANOUT-CASHOUT-0012,fanout_cashout,train,SCN-06-FANOUT-CASHOUT-0012-W4,0,SCN-06-FANOUT-CASHOUT-0012-W1,0.0,-1,0,no_movement
SCN-06-FANOUT-CASHOUT-0012,fanout_cashout,train,SCN-06-FANOUT-CASHOUT-0012-AGENT1,0,SCN-06-FANOUT-CASHOUT-0012-W1,0.0,-1,0,no_movement
SCN-06-FANOUT-CASHOUT-0012,fanout_cashout,train,SCN-06-FANOUT-CASHOUT-0012-NORMAL_A,0,SCN-06-FANOUT-CASHOUT-0012-W1,0.0,-1,0,no_movement
SCN-06-FANOUT-CASHOUT-0012,fanout_cashout,train,SCN-06-FANOUT-CASHOUT-0012-NORMAL_B,0,SCN-06-FANOUT-CASHOUT-0012-W1,0.0,-1,0,no_movement
SCN-06-FANOUT-CASHOUT-0012,fanout_cashout,train,SCN-06-FANOUT-CASHOUT-0012-NORMAL_C,0,SCN-06-FANOUT-CASHOUT-0012-W1,0.0,-1,0,no_movement
SCN-06-FANOUT-CASHOUT-0013,fanout_cashout,train,SCN-06-FANOUT-CASHOUT-0013-VICTIM,0,SCN-06-FANOUT-CASHOUT-0013-W1,0.0,-1,0,no_movement
SCN-06-FANOUT-CASHOUT-0013,fanout_cashout,train,SCN-06-FANOUT-CASHOUT-0013-W1,1,SCN-06-FANOUT-CASHOUT-0013-W1,15889.31,0,1,no_movement
SCN-06-FANOUT-CASHOUT-0013,fanout_cashout,train,SCN-06-FANOUT-CASHOUT-0013-W2,1,SCN-06-FANOUT-CASHOUT-0013-W1,5233.11,1,0,no_movement
SCN-06-FANOUT-CASHOUT-0013,fanout_cashout,train,SCN-06-FANOUT-CASHOUT-0013-W3,1,SCN-06-FANOUT-CASHOUT-0013-W1,21166.46,2,0,forward
SCN-06-FANOUT-CASHOUT-0013,fanout_cashout,train,SCN-06-FANOUT-CASHOUT-0013-W4,0,SCN-06-FANOUT-CASHOUT-0013-W1,0.0,-1,0,no_movement
SCN-06-FANOUT-CASHOUT-0013,fanout_cashout,train,SCN-06-FANOUT-CASHOUT-0013-AGENT1,0,SCN-06-FANOUT-CASHOUT-0013-W1,0.0,-1,0,no_movement
SCN-06-FANOUT-CASHOUT-0013,fanout_cashout,train,SCN-06-FANOUT-CASHOUT-0013-NORMAL_A,0,SCN-06-FANOUT-CASHOUT-0013-W1,0.0,-1,0,no_movement
SCN-06-FANOUT-CASHOUT-0013,fanout_cashout,train,SCN-06-FANOUT-CASHOUT-0013-NORMAL_B,0,SCN-06-FANOUT-CASHOUT-0013-W1,0.0,-1,0,no_movement
SCN-06-FANOUT-CASHOUT-0013,fanout_cashout,train,SCN-06-FANOUT-CASHOUT-0013-NORMAL_C,0,SCN-06-FANOUT-CASHOUT-0013-W1,0.0,-1,0,no_movement
SCN-06-FANOUT-CASHOUT-0014,fanout_cashout,train,SCN-06-FANOUT-CASHOUT-0014-VICTIM,0,SCN-06-FANOUT-CASHOUT-0014-W1,0.0,-1,0,no_movement
SCN-06-FANOUT-CASHOUT-0014,fanout_cashout,train,SCN-06-FANOUT-CASHOUT-0014-W1,1,SCN-06-FANOUT-CASHOUT-0014-W1,12695.38,0,1,no_movement
SCN-06-FANOUT-CASHOUT-0014,fanout_cashout,train,SCN-06-FANOUT-CASHOUT-0014-W2,1,SCN-06-FANOUT-CASHOUT-0014-W1,4205.37,1,0,no_movement
SCN-06-FANOUT-CASHOUT-0014,fanout_cashout,train,SCN-06-FANOUT-CASHOUT-0014-W3,1,SCN-06-FANOUT-CASHOUT-0014-W1,16842.84,2,0,forward
SCN-06-FANOUT-CASHOUT-0014,fanout_cashout,train,SCN-06-FANOUT-CASHOUT-0014-W4,0,SCN-06-FANOUT-CASHOUT-0014-W1,0.0,-1,0,no_movement
SCN-06-FANOUT-CASHOUT-0014,fanout_cashout,train,SCN-06-FANOUT-CASHOUT-0014-AGENT1,0,SCN-06-FANOUT-CASHOUT-0014-W1,0.0,-1,0,no_movement
SCN-06-FANOUT-CASHOUT-0014,fanout_cashout,train,SCN-06-FANOUT-CASHOUT-0014-NORMAL_A,0,SCN-06-FANOUT-CASHOUT-0014-W1,0.0,-1,0,no_movement
SCN-06-FANOUT-CASHOUT-0014,fanout_cashout,train,SCN-06-FANOUT-CASHOUT-0014-NORMAL_B,0,SCN-06-FANOUT-CASHOUT-0014-W1,0.0,-1,0,no_movement
SCN-06-FANOUT-CASHOUT-0014,fanout_cashout,train,SCN-06-FANOUT-CASHOUT-0014-NORMAL_C,0,SCN-06-FANOUT-CASHOUT-0014-W1,0.0,-1,0,no_movement
SCN-06-FANOUT-CASHOUT-0015,fanout_cashout,train,SCN-06-FANOUT-CASHOUT-0015-VICTIM,0,SCN-06-FANOUT-CASHOUT-0015-W1,0.0,-1,0,no_movement
SCN-06-FANOUT-CASHOUT-0015,fanout_cashout,train,SCN-06-FANOUT-CASHOUT-0015-W1,1,SCN-06-FANOUT-CASHOUT-0015-W1,13286.18,0,1,no_movement
SCN-06-FANOUT-CASHOUT-0015,fanout_cashout,train,SCN-06-FANOUT-CASHOUT-0015-W2,1,SCN-06-FANOUT-CASHOUT-0015-W1,4423.59,1,0,no_movement
SCN-06-FANOUT-CASHOUT-0015,fanout_cashout,train,SCN-06-FANOUT-CASHOUT-0015-W3,1,SCN-06-FANOUT-CASHOUT-0015-W1,17577.84,2,0,forward
SCN-06-FANOUT-CASHOUT-0015,fanout_cashout,train,SCN-06-FANOUT-CASHOUT-0015-W4,0,SCN-06-FANOUT-CASHOUT-0015-W1,0.0,-1,0,no_movement
SCN-06-FANOUT-CASHOUT-0015,fanout_cashout,train,SCN-06-FANOUT-CASHOUT-0015-AGENT1,0,SCN-06-FANOUT-CASHOUT-0015-W1,0.0,-1,0,no_movement
SCN-06-FANOUT-CASHOUT-0015,fanout_cashout,train,SCN-06-FANOUT-CASHOUT-0015-NORMAL_A,0,SCN-06-FANOUT-CASHOUT-0015-W1,0.0,-1,0,no_movement
SCN-06-FANOUT-CASHOUT-0015,fanout_cashout,train,SCN-06-FANOUT-CASHOUT-0015-NORMAL_B,0,SCN-06-FANOUT-CASHOUT-0015-W1,0.0,-1,0,no_movement
SCN-06-FANOUT-CASHOUT-0015,fanout_cashout,train,SCN-06-FANOUT-CASHOUT-0015-NORMAL_C,0,SCN-06-FANOUT-CASHOUT-0015-W1,0.0,-1,0,no_movement
SCN-06-FANOUT-CASHOUT-0016,fanout_cashout,train,SCN-06-FANOUT-CASHOUT-0016-VICTIM,0,SCN-06-FANOUT-CASHOUT-0016-W1,0.0,-1,0,no_movement
SCN-06-FANOUT-CASHOUT-0016,fanout_cashout,train,SCN-06-FANOUT-CASHOUT-0016-W1,1,SCN-06-FANOUT-CASHOUT-0016-W1,16422.78,0,1,no_movement
SCN-06-FANOUT-CASHOUT-0016,fanout_cashout,train,SCN-06-FANOUT-CASHOUT-0016-W2,1,SCN-06-FANOUT-CASHOUT-0016-W1,5486.17,1,0,no_movement
SCN-06-FANOUT-CASHOUT-0016,fanout_cashout,train,SCN-06-FANOUT-CASHOUT-0016-W3,1,SCN-06-FANOUT-CASHOUT-0016-W1,21737.91,2,0,forward
SCN-06-FANOUT-CASHOUT-0016,fanout_cashout,train,SCN-06-FANOUT-CASHOUT-0016-W4,0,SCN-06-FANOUT-CASHOUT-0016-W1,0.0,-1,0,no_movement
SCN-06-FANOUT-CASHOUT-0016,fanout_cashout,train,SCN-06-FANOUT-CASHOUT-0016-AGENT1,0,SCN-06-FANOUT-CASHOUT-0016-W1,0.0,-1,0,no_movement
SCN-06-FANOUT-CASHOUT-0016,fanout_cashout,train,SCN-06-FANOUT-CASHOUT-0016-NORMAL_A,0,SCN-06-FANOUT-CASHOUT-0016-W1,0.0,-1,0,no_movement
SCN-06-FANOUT-CASHOUT-0016,fanout_cashout,train,SCN-06-FANOUT-CASHOUT-0016-NORMAL_B,0,SCN-06-FANOUT-CASHOUT-0016-W1,0.0,-1,0,no_movement
SCN-06-FANOUT-CASHOUT-0016,fanout_cashout,train,SCN-06-FANOUT-CASHOUT-0016-NORMAL_C,0,SCN-06-FANOUT-CASHOUT-0016-W1,0.0,-1,0,no_movement
SCN-06-FANOUT-CASHOUT-0017,fanout_cashout,test,SCN-06-FANOUT-CASHOUT-0017-VICTIM,0,SCN-06-FANOUT-CASHOUT-0017-W1,0.0,-1,0,no_movement
SCN-06-FANOUT-CASHOUT-0017,fanout_cashout,test,SCN-06-FANOUT-CASHOUT-0017-W1,1,SCN-06-FANOUT-CASHOUT-0017-W1,15872.06,0,1,no_movement
SCN-06-FANOUT-CASHOUT-0017,fanout_cashout,test,SCN-06-FANOUT-CASHOUT-0017-W2,1,SCN-06-FANOUT-CASHOUT-0017-W1,5276.78,1,0,no_movement
SCN-06-FANOUT-CASHOUT-0017,fanout_cashout,test,SCN-06-FANOUT-CASHOUT-0017-W3,1,SCN-06-FANOUT-CASHOUT-0017-W1,20956.67,2,0,forward
SCN-06-FANOUT-CASHOUT-0017,fanout_cashout,test,SCN-06-FANOUT-CASHOUT-0017-W4,0,SCN-06-FANOUT-CASHOUT-0017-W1,0.0,-1,0,no_movement
SCN-06-FANOUT-CASHOUT-0017,fanout_cashout,test,SCN-06-FANOUT-CASHOUT-0017-AGENT1,0,SCN-06-FANOUT-CASHOUT-0017-W1,0.0,-1,0,no_movement
SCN-06-FANOUT-CASHOUT-0017,fanout_cashout,test,SCN-06-FANOUT-CASHOUT-0017-NORMAL_A,0,SCN-06-FANOUT-CASHOUT-0017-W1,0.0,-1,0,no_movement
SCN-06-FANOUT-CASHOUT-0017,fanout_cashout,test,SCN-06-FANOUT-CASHOUT-0017-NORMAL_B,0,SCN-06-FANOUT-CASHOUT-0017-W1,0.0,-1,0,no_movement
SCN-06-FANOUT-CASHOUT-0017,fanout_cashout,test,SCN-06-FANOUT-CASHOUT-0017-NORMAL_C,0,SCN-06-FANOUT-CASHOUT-0017-W1,0.0,-1,0,no_movement
SCN-06-FANOUT-CASHOUT-0018,fanout_cashout,train,SCN-06-FANOUT-CASHOUT-0018-VICTIM,0,SCN-06-FANOUT-CASHOUT-0018-W1,0.0,-1,0,no_movement
SCN-06-FANOUT-CASHOUT-0018,fanout_cashout,train,SCN-06-FANOUT-CASHOUT-0018-W1,1,SCN-06-FANOUT-CASHOUT-0018-W1,11594.34,0,1,no_movement
SCN-06-FANOUT-CASHOUT-0018,fanout_cashout,train,SCN-06-FANOUT-CASHOUT-0018-W2,1,SCN-06-FANOUT-CASHOUT-0018-W1,3880.14,1,0,no_movement
SCN-06-FANOUT-CASHOUT-0018,fanout_cashout,train,SCN-06-FANOUT-CASHOUT-0018-W3,1,SCN-06-FANOUT-CASHOUT-0018-W1,15379.71,2,0,forward
SCN-06-FANOUT-CASHOUT-0018,fanout_cashout,train,SCN-06-FANOUT-CASHOUT-0018-W4,0,SCN-06-FANOUT-CASHOUT-0018-W1,0.0,-1,0,no_movement
SCN-06-FANOUT-CASHOUT-0018,fanout_cashout,train,SCN-06-FANOUT-CASHOUT-0018-AGENT1,0,SCN-06-FANOUT-CASHOUT-0018-W1,0.0,-1,0,no_movement
SCN-06-FANOUT-CASHOUT-0018,fanout_cashout,train,SCN-06-FANOUT-CASHOUT-0018-NORMAL_A,0,SCN-06-FANOUT-CASHOUT-0018-W1,0.0,-1,0,no_movement
SCN-06-FANOUT-CASHOUT-0018,fanout_cashout,train,SCN-06-FANOUT-CASHOUT-0018-NORMAL_B,0,SCN-06-FANOUT-CASHOUT-0018-W1,0.0,-1,0,no_movement
SCN-06-FANOUT-CASHOUT-0018,fanout_cashout,train,SCN-06-FANOUT-CASHOUT-0018-NORMAL_C,0,SCN-06-FANOUT-CASHOUT-0018-W1,0.0,-1,0,no_movement
SCN-06-FANOUT-CASHOUT-0019,fanout_cashout,train,SCN-06-FANOUT-CASHOUT-0019-VICTIM,0,SCN-06-FANOUT-CASHOUT-0019-W1,0.0,-1,0,no_movement
SCN-06-FANOUT-CASHOUT-0019,fanout_cashout,train,SCN-06-FANOUT-CASHOUT-0019-W1,1,SCN-06-FANOUT-CASHOUT-0019-W1,13464.71,0,1,no_movement
SCN-06-FANOUT-CASHOUT-0019,fanout_cashout,train,SCN-06-FANOUT-CASHOUT-0019-W2,1,SCN-06-FANOUT-CASHOUT-0019-W1,4448.48,1,0,no_movement
SCN-06-FANOUT-CASHOUT-0019,fanout_cashout,train,SCN-06-FANOUT-CASHOUT-0019-W3,1,SCN-06-FANOUT-CASHOUT-0019-W1,17789.99,2,0,forward
SCN-06-FANOUT-CASHOUT-0019,fanout_cashout,train,SCN-06-FANOUT-CASHOUT-0019-W4,0,SCN-06-FANOUT-CASHOUT-0019-W1,0.0,-1,0,no_movement
SCN-06-FANOUT-CASHOUT-0019,fanout_cashout,train,SCN-06-FANOUT-CASHOUT-0019-AGENT1,0,SCN-06-FANOUT-CASHOUT-0019-W1,0.0,-1,0,no_movement
SCN-06-FANOUT-CASHOUT-0019,fanout_cashout,train,SCN-06-FANOUT-CASHOUT-0019-NORMAL_A,0,SCN-06-FANOUT-CASHOUT-0019-W1,0.0,-1,0,no_movement
SCN-06-FANOUT-CASHOUT-0019,fanout_cashout,train,SCN-06-FANOUT-CASHOUT-0019-NORMAL_B,0,SCN-06-FANOUT-CASHOUT-0019-W1,0.0,-1,0,no_movement
SCN-06-FANOUT-CASHOUT-0019,fanout_cashout,train,SCN-06-FANOUT-CASHOUT-0019-NORMAL_C,0,SCN-06-FANOUT-CASHOUT-0019-W1,0.0,-1,0,no_movement
SCN-06-FANOUT-CASHOUT-0020,fanout_cashout,train,SCN-06-FANOUT-CASHOUT-0020-VICTIM,0,SCN-06-FANOUT-CASHOUT-0020-W1,0.0,-1,0,no_movement
SCN-06-FANOUT-CASHOUT-0020,fanout_cashout,train,SCN-06-FANOUT-CASHOUT-0020-W1,1,SCN-06-FANOUT-CASHOUT-0020-W1,10581.74,0,1,no_movement
SCN-06-FANOUT-CASHOUT-0020,fanout_cashout,train,SCN-06-FANOUT-CASHOUT-0020-W2,1,SCN-06-FANOUT-CASHOUT-0020-W1,3524.23,1,0,no_movement
SCN-06-FANOUT-CASHOUT-0020,fanout_cashout,train,SCN-06-FANOUT-CASHOUT-0020-W3,1,SCN-06-FANOUT-CASHOUT-0020-W1,13932.19,2,0,forward
SCN-06-FANOUT-CASHOUT-0020,fanout_cashout,train,SCN-06-FANOUT-CASHOUT-0020-W4,0,SCN-06-FANOUT-CASHOUT-0020-W1,0.0,-1,0,no_movement
SCN-06-FANOUT-CASHOUT-0020,fanout_cashout,train,SCN-06-FANOUT-CASHOUT-0020-AGENT1,0,SCN-06-FANOUT-CASHOUT-0020-W1,0.0,-1,0,no_movement
SCN-06-FANOUT-CASHOUT-0020,fanout_cashout,train,SCN-06-FANOUT-CASHOUT-0020-NORMAL_A,0,SCN-06-FANOUT-CASHOUT-0020-W1,0.0,-1,0,no_movement
SCN-06-FANOUT-CASHOUT-0020,fanout_cashout,train,SCN-06-FANOUT-CASHOUT-0020-NORMAL_B,0,SCN-06-FANOUT-CASHOUT-0020-W1,0.0,-1,0,no_movement
SCN-06-FANOUT-CASHOUT-0020,fanout_cashout,train,SCN-06-FANOUT-CASHOUT-0020-NORMAL_C,0,SCN-06-FANOUT-CASHOUT-0020-W1,0.0,-1,0,no_movement
SCN-06-FANOUT-CASHOUT-0021,fanout_cashout,train,SCN-06-FANOUT-CASHOUT-0021-VICTIM,0,SCN-06-FANOUT-CASHOUT-0021-W1,0.0,-1,0,no_movement
SCN-06-FANOUT-CASHOUT-0021,fanout_cashout,train,SCN-06-FANOUT-CASHOUT-0021-W1,1,SCN-06-FANOUT-CASHOUT-0021-W1,12286.89,0,1,no_movement
SCN-06-FANOUT-CASHOUT-0021,fanout_cashout,train,SCN-06-FANOUT-CASHOUT-0021-W2,1,SCN-06-FANOUT-CASHOUT-0021-W1,4029.99,1,0,no_movement
SCN-06-FANOUT-CASHOUT-0021,fanout_cashout,train,SCN-06-FANOUT-CASHOUT-0021-W3,1,SCN-06-FANOUT-CASHOUT-0021-W1,16242.51,2,0,forward
SCN-06-FANOUT-CASHOUT-0021,fanout_cashout,train,SCN-06-FANOUT-CASHOUT-0021-W4,0,SCN-06-FANOUT-CASHOUT-0021-W1,0.0,-1,0,no_movement
SCN-06-FANOUT-CASHOUT-0021,fanout_cashout,train,SCN-06-FANOUT-CASHOUT-0021-AGENT1,0,SCN-06-FANOUT-CASHOUT-0021-W1,0.0,-1,0,no_movement
SCN-06-FANOUT-CASHOUT-0021,fanout_cashout,train,SCN-06-FANOUT-CASHOUT-0021-NORMAL_A,0,SCN-06-FANOUT-CASHOUT-0021-W1,0.0,-1,0,no_movement
SCN-06-FANOUT-CASHOUT-0021,fanout_cashout,train,SCN-06-FANOUT-CASHOUT-0021-NORMAL_B,0,SCN-06-FANOUT-CASHOUT-0021-W1,0.0,-1,0,no_movement
SCN-06-FANOUT-CASHOUT-0021,fanout_cashout,train,SCN-06-FANOUT-CASHOUT-0021-NORMAL_C,0,SCN-06-FANOUT-CASHOUT-0021-W1,0.0,-1,0,no_movement
SCN-06-FANOUT-CASHOUT-0022,fanout_cashout,train,SCN-06-FANOUT-CASHOUT-0022-VICTIM,0,SCN-06-FANOUT-CASHOUT-0022-W1,0.0,-1,0,no_movement
SCN-06-FANOUT-CASHOUT-0022,fanout_cashout,train,SCN-06-FANOUT-CASHOUT-0022-W1,1,SCN-06-FANOUT-CASHOUT-0022-W1,15598.49,0,1,no_movement
SCN-06-FANOUT-CASHOUT-0022,fanout_cashout,train,SCN-06-FANOUT-CASHOUT-0022-W2,1,SCN-06-FANOUT-CASHOUT-0022-W1,5251.23,1,0,no_movement
SCN-06-FANOUT-CASHOUT-0022,fanout_cashout,train,SCN-06-FANOUT-CASHOUT-0022-W3,1,SCN-06-FANOUT-CASHOUT-0022-W1,20650.05,2,0,forward
SCN-06-FANOUT-CASHOUT-0022,fanout_cashout,train,SCN-06-FANOUT-CASHOUT-0022-W4,0,SCN-06-FANOUT-CASHOUT-0022-W1,0.0,-1,0,no_movement
SCN-06-FANOUT-CASHOUT-0022,fanout_cashout,train,SCN-06-FANOUT-CASHOUT-0022-AGENT1,0,SCN-06-FANOUT-CASHOUT-0022-W1,0.0,-1,0,no_movement
SCN-06-FANOUT-CASHOUT-0022,fanout_cashout,train,SCN-06-FANOUT-CASHOUT-0022-NORMAL_A,0,SCN-06-FANOUT-CASHOUT-0022-W1,0.0,-1,0,no_movement
SCN-06-FANOUT-CASHOUT-0022,fanout_cashout,train,SCN-06-FANOUT-CASHOUT-0022-NORMAL_B,0,SCN-06-FANOUT-CASHOUT-0022-W1,0.0,-1,0,no_movement
SCN-06-FANOUT-CASHOUT-0022,fanout_cashout,train,SCN-06-FANOUT-CASHOUT-0022-NORMAL_C,0,SCN-06-FANOUT-CASHOUT-0022-W1,0.0,-1,0,no_movement
SCN-06-FANOUT-CASHOUT-0023,fanout_cashout,train,SCN-06-FANOUT-CASHOUT-0023-VICTIM,0,SCN-06-FANOUT-CASHOUT-0023-W1,0.0,-1,0,no_movement
SCN-06-FANOUT-CASHOUT-0023,fanout_cashout,train,SCN-06-FANOUT-CASHOUT-0023-W1,1,SCN-06-FANOUT-CASHOUT-0023-W1,10252.91,0,1,no_movement
SCN-06-FANOUT-CASHOUT-0023,fanout_cashout,train,SCN-06-FANOUT-CASHOUT-0023-W2,1,SCN-06-FANOUT-CASHOUT-0023-W1,3389.57,1,0,no_movement
SCN-06-FANOUT-CASHOUT-0023,fanout_cashout,train,SCN-06-FANOUT-CASHOUT-0023-W3,1,SCN-06-FANOUT-CASHOUT-0023-W1,13615.7,2,0,forward
SCN-06-FANOUT-CASHOUT-0023,fanout_cashout,train,SCN-06-FANOUT-CASHOUT-0023-W4,0,SCN-06-FANOUT-CASHOUT-0023-W1,0.0,-1,0,no_movement
SCN-06-FANOUT-CASHOUT-0023,fanout_cashout,train,SCN-06-FANOUT-CASHOUT-0023-AGENT1,0,SCN-06-FANOUT-CASHOUT-0023-W1,0.0,-1,0,no_movement
SCN-06-FANOUT-CASHOUT-0023,fanout_cashout,train,SCN-06-FANOUT-CASHOUT-0023-NORMAL_A,0,SCN-06-FANOUT-CASHOUT-0023-W1,0.0,-1,0,no_movement
SCN-06-FANOUT-CASHOUT-0023,fanout_cashout,train,SCN-06-FANOUT-CASHOUT-0023-NORMAL_B,0,SCN-06-FANOUT-CASHOUT-0023-W1,0.0,-1,0,no_movement
SCN-06-FANOUT-CASHOUT-0023,fanout_cashout,train,SCN-06-FANOUT-CASHOUT-0023-NORMAL_C,0,SCN-06-FANOUT-CASHOUT-0023-W1,0.0,-1,0,no_movement
SCN-06-FANOUT-CASHOUT-0024,fanout_cashout,validation,SCN-06-FANOUT-CASHOUT-0024-VICTIM,0,SCN-06-FANOUT-CASHOUT-0024-W1,0.0,-1,0,no_movement
SCN-06-FANOUT-CASHOUT-0024,fanout_cashout,validation,SCN-06-FANOUT-CASHOUT-0024-W1,1,SCN-06-FANOUT-CASHOUT-0024-W1,14659.38,0,1,no_movement
SCN-06-FANOUT-CASHOUT-0024,fanout_cashout,validation,SCN-06-FANOUT-CASHOUT-0024-W2,1,SCN-06-FANOUT-CASHOUT-0024-W1,4787.47,1,0,no_movement
SCN-06-FANOUT-CASHOUT-0024,fanout_cashout,validation,SCN-06-FANOUT-CASHOUT-0024-W3,1,SCN-06-FANOUT-CASHOUT-0024-W1,19431.49,2,0,forward
SCN-06-FANOUT-CASHOUT-0024,fanout_cashout,validation,SCN-06-FANOUT-CASHOUT-0024-W4,0,SCN-06-FANOUT-CASHOUT-0024-W1,0.0,-1,0,no_movement
SCN-06-FANOUT-CASHOUT-0024,fanout_cashout,validation,SCN-06-FANOUT-CASHOUT-0024-AGENT1,0,SCN-06-FANOUT-CASHOUT-0024-W1,0.0,-1,0,no_movement
SCN-06-FANOUT-CASHOUT-0024,fanout_cashout,validation,SCN-06-FANOUT-CASHOUT-0024-NORMAL_A,0,SCN-06-FANOUT-CASHOUT-0024-W1,0.0,-1,0,no_movement
SCN-06-FANOUT-CASHOUT-0024,fanout_cashout,validation,SCN-06-FANOUT-CASHOUT-0024-NORMAL_B,0,SCN-06-FANOUT-CASHOUT-0024-W1,0.0,-1,0,no_movement
SCN-06-FANOUT-CASHOUT-0024,fanout_cashout,validation,SCN-06-FANOUT-CASHOUT-0024-NORMAL_C,0,SCN-06-FANOUT-CASHOUT-0024-W1,0.0,-1,0,no_movement
SCN-06-FANOUT-CASHOUT-0025,fanout_cashout,train,SCN-06-FANOUT-CASHOUT-0025-VICTIM,0,SCN-06-FANOUT-CASHOUT-0025-W1,0.0,-1,0,no_movement
SCN-06-FANOUT-CASHOUT-0025,fanout_cashout,train,SCN-06-FANOUT-CASHOUT-0025-W1,1,SCN-06-FANOUT-CASHOUT-0025-W1,11048.64,0,1,no_movement
SCN-06-FANOUT-CASHOUT-0025,fanout_cashout,train,SCN-06-FANOUT-CASHOUT-0025-W2,1,SCN-06-FANOUT-CASHOUT-0025-W1,3593.56,1,0,no_movement
SCN-06-FANOUT-CASHOUT-0025,fanout_cashout,train,SCN-06-FANOUT-CASHOUT-0025-W3,1,SCN-06-FANOUT-CASHOUT-0025-W1,14640.36,2,0,forward
SCN-06-FANOUT-CASHOUT-0025,fanout_cashout,train,SCN-06-FANOUT-CASHOUT-0025-W4,0,SCN-06-FANOUT-CASHOUT-0025-W1,0.0,-1,0,no_movement
SCN-06-FANOUT-CASHOUT-0025,fanout_cashout,train,SCN-06-FANOUT-CASHOUT-0025-AGENT1,0,SCN-06-FANOUT-CASHOUT-0025-W1,0.0,-1,0,no_movement
SCN-06-FANOUT-CASHOUT-0025,fanout_cashout,train,SCN-06-FANOUT-CASHOUT-0025-NORMAL_A,0,SCN-06-FANOUT-CASHOUT-0025-W1,0.0,-1,0,no_movement
SCN-06-FANOUT-CASHOUT-0025,fanout_cashout,train,SCN-06-FANOUT-CASHOUT-0025-NORMAL_B,0,SCN-06-FANOUT-CASHOUT-0025-W1,0.0,-1,0,no_movement
SCN-06-FANOUT-CASHOUT-0025,fanout_cashout,train,SCN-06-FANOUT-CASHOUT-0025-NORMAL_C,0,SCN-06-FANOUT-CASHOUT-0025-W1,0.0,-1,0,no_movement
SCN-06-FANOUT-CASHOUT-0026,fanout_cashout,train,SCN-06-FANOUT-CASHOUT-0026-VICTIM,0,SCN-06-FANOUT-CASHOUT-0026-W1,0.0,-1,0,no_movement
SCN-06-FANOUT-CASHOUT-0026,fanout_cashout,train,SCN-06-FANOUT-CASHOUT-0026-W1,1,SCN-06-FANOUT-CASHOUT-0026-W1,12439.2,0,1,no_movement
SCN-06-FANOUT-CASHOUT-0026,fanout_cashout,train,SCN-06-FANOUT-CASHOUT-0026-W2,1,SCN-06-FANOUT-CASHOUT-0026-W1,4047.5,1,0,no_movement
SCN-06-FANOUT-CASHOUT-0026,fanout_cashout,train,SCN-06-FANOUT-CASHOUT-0026-W3,1,SCN-06-FANOUT-CASHOUT-0026-W1,16551.25,2,0,forward
SCN-06-FANOUT-CASHOUT-0026,fanout_cashout,train,SCN-06-FANOUT-CASHOUT-0026-W4,0,SCN-06-FANOUT-CASHOUT-0026-W1,0.0,-1,0,no_movement
SCN-06-FANOUT-CASHOUT-0026,fanout_cashout,train,SCN-06-FANOUT-CASHOUT-0026-AGENT1,0,SCN-06-FANOUT-CASHOUT-0026-W1,0.0,-1,0,no_movement
SCN-06-FANOUT-CASHOUT-0026,fanout_cashout,train,SCN-06-FANOUT-CASHOUT-0026-NORMAL_A,0,SCN-06-FANOUT-CASHOUT-0026-W1,0.0,-1,0,no_movement
SCN-06-FANOUT-CASHOUT-0026,fanout_cashout,train,SCN-06-FANOUT-CASHOUT-0026-NORMAL_B,0,SCN-06-FANOUT-CASHOUT-0026-W1,0.0,-1,0,no_movement
SCN-06-FANOUT-CASHOUT-0026,fanout_cashout,train,SCN-06-FANOUT-CASHOUT-0026-NORMAL_C,0,SCN-06-FANOUT-CASHOUT-0026-W1,0.0,-1,0,no_movement
SCN-06-FANOUT-CASHOUT-0027,fanout_cashout,test,SCN-06-FANOUT-CASHOUT-0027-VICTIM,0,SCN-06-FANOUT-CASHOUT-0027-W1,0.0,-1,0,no_movement
SCN-06-FANOUT-CASHOUT-0027,fanout_cashout,test,SCN-06-FANOUT-CASHOUT-0027-W1,1,SCN-06-FANOUT-CASHOUT-0027-W1,14043.03,0,1,no_movement
SCN-06-FANOUT-CASHOUT-0027,fanout_cashout,test,SCN-06-FANOUT-CASHOUT-0027-W2,1,SCN-06-FANOUT-CASHOUT-0027-W1,4591.77,1,0,no_movement
SCN-06-FANOUT-CASHOUT-0027,fanout_cashout,test,SCN-06-FANOUT-CASHOUT-0027-W3,1,SCN-06-FANOUT-CASHOUT-0027-W1,18671.4,2,0,forward
SCN-06-FANOUT-CASHOUT-0027,fanout_cashout,test,SCN-06-FANOUT-CASHOUT-0027-W4,0,SCN-06-FANOUT-CASHOUT-0027-W1,0.0,-1,0,no_movement
SCN-06-FANOUT-CASHOUT-0027,fanout_cashout,test,SCN-06-FANOUT-CASHOUT-0027-AGENT1,0,SCN-06-FANOUT-CASHOUT-0027-W1,0.0,-1,0,no_movement
SCN-06-FANOUT-CASHOUT-0027,fanout_cashout,test,SCN-06-FANOUT-CASHOUT-0027-NORMAL_A,0,SCN-06-FANOUT-CASHOUT-0027-W1,0.0,-1,0,no_movement
SCN-06-FANOUT-CASHOUT-0027,fanout_cashout,test,SCN-06-FANOUT-CASHOUT-0027-NORMAL_B,0,SCN-06-FANOUT-CASHOUT-0027-W1,0.0,-1,0,no_movement
SCN-06-FANOUT-CASHOUT-0027,fanout_cashout,test,SCN-06-FANOUT-CASHOUT-0027-NORMAL_C,0,SCN-06-FANOUT-CASHOUT-0027-W1,0.0,-1,0,no_movement
SCN-06-FANOUT-CASHOUT-0028,fanout_cashout,test,SCN-06-FANOUT-CASHOUT-0028-VICTIM,0,SCN-06-FANOUT-CASHOUT-0028-W1,0.0,-1,0,no_movement
SCN-06-FANOUT-CASHOUT-0028,fanout_cashout,test,SCN-06-FANOUT-CASHOUT-0028-W1,1,SCN-06-FANOUT-CASHOUT-0028-W1,11893.93,0,1,no_movement
SCN-06-FANOUT-CASHOUT-0028,fanout_cashout,test,SCN-06-FANOUT-CASHOUT-0028-W2,1,SCN-06-FANOUT-CASHOUT-0028-W1,3908.16,1,0,no_movement
SCN-06-FANOUT-CASHOUT-0028,fanout_cashout,test,SCN-06-FANOUT-CASHOUT-0028-W3,1,SCN-06-FANOUT-CASHOUT-0028-W1,15749.4,2,0,forward
SCN-06-FANOUT-CASHOUT-0028,fanout_cashout,test,SCN-06-FANOUT-CASHOUT-0028-W4,0,SCN-06-FANOUT-CASHOUT-0028-W1,0.0,-1,0,no_movement
SCN-06-FANOUT-CASHOUT-0028,fanout_cashout,test,SCN-06-FANOUT-CASHOUT-0028-AGENT1,0,SCN-06-FANOUT-CASHOUT-0028-W1,0.0,-1,0,no_movement
SCN-06-FANOUT-CASHOUT-0028,fanout_cashout,test,SCN-06-FANOUT-CASHOUT-0028-NORMAL_A,0,SCN-06-FANOUT-CASHOUT-0028-W1,0.0,-1,0,no_movement
SCN-06-FANOUT-CASHOUT-0028,fanout_cashout,test,SCN-06-FANOUT-CASHOUT-0028-NORMAL_B,0,SCN-06-FANOUT-CASHOUT-0028-W1,0.0,-1,0,no_movement
SCN-06-FANOUT-CASHOUT-0028,fanout_cashout,test,SCN-06-FANOUT-CASHOUT-0028-NORMAL_C,0,SCN-06-FANOUT-CASHOUT-0028-W1,0.0,-1,0,no_movement
SCN-06-FANOUT-CASHOUT-0029,fanout_cashout,validation,SCN-06-FANOUT-CASHOUT-0029-VICTIM,0,SCN-06-FANOUT-CASHOUT-0029-W1,0.0,-1,0,no_movement
SCN-06-FANOUT-CASHOUT-0029,fanout_cashout,validation,SCN-06-FANOUT-CASHOUT-0029-W1,1,SCN-06-FANOUT-CASHOUT-0029-W1,12324.57,0,1,no_movement
SCN-06-FANOUT-CASHOUT-0029,fanout_cashout,validation,SCN-06-FANOUT-CASHOUT-0029-W2,1,SCN-06-FANOUT-CASHOUT-0029-W1,4048.5,1,0,no_movement
SCN-06-FANOUT-CASHOUT-0029,fanout_cashout,validation,SCN-06-FANOUT-CASHOUT-0029-W3,1,SCN-06-FANOUT-CASHOUT-0029-W1,16261.05,2,0,forward
SCN-06-FANOUT-CASHOUT-0029,fanout_cashout,validation,SCN-06-FANOUT-CASHOUT-0029-W4,0,SCN-06-FANOUT-CASHOUT-0029-W1,0.0,-1,0,no_movement
SCN-06-FANOUT-CASHOUT-0029,fanout_cashout,validation,SCN-06-FANOUT-CASHOUT-0029-AGENT1,0,SCN-06-FANOUT-CASHOUT-0029-W1,0.0,-1,0,no_movement
SCN-06-FANOUT-CASHOUT-0029,fanout_cashout,validation,SCN-06-FANOUT-CASHOUT-0029-NORMAL_A,0,SCN-06-FANOUT-CASHOUT-0029-W1,0.0,-1,0,no_movement
SCN-06-FANOUT-CASHOUT-0029,fanout_cashout,validation,SCN-06-FANOUT-CASHOUT-0029-NORMAL_B,0,SCN-06-FANOUT-CASHOUT-0029-W1,0.0,-1,0,no_movement
SCN-06-FANOUT-CASHOUT-0029,fanout_cashout,validation,SCN-06-FANOUT-CASHOUT-0029-NORMAL_C,0,SCN-06-FANOUT-CASHOUT-0029-W1,0.0,-1,0,no_movement
SCN-06-FANOUT-CASHOUT-0030,fanout_cashout,train,SCN-06-FANOUT-CASHOUT-0030-VICTIM,0,SCN-06-FANOUT-CASHOUT-0030-W1,0.0,-1,0,no_movement
SCN-06-FANOUT-CASHOUT-0030,fanout_cashout,train,SCN-06-FANOUT-CASHOUT-0030-W1,1,SCN-06-FANOUT-CASHOUT-0030-W1,13826.14,0,1,no_movement
SCN-06-FANOUT-CASHOUT-0030,fanout_cashout,train,SCN-06-FANOUT-CASHOUT-0030-W2,1,SCN-06-FANOUT-CASHOUT-0030-W1,4493.64,1,0,no_movement
SCN-06-FANOUT-CASHOUT-0030,fanout_cashout,train,SCN-06-FANOUT-CASHOUT-0030-W3,1,SCN-06-FANOUT-CASHOUT-0030-W1,18348.19,2,0,forward
SCN-06-FANOUT-CASHOUT-0030,fanout_cashout,train,SCN-06-FANOUT-CASHOUT-0030-W4,0,SCN-06-FANOUT-CASHOUT-0030-W1,0.0,-1,0,no_movement
SCN-06-FANOUT-CASHOUT-0030,fanout_cashout,train,SCN-06-FANOUT-CASHOUT-0030-AGENT1,0,SCN-06-FANOUT-CASHOUT-0030-W1,0.0,-1,0,no_movement
SCN-06-FANOUT-CASHOUT-0030,fanout_cashout,train,SCN-06-FANOUT-CASHOUT-0030-NORMAL_A,0,SCN-06-FANOUT-CASHOUT-0030-W1,0.0,-1,0,no_movement
SCN-06-FANOUT-CASHOUT-0030,fanout_cashout,train,SCN-06-FANOUT-CASHOUT-0030-NORMAL_B,0,SCN-06-FANOUT-CASHOUT-0030-W1,0.0,-1,0,no_movement
SCN-06-FANOUT-CASHOUT-0030,fanout_cashout,train,SCN-06-FANOUT-CASHOUT-0030-NORMAL_C,0,SCN-06-FANOUT-CASHOUT-0030-W1,0.0,-1,0,no_movement
SCN-06-FANOUT-CASHOUT-0031,fanout_cashout,train,SCN-06-FANOUT-CASHOUT-0031-VICTIM,0,SCN-06-FANOUT-CASHOUT-0031-W1,0.0,-1,0,no_movement
SCN-06-FANOUT-CASHOUT-0031,fanout_cashout,train,SCN-06-FANOUT-CASHOUT-0031-W1,1,SCN-06-FANOUT-CASHOUT-0031-W1,16438.41,0,1,no_movement
SCN-06-FANOUT-CASHOUT-0031,fanout_cashout,train,SCN-06-FANOUT-CASHOUT-0031-W2,1,SCN-06-FANOUT-CASHOUT-0031-W1,5498.28,1,0,no_movement
SCN-06-FANOUT-CASHOUT-0031,fanout_cashout,train,SCN-06-FANOUT-CASHOUT-0031-W3,1,SCN-06-FANOUT-CASHOUT-0031-W1,21810.48,2,0,forward
SCN-06-FANOUT-CASHOUT-0031,fanout_cashout,train,SCN-06-FANOUT-CASHOUT-0031-W4,0,SCN-06-FANOUT-CASHOUT-0031-W1,0.0,-1,0,no_movement
SCN-06-FANOUT-CASHOUT-0031,fanout_cashout,train,SCN-06-FANOUT-CASHOUT-0031-AGENT1,0,SCN-06-FANOUT-CASHOUT-0031-W1,0.0,-1,0,no_movement
SCN-06-FANOUT-CASHOUT-0031,fanout_cashout,train,SCN-06-FANOUT-CASHOUT-0031-NORMAL_A,0,SCN-06-FANOUT-CASHOUT-0031-W1,0.0,-1,0,no_movement
SCN-06-FANOUT-CASHOUT-0031,fanout_cashout,train,SCN-06-FANOUT-CASHOUT-0031-NORMAL_B,0,SCN-06-FANOUT-CASHOUT-0031-W1,0.0,-1,0,no_movement
SCN-06-FANOUT-CASHOUT-0031,fanout_cashout,train,SCN-06-FANOUT-CASHOUT-0031-NORMAL_C,0,SCN-06-FANOUT-CASHOUT-0031-W1,0.0,-1,0,no_movement
SCN-06-FANOUT-CASHOUT-0032,fanout_cashout,train,SCN-06-FANOUT-CASHOUT-0032-VICTIM,0,SCN-06-FANOUT-CASHOUT-0032-W1,0.0,-1,0,no_movement
SCN-06-FANOUT-CASHOUT-0032,fanout_cashout,train,SCN-06-FANOUT-CASHOUT-0032-W1,1,SCN-06-FANOUT-CASHOUT-0032-W1,10913.8,0,1,no_movement
SCN-06-FANOUT-CASHOUT-0032,fanout_cashout,train,SCN-06-FANOUT-CASHOUT-0032-W2,1,SCN-06-FANOUT-CASHOUT-0032-W1,3637.44,1,0,no_movement
SCN-06-FANOUT-CASHOUT-0032,fanout_cashout,train,SCN-06-FANOUT-CASHOUT-0032-W3,1,SCN-06-FANOUT-CASHOUT-0032-W1,14446.79,2,0,forward
SCN-06-FANOUT-CASHOUT-0032,fanout_cashout,train,SCN-06-FANOUT-CASHOUT-0032-W4,0,SCN-06-FANOUT-CASHOUT-0032-W1,0.0,-1,0,no_movement
SCN-06-FANOUT-CASHOUT-0032,fanout_cashout,train,SCN-06-FANOUT-CASHOUT-0032-AGENT1,0,SCN-06-FANOUT-CASHOUT-0032-W1,0.0,-1,0,no_movement
SCN-06-FANOUT-CASHOUT-0032,fanout_cashout,train,SCN-06-FANOUT-CASHOUT-0032-NORMAL_A,0,SCN-06-FANOUT-CASHOUT-0032-W1,0.0,-1,0,no_movement
SCN-06-FANOUT-CASHOUT-0032,fanout_cashout,train,SCN-06-FANOUT-CASHOUT-0032-NORMAL_B,0,SCN-06-FANOUT-CASHOUT-0032-W1,0.0,-1,0,no_movement
SCN-06-FANOUT-CASHOUT-0032,fanout_cashout,train,SCN-06-FANOUT-CASHOUT-0032-NORMAL_C,0,SCN-06-FANOUT-CASHOUT-0032-W1,0.0,-1,0,no_movement
SCN-06-FANOUT-CASHOUT-0033,fanout_cashout,train,SCN-06-FANOUT-CASHOUT-0033-VICTIM,0,SCN-06-FANOUT-CASHOUT-0033-W1,0.0,-1,0,no_movement
SCN-06-FANOUT-CASHOUT-0033,fanout_cashout,train,SCN-06-FANOUT-CASHOUT-0033-W1,1,SCN-06-FANOUT-CASHOUT-0033-W1,15366.94,0,1,no_movement
SCN-06-FANOUT-CASHOUT-0033,fanout_cashout,train,SCN-06-FANOUT-CASHOUT-0033-W2,1,SCN-06-FANOUT-CASHOUT-0033-W1,5031.2,1,0,no_movement
SCN-06-FANOUT-CASHOUT-0033,fanout_cashout,train,SCN-06-FANOUT-CASHOUT-0033-W3,1,SCN-06-FANOUT-CASHOUT-0033-W1,20476.21,2,0,forward
SCN-06-FANOUT-CASHOUT-0033,fanout_cashout,train,SCN-06-FANOUT-CASHOUT-0033-W4,0,SCN-06-FANOUT-CASHOUT-0033-W1,0.0,-1,0,no_movement
SCN-06-FANOUT-CASHOUT-0033,fanout_cashout,train,SCN-06-FANOUT-CASHOUT-0033-AGENT1,0,SCN-06-FANOUT-CASHOUT-0033-W1,0.0,-1,0,no_movement
SCN-06-FANOUT-CASHOUT-0033,fanout_cashout,train,SCN-06-FANOUT-CASHOUT-0033-NORMAL_A,0,SCN-06-FANOUT-CASHOUT-0033-W1,0.0,-1,0,no_movement
SCN-06-FANOUT-CASHOUT-0033,fanout_cashout,train,SCN-06-FANOUT-CASHOUT-0033-NORMAL_B,0,SCN-06-FANOUT-CASHOUT-0033-W1,0.0,-1,0,no_movement
SCN-06-FANOUT-CASHOUT-0033,fanout_cashout,train,SCN-06-FANOUT-CASHOUT-0033-NORMAL_C,0,SCN-06-FANOUT-CASHOUT-0033-W1,0.0,-1,0,no_movement
SCN-06-FANOUT-CASHOUT-0034,fanout_cashout,train,SCN-06-FANOUT-CASHOUT-0034-VICTIM,0,SCN-06-FANOUT-CASHOUT-0034-W1,0.0,-1,0,no_movement
SCN-06-FANOUT-CASHOUT-0034,fanout_cashout,train,SCN-06-FANOUT-CASHOUT-0034-W1,1,SCN-06-FANOUT-CASHOUT-0034-W1,13355.34,0,1,no_movement
SCN-06-FANOUT-CASHOUT-0034,fanout_cashout,train,SCN-06-FANOUT-CASHOUT-0034-W2,1,SCN-06-FANOUT-CASHOUT-0034-W1,4354.72,1,0,no_movement
SCN-06-FANOUT-CASHOUT-0034,fanout_cashout,train,SCN-06-FANOUT-CASHOUT-0034-W3,1,SCN-06-FANOUT-CASHOUT-0034-W1,17778.19,2,0,forward
SCN-06-FANOUT-CASHOUT-0034,fanout_cashout,train,SCN-06-FANOUT-CASHOUT-0034-W4,0,SCN-06-FANOUT-CASHOUT-0034-W1,0.0,-1,0,no_movement
SCN-06-FANOUT-CASHOUT-0034,fanout_cashout,train,SCN-06-FANOUT-CASHOUT-0034-AGENT1,0,SCN-06-FANOUT-CASHOUT-0034-W1,0.0,-1,0,no_movement
SCN-06-FANOUT-CASHOUT-0034,fanout_cashout,train,SCN-06-FANOUT-CASHOUT-0034-NORMAL_A,0,SCN-06-FANOUT-CASHOUT-0034-W1,0.0,-1,0,no_movement
SCN-06-FANOUT-CASHOUT-0034,fanout_cashout,train,SCN-06-FANOUT-CASHOUT-0034-NORMAL_B,0,SCN-06-FANOUT-CASHOUT-0034-W1,0.0,-1,0,no_movement
SCN-06-FANOUT-CASHOUT-0034,fanout_cashout,train,SCN-06-FANOUT-CASHOUT-0034-NORMAL_C,0,SCN-06-FANOUT-CASHOUT-0034-W1,0.0,-1,0,no_movement
SCN-06-FANOUT-CASHOUT-0035,fanout_cashout,test,SCN-06-FANOUT-CASHOUT-0035-VICTIM,0,SCN-06-FANOUT-CASHOUT-0035-W1,0.0,-1,0,no_movement
SCN-06-FANOUT-CASHOUT-0035,fanout_cashout,test,SCN-06-FANOUT-CASHOUT-0035-W1,1,SCN-06-FANOUT-CASHOUT-0035-W1,9955.17,0,1,no_movement
SCN-06-FANOUT-CASHOUT-0035,fanout_cashout,test,SCN-06-FANOUT-CASHOUT-0035-W2,1,SCN-06-FANOUT-CASHOUT-0035-W1,3302.83,1,0,no_movement
SCN-06-FANOUT-CASHOUT-0035,fanout_cashout,test,SCN-06-FANOUT-CASHOUT-0035-W3,1,SCN-06-FANOUT-CASHOUT-0035-W1,13115.29,2,0,forward
SCN-06-FANOUT-CASHOUT-0035,fanout_cashout,test,SCN-06-FANOUT-CASHOUT-0035-W4,0,SCN-06-FANOUT-CASHOUT-0035-W1,0.0,-1,0,no_movement
SCN-06-FANOUT-CASHOUT-0035,fanout_cashout,test,SCN-06-FANOUT-CASHOUT-0035-AGENT1,0,SCN-06-FANOUT-CASHOUT-0035-W1,0.0,-1,0,no_movement
SCN-06-FANOUT-CASHOUT-0035,fanout_cashout,test,SCN-06-FANOUT-CASHOUT-0035-NORMAL_A,0,SCN-06-FANOUT-CASHOUT-0035-W1,0.0,-1,0,no_movement
SCN-06-FANOUT-CASHOUT-0035,fanout_cashout,test,SCN-06-FANOUT-CASHOUT-0035-NORMAL_B,0,SCN-06-FANOUT-CASHOUT-0035-W1,0.0,-1,0,no_movement
SCN-06-FANOUT-CASHOUT-0035,fanout_cashout,test,SCN-06-FANOUT-CASHOUT-0035-NORMAL_C,0,SCN-06-FANOUT-CASHOUT-0035-W1,0.0,-1,0,no_movement
SCN-06-FANOUT-CASHOUT-0036,fanout_cashout,train,SCN-06-FANOUT-CASHOUT-0036-VICTIM,0,SCN-06-FANOUT-CASHOUT-0036-W1,0.0,-1,0,no_movement
SCN-06-FANOUT-CASHOUT-0036,fanout_cashout,train,SCN-06-FANOUT-CASHOUT-0036-W1,1,SCN-06-FANOUT-CASHOUT-0036-W1,10618.88,0,1,no_movement
SCN-06-FANOUT-CASHOUT-0036,fanout_cashout,train,SCN-06-FANOUT-CASHOUT-0036-W2,1,SCN-06-FANOUT-CASHOUT-0036-W1,3472.05,1,0,no_movement
SCN-06-FANOUT-CASHOUT-0036,fanout_cashout,train,SCN-06-FANOUT-CASHOUT-0036-W3,1,SCN-06-FANOUT-CASHOUT-0036-W1,14016.56,2,0,forward
SCN-06-FANOUT-CASHOUT-0036,fanout_cashout,train,SCN-06-FANOUT-CASHOUT-0036-W4,0,SCN-06-FANOUT-CASHOUT-0036-W1,0.0,-1,0,no_movement
SCN-06-FANOUT-CASHOUT-0036,fanout_cashout,train,SCN-06-FANOUT-CASHOUT-0036-AGENT1,0,SCN-06-FANOUT-CASHOUT-0036-W1,0.0,-1,0,no_movement
SCN-06-FANOUT-CASHOUT-0036,fanout_cashout,train,SCN-06-FANOUT-CASHOUT-0036-NORMAL_A,0,SCN-06-FANOUT-CASHOUT-0036-W1,0.0,-1,0,no_movement
SCN-06-FANOUT-CASHOUT-0036,fanout_cashout,train,SCN-06-FANOUT-CASHOUT-0036-NORMAL_B,0,SCN-06-FANOUT-CASHOUT-0036-W1,0.0,-1,0,no_movement
SCN-06-FANOUT-CASHOUT-0036,fanout_cashout,train,SCN-06-FANOUT-CASHOUT-0036-NORMAL_C,0,SCN-06-FANOUT-CASHOUT-0036-W1,0.0,-1,0,no_movement
SCN-06-FANOUT-CASHOUT-0037,fanout_cashout,train,SCN-06-FANOUT-CASHOUT-0037-VICTIM,0,SCN-06-FANOUT-CASHOUT-0037-W1,0.0,-1,0,no_movement
SCN-06-FANOUT-CASHOUT-0037,fanout_cashout,train,SCN-06-FANOUT-CASHOUT-0037-W1,1,SCN-06-FANOUT-CASHOUT-0037-W1,11855.15,0,1,no_movement
SCN-06-FANOUT-CASHOUT-0037,fanout_cashout,train,SCN-06-FANOUT-CASHOUT-0037-W2,1,SCN-06-FANOUT-CASHOUT-0037-W1,3856.76,1,0,no_movement
SCN-06-FANOUT-CASHOUT-0037,fanout_cashout,train,SCN-06-FANOUT-CASHOUT-0037-W3,1,SCN-06-FANOUT-CASHOUT-0037-W1,15710.72,2,0,forward
SCN-06-FANOUT-CASHOUT-0037,fanout_cashout,train,SCN-06-FANOUT-CASHOUT-0037-W4,0,SCN-06-FANOUT-CASHOUT-0037-W1,0.0,-1,0,no_movement
SCN-06-FANOUT-CASHOUT-0037,fanout_cashout,train,SCN-06-FANOUT-CASHOUT-0037-AGENT1,0,SCN-06-FANOUT-CASHOUT-0037-W1,0.0,-1,0,no_movement
SCN-06-FANOUT-CASHOUT-0037,fanout_cashout,train,SCN-06-FANOUT-CASHOUT-0037-NORMAL_A,0,SCN-06-FANOUT-CASHOUT-0037-W1,0.0,-1,0,no_movement
SCN-06-FANOUT-CASHOUT-0037,fanout_cashout,train,SCN-06-FANOUT-CASHOUT-0037-NORMAL_B,0,SCN-06-FANOUT-CASHOUT-0037-W1,0.0,-1,0,no_movement
SCN-06-FANOUT-CASHOUT-0037,fanout_cashout,train,SCN-06-FANOUT-CASHOUT-0037-NORMAL_C,0,SCN-06-FANOUT-CASHOUT-0037-W1,0.0,-1,0,no_movement
SCN-06-FANOUT-CASHOUT-0038,fanout_cashout,test,SCN-06-FANOUT-CASHOUT-0038-VICTIM,0,SCN-06-FANOUT-CASHOUT-0038-W1,0.0,-1,0,no_movement
SCN-06-FANOUT-CASHOUT-0038,fanout_cashout,test,SCN-06-FANOUT-CASHOUT-0038-W1,1,SCN-06-FANOUT-CASHOUT-0038-W1,11051.41,0,1,no_movement
SCN-06-FANOUT-CASHOUT-0038,fanout_cashout,test,SCN-06-FANOUT-CASHOUT-0038-W2,1,SCN-06-FANOUT-CASHOUT-0038-W1,3701.21,1,0,no_movement
SCN-06-FANOUT-CASHOUT-0038,fanout_cashout,test,SCN-06-FANOUT-CASHOUT-0038-W3,1,SCN-06-FANOUT-CASHOUT-0038-W1,14559.79,2,0,forward
SCN-06-FANOUT-CASHOUT-0038,fanout_cashout,test,SCN-06-FANOUT-CASHOUT-0038-W4,0,SCN-06-FANOUT-CASHOUT-0038-W1,0.0,-1,0,no_movement
SCN-06-FANOUT-CASHOUT-0038,fanout_cashout,test,SCN-06-FANOUT-CASHOUT-0038-AGENT1,0,SCN-06-FANOUT-CASHOUT-0038-W1,0.0,-1,0,no_movement
SCN-06-FANOUT-CASHOUT-0038,fanout_cashout,test,SCN-06-FANOUT-CASHOUT-0038-NORMAL_A,0,SCN-06-FANOUT-CASHOUT-0038-W1,0.0,-1,0,no_movement
SCN-06-FANOUT-CASHOUT-0038,fanout_cashout,test,SCN-06-FANOUT-CASHOUT-0038-NORMAL_B,0,SCN-06-FANOUT-CASHOUT-0038-W1,0.0,-1,0,no_movement
SCN-06-FANOUT-CASHOUT-0038,fanout_cashout,test,SCN-06-FANOUT-CASHOUT-0038-NORMAL_C,0,SCN-06-FANOUT-CASHOUT-0038-W1,0.0,-1,0,no_movement
SCN-06-FANOUT-CASHOUT-0039,fanout_cashout,validation,SCN-06-FANOUT-CASHOUT-0039-VICTIM,0,SCN-06-FANOUT-CASHOUT-0039-W1,0.0,-1,0,no_movement
SCN-06-FANOUT-CASHOUT-0039,fanout_cashout,validation,SCN-06-FANOUT-CASHOUT-0039-W1,1,SCN-06-FANOUT-CASHOUT-0039-W1,16315.42,0,1,no_movement
SCN-06-FANOUT-CASHOUT-0039,fanout_cashout,validation,SCN-06-FANOUT-CASHOUT-0039-W2,1,SCN-06-FANOUT-CASHOUT-0039-W1,5436.58,1,0,no_movement
SCN-06-FANOUT-CASHOUT-0039,fanout_cashout,validation,SCN-06-FANOUT-CASHOUT-0039-W3,1,SCN-06-FANOUT-CASHOUT-0039-W1,21464.44,2,0,forward
SCN-06-FANOUT-CASHOUT-0039,fanout_cashout,validation,SCN-06-FANOUT-CASHOUT-0039-W4,0,SCN-06-FANOUT-CASHOUT-0039-W1,0.0,-1,0,no_movement
SCN-06-FANOUT-CASHOUT-0039,fanout_cashout,validation,SCN-06-FANOUT-CASHOUT-0039-AGENT1,0,SCN-06-FANOUT-CASHOUT-0039-W1,0.0,-1,0,no_movement
SCN-06-FANOUT-CASHOUT-0039,fanout_cashout,validation,SCN-06-FANOUT-CASHOUT-0039-NORMAL_A,0,SCN-06-FANOUT-CASHOUT-0039-W1,0.0,-1,0,no_movement
SCN-06-FANOUT-CASHOUT-0039,fanout_cashout,validation,SCN-06-FANOUT-CASHOUT-0039-NORMAL_B,0,SCN-06-FANOUT-CASHOUT-0039-W1,0.0,-1,0,no_movement
SCN-06-FANOUT-CASHOUT-0039,fanout_cashout,validation,SCN-06-FANOUT-CASHOUT-0039-NORMAL_C,0,SCN-06-FANOUT-CASHOUT-0039-W1,0.0,-1,0,no_movement
SCN-06-FANOUT-CASHOUT-0040,fanout_cashout,train,SCN-06-FANOUT-CASHOUT-0040-VICTIM,0,SCN-06-FANOUT-CASHOUT-0040-W1,0.0,-1,0,no_movement
SCN-06-FANOUT-CASHOUT-0040,fanout_cashout,train,SCN-06-FANOUT-CASHOUT-0040-W1,1,SCN-06-FANOUT-CASHOUT-0040-W1,10297.28,0,1,no_movement
SCN-06-FANOUT-CASHOUT-0040,fanout_cashout,train,SCN-06-FANOUT-CASHOUT-0040-W2,1,SCN-06-FANOUT-CASHOUT-0040-W1,3420.11,1,0,no_movement
SCN-06-FANOUT-CASHOUT-0040,fanout_cashout,train,SCN-06-FANOUT-CASHOUT-0040-W3,1,SCN-06-FANOUT-CASHOUT-0040-W1,13626.02,2,0,forward
SCN-06-FANOUT-CASHOUT-0040,fanout_cashout,train,SCN-06-FANOUT-CASHOUT-0040-W4,0,SCN-06-FANOUT-CASHOUT-0040-W1,0.0,-1,0,no_movement
SCN-06-FANOUT-CASHOUT-0040,fanout_cashout,train,SCN-06-FANOUT-CASHOUT-0040-AGENT1,0,SCN-06-FANOUT-CASHOUT-0040-W1,0.0,-1,0,no_movement
SCN-06-FANOUT-CASHOUT-0040,fanout_cashout,train,SCN-06-FANOUT-CASHOUT-0040-NORMAL_A,0,SCN-06-FANOUT-CASHOUT-0040-W1,0.0,-1,0,no_movement
SCN-06-FANOUT-CASHOUT-0040,fanout_cashout,train,SCN-06-FANOUT-CASHOUT-0040-NORMAL_B,0,SCN-06-FANOUT-CASHOUT-0040-W1,0.0,-1,0,no_movement
SCN-06-FANOUT-CASHOUT-0040,fanout_cashout,train,SCN-06-FANOUT-CASHOUT-0040-NORMAL_C,0,SCN-06-FANOUT-CASHOUT-0040-W1,0.0,-1,0,no_movement
SCN-06-FANOUT-CASHOUT-0041,fanout_cashout,validation,SCN-06-FANOUT-CASHOUT-0041-VICTIM,0,SCN-06-FANOUT-CASHOUT-0041-W1,0.0,-1,0,no_movement
SCN-06-FANOUT-CASHOUT-0041,fanout_cashout,validation,SCN-06-FANOUT-CASHOUT-0041-W1,1,SCN-06-FANOUT-CASHOUT-0041-W1,12314.0,0,1,no_movement
SCN-06-FANOUT-CASHOUT-0041,fanout_cashout,validation,SCN-06-FANOUT-CASHOUT-0041-W2,1,SCN-06-FANOUT-CASHOUT-0041-W1,4130.35,1,0,no_movement
SCN-06-FANOUT-CASHOUT-0041,fanout_cashout,validation,SCN-06-FANOUT-CASHOUT-0041-W3,1,SCN-06-FANOUT-CASHOUT-0041-W1,16176.11,2,0,forward
SCN-06-FANOUT-CASHOUT-0041,fanout_cashout,validation,SCN-06-FANOUT-CASHOUT-0041-W4,0,SCN-06-FANOUT-CASHOUT-0041-W1,0.0,-1,0,no_movement
SCN-06-FANOUT-CASHOUT-0041,fanout_cashout,validation,SCN-06-FANOUT-CASHOUT-0041-AGENT1,0,SCN-06-FANOUT-CASHOUT-0041-W1,0.0,-1,0,no_movement
SCN-06-FANOUT-CASHOUT-0041,fanout_cashout,validation,SCN-06-FANOUT-CASHOUT-0041-NORMAL_A,0,SCN-06-FANOUT-CASHOUT-0041-W1,0.0,-1,0,no_movement
SCN-06-FANOUT-CASHOUT-0041,fanout_cashout,validation,SCN-06-FANOUT-CASHOUT-0041-NORMAL_B,0,SCN-06-FANOUT-CASHOUT-0041-W1,0.0,-1,0,no_movement
SCN-06-FANOUT-CASHOUT-0041,fanout_cashout,validation,SCN-06-FANOUT-CASHOUT-0041-NORMAL_C,0,SCN-06-FANOUT-CASHOUT-0041-W1,0.0,-1,0,no_movement
SCN-06-FANOUT-CASHOUT-0042,fanout_cashout,train,SCN-06-FANOUT-CASHOUT-0042-VICTIM,0,SCN-06-FANOUT-CASHOUT-0042-W1,0.0,-1,0,no_movement
SCN-06-FANOUT-CASHOUT-0042,fanout_cashout,train,SCN-06-FANOUT-CASHOUT-0042-W1,1,SCN-06-FANOUT-CASHOUT-0042-W1,10232.56,0,1,no_movement
SCN-06-FANOUT-CASHOUT-0042,fanout_cashout,train,SCN-06-FANOUT-CASHOUT-0042-W2,1,SCN-06-FANOUT-CASHOUT-0042-W1,3400.6,1,0,no_movement
SCN-06-FANOUT-CASHOUT-0042,fanout_cashout,train,SCN-06-FANOUT-CASHOUT-0042-W3,1,SCN-06-FANOUT-CASHOUT-0042-W1,13495.66,2,0,forward
SCN-06-FANOUT-CASHOUT-0042,fanout_cashout,train,SCN-06-FANOUT-CASHOUT-0042-W4,0,SCN-06-FANOUT-CASHOUT-0042-W1,0.0,-1,0,no_movement
SCN-06-FANOUT-CASHOUT-0042,fanout_cashout,train,SCN-06-FANOUT-CASHOUT-0042-AGENT1,0,SCN-06-FANOUT-CASHOUT-0042-W1,0.0,-1,0,no_movement
SCN-06-FANOUT-CASHOUT-0042,fanout_cashout,train,SCN-06-FANOUT-CASHOUT-0042-NORMAL_A,0,SCN-06-FANOUT-CASHOUT-0042-W1,0.0,-1,0,no_movement
SCN-06-FANOUT-CASHOUT-0042,fanout_cashout,train,SCN-06-FANOUT-CASHOUT-0042-NORMAL_B,0,SCN-06-FANOUT-CASHOUT-0042-W1,0.0,-1,0,no_movement
SCN-06-FANOUT-CASHOUT-0042,fanout_cashout,train,SCN-06-FANOUT-CASHOUT-0042-NORMAL_C,0,SCN-06-FANOUT-CASHOUT-0042-W1,0.0,-1,0,no_movement
SCN-06-FANOUT-CASHOUT-0043,fanout_cashout,test,SCN-06-FANOUT-CASHOUT-0043-VICTIM,0,SCN-06-FANOUT-CASHOUT-0043-W1,0.0,-1,0,no_movement
SCN-06-FANOUT-CASHOUT-0043,fanout_cashout,test,SCN-06-FANOUT-CASHOUT-0043-W1,1,SCN-06-FANOUT-CASHOUT-0043-W1,14362.81,0,1,no_movement
SCN-06-FANOUT-CASHOUT-0043,fanout_cashout,test,SCN-06-FANOUT-CASHOUT-0043-W2,1,SCN-06-FANOUT-CASHOUT-0043-W1,4674.0,1,0,no_movement
SCN-06-FANOUT-CASHOUT-0043,fanout_cashout,test,SCN-06-FANOUT-CASHOUT-0043-W3,1,SCN-06-FANOUT-CASHOUT-0043-W1,19040.12,2,0,forward
SCN-06-FANOUT-CASHOUT-0043,fanout_cashout,test,SCN-06-FANOUT-CASHOUT-0043-W4,0,SCN-06-FANOUT-CASHOUT-0043-W1,0.0,-1,0,no_movement
SCN-06-FANOUT-CASHOUT-0043,fanout_cashout,test,SCN-06-FANOUT-CASHOUT-0043-AGENT1,0,SCN-06-FANOUT-CASHOUT-0043-W1,0.0,-1,0,no_movement
SCN-06-FANOUT-CASHOUT-0043,fanout_cashout,test,SCN-06-FANOUT-CASHOUT-0043-NORMAL_A,0,SCN-06-FANOUT-CASHOUT-0043-W1,0.0,-1,0,no_movement
SCN-06-FANOUT-CASHOUT-0043,fanout_cashout,test,SCN-06-FANOUT-CASHOUT-0043-NORMAL_B,0,SCN-06-FANOUT-CASHOUT-0043-W1,0.0,-1,0,no_movement
SCN-06-FANOUT-CASHOUT-0043,fanout_cashout,test,SCN-06-FANOUT-CASHOUT-0043-NORMAL_C,0,SCN-06-FANOUT-CASHOUT-0043-W1,0.0,-1,0,no_movement
SCN-06-FANOUT-CASHOUT-0044,fanout_cashout,train,SCN-06-FANOUT-CASHOUT-0044-VICTIM,0,SCN-06-FANOUT-CASHOUT-0044-W1,0.0,-1,0,no_movement
SCN-06-FANOUT-CASHOUT-0044,fanout_cashout,train,SCN-06-FANOUT-CASHOUT-0044-W1,1,SCN-06-FANOUT-CASHOUT-0044-W1,12499.35,0,1,no_movement
SCN-06-FANOUT-CASHOUT-0044,fanout_cashout,train,SCN-06-FANOUT-CASHOUT-0044-W2,1,SCN-06-FANOUT-CASHOUT-0044-W1,4051.77,1,0,no_movement
SCN-06-FANOUT-CASHOUT-0044,fanout_cashout,train,SCN-06-FANOUT-CASHOUT-0044-W3,1,SCN-06-FANOUT-CASHOUT-0044-W1,16534.56,2,0,forward
SCN-06-FANOUT-CASHOUT-0044,fanout_cashout,train,SCN-06-FANOUT-CASHOUT-0044-W4,0,SCN-06-FANOUT-CASHOUT-0044-W1,0.0,-1,0,no_movement
SCN-06-FANOUT-CASHOUT-0044,fanout_cashout,train,SCN-06-FANOUT-CASHOUT-0044-AGENT1,0,SCN-06-FANOUT-CASHOUT-0044-W1,0.0,-1,0,no_movement
SCN-06-FANOUT-CASHOUT-0044,fanout_cashout,train,SCN-06-FANOUT-CASHOUT-0044-NORMAL_A,0,SCN-06-FANOUT-CASHOUT-0044-W1,0.0,-1,0,no_movement
SCN-06-FANOUT-CASHOUT-0044,fanout_cashout,train,SCN-06-FANOUT-CASHOUT-0044-NORMAL_B,0,SCN-06-FANOUT-CASHOUT-0044-W1,0.0,-1,0,no_movement
SCN-06-FANOUT-CASHOUT-0044,fanout_cashout,train,SCN-06-FANOUT-CASHOUT-0044-NORMAL_C,0,SCN-06-FANOUT-CASHOUT-0044-W1,0.0,-1,0,no_movement
SCN-06-FANOUT-CASHOUT-0045,fanout_cashout,train,SCN-06-FANOUT-CASHOUT-0045-VICTIM,0,SCN-06-FANOUT-CASHOUT-0045-W1,0.0,-1,0,no_movement
SCN-06-FANOUT-CASHOUT-0045,fanout_cashout,train,SCN-06-FANOUT-CASHOUT-0045-W1,1,SCN-06-FANOUT-CASHOUT-0045-W1,15634.81,0,1,no_movement
SCN-06-FANOUT-CASHOUT-0045,fanout_cashout,train,SCN-06-FANOUT-CASHOUT-0045-W2,1,SCN-06-FANOUT-CASHOUT-0045-W1,5271.46,1,0,no_movement
SCN-06-FANOUT-CASHOUT-0045,fanout_cashout,train,SCN-06-FANOUT-CASHOUT-0045-W3,1,SCN-06-FANOUT-CASHOUT-0045-W1,20652.92,2,0,forward
SCN-06-FANOUT-CASHOUT-0045,fanout_cashout,train,SCN-06-FANOUT-CASHOUT-0045-W4,0,SCN-06-FANOUT-CASHOUT-0045-W1,0.0,-1,0,no_movement
SCN-06-FANOUT-CASHOUT-0045,fanout_cashout,train,SCN-06-FANOUT-CASHOUT-0045-AGENT1,0,SCN-06-FANOUT-CASHOUT-0045-W1,0.0,-1,0,no_movement
SCN-06-FANOUT-CASHOUT-0045,fanout_cashout,train,SCN-06-FANOUT-CASHOUT-0045-NORMAL_A,0,SCN-06-FANOUT-CASHOUT-0045-W1,0.0,-1,0,no_movement
SCN-06-FANOUT-CASHOUT-0045,fanout_cashout,train,SCN-06-FANOUT-CASHOUT-0045-NORMAL_B,0,SCN-06-FANOUT-CASHOUT-0045-W1,0.0,-1,0,no_movement
SCN-06-FANOUT-CASHOUT-0045,fanout_cashout,train,SCN-06-FANOUT-CASHOUT-0045-NORMAL_C,0,SCN-06-FANOUT-CASHOUT-0045-W1,0.0,-1,0,no_movement
SCN-06-FANOUT-CASHOUT-0046,fanout_cashout,train,SCN-06-FANOUT-CASHOUT-0046-VICTIM,0,SCN-06-FANOUT-CASHOUT-0046-W1,0.0,-1,0,no_movement
SCN-06-FANOUT-CASHOUT-0046,fanout_cashout,train,SCN-06-FANOUT-CASHOUT-0046-W1,1,SCN-06-FANOUT-CASHOUT-0046-W1,11465.6,0,1,no_movement
SCN-06-FANOUT-CASHOUT-0046,fanout_cashout,train,SCN-06-FANOUT-CASHOUT-0046-W2,1,SCN-06-FANOUT-CASHOUT-0046-W1,3842.95,1,0,no_movement
SCN-06-FANOUT-CASHOUT-0046,fanout_cashout,train,SCN-06-FANOUT-CASHOUT-0046-W3,1,SCN-06-FANOUT-CASHOUT-0046-W1,15130.5,2,0,forward
SCN-06-FANOUT-CASHOUT-0046,fanout_cashout,train,SCN-06-FANOUT-CASHOUT-0046-W4,0,SCN-06-FANOUT-CASHOUT-0046-W1,0.0,-1,0,no_movement
SCN-06-FANOUT-CASHOUT-0046,fanout_cashout,train,SCN-06-FANOUT-CASHOUT-0046-AGENT1,0,SCN-06-FANOUT-CASHOUT-0046-W1,0.0,-1,0,no_movement
SCN-06-FANOUT-CASHOUT-0046,fanout_cashout,train,SCN-06-FANOUT-CASHOUT-0046-NORMAL_A,0,SCN-06-FANOUT-CASHOUT-0046-W1,0.0,-1,0,no_movement
SCN-06-FANOUT-CASHOUT-0046,fanout_cashout,train,SCN-06-FANOUT-CASHOUT-0046-NORMAL_B,0,SCN-06-FANOUT-CASHOUT-0046-W1,0.0,-1,0,no_movement
SCN-06-FANOUT-CASHOUT-0046,fanout_cashout,train,SCN-06-FANOUT-CASHOUT-0046-NORMAL_C,0,SCN-06-FANOUT-CASHOUT-0046-W1,0.0,-1,0,no_movement
SCN-06-FANOUT-CASHOUT-0047,fanout_cashout,train,SCN-06-FANOUT-CASHOUT-0047-VICTIM,0,SCN-06-FANOUT-CASHOUT-0047-W1,0.0,-1,0,no_movement
SCN-06-FANOUT-CASHOUT-0047,fanout_cashout,train,SCN-06-FANOUT-CASHOUT-0047-W1,1,SCN-06-FANOUT-CASHOUT-0047-W1,10558.41,0,1,no_movement
SCN-06-FANOUT-CASHOUT-0047,fanout_cashout,train,SCN-06-FANOUT-CASHOUT-0047-W2,1,SCN-06-FANOUT-CASHOUT-0047-W1,3457.42,1,0,no_movement
SCN-06-FANOUT-CASHOUT-0047,fanout_cashout,train,SCN-06-FANOUT-CASHOUT-0047-W3,1,SCN-06-FANOUT-CASHOUT-0047-W1,14087.5,2,0,forward
SCN-06-FANOUT-CASHOUT-0047,fanout_cashout,train,SCN-06-FANOUT-CASHOUT-0047-W4,0,SCN-06-FANOUT-CASHOUT-0047-W1,0.0,-1,0,no_movement
SCN-06-FANOUT-CASHOUT-0047,fanout_cashout,train,SCN-06-FANOUT-CASHOUT-0047-AGENT1,0,SCN-06-FANOUT-CASHOUT-0047-W1,0.0,-1,0,no_movement
SCN-06-FANOUT-CASHOUT-0047,fanout_cashout,train,SCN-06-FANOUT-CASHOUT-0047-NORMAL_A,0,SCN-06-FANOUT-CASHOUT-0047-W1,0.0,-1,0,no_movement
SCN-06-FANOUT-CASHOUT-0047,fanout_cashout,train,SCN-06-FANOUT-CASHOUT-0047-NORMAL_B,0,SCN-06-FANOUT-CASHOUT-0047-W1,0.0,-1,0,no_movement
SCN-06-FANOUT-CASHOUT-0047,fanout_cashout,train,SCN-06-FANOUT-CASHOUT-0047-NORMAL_C,0,SCN-06-FANOUT-CASHOUT-0047-W1,0.0,-1,0,no_movement
SCN-06-FANOUT-CASHOUT-0048,fanout_cashout,train,SCN-06-FANOUT-CASHOUT-0048-VICTIM,0,SCN-06-FANOUT-CASHOUT-0048-W1,0.0,-1,0,no_movement
SCN-06-FANOUT-CASHOUT-0048,fanout_cashout,train,SCN-06-FANOUT-CASHOUT-0048-W1,1,SCN-06-FANOUT-CASHOUT-0048-W1,11273.07,0,1,no_movement
SCN-06-FANOUT-CASHOUT-0048,fanout_cashout,train,SCN-06-FANOUT-CASHOUT-0048-W2,1,SCN-06-FANOUT-CASHOUT-0048-W1,3674.09,1,0,no_movement
SCN-06-FANOUT-CASHOUT-0048,fanout_cashout,train,SCN-06-FANOUT-CASHOUT-0048-W3,1,SCN-06-FANOUT-CASHOUT-0048-W1,14995.03,2,0,forward
SCN-06-FANOUT-CASHOUT-0048,fanout_cashout,train,SCN-06-FANOUT-CASHOUT-0048-W4,0,SCN-06-FANOUT-CASHOUT-0048-W1,0.0,-1,0,no_movement
SCN-06-FANOUT-CASHOUT-0048,fanout_cashout,train,SCN-06-FANOUT-CASHOUT-0048-AGENT1,0,SCN-06-FANOUT-CASHOUT-0048-W1,0.0,-1,0,no_movement
SCN-06-FANOUT-CASHOUT-0048,fanout_cashout,train,SCN-06-FANOUT-CASHOUT-0048-NORMAL_A,0,SCN-06-FANOUT-CASHOUT-0048-W1,0.0,-1,0,no_movement
SCN-06-FANOUT-CASHOUT-0048,fanout_cashout,train,SCN-06-FANOUT-CASHOUT-0048-NORMAL_B,0,SCN-06-FANOUT-CASHOUT-0048-W1,0.0,-1,0,no_movement
SCN-06-FANOUT-CASHOUT-0048,fanout_cashout,train,SCN-06-FANOUT-CASHOUT-0048-NORMAL_C,0,SCN-06-FANOUT-CASHOUT-0048-W1,0.0,-1,0,no_movement
SCN-06-FANOUT-CASHOUT-0049,fanout_cashout,train,SCN-06-FANOUT-CASHOUT-0049-VICTIM,0,SCN-06-FANOUT-CASHOUT-0049-W1,0.0,-1,0,no_movement
SCN-06-FANOUT-CASHOUT-0049,fanout_cashout,train,SCN-06-FANOUT-CASHOUT-0049-W1,1,SCN-06-FANOUT-CASHOUT-0049-W1,13009.08,0,1,no_movement
SCN-06-FANOUT-CASHOUT-0049,fanout_cashout,train,SCN-06-FANOUT-CASHOUT-0049-W2,1,SCN-06-FANOUT-CASHOUT-0049-W1,4358.13,1,0,no_movement
SCN-06-FANOUT-CASHOUT-0049,fanout_cashout,train,SCN-06-FANOUT-CASHOUT-0049-W3,1,SCN-06-FANOUT-CASHOUT-0049-W1,17236.42,2,0,forward
SCN-06-FANOUT-CASHOUT-0049,fanout_cashout,train,SCN-06-FANOUT-CASHOUT-0049-W4,0,SCN-06-FANOUT-CASHOUT-0049-W1,0.0,-1,0,no_movement
SCN-06-FANOUT-CASHOUT-0049,fanout_cashout,train,SCN-06-FANOUT-CASHOUT-0049-AGENT1,0,SCN-06-FANOUT-CASHOUT-0049-W1,0.0,-1,0,no_movement
SCN-06-FANOUT-CASHOUT-0049,fanout_cashout,train,SCN-06-FANOUT-CASHOUT-0049-NORMAL_A,0,SCN-06-FANOUT-CASHOUT-0049-W1,0.0,-1,0,no_movement
SCN-06-FANOUT-CASHOUT-0049,fanout_cashout,train,SCN-06-FANOUT-CASHOUT-0049-NORMAL_B,0,SCN-06-FANOUT-CASHOUT-0049-W1,0.0,-1,0,no_movement
SCN-06-FANOUT-CASHOUT-0049,fanout_cashout,train,SCN-06-FANOUT-CASHOUT-0049-NORMAL_C,0,SCN-06-FANOUT-CASHOUT-0049-W1,0.0,-1,0,no_movement
SCN-06-FANOUT-CASHOUT-0050,fanout_cashout,train,SCN-06-FANOUT-CASHOUT-0050-VICTIM,0,SCN-06-FANOUT-CASHOUT-0050-W1,0.0,-1,0,no_movement
SCN-06-FANOUT-CASHOUT-0050,fanout_cashout,train,SCN-06-FANOUT-CASHOUT-0050-W1,1,SCN-06-FANOUT-CASHOUT-0050-W1,11810.01,0,1,no_movement
SCN-06-FANOUT-CASHOUT-0050,fanout_cashout,train,SCN-06-FANOUT-CASHOUT-0050-W2,1,SCN-06-FANOUT-CASHOUT-0050-W1,3876.3,1,0,no_movement
SCN-06-FANOUT-CASHOUT-0050,fanout_cashout,train,SCN-06-FANOUT-CASHOUT-0050-W3,1,SCN-06-FANOUT-CASHOUT-0050-W1,15739.37,2,0,forward
SCN-06-FANOUT-CASHOUT-0050,fanout_cashout,train,SCN-06-FANOUT-CASHOUT-0050-W4,0,SCN-06-FANOUT-CASHOUT-0050-W1,0.0,-1,0,no_movement
SCN-06-FANOUT-CASHOUT-0050,fanout_cashout,train,SCN-06-FANOUT-CASHOUT-0050-AGENT1,0,SCN-06-FANOUT-CASHOUT-0050-W1,0.0,-1,0,no_movement
SCN-06-FANOUT-CASHOUT-0050,fanout_cashout,train,SCN-06-FANOUT-CASHOUT-0050-NORMAL_A,0,SCN-06-FANOUT-CASHOUT-0050-W1,0.0,-1,0,no_movement
SCN-06-FANOUT-CASHOUT-0050,fanout_cashout,train,SCN-06-FANOUT-CASHOUT-0050-NORMAL_B,0,SCN-06-FANOUT-CASHOUT-0050-W1,0.0,-1,0,no_movement
SCN-06-FANOUT-CASHOUT-0050,fanout_cashout,train,SCN-06-FANOUT-CASHOUT-0050-NORMAL_C,0,SCN-06-FANOUT-CASHOUT-0050-W1,0.0,-1,0,no_movement
SCN-06-FANOUT-CASHOUT-0051,fanout_cashout,train,SCN-06-FANOUT-CASHOUT-0051-VICTIM,0,SCN-06-FANOUT-CASHOUT-0051-W1,0.0,-1,0,no_movement
SCN-06-FANOUT-CASHOUT-0051,fanout_cashout,train,SCN-06-FANOUT-CASHOUT-0051-W1,1,SCN-06-FANOUT-CASHOUT-0051-W1,13943.94,0,1,no_movement
SCN-06-FANOUT-CASHOUT-0051,fanout_cashout,train,SCN-06-FANOUT-CASHOUT-0051-W2,1,SCN-06-FANOUT-CASHOUT-0051-W1,4609.9,1,0,no_movement
SCN-06-FANOUT-CASHOUT-0051,fanout_cashout,train,SCN-06-FANOUT-CASHOUT-0051-W3,1,SCN-06-FANOUT-CASHOUT-0051-W1,18476.54,2,0,forward
SCN-06-FANOUT-CASHOUT-0051,fanout_cashout,train,SCN-06-FANOUT-CASHOUT-0051-W4,0,SCN-06-FANOUT-CASHOUT-0051-W1,0.0,-1,0,no_movement
SCN-06-FANOUT-CASHOUT-0051,fanout_cashout,train,SCN-06-FANOUT-CASHOUT-0051-AGENT1,0,SCN-06-FANOUT-CASHOUT-0051-W1,0.0,-1,0,no_movement
SCN-06-FANOUT-CASHOUT-0051,fanout_cashout,train,SCN-06-FANOUT-CASHOUT-0051-NORMAL_A,0,SCN-06-FANOUT-CASHOUT-0051-W1,0.0,-1,0,no_movement
SCN-06-FANOUT-CASHOUT-0051,fanout_cashout,train,SCN-06-FANOUT-CASHOUT-0051-NORMAL_B,0,SCN-06-FANOUT-CASHOUT-0051-W1,0.0,-1,0,no_movement
SCN-06-FANOUT-CASHOUT-0051,fanout_cashout,train,SCN-06-FANOUT-CASHOUT-0051-NORMAL_C,0,SCN-06-FANOUT-CASHOUT-0051-W1,0.0,-1,0,no_movement
SCN-06-FANOUT-CASHOUT-0052,fanout_cashout,train,SCN-06-FANOUT-CASHOUT-0052-VICTIM,0,SCN-06-FANOUT-CASHOUT-0052-W1,0.0,-1,0,no_movement
SCN-06-FANOUT-CASHOUT-0052,fanout_cashout,train,SCN-06-FANOUT-CASHOUT-0052-W1,1,SCN-06-FANOUT-CASHOUT-0052-W1,16069.99,0,1,no_movement
SCN-06-FANOUT-CASHOUT-0052,fanout_cashout,train,SCN-06-FANOUT-CASHOUT-0052-W2,1,SCN-06-FANOUT-CASHOUT-0052-W1,5293.96,1,0,no_movement
SCN-06-FANOUT-CASHOUT-0052,fanout_cashout,train,SCN-06-FANOUT-CASHOUT-0052-W3,1,SCN-06-FANOUT-CASHOUT-0052-W1,21222.45,2,0,forward
SCN-06-FANOUT-CASHOUT-0052,fanout_cashout,train,SCN-06-FANOUT-CASHOUT-0052-W4,0,SCN-06-FANOUT-CASHOUT-0052-W1,0.0,-1,0,no_movement
SCN-06-FANOUT-CASHOUT-0052,fanout_cashout,train,SCN-06-FANOUT-CASHOUT-0052-AGENT1,0,SCN-06-FANOUT-CASHOUT-0052-W1,0.0,-1,0,no_movement
SCN-06-FANOUT-CASHOUT-0052,fanout_cashout,train,SCN-06-FANOUT-CASHOUT-0052-NORMAL_A,0,SCN-06-FANOUT-CASHOUT-0052-W1,0.0,-1,0,no_movement
SCN-06-FANOUT-CASHOUT-0052,fanout_cashout,train,SCN-06-FANOUT-CASHOUT-0052-NORMAL_B,0,SCN-06-FANOUT-CASHOUT-0052-W1,0.0,-1,0,no_movement
SCN-06-FANOUT-CASHOUT-0052,fanout_cashout,train,SCN-06-FANOUT-CASHOUT-0052-NORMAL_C,0,SCN-06-FANOUT-CASHOUT-0052-W1,0.0,-1,0,no_movement
SCN-06-FANOUT-CASHOUT-0053,fanout_cashout,validation,SCN-06-FANOUT-CASHOUT-0053-VICTIM,0,SCN-06-FANOUT-CASHOUT-0053-W1,0.0,-1,0,no_movement
SCN-06-FANOUT-CASHOUT-0053,fanout_cashout,validation,SCN-06-FANOUT-CASHOUT-0053-W1,1,SCN-06-FANOUT-CASHOUT-0053-W1,13451.31,0,1,no_movement
SCN-06-FANOUT-CASHOUT-0053,fanout_cashout,validation,SCN-06-FANOUT-CASHOUT-0053-W2,1,SCN-06-FANOUT-CASHOUT-0053-W1,4434.04,1,0,no_movement
SCN-06-FANOUT-CASHOUT-0053,fanout_cashout,validation,SCN-06-FANOUT-CASHOUT-0053-W3,1,SCN-06-FANOUT-CASHOUT-0053-W1,17748.75,2,0,forward
SCN-06-FANOUT-CASHOUT-0053,fanout_cashout,validation,SCN-06-FANOUT-CASHOUT-0053-W4,0,SCN-06-FANOUT-CASHOUT-0053-W1,0.0,-1,0,no_movement
SCN-06-FANOUT-CASHOUT-0053,fanout_cashout,validation,SCN-06-FANOUT-CASHOUT-0053-AGENT1,0,SCN-06-FANOUT-CASHOUT-0053-W1,0.0,-1,0,no_movement
SCN-06-FANOUT-CASHOUT-0053,fanout_cashout,validation,SCN-06-FANOUT-CASHOUT-0053-NORMAL_A,0,SCN-06-FANOUT-CASHOUT-0053-W1,0.0,-1,0,no_movement
SCN-06-FANOUT-CASHOUT-0053,fanout_cashout,validation,SCN-06-FANOUT-CASHOUT-0053-NORMAL_B,0,SCN-06-FANOUT-CASHOUT-0053-W1,0.0,-1,0,no_movement
SCN-06-FANOUT-CASHOUT-0053,fanout_cashout,validation,SCN-06-FANOUT-CASHOUT-0053-NORMAL_C,0,SCN-06-FANOUT-CASHOUT-0053-W1,0.0,-1,0,no_movement
SCN-06-FANOUT-CASHOUT-0054,fanout_cashout,train,SCN-06-FANOUT-CASHOUT-0054-VICTIM,0,SCN-06-FANOUT-CASHOUT-0054-W1,0.0,-1,0,no_movement
SCN-06-FANOUT-CASHOUT-0054,fanout_cashout,train,SCN-06-FANOUT-CASHOUT-0054-W1,1,SCN-06-FANOUT-CASHOUT-0054-W1,14753.93,0,1,no_movement
SCN-06-FANOUT-CASHOUT-0054,fanout_cashout,train,SCN-06-FANOUT-CASHOUT-0054-W2,1,SCN-06-FANOUT-CASHOUT-0054-W1,4942.81,1,0,no_movement
SCN-06-FANOUT-CASHOUT-0054,fanout_cashout,train,SCN-06-FANOUT-CASHOUT-0054-W3,1,SCN-06-FANOUT-CASHOUT-0054-W1,19440.02,2,0,forward
SCN-06-FANOUT-CASHOUT-0054,fanout_cashout,train,SCN-06-FANOUT-CASHOUT-0054-W4,0,SCN-06-FANOUT-CASHOUT-0054-W1,0.0,-1,0,no_movement
SCN-06-FANOUT-CASHOUT-0054,fanout_cashout,train,SCN-06-FANOUT-CASHOUT-0054-AGENT1,0,SCN-06-FANOUT-CASHOUT-0054-W1,0.0,-1,0,no_movement
SCN-06-FANOUT-CASHOUT-0054,fanout_cashout,train,SCN-06-FANOUT-CASHOUT-0054-NORMAL_A,0,SCN-06-FANOUT-CASHOUT-0054-W1,0.0,-1,0,no_movement
SCN-06-FANOUT-CASHOUT-0054,fanout_cashout,train,SCN-06-FANOUT-CASHOUT-0054-NORMAL_B,0,SCN-06-FANOUT-CASHOUT-0054-W1,0.0,-1,0,no_movement
SCN-06-FANOUT-CASHOUT-0054,fanout_cashout,train,SCN-06-FANOUT-CASHOUT-0054-NORMAL_C,0,SCN-06-FANOUT-CASHOUT-0054-W1,0.0,-1,0,no_movement
SCN-06-FANOUT-CASHOUT-0055,fanout_cashout,validation,SCN-06-FANOUT-CASHOUT-0055-VICTIM,0,SCN-06-FANOUT-CASHOUT-0055-W1,0.0,-1,0,no_movement
SCN-06-FANOUT-CASHOUT-0055,fanout_cashout,validation,SCN-06-FANOUT-CASHOUT-0055-W1,1,SCN-06-FANOUT-CASHOUT-0055-W1,15001.12,0,1,no_movement
SCN-06-FANOUT-CASHOUT-0055,fanout_cashout,validation,SCN-06-FANOUT-CASHOUT-0055-W2,1,SCN-06-FANOUT-CASHOUT-0055-W1,4934.03,1,0,no_movement
SCN-06-FANOUT-CASHOUT-0055,fanout_cashout,validation,SCN-06-FANOUT-CASHOUT-0055-W3,1,SCN-06-FANOUT-CASHOUT-0055-W1,19775.9,2,0,forward
SCN-06-FANOUT-CASHOUT-0055,fanout_cashout,validation,SCN-06-FANOUT-CASHOUT-0055-W4,0,SCN-06-FANOUT-CASHOUT-0055-W1,0.0,-1,0,no_movement
SCN-06-FANOUT-CASHOUT-0055,fanout_cashout,validation,SCN-06-FANOUT-CASHOUT-0055-AGENT1,0,SCN-06-FANOUT-CASHOUT-0055-W1,0.0,-1,0,no_movement
SCN-06-FANOUT-CASHOUT-0055,fanout_cashout,validation,SCN-06-FANOUT-CASHOUT-0055-NORMAL_A,0,SCN-06-FANOUT-CASHOUT-0055-W1,0.0,-1,0,no_movement
SCN-06-FANOUT-CASHOUT-0055,fanout_cashout,validation,SCN-06-FANOUT-CASHOUT-0055-NORMAL_B,0,SCN-06-FANOUT-CASHOUT-0055-W1,0.0,-1,0,no_movement
SCN-06-FANOUT-CASHOUT-0055,fanout_cashout,validation,SCN-06-FANOUT-CASHOUT-0055-NORMAL_C,0,SCN-06-FANOUT-CASHOUT-0055-W1,0.0,-1,0,no_movement
SCN-06-FANOUT-CASHOUT-0056,fanout_cashout,train,SCN-06-FANOUT-CASHOUT-0056-VICTIM,0,SCN-06-FANOUT-CASHOUT-0056-W1,0.0,-1,0,no_movement
SCN-06-FANOUT-CASHOUT-0056,fanout_cashout,train,SCN-06-FANOUT-CASHOUT-0056-W1,1,SCN-06-FANOUT-CASHOUT-0056-W1,11908.42,0,1,no_movement
SCN-06-FANOUT-CASHOUT-0056,fanout_cashout,train,SCN-06-FANOUT-CASHOUT-0056-W2,1,SCN-06-FANOUT-CASHOUT-0056-W1,3992.76,1,0,no_movement
SCN-06-FANOUT-CASHOUT-0056,fanout_cashout,train,SCN-06-FANOUT-CASHOUT-0056-W3,1,SCN-06-FANOUT-CASHOUT-0056-W1,15667.15,2,0,forward
SCN-06-FANOUT-CASHOUT-0056,fanout_cashout,train,SCN-06-FANOUT-CASHOUT-0056-W4,0,SCN-06-FANOUT-CASHOUT-0056-W1,0.0,-1,0,no_movement
SCN-06-FANOUT-CASHOUT-0056,fanout_cashout,train,SCN-06-FANOUT-CASHOUT-0056-AGENT1,0,SCN-06-FANOUT-CASHOUT-0056-W1,0.0,-1,0,no_movement
SCN-06-FANOUT-CASHOUT-0056,fanout_cashout,train,SCN-06-FANOUT-CASHOUT-0056-NORMAL_A,0,SCN-06-FANOUT-CASHOUT-0056-W1,0.0,-1,0,no_movement
SCN-06-FANOUT-CASHOUT-0056,fanout_cashout,train,SCN-06-FANOUT-CASHOUT-0056-NORMAL_B,0,SCN-06-FANOUT-CASHOUT-0056-W1,0.0,-1,0,no_movement
SCN-06-FANOUT-CASHOUT-0056,fanout_cashout,train,SCN-06-FANOUT-CASHOUT-0056-NORMAL_C,0,SCN-06-FANOUT-CASHOUT-0056-W1,0.0,-1,0,no_movement
SCN-06-FANOUT-CASHOUT-0057,fanout_cashout,train,SCN-06-FANOUT-CASHOUT-0057-VICTIM,0,SCN-06-FANOUT-CASHOUT-0057-W1,0.0,-1,0,no_movement
SCN-06-FANOUT-CASHOUT-0057,fanout_cashout,train,SCN-06-FANOUT-CASHOUT-0057-W1,1,SCN-06-FANOUT-CASHOUT-0057-W1,12209.46,0,1,no_movement
SCN-06-FANOUT-CASHOUT-0057,fanout_cashout,train,SCN-06-FANOUT-CASHOUT-0057-W2,1,SCN-06-FANOUT-CASHOUT-0057-W1,4099.01,1,0,no_movement
SCN-06-FANOUT-CASHOUT-0057,fanout_cashout,train,SCN-06-FANOUT-CASHOUT-0057-W3,1,SCN-06-FANOUT-CASHOUT-0057-W1,16070.88,2,0,forward
SCN-06-FANOUT-CASHOUT-0057,fanout_cashout,train,SCN-06-FANOUT-CASHOUT-0057-W4,0,SCN-06-FANOUT-CASHOUT-0057-W1,0.0,-1,0,no_movement
SCN-06-FANOUT-CASHOUT-0057,fanout_cashout,train,SCN-06-FANOUT-CASHOUT-0057-AGENT1,0,SCN-06-FANOUT-CASHOUT-0057-W1,0.0,-1,0,no_movement
SCN-06-FANOUT-CASHOUT-0057,fanout_cashout,train,SCN-06-FANOUT-CASHOUT-0057-NORMAL_A,0,SCN-06-FANOUT-CASHOUT-0057-W1,0.0,-1,0,no_movement
SCN-06-FANOUT-CASHOUT-0057,fanout_cashout,train,SCN-06-FANOUT-CASHOUT-0057-NORMAL_B,0,SCN-06-FANOUT-CASHOUT-0057-W1,0.0,-1,0,no_movement
SCN-06-FANOUT-CASHOUT-0057,fanout_cashout,train,SCN-06-FANOUT-CASHOUT-0057-NORMAL_C,0,SCN-06-FANOUT-CASHOUT-0057-W1,0.0,-1,0,no_movement
SCN-06-FANOUT-CASHOUT-0058,fanout_cashout,test,SCN-06-FANOUT-CASHOUT-0058-VICTIM,0,SCN-06-FANOUT-CASHOUT-0058-W1,0.0,-1,0,no_movement
SCN-06-FANOUT-CASHOUT-0058,fanout_cashout,test,SCN-06-FANOUT-CASHOUT-0058-W1,1,SCN-06-FANOUT-CASHOUT-0058-W1,12256.66,0,1,no_movement
SCN-06-FANOUT-CASHOUT-0058,fanout_cashout,test,SCN-06-FANOUT-CASHOUT-0058-W2,1,SCN-06-FANOUT-CASHOUT-0058-W1,4037.84,1,0,no_movement
SCN-06-FANOUT-CASHOUT-0058,fanout_cashout,test,SCN-06-FANOUT-CASHOUT-0058-W3,1,SCN-06-FANOUT-CASHOUT-0058-W1,16207.74,2,0,forward
SCN-06-FANOUT-CASHOUT-0058,fanout_cashout,test,SCN-06-FANOUT-CASHOUT-0058-W4,0,SCN-06-FANOUT-CASHOUT-0058-W1,0.0,-1,0,no_movement
SCN-06-FANOUT-CASHOUT-0058,fanout_cashout,test,SCN-06-FANOUT-CASHOUT-0058-AGENT1,0,SCN-06-FANOUT-CASHOUT-0058-W1,0.0,-1,0,no_movement
SCN-06-FANOUT-CASHOUT-0058,fanout_cashout,test,SCN-06-FANOUT-CASHOUT-0058-NORMAL_A,0,SCN-06-FANOUT-CASHOUT-0058-W1,0.0,-1,0,no_movement
SCN-06-FANOUT-CASHOUT-0058,fanout_cashout,test,SCN-06-FANOUT-CASHOUT-0058-NORMAL_B,0,SCN-06-FANOUT-CASHOUT-0058-W1,0.0,-1,0,no_movement
SCN-06-FANOUT-CASHOUT-0058,fanout_cashout,test,SCN-06-FANOUT-CASHOUT-0058-NORMAL_C,0,SCN-06-FANOUT-CASHOUT-0058-W1,0.0,-1,0,no_movement
SCN-06-FANOUT-CASHOUT-0059,fanout_cashout,train,SCN-06-FANOUT-CASHOUT-0059-VICTIM,0,SCN-06-FANOUT-CASHOUT-0059-W1,0.0,-1,0,no_movement
SCN-06-FANOUT-CASHOUT-0059,fanout_cashout,train,SCN-06-FANOUT-CASHOUT-0059-W1,1,SCN-06-FANOUT-CASHOUT-0059-W1,15223.66,0,1,no_movement
SCN-06-FANOUT-CASHOUT-0059,fanout_cashout,train,SCN-06-FANOUT-CASHOUT-0059-W2,1,SCN-06-FANOUT-CASHOUT-0059-W1,5081.93,1,0,no_movement
SCN-06-FANOUT-CASHOUT-0059,fanout_cashout,train,SCN-06-FANOUT-CASHOUT-0059-W3,1,SCN-06-FANOUT-CASHOUT-0059-W1,20179.06,2,0,forward
SCN-06-FANOUT-CASHOUT-0059,fanout_cashout,train,SCN-06-FANOUT-CASHOUT-0059-W4,0,SCN-06-FANOUT-CASHOUT-0059-W1,0.0,-1,0,no_movement
SCN-06-FANOUT-CASHOUT-0059,fanout_cashout,train,SCN-06-FANOUT-CASHOUT-0059-AGENT1,0,SCN-06-FANOUT-CASHOUT-0059-W1,0.0,-1,0,no_movement
SCN-06-FANOUT-CASHOUT-0059,fanout_cashout,train,SCN-06-FANOUT-CASHOUT-0059-NORMAL_A,0,SCN-06-FANOUT-CASHOUT-0059-W1,0.0,-1,0,no_movement
SCN-06-FANOUT-CASHOUT-0059,fanout_cashout,train,SCN-06-FANOUT-CASHOUT-0059-NORMAL_B,0,SCN-06-FANOUT-CASHOUT-0059-W1,0.0,-1,0,no_movement
SCN-06-FANOUT-CASHOUT-0059,fanout_cashout,train,SCN-06-FANOUT-CASHOUT-0059-NORMAL_C,0,SCN-06-FANOUT-CASHOUT-0059-W1,0.0,-1,0,no_movement
SCN-06-FANOUT-CASHOUT-0060,fanout_cashout,train,SCN-06-FANOUT-CASHOUT-0060-VICTIM,0,SCN-06-FANOUT-CASHOUT-0060-W1,0.0,-1,0,no_movement
SCN-06-FANOUT-CASHOUT-0060,fanout_cashout,train,SCN-06-FANOUT-CASHOUT-0060-W1,1,SCN-06-FANOUT-CASHOUT-0060-W1,11556.37,0,1,no_movement
SCN-06-FANOUT-CASHOUT-0060,fanout_cashout,train,SCN-06-FANOUT-CASHOUT-0060-W2,1,SCN-06-FANOUT-CASHOUT-0060-W1,3864.46,1,0,no_movement
SCN-06-FANOUT-CASHOUT-0060,fanout_cashout,train,SCN-06-FANOUT-CASHOUT-0060-W3,1,SCN-06-FANOUT-CASHOUT-0060-W1,15286.08,2,0,forward
SCN-06-FANOUT-CASHOUT-0060,fanout_cashout,train,SCN-06-FANOUT-CASHOUT-0060-W4,0,SCN-06-FANOUT-CASHOUT-0060-W1,0.0,-1,0,no_movement
SCN-06-FANOUT-CASHOUT-0060,fanout_cashout,train,SCN-06-FANOUT-CASHOUT-0060-AGENT1,0,SCN-06-FANOUT-CASHOUT-0060-W1,0.0,-1,0,no_movement
SCN-06-FANOUT-CASHOUT-0060,fanout_cashout,train,SCN-06-FANOUT-CASHOUT-0060-NORMAL_A,0,SCN-06-FANOUT-CASHOUT-0060-W1,0.0,-1,0,no_movement
SCN-06-FANOUT-CASHOUT-0060,fanout_cashout,train,SCN-06-FANOUT-CASHOUT-0060-NORMAL_B,0,SCN-06-FANOUT-CASHOUT-0060-W1,0.0,-1,0,no_movement
SCN-06-FANOUT-CASHOUT-0060,fanout_cashout,train,SCN-06-FANOUT-CASHOUT-0060-NORMAL_C,0,SCN-06-FANOUT-CASHOUT-0060-W1,0.0,-1,0,no_movement
SCN-06-FANOUT-CASHOUT-0061,fanout_cashout,test,SCN-06-FANOUT-CASHOUT-0061-VICTIM,0,SCN-06-FANOUT-CASHOUT-0061-W1,0.0,-1,0,no_movement
SCN-06-FANOUT-CASHOUT-0061,fanout_cashout,test,SCN-06-FANOUT-CASHOUT-0061-W1,1,SCN-06-FANOUT-CASHOUT-0061-W1,14810.01,0,1,no_movement
SCN-06-FANOUT-CASHOUT-0061,fanout_cashout,test,SCN-06-FANOUT-CASHOUT-0061-W2,1,SCN-06-FANOUT-CASHOUT-0061-W1,4850.94,1,0,no_movement
SCN-06-FANOUT-CASHOUT-0061,fanout_cashout,test,SCN-06-FANOUT-CASHOUT-0061-W3,1,SCN-06-FANOUT-CASHOUT-0061-W1,19632.62,2,0,forward
SCN-06-FANOUT-CASHOUT-0061,fanout_cashout,test,SCN-06-FANOUT-CASHOUT-0061-W4,0,SCN-06-FANOUT-CASHOUT-0061-W1,0.0,-1,0,no_movement
SCN-06-FANOUT-CASHOUT-0061,fanout_cashout,test,SCN-06-FANOUT-CASHOUT-0061-AGENT1,0,SCN-06-FANOUT-CASHOUT-0061-W1,0.0,-1,0,no_movement
SCN-06-FANOUT-CASHOUT-0061,fanout_cashout,test,SCN-06-FANOUT-CASHOUT-0061-NORMAL_A,0,SCN-06-FANOUT-CASHOUT-0061-W1,0.0,-1,0,no_movement
SCN-06-FANOUT-CASHOUT-0061,fanout_cashout,test,SCN-06-FANOUT-CASHOUT-0061-NORMAL_B,0,SCN-06-FANOUT-CASHOUT-0061-W1,0.0,-1,0,no_movement
SCN-06-FANOUT-CASHOUT-0061,fanout_cashout,test,SCN-06-FANOUT-CASHOUT-0061-NORMAL_C,0,SCN-06-FANOUT-CASHOUT-0061-W1,0.0,-1,0,no_movement
SCN-06-FANOUT-CASHOUT-0062,fanout_cashout,train,SCN-06-FANOUT-CASHOUT-0062-VICTIM,0,SCN-06-FANOUT-CASHOUT-0062-W1,0.0,-1,0,no_movement
SCN-06-FANOUT-CASHOUT-0062,fanout_cashout,train,SCN-06-FANOUT-CASHOUT-0062-W1,1,SCN-06-FANOUT-CASHOUT-0062-W1,16090.16,0,1,no_movement
SCN-06-FANOUT-CASHOUT-0062,fanout_cashout,train,SCN-06-FANOUT-CASHOUT-0062-W2,1,SCN-06-FANOUT-CASHOUT-0062-W1,5264.97,1,0,no_movement
SCN-06-FANOUT-CASHOUT-0062,fanout_cashout,train,SCN-06-FANOUT-CASHOUT-0062-W3,1,SCN-06-FANOUT-CASHOUT-0062-W1,21236.86,2,0,forward
SCN-06-FANOUT-CASHOUT-0062,fanout_cashout,train,SCN-06-FANOUT-CASHOUT-0062-W4,0,SCN-06-FANOUT-CASHOUT-0062-W1,0.0,-1,0,no_movement
SCN-06-FANOUT-CASHOUT-0062,fanout_cashout,train,SCN-06-FANOUT-CASHOUT-0062-AGENT1,0,SCN-06-FANOUT-CASHOUT-0062-W1,0.0,-1,0,no_movement
SCN-06-FANOUT-CASHOUT-0062,fanout_cashout,train,SCN-06-FANOUT-CASHOUT-0062-NORMAL_A,0,SCN-06-FANOUT-CASHOUT-0062-W1,0.0,-1,0,no_movement
SCN-06-FANOUT-CASHOUT-0062,fanout_cashout,train,SCN-06-FANOUT-CASHOUT-0062-NORMAL_B,0,SCN-06-FANOUT-CASHOUT-0062-W1,0.0,-1,0,no_movement
SCN-06-FANOUT-CASHOUT-0062,fanout_cashout,train,SCN-06-FANOUT-CASHOUT-0062-NORMAL_C,0,SCN-06-FANOUT-CASHOUT-0062-W1,0.0,-1,0,no_movement
SCN-06-FANOUT-CASHOUT-0063,fanout_cashout,train,SCN-06-FANOUT-CASHOUT-0063-VICTIM,0,SCN-06-FANOUT-CASHOUT-0063-W1,0.0,-1,0,no_movement
SCN-06-FANOUT-CASHOUT-0063,fanout_cashout,train,SCN-06-FANOUT-CASHOUT-0063-W1,1,SCN-06-FANOUT-CASHOUT-0063-W1,15118.49,0,1,no_movement
SCN-06-FANOUT-CASHOUT-0063,fanout_cashout,train,SCN-06-FANOUT-CASHOUT-0063-W2,1,SCN-06-FANOUT-CASHOUT-0063-W1,5019.67,1,0,no_movement
SCN-06-FANOUT-CASHOUT-0063,fanout_cashout,train,SCN-06-FANOUT-CASHOUT-0063-W3,1,SCN-06-FANOUT-CASHOUT-0063-W1,19896.42,2,0,forward
SCN-06-FANOUT-CASHOUT-0063,fanout_cashout,train,SCN-06-FANOUT-CASHOUT-0063-W4,0,SCN-06-FANOUT-CASHOUT-0063-W1,0.0,-1,0,no_movement
SCN-06-FANOUT-CASHOUT-0063,fanout_cashout,train,SCN-06-FANOUT-CASHOUT-0063-AGENT1,0,SCN-06-FANOUT-CASHOUT-0063-W1,0.0,-1,0,no_movement
SCN-06-FANOUT-CASHOUT-0063,fanout_cashout,train,SCN-06-FANOUT-CASHOUT-0063-NORMAL_A,0,SCN-06-FANOUT-CASHOUT-0063-W1,0.0,-1,0,no_movement
SCN-06-FANOUT-CASHOUT-0063,fanout_cashout,train,SCN-06-FANOUT-CASHOUT-0063-NORMAL_B,0,SCN-06-FANOUT-CASHOUT-0063-W1,0.0,-1,0,no_movement
SCN-06-FANOUT-CASHOUT-0063,fanout_cashout,train,SCN-06-FANOUT-CASHOUT-0063-NORMAL_C,0,SCN-06-FANOUT-CASHOUT-0063-W1,0.0,-1,0,no_movement
SCN-06-FANOUT-CASHOUT-0064,fanout_cashout,train,SCN-06-FANOUT-CASHOUT-0064-VICTIM,0,SCN-06-FANOUT-CASHOUT-0064-W1,0.0,-1,0,no_movement
SCN-06-FANOUT-CASHOUT-0064,fanout_cashout,train,SCN-06-FANOUT-CASHOUT-0064-W1,1,SCN-06-FANOUT-CASHOUT-0064-W1,15013.65,0,1,no_movement
SCN-06-FANOUT-CASHOUT-0064,fanout_cashout,train,SCN-06-FANOUT-CASHOUT-0064-W2,1,SCN-06-FANOUT-CASHOUT-0064-W1,5014.81,1,0,no_movement
SCN-06-FANOUT-CASHOUT-0064,fanout_cashout,train,SCN-06-FANOUT-CASHOUT-0064-W3,1,SCN-06-FANOUT-CASHOUT-0064-W1,19893.18,2,0,forward
SCN-06-FANOUT-CASHOUT-0064,fanout_cashout,train,SCN-06-FANOUT-CASHOUT-0064-W4,0,SCN-06-FANOUT-CASHOUT-0064-W1,0.0,-1,0,no_movement
SCN-06-FANOUT-CASHOUT-0064,fanout_cashout,train,SCN-06-FANOUT-CASHOUT-0064-AGENT1,0,SCN-06-FANOUT-CASHOUT-0064-W1,0.0,-1,0,no_movement
SCN-06-FANOUT-CASHOUT-0064,fanout_cashout,train,SCN-06-FANOUT-CASHOUT-0064-NORMAL_A,0,SCN-06-FANOUT-CASHOUT-0064-W1,0.0,-1,0,no_movement
SCN-06-FANOUT-CASHOUT-0064,fanout_cashout,train,SCN-06-FANOUT-CASHOUT-0064-NORMAL_B,0,SCN-06-FANOUT-CASHOUT-0064-W1,0.0,-1,0,no_movement
SCN-06-FANOUT-CASHOUT-0064,fanout_cashout,train,SCN-06-FANOUT-CASHOUT-0064-NORMAL_C,0,SCN-06-FANOUT-CASHOUT-0064-W1,0.0,-1,0,no_movement
SCN-06-FANOUT-CASHOUT-0065,fanout_cashout,train,SCN-06-FANOUT-CASHOUT-0065-VICTIM,0,SCN-06-FANOUT-CASHOUT-0065-W1,0.0,-1,0,no_movement
SCN-06-FANOUT-CASHOUT-0065,fanout_cashout,train,SCN-06-FANOUT-CASHOUT-0065-W1,1,SCN-06-FANOUT-CASHOUT-0065-W1,12754.91,0,1,no_movement
SCN-06-FANOUT-CASHOUT-0065,fanout_cashout,train,SCN-06-FANOUT-CASHOUT-0065-W2,1,SCN-06-FANOUT-CASHOUT-0065-W1,4179.84,1,0,no_movement
SCN-06-FANOUT-CASHOUT-0065,fanout_cashout,train,SCN-06-FANOUT-CASHOUT-0065-W3,1,SCN-06-FANOUT-CASHOUT-0065-W1,16903.4,2,0,forward
SCN-06-FANOUT-CASHOUT-0065,fanout_cashout,train,SCN-06-FANOUT-CASHOUT-0065-W4,0,SCN-06-FANOUT-CASHOUT-0065-W1,0.0,-1,0,no_movement
SCN-06-FANOUT-CASHOUT-0065,fanout_cashout,train,SCN-06-FANOUT-CASHOUT-0065-AGENT1,0,SCN-06-FANOUT-CASHOUT-0065-W1,0.0,-1,0,no_movement
SCN-06-FANOUT-CASHOUT-0065,fanout_cashout,train,SCN-06-FANOUT-CASHOUT-0065-NORMAL_A,0,SCN-06-FANOUT-CASHOUT-0065-W1,0.0,-1,0,no_movement
SCN-06-FANOUT-CASHOUT-0065,fanout_cashout,train,SCN-06-FANOUT-CASHOUT-0065-NORMAL_B,0,SCN-06-FANOUT-CASHOUT-0065-W1,0.0,-1,0,no_movement
SCN-06-FANOUT-CASHOUT-0065,fanout_cashout,train,SCN-06-FANOUT-CASHOUT-0065-NORMAL_C,0,SCN-06-FANOUT-CASHOUT-0065-W1,0.0,-1,0,no_movement
SCN-06-FANOUT-CASHOUT-0066,fanout_cashout,train,SCN-06-FANOUT-CASHOUT-0066-VICTIM,0,SCN-06-FANOUT-CASHOUT-0066-W1,0.0,-1,0,no_movement
SCN-06-FANOUT-CASHOUT-0066,fanout_cashout,train,SCN-06-FANOUT-CASHOUT-0066-W1,1,SCN-06-FANOUT-CASHOUT-0066-W1,12057.33,0,1,no_movement
SCN-06-FANOUT-CASHOUT-0066,fanout_cashout,train,SCN-06-FANOUT-CASHOUT-0066-W2,1,SCN-06-FANOUT-CASHOUT-0066-W1,4007.3,1,0,no_movement
SCN-06-FANOUT-CASHOUT-0066,fanout_cashout,train,SCN-06-FANOUT-CASHOUT-0066-W3,1,SCN-06-FANOUT-CASHOUT-0066-W1,15916.64,2,0,forward
SCN-06-FANOUT-CASHOUT-0066,fanout_cashout,train,SCN-06-FANOUT-CASHOUT-0066-W4,0,SCN-06-FANOUT-CASHOUT-0066-W1,0.0,-1,0,no_movement
SCN-06-FANOUT-CASHOUT-0066,fanout_cashout,train,SCN-06-FANOUT-CASHOUT-0066-AGENT1,0,SCN-06-FANOUT-CASHOUT-0066-W1,0.0,-1,0,no_movement
SCN-06-FANOUT-CASHOUT-0066,fanout_cashout,train,SCN-06-FANOUT-CASHOUT-0066-NORMAL_A,0,SCN-06-FANOUT-CASHOUT-0066-W1,0.0,-1,0,no_movement
SCN-06-FANOUT-CASHOUT-0066,fanout_cashout,train,SCN-06-FANOUT-CASHOUT-0066-NORMAL_B,0,SCN-06-FANOUT-CASHOUT-0066-W1,0.0,-1,0,no_movement
SCN-06-FANOUT-CASHOUT-0066,fanout_cashout,train,SCN-06-FANOUT-CASHOUT-0066-NORMAL_C,0,SCN-06-FANOUT-CASHOUT-0066-W1,0.0,-1,0,no_movement
SCN-06-FANOUT-CASHOUT-0067,fanout_cashout,validation,SCN-06-FANOUT-CASHOUT-0067-VICTIM,0,SCN-06-FANOUT-CASHOUT-0067-W1,0.0,-1,0,no_movement
SCN-06-FANOUT-CASHOUT-0067,fanout_cashout,validation,SCN-06-FANOUT-CASHOUT-0067-W1,1,SCN-06-FANOUT-CASHOUT-0067-W1,11982.42,0,1,no_movement
SCN-06-FANOUT-CASHOUT-0067,fanout_cashout,validation,SCN-06-FANOUT-CASHOUT-0067-W2,1,SCN-06-FANOUT-CASHOUT-0067-W1,3979.22,1,0,no_movement
SCN-06-FANOUT-CASHOUT-0067,fanout_cashout,validation,SCN-06-FANOUT-CASHOUT-0067-W3,1,SCN-06-FANOUT-CASHOUT-0067-W1,15917.83,2,0,forward
SCN-06-FANOUT-CASHOUT-0067,fanout_cashout,validation,SCN-06-FANOUT-CASHOUT-0067-W4,0,SCN-06-FANOUT-CASHOUT-0067-W1,0.0,-1,0,no_movement
SCN-06-FANOUT-CASHOUT-0067,fanout_cashout,validation,SCN-06-FANOUT-CASHOUT-0067-AGENT1,0,SCN-06-FANOUT-CASHOUT-0067-W1,0.0,-1,0,no_movement
SCN-06-FANOUT-CASHOUT-0067,fanout_cashout,validation,SCN-06-FANOUT-CASHOUT-0067-NORMAL_A,0,SCN-06-FANOUT-CASHOUT-0067-W1,0.0,-1,0,no_movement
SCN-06-FANOUT-CASHOUT-0067,fanout_cashout,validation,SCN-06-FANOUT-CASHOUT-0067-NORMAL_B,0,SCN-06-FANOUT-CASHOUT-0067-W1,0.0,-1,0,no_movement
SCN-06-FANOUT-CASHOUT-0067,fanout_cashout,validation,SCN-06-FANOUT-CASHOUT-0067-NORMAL_C,0,SCN-06-FANOUT-CASHOUT-0067-W1,0.0,-1,0,no_movement
SCN-06-FANOUT-CASHOUT-0068,fanout_cashout,train,SCN-06-FANOUT-CASHOUT-0068-VICTIM,0,SCN-06-FANOUT-CASHOUT-0068-W1,0.0,-1,0,no_movement
SCN-06-FANOUT-CASHOUT-0068,fanout_cashout,train,SCN-06-FANOUT-CASHOUT-0068-W1,1,SCN-06-FANOUT-CASHOUT-0068-W1,11304.83,0,1,no_movement
SCN-06-FANOUT-CASHOUT-0068,fanout_cashout,train,SCN-06-FANOUT-CASHOUT-0068-W2,1,SCN-06-FANOUT-CASHOUT-0068-W1,3783.61,1,0,no_movement
SCN-06-FANOUT-CASHOUT-0068,fanout_cashout,train,SCN-06-FANOUT-CASHOUT-0068-W3,1,SCN-06-FANOUT-CASHOUT-0068-W1,14963.6,2,0,forward
SCN-06-FANOUT-CASHOUT-0068,fanout_cashout,train,SCN-06-FANOUT-CASHOUT-0068-W4,0,SCN-06-FANOUT-CASHOUT-0068-W1,0.0,-1,0,no_movement
SCN-06-FANOUT-CASHOUT-0068,fanout_cashout,train,SCN-06-FANOUT-CASHOUT-0068-AGENT1,0,SCN-06-FANOUT-CASHOUT-0068-W1,0.0,-1,0,no_movement
SCN-06-FANOUT-CASHOUT-0068,fanout_cashout,train,SCN-06-FANOUT-CASHOUT-0068-NORMAL_A,0,SCN-06-FANOUT-CASHOUT-0068-W1,0.0,-1,0,no_movement
SCN-06-FANOUT-CASHOUT-0068,fanout_cashout,train,SCN-06-FANOUT-CASHOUT-0068-NORMAL_B,0,SCN-06-FANOUT-CASHOUT-0068-W1,0.0,-1,0,no_movement
SCN-06-FANOUT-CASHOUT-0068,fanout_cashout,train,SCN-06-FANOUT-CASHOUT-0068-NORMAL_C,0,SCN-06-FANOUT-CASHOUT-0068-W1,0.0,-1,0,no_movement
SCN-06-FANOUT-CASHOUT-0069,fanout_cashout,train,SCN-06-FANOUT-CASHOUT-0069-VICTIM,0,SCN-06-FANOUT-CASHOUT-0069-W1,0.0,-1,0,no_movement
SCN-06-FANOUT-CASHOUT-0069,fanout_cashout,train,SCN-06-FANOUT-CASHOUT-0069-W1,1,SCN-06-FANOUT-CASHOUT-0069-W1,10000.28,0,1,no_movement
SCN-06-FANOUT-CASHOUT-0069,fanout_cashout,train,SCN-06-FANOUT-CASHOUT-0069-W2,1,SCN-06-FANOUT-CASHOUT-0069-W1,3309.81,1,0,no_movement
SCN-06-FANOUT-CASHOUT-0069,fanout_cashout,train,SCN-06-FANOUT-CASHOUT-0069-W3,1,SCN-06-FANOUT-CASHOUT-0069-W1,13172.26,2,0,forward
SCN-06-FANOUT-CASHOUT-0069,fanout_cashout,train,SCN-06-FANOUT-CASHOUT-0069-W4,0,SCN-06-FANOUT-CASHOUT-0069-W1,0.0,-1,0,no_movement
SCN-06-FANOUT-CASHOUT-0069,fanout_cashout,train,SCN-06-FANOUT-CASHOUT-0069-AGENT1,0,SCN-06-FANOUT-CASHOUT-0069-W1,0.0,-1,0,no_movement
SCN-06-FANOUT-CASHOUT-0069,fanout_cashout,train,SCN-06-FANOUT-CASHOUT-0069-NORMAL_A,0,SCN-06-FANOUT-CASHOUT-0069-W1,0.0,-1,0,no_movement
SCN-06-FANOUT-CASHOUT-0069,fanout_cashout,train,SCN-06-FANOUT-CASHOUT-0069-NORMAL_B,0,SCN-06-FANOUT-CASHOUT-0069-W1,0.0,-1,0,no_movement
SCN-06-FANOUT-CASHOUT-0069,fanout_cashout,train,SCN-06-FANOUT-CASHOUT-0069-NORMAL_C,0,SCN-06-FANOUT-CASHOUT-0069-W1,0.0,-1,0,no_movement
SCN-06-FANOUT-CASHOUT-0070,fanout_cashout,train,SCN-06-FANOUT-CASHOUT-0070-VICTIM,0,SCN-06-FANOUT-CASHOUT-0070-W1,0.0,-1,0,no_movement
SCN-06-FANOUT-CASHOUT-0070,fanout_cashout,train,SCN-06-FANOUT-CASHOUT-0070-W1,1,SCN-06-FANOUT-CASHOUT-0070-W1,15974.67,0,1,no_movement
SCN-06-FANOUT-CASHOUT-0070,fanout_cashout,train,SCN-06-FANOUT-CASHOUT-0070-W2,1,SCN-06-FANOUT-CASHOUT-0070-W1,5242.51,1,0,no_movement
SCN-06-FANOUT-CASHOUT-0070,fanout_cashout,train,SCN-06-FANOUT-CASHOUT-0070-W3,1,SCN-06-FANOUT-CASHOUT-0070-W1,21171.55,2,0,forward
SCN-06-FANOUT-CASHOUT-0070,fanout_cashout,train,SCN-06-FANOUT-CASHOUT-0070-W4,0,SCN-06-FANOUT-CASHOUT-0070-W1,0.0,-1,0,no_movement
SCN-06-FANOUT-CASHOUT-0070,fanout_cashout,train,SCN-06-FANOUT-CASHOUT-0070-AGENT1,0,SCN-06-FANOUT-CASHOUT-0070-W1,0.0,-1,0,no_movement
SCN-06-FANOUT-CASHOUT-0070,fanout_cashout,train,SCN-06-FANOUT-CASHOUT-0070-NORMAL_A,0,SCN-06-FANOUT-CASHOUT-0070-W1,0.0,-1,0,no_movement
SCN-06-FANOUT-CASHOUT-0070,fanout_cashout,train,SCN-06-FANOUT-CASHOUT-0070-NORMAL_B,0,SCN-06-FANOUT-CASHOUT-0070-W1,0.0,-1,0,no_movement
SCN-06-FANOUT-CASHOUT-0070,fanout_cashout,train,SCN-06-FANOUT-CASHOUT-0070-NORMAL_C,0,SCN-06-FANOUT-CASHOUT-0070-W1,0.0,-1,0,no_movement
SCN-06-FANOUT-CASHOUT-0071,fanout_cashout,train,SCN-06-FANOUT-CASHOUT-0071-VICTIM,0,SCN-06-FANOUT-CASHOUT-0071-W1,0.0,-1,0,no_movement
SCN-06-FANOUT-CASHOUT-0071,fanout_cashout,train,SCN-06-FANOUT-CASHOUT-0071-W1,1,SCN-06-FANOUT-CASHOUT-0071-W1,12834.45,0,1,no_movement
SCN-06-FANOUT-CASHOUT-0071,fanout_cashout,train,SCN-06-FANOUT-CASHOUT-0071-W2,1,SCN-06-FANOUT-CASHOUT-0071-W1,4259.74,1,0,no_movement
SCN-06-FANOUT-CASHOUT-0071,fanout_cashout,train,SCN-06-FANOUT-CASHOUT-0071-W3,1,SCN-06-FANOUT-CASHOUT-0071-W1,17029.21,2,0,forward
SCN-06-FANOUT-CASHOUT-0071,fanout_cashout,train,SCN-06-FANOUT-CASHOUT-0071-W4,0,SCN-06-FANOUT-CASHOUT-0071-W1,0.0,-1,0,no_movement
SCN-06-FANOUT-CASHOUT-0071,fanout_cashout,train,SCN-06-FANOUT-CASHOUT-0071-AGENT1,0,SCN-06-FANOUT-CASHOUT-0071-W1,0.0,-1,0,no_movement
SCN-06-FANOUT-CASHOUT-0071,fanout_cashout,train,SCN-06-FANOUT-CASHOUT-0071-NORMAL_A,0,SCN-06-FANOUT-CASHOUT-0071-W1,0.0,-1,0,no_movement
SCN-06-FANOUT-CASHOUT-0071,fanout_cashout,train,SCN-06-FANOUT-CASHOUT-0071-NORMAL_B,0,SCN-06-FANOUT-CASHOUT-0071-W1,0.0,-1,0,no_movement
SCN-06-FANOUT-CASHOUT-0071,fanout_cashout,train,SCN-06-FANOUT-CASHOUT-0071-NORMAL_C,0,SCN-06-FANOUT-CASHOUT-0071-W1,0.0,-1,0,no_movement
SCN-06-FANOUT-CASHOUT-0072,fanout_cashout,validation,SCN-06-FANOUT-CASHOUT-0072-VICTIM,0,SCN-06-FANOUT-CASHOUT-0072-W1,0.0,-1,0,no_movement
SCN-06-FANOUT-CASHOUT-0072,fanout_cashout,validation,SCN-06-FANOUT-CASHOUT-0072-W1,1,SCN-06-FANOUT-CASHOUT-0072-W1,9981.52,0,1,no_movement
SCN-06-FANOUT-CASHOUT-0072,fanout_cashout,validation,SCN-06-FANOUT-CASHOUT-0072-W2,1,SCN-06-FANOUT-CASHOUT-0072-W1,3337.25,1,0,no_movement
SCN-06-FANOUT-CASHOUT-0072,fanout_cashout,validation,SCN-06-FANOUT-CASHOUT-0072-W3,1,SCN-06-FANOUT-CASHOUT-0072-W1,13134.03,2,0,forward
SCN-06-FANOUT-CASHOUT-0072,fanout_cashout,validation,SCN-06-FANOUT-CASHOUT-0072-W4,0,SCN-06-FANOUT-CASHOUT-0072-W1,0.0,-1,0,no_movement
SCN-06-FANOUT-CASHOUT-0072,fanout_cashout,validation,SCN-06-FANOUT-CASHOUT-0072-AGENT1,0,SCN-06-FANOUT-CASHOUT-0072-W1,0.0,-1,0,no_movement
SCN-06-FANOUT-CASHOUT-0072,fanout_cashout,validation,SCN-06-FANOUT-CASHOUT-0072-NORMAL_A,0,SCN-06-FANOUT-CASHOUT-0072-W1,0.0,-1,0,no_movement
SCN-06-FANOUT-CASHOUT-0072,fanout_cashout,validation,SCN-06-FANOUT-CASHOUT-0072-NORMAL_B,0,SCN-06-FANOUT-CASHOUT-0072-W1,0.0,-1,0,no_movement
SCN-06-FANOUT-CASHOUT-0072,fanout_cashout,validation,SCN-06-FANOUT-CASHOUT-0072-NORMAL_C,0,SCN-06-FANOUT-CASHOUT-0072-W1,0.0,-1,0,no_movement
SCN-06-FANOUT-CASHOUT-0073,fanout_cashout,test,SCN-06-FANOUT-CASHOUT-0073-VICTIM,0,SCN-06-FANOUT-CASHOUT-0073-W1,0.0,-1,0,no_movement
SCN-06-FANOUT-CASHOUT-0073,fanout_cashout,test,SCN-06-FANOUT-CASHOUT-0073-W1,1,SCN-06-FANOUT-CASHOUT-0073-W1,16417.12,0,1,no_movement
SCN-06-FANOUT-CASHOUT-0073,fanout_cashout,test,SCN-06-FANOUT-CASHOUT-0073-W2,1,SCN-06-FANOUT-CASHOUT-0073-W1,5456.31,1,0,no_movement
SCN-06-FANOUT-CASHOUT-0073,fanout_cashout,test,SCN-06-FANOUT-CASHOUT-0073-W3,1,SCN-06-FANOUT-CASHOUT-0073-W1,21590.76,2,0,forward
SCN-06-FANOUT-CASHOUT-0073,fanout_cashout,test,SCN-06-FANOUT-CASHOUT-0073-W4,0,SCN-06-FANOUT-CASHOUT-0073-W1,0.0,-1,0,no_movement
SCN-06-FANOUT-CASHOUT-0073,fanout_cashout,test,SCN-06-FANOUT-CASHOUT-0073-AGENT1,0,SCN-06-FANOUT-CASHOUT-0073-W1,0.0,-1,0,no_movement
SCN-06-FANOUT-CASHOUT-0073,fanout_cashout,test,SCN-06-FANOUT-CASHOUT-0073-NORMAL_A,0,SCN-06-FANOUT-CASHOUT-0073-W1,0.0,-1,0,no_movement
SCN-06-FANOUT-CASHOUT-0073,fanout_cashout,test,SCN-06-FANOUT-CASHOUT-0073-NORMAL_B,0,SCN-06-FANOUT-CASHOUT-0073-W1,0.0,-1,0,no_movement
SCN-06-FANOUT-CASHOUT-0073,fanout_cashout,test,SCN-06-FANOUT-CASHOUT-0073-NORMAL_C,0,SCN-06-FANOUT-CASHOUT-0073-W1,0.0,-1,0,no_movement
SCN-06-FANOUT-CASHOUT-0074,fanout_cashout,test,SCN-06-FANOUT-CASHOUT-0074-VICTIM,0,SCN-06-FANOUT-CASHOUT-0074-W1,0.0,-1,0,no_movement
SCN-06-FANOUT-CASHOUT-0074,fanout_cashout,test,SCN-06-FANOUT-CASHOUT-0074-W1,1,SCN-06-FANOUT-CASHOUT-0074-W1,10279.52,0,1,no_movement
SCN-06-FANOUT-CASHOUT-0074,fanout_cashout,test,SCN-06-FANOUT-CASHOUT-0074-W2,1,SCN-06-FANOUT-CASHOUT-0074-W1,3365.68,1,0,no_movement
SCN-06-FANOUT-CASHOUT-0074,fanout_cashout,test,SCN-06-FANOUT-CASHOUT-0074-W3,1,SCN-06-FANOUT-CASHOUT-0074-W1,13626.36,2,0,forward
SCN-06-FANOUT-CASHOUT-0074,fanout_cashout,test,SCN-06-FANOUT-CASHOUT-0074-W4,0,SCN-06-FANOUT-CASHOUT-0074-W1,0.0,-1,0,no_movement
SCN-06-FANOUT-CASHOUT-0074,fanout_cashout,test,SCN-06-FANOUT-CASHOUT-0074-AGENT1,0,SCN-06-FANOUT-CASHOUT-0074-W1,0.0,-1,0,no_movement
SCN-06-FANOUT-CASHOUT-0074,fanout_cashout,test,SCN-06-FANOUT-CASHOUT-0074-NORMAL_A,0,SCN-06-FANOUT-CASHOUT-0074-W1,0.0,-1,0,no_movement
SCN-06-FANOUT-CASHOUT-0074,fanout_cashout,test,SCN-06-FANOUT-CASHOUT-0074-NORMAL_B,0,SCN-06-FANOUT-CASHOUT-0074-W1,0.0,-1,0,no_movement
SCN-06-FANOUT-CASHOUT-0074,fanout_cashout,test,SCN-06-FANOUT-CASHOUT-0074-NORMAL_C,0,SCN-06-FANOUT-CASHOUT-0074-W1,0.0,-1,0,no_movement
SCN-06-FANOUT-CASHOUT-0075,fanout_cashout,train,SCN-06-FANOUT-CASHOUT-0075-VICTIM,0,SCN-06-FANOUT-CASHOUT-0075-W1,0.0,-1,0,no_movement
SCN-06-FANOUT-CASHOUT-0075,fanout_cashout,train,SCN-06-FANOUT-CASHOUT-0075-W1,1,SCN-06-FANOUT-CASHOUT-0075-W1,10035.49,0,1,no_movement
SCN-06-FANOUT-CASHOUT-0075,fanout_cashout,train,SCN-06-FANOUT-CASHOUT-0075-W2,1,SCN-06-FANOUT-CASHOUT-0075-W1,3330.19,1,0,no_movement
SCN-06-FANOUT-CASHOUT-0075,fanout_cashout,train,SCN-06-FANOUT-CASHOUT-0075-W3,1,SCN-06-FANOUT-CASHOUT-0075-W1,13250.87,2,0,forward
SCN-06-FANOUT-CASHOUT-0075,fanout_cashout,train,SCN-06-FANOUT-CASHOUT-0075-W4,0,SCN-06-FANOUT-CASHOUT-0075-W1,0.0,-1,0,no_movement
SCN-06-FANOUT-CASHOUT-0075,fanout_cashout,train,SCN-06-FANOUT-CASHOUT-0075-AGENT1,0,SCN-06-FANOUT-CASHOUT-0075-W1,0.0,-1,0,no_movement
SCN-06-FANOUT-CASHOUT-0075,fanout_cashout,train,SCN-06-FANOUT-CASHOUT-0075-NORMAL_A,0,SCN-06-FANOUT-CASHOUT-0075-W1,0.0,-1,0,no_movement
SCN-06-FANOUT-CASHOUT-0075,fanout_cashout,train,SCN-06-FANOUT-CASHOUT-0075-NORMAL_B,0,SCN-06-FANOUT-CASHOUT-0075-W1,0.0,-1,0,no_movement
SCN-06-FANOUT-CASHOUT-0075,fanout_cashout,train,SCN-06-FANOUT-CASHOUT-0075-NORMAL_C,0,SCN-06-FANOUT-CASHOUT-0075-W1,0.0,-1,0,no_movement
SCN-06-FANOUT-CASHOUT-0076,fanout_cashout,train,SCN-06-FANOUT-CASHOUT-0076-VICTIM,0,SCN-06-FANOUT-CASHOUT-0076-W1,0.0,-1,0,no_movement
SCN-06-FANOUT-CASHOUT-0076,fanout_cashout,train,SCN-06-FANOUT-CASHOUT-0076-W1,1,SCN-06-FANOUT-CASHOUT-0076-W1,16028.55,0,1,no_movement
SCN-06-FANOUT-CASHOUT-0076,fanout_cashout,train,SCN-06-FANOUT-CASHOUT-0076-W2,1,SCN-06-FANOUT-CASHOUT-0076-W1,5235.19,1,0,no_movement
SCN-06-FANOUT-CASHOUT-0076,fanout_cashout,train,SCN-06-FANOUT-CASHOUT-0076-W3,1,SCN-06-FANOUT-CASHOUT-0076-W1,21327.21,2,0,forward
SCN-06-FANOUT-CASHOUT-0076,fanout_cashout,train,SCN-06-FANOUT-CASHOUT-0076-W4,0,SCN-06-FANOUT-CASHOUT-0076-W1,0.0,-1,0,no_movement
SCN-06-FANOUT-CASHOUT-0076,fanout_cashout,train,SCN-06-FANOUT-CASHOUT-0076-AGENT1,0,SCN-06-FANOUT-CASHOUT-0076-W1,0.0,-1,0,no_movement
SCN-06-FANOUT-CASHOUT-0076,fanout_cashout,train,SCN-06-FANOUT-CASHOUT-0076-NORMAL_A,0,SCN-06-FANOUT-CASHOUT-0076-W1,0.0,-1,0,no_movement
SCN-06-FANOUT-CASHOUT-0076,fanout_cashout,train,SCN-06-FANOUT-CASHOUT-0076-NORMAL_B,0,SCN-06-FANOUT-CASHOUT-0076-W1,0.0,-1,0,no_movement
SCN-06-FANOUT-CASHOUT-0076,fanout_cashout,train,SCN-06-FANOUT-CASHOUT-0076-NORMAL_C,0,SCN-06-FANOUT-CASHOUT-0076-W1,0.0,-1,0,no_movement
SCN-06-FANOUT-CASHOUT-0077,fanout_cashout,train,SCN-06-FANOUT-CASHOUT-0077-VICTIM,0,SCN-06-FANOUT-CASHOUT-0077-W1,0.0,-1,0,no_movement
SCN-06-FANOUT-CASHOUT-0077,fanout_cashout,train,SCN-06-FANOUT-CASHOUT-0077-W1,1,SCN-06-FANOUT-CASHOUT-0077-W1,13039.24,0,1,no_movement
SCN-06-FANOUT-CASHOUT-0077,fanout_cashout,train,SCN-06-FANOUT-CASHOUT-0077-W2,1,SCN-06-FANOUT-CASHOUT-0077-W1,4363.42,1,0,no_movement
SCN-06-FANOUT-CASHOUT-0077,fanout_cashout,train,SCN-06-FANOUT-CASHOUT-0077-W3,1,SCN-06-FANOUT-CASHOUT-0077-W1,17226.76,2,0,forward
SCN-06-FANOUT-CASHOUT-0077,fanout_cashout,train,SCN-06-FANOUT-CASHOUT-0077-W4,0,SCN-06-FANOUT-CASHOUT-0077-W1,0.0,-1,0,no_movement
SCN-06-FANOUT-CASHOUT-0077,fanout_cashout,train,SCN-06-FANOUT-CASHOUT-0077-AGENT1,0,SCN-06-FANOUT-CASHOUT-0077-W1,0.0,-1,0,no_movement
SCN-06-FANOUT-CASHOUT-0077,fanout_cashout,train,SCN-06-FANOUT-CASHOUT-0077-NORMAL_A,0,SCN-06-FANOUT-CASHOUT-0077-W1,0.0,-1,0,no_movement
SCN-06-FANOUT-CASHOUT-0077,fanout_cashout,train,SCN-06-FANOUT-CASHOUT-0077-NORMAL_B,0,SCN-06-FANOUT-CASHOUT-0077-W1,0.0,-1,0,no_movement
SCN-06-FANOUT-CASHOUT-0077,fanout_cashout,train,SCN-06-FANOUT-CASHOUT-0077-NORMAL_C,0,SCN-06-FANOUT-CASHOUT-0077-W1,0.0,-1,0,no_movement
SCN-06-FANOUT-CASHOUT-0078,fanout_cashout,test,SCN-06-FANOUT-CASHOUT-0078-VICTIM,0,SCN-06-FANOUT-CASHOUT-0078-W1,0.0,-1,0,no_movement
SCN-06-FANOUT-CASHOUT-0078,fanout_cashout,test,SCN-06-FANOUT-CASHOUT-0078-W1,1,SCN-06-FANOUT-CASHOUT-0078-W1,15945.13,0,1,no_movement
SCN-06-FANOUT-CASHOUT-0078,fanout_cashout,test,SCN-06-FANOUT-CASHOUT-0078-W2,1,SCN-06-FANOUT-CASHOUT-0078-W1,5364.77,1,0,no_movement
SCN-06-FANOUT-CASHOUT-0078,fanout_cashout,test,SCN-06-FANOUT-CASHOUT-0078-W3,1,SCN-06-FANOUT-CASHOUT-0078-W1,21040.72,2,0,forward
SCN-06-FANOUT-CASHOUT-0078,fanout_cashout,test,SCN-06-FANOUT-CASHOUT-0078-W4,0,SCN-06-FANOUT-CASHOUT-0078-W1,0.0,-1,0,no_movement
SCN-06-FANOUT-CASHOUT-0078,fanout_cashout,test,SCN-06-FANOUT-CASHOUT-0078-AGENT1,0,SCN-06-FANOUT-CASHOUT-0078-W1,0.0,-1,0,no_movement
SCN-06-FANOUT-CASHOUT-0078,fanout_cashout,test,SCN-06-FANOUT-CASHOUT-0078-NORMAL_A,0,SCN-06-FANOUT-CASHOUT-0078-W1,0.0,-1,0,no_movement
SCN-06-FANOUT-CASHOUT-0078,fanout_cashout,test,SCN-06-FANOUT-CASHOUT-0078-NORMAL_B,0,SCN-06-FANOUT-CASHOUT-0078-W1,0.0,-1,0,no_movement
SCN-06-FANOUT-CASHOUT-0078,fanout_cashout,test,SCN-06-FANOUT-CASHOUT-0078-NORMAL_C,0,SCN-06-FANOUT-CASHOUT-0078-W1,0.0,-1,0,no_movement
SCN-06-FANOUT-CASHOUT-0079,fanout_cashout,train,SCN-06-FANOUT-CASHOUT-0079-VICTIM,0,SCN-06-FANOUT-CASHOUT-0079-W1,0.0,-1,0,no_movement
SCN-06-FANOUT-CASHOUT-0079,fanout_cashout,train,SCN-06-FANOUT-CASHOUT-0079-W1,1,SCN-06-FANOUT-CASHOUT-0079-W1,13841.43,0,1,no_movement
SCN-06-FANOUT-CASHOUT-0079,fanout_cashout,train,SCN-06-FANOUT-CASHOUT-0079-W2,1,SCN-06-FANOUT-CASHOUT-0079-W1,4627.2,1,0,no_movement
SCN-06-FANOUT-CASHOUT-0079,fanout_cashout,train,SCN-06-FANOUT-CASHOUT-0079-W3,1,SCN-06-FANOUT-CASHOUT-0079-W1,18308.9,2,0,forward
SCN-06-FANOUT-CASHOUT-0079,fanout_cashout,train,SCN-06-FANOUT-CASHOUT-0079-W4,0,SCN-06-FANOUT-CASHOUT-0079-W1,0.0,-1,0,no_movement
SCN-06-FANOUT-CASHOUT-0079,fanout_cashout,train,SCN-06-FANOUT-CASHOUT-0079-AGENT1,0,SCN-06-FANOUT-CASHOUT-0079-W1,0.0,-1,0,no_movement
SCN-06-FANOUT-CASHOUT-0079,fanout_cashout,train,SCN-06-FANOUT-CASHOUT-0079-NORMAL_A,0,SCN-06-FANOUT-CASHOUT-0079-W1,0.0,-1,0,no_movement
SCN-06-FANOUT-CASHOUT-0079,fanout_cashout,train,SCN-06-FANOUT-CASHOUT-0079-NORMAL_B,0,SCN-06-FANOUT-CASHOUT-0079-W1,0.0,-1,0,no_movement
SCN-06-FANOUT-CASHOUT-0079,fanout_cashout,train,SCN-06-FANOUT-CASHOUT-0079-NORMAL_C,0,SCN-06-FANOUT-CASHOUT-0079-W1,0.0,-1,0,no_movement
SCN-06-FANOUT-CASHOUT-0080,fanout_cashout,train,SCN-06-FANOUT-CASHOUT-0080-VICTIM,0,SCN-06-FANOUT-CASHOUT-0080-W1,0.0,-1,0,no_movement
SCN-06-FANOUT-CASHOUT-0080,fanout_cashout,train,SCN-06-FANOUT-CASHOUT-0080-W1,1,SCN-06-FANOUT-CASHOUT-0080-W1,13333.38,0,1,no_movement
SCN-06-FANOUT-CASHOUT-0080,fanout_cashout,train,SCN-06-FANOUT-CASHOUT-0080-W2,1,SCN-06-FANOUT-CASHOUT-0080-W1,4349.99,1,0,no_movement
SCN-06-FANOUT-CASHOUT-0080,fanout_cashout,train,SCN-06-FANOUT-CASHOUT-0080-W3,1,SCN-06-FANOUT-CASHOUT-0080-W1,17638.54,2,0,forward
SCN-06-FANOUT-CASHOUT-0080,fanout_cashout,train,SCN-06-FANOUT-CASHOUT-0080-W4,0,SCN-06-FANOUT-CASHOUT-0080-W1,0.0,-1,0,no_movement
SCN-06-FANOUT-CASHOUT-0080,fanout_cashout,train,SCN-06-FANOUT-CASHOUT-0080-AGENT1,0,SCN-06-FANOUT-CASHOUT-0080-W1,0.0,-1,0,no_movement
SCN-06-FANOUT-CASHOUT-0080,fanout_cashout,train,SCN-06-FANOUT-CASHOUT-0080-NORMAL_A,0,SCN-06-FANOUT-CASHOUT-0080-W1,0.0,-1,0,no_movement
SCN-06-FANOUT-CASHOUT-0080,fanout_cashout,train,SCN-06-FANOUT-CASHOUT-0080-NORMAL_B,0,SCN-06-FANOUT-CASHOUT-0080-W1,0.0,-1,0,no_movement
SCN-06-FANOUT-CASHOUT-0080,fanout_cashout,train,SCN-06-FANOUT-CASHOUT-0080-NORMAL_C,0,SCN-06-FANOUT-CASHOUT-0080-W1,0.0,-1,0,no_movement
SCN-06-FANOUT-CASHOUT-0081,fanout_cashout,train,SCN-06-FANOUT-CASHOUT-0081-VICTIM,0,SCN-06-FANOUT-CASHOUT-0081-W1,0.0,-1,0,no_movement
SCN-06-FANOUT-CASHOUT-0081,fanout_cashout,train,SCN-06-FANOUT-CASHOUT-0081-W1,1,SCN-06-FANOUT-CASHOUT-0081-W1,16083.62,0,1,no_movement
SCN-06-FANOUT-CASHOUT-0081,fanout_cashout,train,SCN-06-FANOUT-CASHOUT-0081-W2,1,SCN-06-FANOUT-CASHOUT-0081-W1,5279.14,1,0,no_movement
SCN-06-FANOUT-CASHOUT-0081,fanout_cashout,train,SCN-06-FANOUT-CASHOUT-0081-W3,1,SCN-06-FANOUT-CASHOUT-0081-W1,21314.17,2,0,forward
SCN-06-FANOUT-CASHOUT-0081,fanout_cashout,train,SCN-06-FANOUT-CASHOUT-0081-W4,0,SCN-06-FANOUT-CASHOUT-0081-W1,0.0,-1,0,no_movement
SCN-06-FANOUT-CASHOUT-0081,fanout_cashout,train,SCN-06-FANOUT-CASHOUT-0081-AGENT1,0,SCN-06-FANOUT-CASHOUT-0081-W1,0.0,-1,0,no_movement
SCN-06-FANOUT-CASHOUT-0081,fanout_cashout,train,SCN-06-FANOUT-CASHOUT-0081-NORMAL_A,0,SCN-06-FANOUT-CASHOUT-0081-W1,0.0,-1,0,no_movement
SCN-06-FANOUT-CASHOUT-0081,fanout_cashout,train,SCN-06-FANOUT-CASHOUT-0081-NORMAL_B,0,SCN-06-FANOUT-CASHOUT-0081-W1,0.0,-1,0,no_movement
SCN-06-FANOUT-CASHOUT-0081,fanout_cashout,train,SCN-06-FANOUT-CASHOUT-0081-NORMAL_C,0,SCN-06-FANOUT-CASHOUT-0081-W1,0.0,-1,0,no_movement
SCN-06-FANOUT-CASHOUT-0082,fanout_cashout,train,SCN-06-FANOUT-CASHOUT-0082-VICTIM,0,SCN-06-FANOUT-CASHOUT-0082-W1,0.0,-1,0,no_movement
SCN-06-FANOUT-CASHOUT-0082,fanout_cashout,train,SCN-06-FANOUT-CASHOUT-0082-W1,1,SCN-06-FANOUT-CASHOUT-0082-W1,12071.08,0,1,no_movement
SCN-06-FANOUT-CASHOUT-0082,fanout_cashout,train,SCN-06-FANOUT-CASHOUT-0082-W2,1,SCN-06-FANOUT-CASHOUT-0082-W1,4024.29,1,0,no_movement
SCN-06-FANOUT-CASHOUT-0082,fanout_cashout,train,SCN-06-FANOUT-CASHOUT-0082-W3,1,SCN-06-FANOUT-CASHOUT-0082-W1,16013.58,2,0,forward
SCN-06-FANOUT-CASHOUT-0082,fanout_cashout,train,SCN-06-FANOUT-CASHOUT-0082-W4,0,SCN-06-FANOUT-CASHOUT-0082-W1,0.0,-1,0,no_movement
SCN-06-FANOUT-CASHOUT-0082,fanout_cashout,train,SCN-06-FANOUT-CASHOUT-0082-AGENT1,0,SCN-06-FANOUT-CASHOUT-0082-W1,0.0,-1,0,no_movement
SCN-06-FANOUT-CASHOUT-0082,fanout_cashout,train,SCN-06-FANOUT-CASHOUT-0082-NORMAL_A,0,SCN-06-FANOUT-CASHOUT-0082-W1,0.0,-1,0,no_movement
SCN-06-FANOUT-CASHOUT-0082,fanout_cashout,train,SCN-06-FANOUT-CASHOUT-0082-NORMAL_B,0,SCN-06-FANOUT-CASHOUT-0082-W1,0.0,-1,0,no_movement
SCN-06-FANOUT-CASHOUT-0082,fanout_cashout,train,SCN-06-FANOUT-CASHOUT-0082-NORMAL_C,0,SCN-06-FANOUT-CASHOUT-0082-W1,0.0,-1,0,no_movement
SCN-06-FANOUT-CASHOUT-0083,fanout_cashout,train,SCN-06-FANOUT-CASHOUT-0083-VICTIM,0,SCN-06-FANOUT-CASHOUT-0083-W1,0.0,-1,0,no_movement
SCN-06-FANOUT-CASHOUT-0083,fanout_cashout,train,SCN-06-FANOUT-CASHOUT-0083-W1,1,SCN-06-FANOUT-CASHOUT-0083-W1,11925.38,0,1,no_movement
SCN-06-FANOUT-CASHOUT-0083,fanout_cashout,train,SCN-06-FANOUT-CASHOUT-0083-W2,1,SCN-06-FANOUT-CASHOUT-0083-W1,3923.71,1,0,no_movement
SCN-06-FANOUT-CASHOUT-0083,fanout_cashout,train,SCN-06-FANOUT-CASHOUT-0083-W3,1,SCN-06-FANOUT-CASHOUT-0083-W1,15826.28,2,0,forward
SCN-06-FANOUT-CASHOUT-0083,fanout_cashout,train,SCN-06-FANOUT-CASHOUT-0083-W4,0,SCN-06-FANOUT-CASHOUT-0083-W1,0.0,-1,0,no_movement
SCN-06-FANOUT-CASHOUT-0083,fanout_cashout,train,SCN-06-FANOUT-CASHOUT-0083-AGENT1,0,SCN-06-FANOUT-CASHOUT-0083-W1,0.0,-1,0,no_movement
SCN-06-FANOUT-CASHOUT-0083,fanout_cashout,train,SCN-06-FANOUT-CASHOUT-0083-NORMAL_A,0,SCN-06-FANOUT-CASHOUT-0083-W1,0.0,-1,0,no_movement
SCN-06-FANOUT-CASHOUT-0083,fanout_cashout,train,SCN-06-FANOUT-CASHOUT-0083-NORMAL_B,0,SCN-06-FANOUT-CASHOUT-0083-W1,0.0,-1,0,no_movement
SCN-06-FANOUT-CASHOUT-0083,fanout_cashout,train,SCN-06-FANOUT-CASHOUT-0083-NORMAL_C,0,SCN-06-FANOUT-CASHOUT-0083-W1,0.0,-1,0,no_movement
SCN-06-FANOUT-CASHOUT-0084,fanout_cashout,train,SCN-06-FANOUT-CASHOUT-0084-VICTIM,0,SCN-06-FANOUT-CASHOUT-0084-W1,0.0,-1,0,no_movement
SCN-06-FANOUT-CASHOUT-0084,fanout_cashout,train,SCN-06-FANOUT-CASHOUT-0084-W1,1,SCN-06-FANOUT-CASHOUT-0084-W1,14769.31,0,1,no_movement
SCN-06-FANOUT-CASHOUT-0084,fanout_cashout,train,SCN-06-FANOUT-CASHOUT-0084-W2,1,SCN-06-FANOUT-CASHOUT-0084-W1,4943.25,1,0,no_movement
SCN-06-FANOUT-CASHOUT-0084,fanout_cashout,train,SCN-06-FANOUT-CASHOUT-0084-W3,1,SCN-06-FANOUT-CASHOUT-0084-W1,19569.11,2,0,forward
SCN-06-FANOUT-CASHOUT-0084,fanout_cashout,train,SCN-06-FANOUT-CASHOUT-0084-W4,0,SCN-06-FANOUT-CASHOUT-0084-W1,0.0,-1,0,no_movement
SCN-06-FANOUT-CASHOUT-0084,fanout_cashout,train,SCN-06-FANOUT-CASHOUT-0084-AGENT1,0,SCN-06-FANOUT-CASHOUT-0084-W1,0.0,-1,0,no_movement
SCN-06-FANOUT-CASHOUT-0084,fanout_cashout,train,SCN-06-FANOUT-CASHOUT-0084-NORMAL_A,0,SCN-06-FANOUT-CASHOUT-0084-W1,0.0,-1,0,no_movement
SCN-06-FANOUT-CASHOUT-0084,fanout_cashout,train,SCN-06-FANOUT-CASHOUT-0084-NORMAL_B,0,SCN-06-FANOUT-CASHOUT-0084-W1,0.0,-1,0,no_movement
SCN-06-FANOUT-CASHOUT-0084,fanout_cashout,train,SCN-06-FANOUT-CASHOUT-0084-NORMAL_C,0,SCN-06-FANOUT-CASHOUT-0084-W1,0.0,-1,0,no_movement
SCN-06-FANOUT-CASHOUT-0085,fanout_cashout,train,SCN-06-FANOUT-CASHOUT-0085-VICTIM,0,SCN-06-FANOUT-CASHOUT-0085-W1,0.0,-1,0,no_movement
SCN-06-FANOUT-CASHOUT-0085,fanout_cashout,train,SCN-06-FANOUT-CASHOUT-0085-W1,1,SCN-06-FANOUT-CASHOUT-0085-W1,13593.25,0,1,no_movement
SCN-06-FANOUT-CASHOUT-0085,fanout_cashout,train,SCN-06-FANOUT-CASHOUT-0085-W2,1,SCN-06-FANOUT-CASHOUT-0085-W1,4540.13,1,0,no_movement
SCN-06-FANOUT-CASHOUT-0085,fanout_cashout,train,SCN-06-FANOUT-CASHOUT-0085-W3,1,SCN-06-FANOUT-CASHOUT-0085-W1,17874.91,2,0,forward
SCN-06-FANOUT-CASHOUT-0085,fanout_cashout,train,SCN-06-FANOUT-CASHOUT-0085-W4,0,SCN-06-FANOUT-CASHOUT-0085-W1,0.0,-1,0,no_movement
SCN-06-FANOUT-CASHOUT-0085,fanout_cashout,train,SCN-06-FANOUT-CASHOUT-0085-AGENT1,0,SCN-06-FANOUT-CASHOUT-0085-W1,0.0,-1,0,no_movement
SCN-06-FANOUT-CASHOUT-0085,fanout_cashout,train,SCN-06-FANOUT-CASHOUT-0085-NORMAL_A,0,SCN-06-FANOUT-CASHOUT-0085-W1,0.0,-1,0,no_movement
SCN-06-FANOUT-CASHOUT-0085,fanout_cashout,train,SCN-06-FANOUT-CASHOUT-0085-NORMAL_B,0,SCN-06-FANOUT-CASHOUT-0085-W1,0.0,-1,0,no_movement
SCN-06-FANOUT-CASHOUT-0085,fanout_cashout,train,SCN-06-FANOUT-CASHOUT-0085-NORMAL_C,0,SCN-06-FANOUT-CASHOUT-0085-W1,0.0,-1,0,no_movement
SCN-06-FANOUT-CASHOUT-0086,fanout_cashout,train,SCN-06-FANOUT-CASHOUT-0086-VICTIM,0,SCN-06-FANOUT-CASHOUT-0086-W1,0.0,-1,0,no_movement
SCN-06-FANOUT-CASHOUT-0086,fanout_cashout,train,SCN-06-FANOUT-CASHOUT-0086-W1,1,SCN-06-FANOUT-CASHOUT-0086-W1,10422.33,0,1,no_movement
SCN-06-FANOUT-CASHOUT-0086,fanout_cashout,train,SCN-06-FANOUT-CASHOUT-0086-W2,1,SCN-06-FANOUT-CASHOUT-0086-W1,3389.69,1,0,no_movement
SCN-06-FANOUT-CASHOUT-0086,fanout_cashout,train,SCN-06-FANOUT-CASHOUT-0086-W3,1,SCN-06-FANOUT-CASHOUT-0086-W1,13847.65,2,0,forward
SCN-06-FANOUT-CASHOUT-0086,fanout_cashout,train,SCN-06-FANOUT-CASHOUT-0086-W4,0,SCN-06-FANOUT-CASHOUT-0086-W1,0.0,-1,0,no_movement
SCN-06-FANOUT-CASHOUT-0086,fanout_cashout,train,SCN-06-FANOUT-CASHOUT-0086-AGENT1,0,SCN-06-FANOUT-CASHOUT-0086-W1,0.0,-1,0,no_movement
SCN-06-FANOUT-CASHOUT-0086,fanout_cashout,train,SCN-06-FANOUT-CASHOUT-0086-NORMAL_A,0,SCN-06-FANOUT-CASHOUT-0086-W1,0.0,-1,0,no_movement
SCN-06-FANOUT-CASHOUT-0086,fanout_cashout,train,SCN-06-FANOUT-CASHOUT-0086-NORMAL_B,0,SCN-06-FANOUT-CASHOUT-0086-W1,0.0,-1,0,no_movement
SCN-06-FANOUT-CASHOUT-0086,fanout_cashout,train,SCN-06-FANOUT-CASHOUT-0086-NORMAL_C,0,SCN-06-FANOUT-CASHOUT-0086-W1,0.0,-1,0,no_movement
SCN-06-FANOUT-CASHOUT-0087,fanout_cashout,train,SCN-06-FANOUT-CASHOUT-0087-VICTIM,0,SCN-06-FANOUT-CASHOUT-0087-W1,0.0,-1,0,no_movement
SCN-06-FANOUT-CASHOUT-0087,fanout_cashout,train,SCN-06-FANOUT-CASHOUT-0087-W1,1,SCN-06-FANOUT-CASHOUT-0087-W1,13558.64,0,1,no_movement
SCN-06-FANOUT-CASHOUT-0087,fanout_cashout,train,SCN-06-FANOUT-CASHOUT-0087-W2,1,SCN-06-FANOUT-CASHOUT-0087-W1,4531.23,1,0,no_movement
SCN-06-FANOUT-CASHOUT-0087,fanout_cashout,train,SCN-06-FANOUT-CASHOUT-0087-W3,1,SCN-06-FANOUT-CASHOUT-0087-W1,17903.79,2,0,forward
SCN-06-FANOUT-CASHOUT-0087,fanout_cashout,train,SCN-06-FANOUT-CASHOUT-0087-W4,0,SCN-06-FANOUT-CASHOUT-0087-W1,0.0,-1,0,no_movement
SCN-06-FANOUT-CASHOUT-0087,fanout_cashout,train,SCN-06-FANOUT-CASHOUT-0087-AGENT1,0,SCN-06-FANOUT-CASHOUT-0087-W1,0.0,-1,0,no_movement
SCN-06-FANOUT-CASHOUT-0087,fanout_cashout,train,SCN-06-FANOUT-CASHOUT-0087-NORMAL_A,0,SCN-06-FANOUT-CASHOUT-0087-W1,0.0,-1,0,no_movement
SCN-06-FANOUT-CASHOUT-0087,fanout_cashout,train,SCN-06-FANOUT-CASHOUT-0087-NORMAL_B,0,SCN-06-FANOUT-CASHOUT-0087-W1,0.0,-1,0,no_movement
SCN-06-FANOUT-CASHOUT-0087,fanout_cashout,train,SCN-06-FANOUT-CASHOUT-0087-NORMAL_C,0,SCN-06-FANOUT-CASHOUT-0087-W1,0.0,-1,0,no_movement
SCN-06-FANOUT-CASHOUT-0088,fanout_cashout,validation,SCN-06-FANOUT-CASHOUT-0088-VICTIM,0,SCN-06-FANOUT-CASHOUT-0088-W1,0.0,-1,0,no_movement
SCN-06-FANOUT-CASHOUT-0088,fanout_cashout,validation,SCN-06-FANOUT-CASHOUT-0088-W1,1,SCN-06-FANOUT-CASHOUT-0088-W1,11831.83,0,1,no_movement
SCN-06-FANOUT-CASHOUT-0088,fanout_cashout,validation,SCN-06-FANOUT-CASHOUT-0088-W2,1,SCN-06-FANOUT-CASHOUT-0088-W1,3917.83,1,0,no_movement
SCN-06-FANOUT-CASHOUT-0088,fanout_cashout,validation,SCN-06-FANOUT-CASHOUT-0088-W3,1,SCN-06-FANOUT-CASHOUT-0088-W1,15670.3,2,0,forward
SCN-06-FANOUT-CASHOUT-0088,fanout_cashout,validation,SCN-06-FANOUT-CASHOUT-0088-W4,0,SCN-06-FANOUT-CASHOUT-0088-W1,0.0,-1,0,no_movement
SCN-06-FANOUT-CASHOUT-0088,fanout_cashout,validation,SCN-06-FANOUT-CASHOUT-0088-AGENT1,0,SCN-06-FANOUT-CASHOUT-0088-W1,0.0,-1,0,no_movement
SCN-06-FANOUT-CASHOUT-0088,fanout_cashout,validation,SCN-06-FANOUT-CASHOUT-0088-NORMAL_A,0,SCN-06-FANOUT-CASHOUT-0088-W1,0.0,-1,0,no_movement
SCN-06-FANOUT-CASHOUT-0088,fanout_cashout,validation,SCN-06-FANOUT-CASHOUT-0088-NORMAL_B,0,SCN-06-FANOUT-CASHOUT-0088-W1,0.0,-1,0,no_movement
SCN-06-FANOUT-CASHOUT-0088,fanout_cashout,validation,SCN-06-FANOUT-CASHOUT-0088-NORMAL_C,0,SCN-06-FANOUT-CASHOUT-0088-W1,0.0,-1,0,no_movement
SCN-06-FANOUT-CASHOUT-0089,fanout_cashout,validation,SCN-06-FANOUT-CASHOUT-0089-VICTIM,0,SCN-06-FANOUT-CASHOUT-0089-W1,0.0,-1,0,no_movement
SCN-06-FANOUT-CASHOUT-0089,fanout_cashout,validation,SCN-06-FANOUT-CASHOUT-0089-W1,1,SCN-06-FANOUT-CASHOUT-0089-W1,10988.49,0,1,no_movement
SCN-06-FANOUT-CASHOUT-0089,fanout_cashout,validation,SCN-06-FANOUT-CASHOUT-0089-W2,1,SCN-06-FANOUT-CASHOUT-0089-W1,3702.88,1,0,no_movement
SCN-06-FANOUT-CASHOUT-0089,fanout_cashout,validation,SCN-06-FANOUT-CASHOUT-0089-W3,1,SCN-06-FANOUT-CASHOUT-0089-W1,14525.7,2,0,forward
SCN-06-FANOUT-CASHOUT-0089,fanout_cashout,validation,SCN-06-FANOUT-CASHOUT-0089-W4,0,SCN-06-FANOUT-CASHOUT-0089-W1,0.0,-1,0,no_movement
SCN-06-FANOUT-CASHOUT-0089,fanout_cashout,validation,SCN-06-FANOUT-CASHOUT-0089-AGENT1,0,SCN-06-FANOUT-CASHOUT-0089-W1,0.0,-1,0,no_movement
SCN-06-FANOUT-CASHOUT-0089,fanout_cashout,validation,SCN-06-FANOUT-CASHOUT-0089-NORMAL_A,0,SCN-06-FANOUT-CASHOUT-0089-W1,0.0,-1,0,no_movement
SCN-06-FANOUT-CASHOUT-0089,fanout_cashout,validation,SCN-06-FANOUT-CASHOUT-0089-NORMAL_B,0,SCN-06-FANOUT-CASHOUT-0089-W1,0.0,-1,0,no_movement
SCN-06-FANOUT-CASHOUT-0089,fanout_cashout,validation,SCN-06-FANOUT-CASHOUT-0089-NORMAL_C,0,SCN-06-FANOUT-CASHOUT-0089-W1,0.0,-1,0,no_movement
SCN-06-FANOUT-CASHOUT-0090,fanout_cashout,train,SCN-06-FANOUT-CASHOUT-0090-VICTIM,0,SCN-06-FANOUT-CASHOUT-0090-W1,0.0,-1,0,no_movement
SCN-06-FANOUT-CASHOUT-0090,fanout_cashout,train,SCN-06-FANOUT-CASHOUT-0090-W1,1,SCN-06-FANOUT-CASHOUT-0090-W1,12251.37,0,1,no_movement
SCN-06-FANOUT-CASHOUT-0090,fanout_cashout,train,SCN-06-FANOUT-CASHOUT-0090-W2,1,SCN-06-FANOUT-CASHOUT-0090-W1,4050.37,1,0,no_movement
SCN-06-FANOUT-CASHOUT-0090,fanout_cashout,train,SCN-06-FANOUT-CASHOUT-0090-W3,1,SCN-06-FANOUT-CASHOUT-0090-W1,16295.92,2,0,forward
SCN-06-FANOUT-CASHOUT-0090,fanout_cashout,train,SCN-06-FANOUT-CASHOUT-0090-W4,0,SCN-06-FANOUT-CASHOUT-0090-W1,0.0,-1,0,no_movement
SCN-06-FANOUT-CASHOUT-0090,fanout_cashout,train,SCN-06-FANOUT-CASHOUT-0090-AGENT1,0,SCN-06-FANOUT-CASHOUT-0090-W1,0.0,-1,0,no_movement
SCN-06-FANOUT-CASHOUT-0090,fanout_cashout,train,SCN-06-FANOUT-CASHOUT-0090-NORMAL_A,0,SCN-06-FANOUT-CASHOUT-0090-W1,0.0,-1,0,no_movement
SCN-06-FANOUT-CASHOUT-0090,fanout_cashout,train,SCN-06-FANOUT-CASHOUT-0090-NORMAL_B,0,SCN-06-FANOUT-CASHOUT-0090-W1,0.0,-1,0,no_movement
SCN-06-FANOUT-CASHOUT-0090,fanout_cashout,train,SCN-06-FANOUT-CASHOUT-0090-NORMAL_C,0,SCN-06-FANOUT-CASHOUT-0090-W1,0.0,-1,0,no_movement
SCN-06-FANOUT-CASHOUT-0091,fanout_cashout,validation,SCN-06-FANOUT-CASHOUT-0091-VICTIM,0,SCN-06-FANOUT-CASHOUT-0091-W1,0.0,-1,0,no_movement
SCN-06-FANOUT-CASHOUT-0091,fanout_cashout,validation,SCN-06-FANOUT-CASHOUT-0091-W1,1,SCN-06-FANOUT-CASHOUT-0091-W1,13061.64,0,1,no_movement
SCN-06-FANOUT-CASHOUT-0091,fanout_cashout,validation,SCN-06-FANOUT-CASHOUT-0091-W2,1,SCN-06-FANOUT-CASHOUT-0091-W1,4275.42,1,0,no_movement
SCN-06-FANOUT-CASHOUT-0091,fanout_cashout,validation,SCN-06-FANOUT-CASHOUT-0091-W3,1,SCN-06-FANOUT-CASHOUT-0091-W1,17236.8,2,0,forward
SCN-06-FANOUT-CASHOUT-0091,fanout_cashout,validation,SCN-06-FANOUT-CASHOUT-0091-W4,0,SCN-06-FANOUT-CASHOUT-0091-W1,0.0,-1,0,no_movement
SCN-06-FANOUT-CASHOUT-0091,fanout_cashout,validation,SCN-06-FANOUT-CASHOUT-0091-AGENT1,0,SCN-06-FANOUT-CASHOUT-0091-W1,0.0,-1,0,no_movement
SCN-06-FANOUT-CASHOUT-0091,fanout_cashout,validation,SCN-06-FANOUT-CASHOUT-0091-NORMAL_A,0,SCN-06-FANOUT-CASHOUT-0091-W1,0.0,-1,0,no_movement
SCN-06-FANOUT-CASHOUT-0091,fanout_cashout,validation,SCN-06-FANOUT-CASHOUT-0091-NORMAL_B,0,SCN-06-FANOUT-CASHOUT-0091-W1,0.0,-1,0,no_movement
SCN-06-FANOUT-CASHOUT-0091,fanout_cashout,validation,SCN-06-FANOUT-CASHOUT-0091-NORMAL_C,0,SCN-06-FANOUT-CASHOUT-0091-W1,0.0,-1,0,no_movement
SCN-06-FANOUT-CASHOUT-0092,fanout_cashout,validation,SCN-06-FANOUT-CASHOUT-0092-VICTIM,0,SCN-06-FANOUT-CASHOUT-0092-W1,0.0,-1,0,no_movement
SCN-06-FANOUT-CASHOUT-0092,fanout_cashout,validation,SCN-06-FANOUT-CASHOUT-0092-W1,1,SCN-06-FANOUT-CASHOUT-0092-W1,11668.63,0,1,no_movement
SCN-06-FANOUT-CASHOUT-0092,fanout_cashout,validation,SCN-06-FANOUT-CASHOUT-0092-W2,1,SCN-06-FANOUT-CASHOUT-0092-W1,3835.57,1,0,no_movement
SCN-06-FANOUT-CASHOUT-0092,fanout_cashout,validation,SCN-06-FANOUT-CASHOUT-0092-W3,1,SCN-06-FANOUT-CASHOUT-0092-W1,15437.57,2,0,forward
SCN-06-FANOUT-CASHOUT-0092,fanout_cashout,validation,SCN-06-FANOUT-CASHOUT-0092-W4,0,SCN-06-FANOUT-CASHOUT-0092-W1,0.0,-1,0,no_movement
SCN-06-FANOUT-CASHOUT-0092,fanout_cashout,validation,SCN-06-FANOUT-CASHOUT-0092-AGENT1,0,SCN-06-FANOUT-CASHOUT-0092-W1,0.0,-1,0,no_movement
SCN-06-FANOUT-CASHOUT-0092,fanout_cashout,validation,SCN-06-FANOUT-CASHOUT-0092-NORMAL_A,0,SCN-06-FANOUT-CASHOUT-0092-W1,0.0,-1,0,no_movement
SCN-06-FANOUT-CASHOUT-0092,fanout_cashout,validation,SCN-06-FANOUT-CASHOUT-0092-NORMAL_B,0,SCN-06-FANOUT-CASHOUT-0092-W1,0.0,-1,0,no_movement
SCN-06-FANOUT-CASHOUT-0092,fanout_cashout,validation,SCN-06-FANOUT-CASHOUT-0092-NORMAL_C,0,SCN-06-FANOUT-CASHOUT-0092-W1,0.0,-1,0,no_movement
SCN-06-FANOUT-CASHOUT-0093,fanout_cashout,train,SCN-06-FANOUT-CASHOUT-0093-VICTIM,0,SCN-06-FANOUT-CASHOUT-0093-W1,0.0,-1,0,no_movement
SCN-06-FANOUT-CASHOUT-0093,fanout_cashout,train,SCN-06-FANOUT-CASHOUT-0093-W1,1,SCN-06-FANOUT-CASHOUT-0093-W1,15951.27,0,1,no_movement
SCN-06-FANOUT-CASHOUT-0093,fanout_cashout,train,SCN-06-FANOUT-CASHOUT-0093-W2,1,SCN-06-FANOUT-CASHOUT-0093-W1,5258.07,1,0,no_movement
SCN-06-FANOUT-CASHOUT-0093,fanout_cashout,train,SCN-06-FANOUT-CASHOUT-0093-W3,1,SCN-06-FANOUT-CASHOUT-0093-W1,21041.01,2,0,forward
SCN-06-FANOUT-CASHOUT-0093,fanout_cashout,train,SCN-06-FANOUT-CASHOUT-0093-W4,0,SCN-06-FANOUT-CASHOUT-0093-W1,0.0,-1,0,no_movement
SCN-06-FANOUT-CASHOUT-0093,fanout_cashout,train,SCN-06-FANOUT-CASHOUT-0093-AGENT1,0,SCN-06-FANOUT-CASHOUT-0093-W1,0.0,-1,0,no_movement
SCN-06-FANOUT-CASHOUT-0093,fanout_cashout,train,SCN-06-FANOUT-CASHOUT-0093-NORMAL_A,0,SCN-06-FANOUT-CASHOUT-0093-W1,0.0,-1,0,no_movement
SCN-06-FANOUT-CASHOUT-0093,fanout_cashout,train,SCN-06-FANOUT-CASHOUT-0093-NORMAL_B,0,SCN-06-FANOUT-CASHOUT-0093-W1,0.0,-1,0,no_movement
SCN-06-FANOUT-CASHOUT-0093,fanout_cashout,train,SCN-06-FANOUT-CASHOUT-0093-NORMAL_C,0,SCN-06-FANOUT-CASHOUT-0093-W1,0.0,-1,0,no_movement
SCN-06-FANOUT-CASHOUT-0094,fanout_cashout,train,SCN-06-FANOUT-CASHOUT-0094-VICTIM,0,SCN-06-FANOUT-CASHOUT-0094-W1,0.0,-1,0,no_movement
SCN-06-FANOUT-CASHOUT-0094,fanout_cashout,train,SCN-06-FANOUT-CASHOUT-0094-W1,1,SCN-06-FANOUT-CASHOUT-0094-W1,10988.68,0,1,no_movement
SCN-06-FANOUT-CASHOUT-0094,fanout_cashout,train,SCN-06-FANOUT-CASHOUT-0094-W2,1,SCN-06-FANOUT-CASHOUT-0094-W1,3604.87,1,0,no_movement
SCN-06-FANOUT-CASHOUT-0094,fanout_cashout,train,SCN-06-FANOUT-CASHOUT-0094-W3,1,SCN-06-FANOUT-CASHOUT-0094-W1,14620.4,2,0,forward
SCN-06-FANOUT-CASHOUT-0094,fanout_cashout,train,SCN-06-FANOUT-CASHOUT-0094-W4,0,SCN-06-FANOUT-CASHOUT-0094-W1,0.0,-1,0,no_movement
SCN-06-FANOUT-CASHOUT-0094,fanout_cashout,train,SCN-06-FANOUT-CASHOUT-0094-AGENT1,0,SCN-06-FANOUT-CASHOUT-0094-W1,0.0,-1,0,no_movement
SCN-06-FANOUT-CASHOUT-0094,fanout_cashout,train,SCN-06-FANOUT-CASHOUT-0094-NORMAL_A,0,SCN-06-FANOUT-CASHOUT-0094-W1,0.0,-1,0,no_movement
SCN-06-FANOUT-CASHOUT-0094,fanout_cashout,train,SCN-06-FANOUT-CASHOUT-0094-NORMAL_B,0,SCN-06-FANOUT-CASHOUT-0094-W1,0.0,-1,0,no_movement
SCN-06-FANOUT-CASHOUT-0094,fanout_cashout,train,SCN-06-FANOUT-CASHOUT-0094-NORMAL_C,0,SCN-06-FANOUT-CASHOUT-0094-W1,0.0,-1,0,no_movement
SCN-06-FANOUT-CASHOUT-0095,fanout_cashout,train,SCN-06-FANOUT-CASHOUT-0095-VICTIM,0,SCN-06-FANOUT-CASHOUT-0095-W1,0.0,-1,0,no_movement
SCN-06-FANOUT-CASHOUT-0095,fanout_cashout,train,SCN-06-FANOUT-CASHOUT-0095-W1,1,SCN-06-FANOUT-CASHOUT-0095-W1,15275.06,0,1,no_movement
SCN-06-FANOUT-CASHOUT-0095,fanout_cashout,train,SCN-06-FANOUT-CASHOUT-0095-W2,1,SCN-06-FANOUT-CASHOUT-0095-W1,5002.08,1,0,no_movement
SCN-06-FANOUT-CASHOUT-0095,fanout_cashout,train,SCN-06-FANOUT-CASHOUT-0095-W3,1,SCN-06-FANOUT-CASHOUT-0095-W1,20270.45,2,0,forward
SCN-06-FANOUT-CASHOUT-0095,fanout_cashout,train,SCN-06-FANOUT-CASHOUT-0095-W4,0,SCN-06-FANOUT-CASHOUT-0095-W1,0.0,-1,0,no_movement
SCN-06-FANOUT-CASHOUT-0095,fanout_cashout,train,SCN-06-FANOUT-CASHOUT-0095-AGENT1,0,SCN-06-FANOUT-CASHOUT-0095-W1,0.0,-1,0,no_movement
SCN-06-FANOUT-CASHOUT-0095,fanout_cashout,train,SCN-06-FANOUT-CASHOUT-0095-NORMAL_A,0,SCN-06-FANOUT-CASHOUT-0095-W1,0.0,-1,0,no_movement
SCN-06-FANOUT-CASHOUT-0095,fanout_cashout,train,SCN-06-FANOUT-CASHOUT-0095-NORMAL_B,0,SCN-06-FANOUT-CASHOUT-0095-W1,0.0,-1,0,no_movement
SCN-06-FANOUT-CASHOUT-0095,fanout_cashout,train,SCN-06-FANOUT-CASHOUT-0095-NORMAL_C,0,SCN-06-FANOUT-CASHOUT-0095-W1,0.0,-1,0,no_movement
SCN-06-FANOUT-CASHOUT-0096,fanout_cashout,train,SCN-06-FANOUT-CASHOUT-0096-VICTIM,0,SCN-06-FANOUT-CASHOUT-0096-W1,0.0,-1,0,no_movement
SCN-06-FANOUT-CASHOUT-0096,fanout_cashout,train,SCN-06-FANOUT-CASHOUT-0096-W1,1,SCN-06-FANOUT-CASHOUT-0096-W1,13665.05,0,1,no_movement
SCN-06-FANOUT-CASHOUT-0096,fanout_cashout,train,SCN-06-FANOUT-CASHOUT-0096-W2,1,SCN-06-FANOUT-CASHOUT-0096-W1,4550.84,1,0,no_movement
SCN-06-FANOUT-CASHOUT-0096,fanout_cashout,train,SCN-06-FANOUT-CASHOUT-0096-W3,1,SCN-06-FANOUT-CASHOUT-0096-W1,18145.94,2,0,forward
SCN-06-FANOUT-CASHOUT-0096,fanout_cashout,train,SCN-06-FANOUT-CASHOUT-0096-W4,0,SCN-06-FANOUT-CASHOUT-0096-W1,0.0,-1,0,no_movement
SCN-06-FANOUT-CASHOUT-0096,fanout_cashout,train,SCN-06-FANOUT-CASHOUT-0096-AGENT1,0,SCN-06-FANOUT-CASHOUT-0096-W1,0.0,-1,0,no_movement
SCN-06-FANOUT-CASHOUT-0096,fanout_cashout,train,SCN-06-FANOUT-CASHOUT-0096-NORMAL_A,0,SCN-06-FANOUT-CASHOUT-0096-W1,0.0,-1,0,no_movement
SCN-06-FANOUT-CASHOUT-0096,fanout_cashout,train,SCN-06-FANOUT-CASHOUT-0096-NORMAL_B,0,SCN-06-FANOUT-CASHOUT-0096-W1,0.0,-1,0,no_movement
SCN-06-FANOUT-CASHOUT-0096,fanout_cashout,train,SCN-06-FANOUT-CASHOUT-0096-NORMAL_C,0,SCN-06-FANOUT-CASHOUT-0096-W1,0.0,-1,0,no_movement
SCN-06-FANOUT-CASHOUT-0097,fanout_cashout,train,SCN-06-FANOUT-CASHOUT-0097-VICTIM,0,SCN-06-FANOUT-CASHOUT-0097-W1,0.0,-1,0,no_movement
SCN-06-FANOUT-CASHOUT-0097,fanout_cashout,train,SCN-06-FANOUT-CASHOUT-0097-W1,1,SCN-06-FANOUT-CASHOUT-0097-W1,13898.18,0,1,no_movement
SCN-06-FANOUT-CASHOUT-0097,fanout_cashout,train,SCN-06-FANOUT-CASHOUT-0097-W2,1,SCN-06-FANOUT-CASHOUT-0097-W1,4615.39,1,0,no_movement
SCN-06-FANOUT-CASHOUT-0097,fanout_cashout,train,SCN-06-FANOUT-CASHOUT-0097-W3,1,SCN-06-FANOUT-CASHOUT-0097-W1,18327.66,2,0,forward
SCN-06-FANOUT-CASHOUT-0097,fanout_cashout,train,SCN-06-FANOUT-CASHOUT-0097-W4,0,SCN-06-FANOUT-CASHOUT-0097-W1,0.0,-1,0,no_movement
SCN-06-FANOUT-CASHOUT-0097,fanout_cashout,train,SCN-06-FANOUT-CASHOUT-0097-AGENT1,0,SCN-06-FANOUT-CASHOUT-0097-W1,0.0,-1,0,no_movement
SCN-06-FANOUT-CASHOUT-0097,fanout_cashout,train,SCN-06-FANOUT-CASHOUT-0097-NORMAL_A,0,SCN-06-FANOUT-CASHOUT-0097-W1,0.0,-1,0,no_movement
SCN-06-FANOUT-CASHOUT-0097,fanout_cashout,train,SCN-06-FANOUT-CASHOUT-0097-NORMAL_B,0,SCN-06-FANOUT-CASHOUT-0097-W1,0.0,-1,0,no_movement
SCN-06-FANOUT-CASHOUT-0097,fanout_cashout,train,SCN-06-FANOUT-CASHOUT-0097-NORMAL_C,0,SCN-06-FANOUT-CASHOUT-0097-W1,0.0,-1,0,no_movement
SCN-06-FANOUT-CASHOUT-0098,fanout_cashout,test,SCN-06-FANOUT-CASHOUT-0098-VICTIM,0,SCN-06-FANOUT-CASHOUT-0098-W1,0.0,-1,0,no_movement
SCN-06-FANOUT-CASHOUT-0098,fanout_cashout,test,SCN-06-FANOUT-CASHOUT-0098-W1,1,SCN-06-FANOUT-CASHOUT-0098-W1,15659.37,0,1,no_movement
SCN-06-FANOUT-CASHOUT-0098,fanout_cashout,test,SCN-06-FANOUT-CASHOUT-0098-W2,1,SCN-06-FANOUT-CASHOUT-0098-W1,5229.62,1,0,no_movement
SCN-06-FANOUT-CASHOUT-0098,fanout_cashout,test,SCN-06-FANOUT-CASHOUT-0098-W3,1,SCN-06-FANOUT-CASHOUT-0098-W1,20649.02,2,0,forward
SCN-06-FANOUT-CASHOUT-0098,fanout_cashout,test,SCN-06-FANOUT-CASHOUT-0098-W4,0,SCN-06-FANOUT-CASHOUT-0098-W1,0.0,-1,0,no_movement
SCN-06-FANOUT-CASHOUT-0098,fanout_cashout,test,SCN-06-FANOUT-CASHOUT-0098-AGENT1,0,SCN-06-FANOUT-CASHOUT-0098-W1,0.0,-1,0,no_movement
SCN-06-FANOUT-CASHOUT-0098,fanout_cashout,test,SCN-06-FANOUT-CASHOUT-0098-NORMAL_A,0,SCN-06-FANOUT-CASHOUT-0098-W1,0.0,-1,0,no_movement
SCN-06-FANOUT-CASHOUT-0098,fanout_cashout,test,SCN-06-FANOUT-CASHOUT-0098-NORMAL_B,0,SCN-06-FANOUT-CASHOUT-0098-W1,0.0,-1,0,no_movement
SCN-06-FANOUT-CASHOUT-0098,fanout_cashout,test,SCN-06-FANOUT-CASHOUT-0098-NORMAL_C,0,SCN-06-FANOUT-CASHOUT-0098-W1,0.0,-1,0,no_movement
SCN-06-FANOUT-CASHOUT-0099,fanout_cashout,validation,SCN-06-FANOUT-CASHOUT-0099-VICTIM,0,SCN-06-FANOUT-CASHOUT-0099-W1,0.0,-1,0,no_movement
SCN-06-FANOUT-CASHOUT-0099,fanout_cashout,validation,SCN-06-FANOUT-CASHOUT-0099-W1,1,SCN-06-FANOUT-CASHOUT-0099-W1,14712.46,0,1,no_movement
SCN-06-FANOUT-CASHOUT-0099,fanout_cashout,validation,SCN-06-FANOUT-CASHOUT-0099-W2,1,SCN-06-FANOUT-CASHOUT-0099-W1,4815.8,1,0,no_movement
SCN-06-FANOUT-CASHOUT-0099,fanout_cashout,validation,SCN-06-FANOUT-CASHOUT-0099-W3,1,SCN-06-FANOUT-CASHOUT-0099-W1,19498.9,2,0,forward
SCN-06-FANOUT-CASHOUT-0099,fanout_cashout,validation,SCN-06-FANOUT-CASHOUT-0099-W4,0,SCN-06-FANOUT-CASHOUT-0099-W1,0.0,-1,0,no_movement
SCN-06-FANOUT-CASHOUT-0099,fanout_cashout,validation,SCN-06-FANOUT-CASHOUT-0099-AGENT1,0,SCN-06-FANOUT-CASHOUT-0099-W1,0.0,-1,0,no_movement
SCN-06-FANOUT-CASHOUT-0099,fanout_cashout,validation,SCN-06-FANOUT-CASHOUT-0099-NORMAL_A,0,SCN-06-FANOUT-CASHOUT-0099-W1,0.0,-1,0,no_movement
SCN-06-FANOUT-CASHOUT-0099,fanout_cashout,validation,SCN-06-FANOUT-CASHOUT-0099-NORMAL_B,0,SCN-06-FANOUT-CASHOUT-0099-W1,0.0,-1,0,no_movement
SCN-06-FANOUT-CASHOUT-0099,fanout_cashout,validation,SCN-06-FANOUT-CASHOUT-0099-NORMAL_C,0,SCN-06-FANOUT-CASHOUT-0099-W1,0.0,-1,0,no_movement
SCN-06-FANOUT-CASHOUT-0100,fanout_cashout,validation,SCN-06-FANOUT-CASHOUT-0100-VICTIM,0,SCN-06-FANOUT-CASHOUT-0100-W1,0.0,-1,0,no_movement
SCN-06-FANOUT-CASHOUT-0100,fanout_cashout,validation,SCN-06-FANOUT-CASHOUT-0100-W1,1,SCN-06-FANOUT-CASHOUT-0100-W1,13213.56,0,1,no_movement
SCN-06-FANOUT-CASHOUT-0100,fanout_cashout,validation,SCN-06-FANOUT-CASHOUT-0100-W2,1,SCN-06-FANOUT-CASHOUT-0100-W1,4383.84,1,0,no_movement
SCN-06-FANOUT-CASHOUT-0100,fanout_cashout,validation,SCN-06-FANOUT-CASHOUT-0100-W3,1,SCN-06-FANOUT-CASHOUT-0100-W1,17553.83,2,0,forward
SCN-06-FANOUT-CASHOUT-0100,fanout_cashout,validation,SCN-06-FANOUT-CASHOUT-0100-W4,0,SCN-06-FANOUT-CASHOUT-0100-W1,0.0,-1,0,no_movement
SCN-06-FANOUT-CASHOUT-0100,fanout_cashout,validation,SCN-06-FANOUT-CASHOUT-0100-AGENT1,0,SCN-06-FANOUT-CASHOUT-0100-W1,0.0,-1,0,no_movement
SCN-06-FANOUT-CASHOUT-0100,fanout_cashout,validation,SCN-06-FANOUT-CASHOUT-0100-NORMAL_A,0,SCN-06-FANOUT-CASHOUT-0100-W1,0.0,-1,0,no_movement
SCN-06-FANOUT-CASHOUT-0100,fanout_cashout,validation,SCN-06-FANOUT-CASHOUT-0100-NORMAL_B,0,SCN-06-FANOUT-CASHOUT-0100-W1,0.0,-1,0,no_movement
SCN-06-FANOUT-CASHOUT-0100,fanout_cashout,validation,SCN-06-FANOUT-CASHOUT-0100-NORMAL_C,0,SCN-06-FANOUT-CASHOUT-0100-W1,0.0,-1,0,no_movement
SCN-07-NEAR-MISS-0001,false_positive,train,SCN-07-NEAR-MISS-0001-VICTIM,0,SCN-07-NEAR-MISS-0001-W1,0.0,-1,0,no_movement
SCN-07-NEAR-MISS-0001,false_positive,train,SCN-07-NEAR-MISS-0001-W1,0,SCN-07-NEAR-MISS-0001-W1,17768.62,0,0,no_movement
SCN-07-NEAR-MISS-0001,false_positive,train,SCN-07-NEAR-MISS-0001-W2,0,SCN-07-NEAR-MISS-0001-W1,4876.38,1,0,no_movement
SCN-07-NEAR-MISS-0001,false_positive,train,SCN-07-NEAR-MISS-0001-NORMAL_A,0,SCN-07-NEAR-MISS-0001-W1,0.0,-1,0,no_movement
SCN-07-NEAR-MISS-0001,false_positive,train,SCN-07-NEAR-MISS-0001-NORMAL_B,0,SCN-07-NEAR-MISS-0001-W1,0.0,-1,0,no_movement
SCN-07-NEAR-MISS-0001,false_positive,train,SCN-07-NEAR-MISS-0001-NORMAL_C,0,SCN-07-NEAR-MISS-0001-W1,0.0,-1,0,no_movement
SCN-07-NEAR-MISS-0002,false_positive,validation,SCN-07-NEAR-MISS-0002-VICTIM,0,SCN-07-NEAR-MISS-0002-W1,0.0,-1,0,no_movement
SCN-07-NEAR-MISS-0002,false_positive,validation,SCN-07-NEAR-MISS-0002-W1,0,SCN-07-NEAR-MISS-0002-W1,26193.84,0,0,no_movement
SCN-07-NEAR-MISS-0002,false_positive,validation,SCN-07-NEAR-MISS-0002-W2,0,SCN-07-NEAR-MISS-0002-W1,7364.16,1,0,no_movement
SCN-07-NEAR-MISS-0002,false_positive,validation,SCN-07-NEAR-MISS-0002-NORMAL_A,0,SCN-07-NEAR-MISS-0002-W1,0.0,-1,0,no_movement
SCN-07-NEAR-MISS-0002,false_positive,validation,SCN-07-NEAR-MISS-0002-NORMAL_B,0,SCN-07-NEAR-MISS-0002-W1,0.0,-1,0,no_movement
SCN-07-NEAR-MISS-0002,false_positive,validation,SCN-07-NEAR-MISS-0002-NORMAL_C,0,SCN-07-NEAR-MISS-0002-W1,0.0,-1,0,no_movement
SCN-07-NEAR-MISS-0003,false_positive,train,SCN-07-NEAR-MISS-0003-VICTIM,0,SCN-07-NEAR-MISS-0003-W1,0.0,-1,0,no_movement
SCN-07-NEAR-MISS-0003,false_positive,train,SCN-07-NEAR-MISS-0003-W1,0,SCN-07-NEAR-MISS-0003-W1,17157.93,0,0,no_movement
SCN-07-NEAR-MISS-0003,false_positive,train,SCN-07-NEAR-MISS-0003-W2,0,SCN-07-NEAR-MISS-0003-W1,4450.07,1,0,no_movement
SCN-07-NEAR-MISS-0003,false_positive,train,SCN-07-NEAR-MISS-0003-NORMAL_A,0,SCN-07-NEAR-MISS-0003-W1,0.0,-1,0,no_movement
SCN-07-NEAR-MISS-0003,false_positive,train,SCN-07-NEAR-MISS-0003-NORMAL_B,0,SCN-07-NEAR-MISS-0003-W1,0.0,-1,0,no_movement
SCN-07-NEAR-MISS-0003,false_positive,train,SCN-07-NEAR-MISS-0003-NORMAL_C,0,SCN-07-NEAR-MISS-0003-W1,0.0,-1,0,no_movement
SCN-07-NEAR-MISS-0004,false_positive,train,SCN-07-NEAR-MISS-0004-VICTIM,0,SCN-07-NEAR-MISS-0004-W1,0.0,-1,0,no_movement
SCN-07-NEAR-MISS-0004,false_positive,train,SCN-07-NEAR-MISS-0004-W1,0,SCN-07-NEAR-MISS-0004-W1,20864.26,0,0,no_movement
SCN-07-NEAR-MISS-0004,false_positive,train,SCN-07-NEAR-MISS-0004-W2,0,SCN-07-NEAR-MISS-0004-W1,5472.74,1,0,no_movement
SCN-07-NEAR-MISS-0004,false_positive,train,SCN-07-NEAR-MISS-0004-NORMAL_A,0,SCN-07-NEAR-MISS-0004-W1,0.0,-1,0,no_movement
SCN-07-NEAR-MISS-0004,false_positive,train,SCN-07-NEAR-MISS-0004-NORMAL_B,0,SCN-07-NEAR-MISS-0004-W1,0.0,-1,0,no_movement
SCN-07-NEAR-MISS-0004,false_positive,train,SCN-07-NEAR-MISS-0004-NORMAL_C,0,SCN-07-NEAR-MISS-0004-W1,0.0,-1,0,no_movement
SCN-07-NEAR-MISS-0005,false_positive,test,SCN-07-NEAR-MISS-0005-VICTIM,0,SCN-07-NEAR-MISS-0005-W1,0.0,-1,0,no_movement
SCN-07-NEAR-MISS-0005,false_positive,test,SCN-07-NEAR-MISS-0005-W1,0,SCN-07-NEAR-MISS-0005-W1,17102.39,0,0,no_movement
SCN-07-NEAR-MISS-0005,false_positive,test,SCN-07-NEAR-MISS-0005-W2,0,SCN-07-NEAR-MISS-0005-W1,5265.61,1,0,no_movement
SCN-07-NEAR-MISS-0005,false_positive,test,SCN-07-NEAR-MISS-0005-NORMAL_A,0,SCN-07-NEAR-MISS-0005-W1,0.0,-1,0,no_movement
SCN-07-NEAR-MISS-0005,false_positive,test,SCN-07-NEAR-MISS-0005-NORMAL_B,0,SCN-07-NEAR-MISS-0005-W1,0.0,-1,0,no_movement
SCN-07-NEAR-MISS-0005,false_positive,test,SCN-07-NEAR-MISS-0005-NORMAL_C,0,SCN-07-NEAR-MISS-0005-W1,0.0,-1,0,no_movement
SCN-07-NEAR-MISS-0006,false_positive,train,SCN-07-NEAR-MISS-0006-VICTIM,0,SCN-07-NEAR-MISS-0006-W1,0.0,-1,0,no_movement
SCN-07-NEAR-MISS-0006,false_positive,train,SCN-07-NEAR-MISS-0006-W1,0,SCN-07-NEAR-MISS-0006-W1,19023.83,0,0,no_movement
SCN-07-NEAR-MISS-0006,false_positive,train,SCN-07-NEAR-MISS-0006-W2,0,SCN-07-NEAR-MISS-0006-W1,5942.17,1,0,no_movement
SCN-07-NEAR-MISS-0006,false_positive,train,SCN-07-NEAR-MISS-0006-NORMAL_A,0,SCN-07-NEAR-MISS-0006-W1,0.0,-1,0,no_movement
SCN-07-NEAR-MISS-0006,false_positive,train,SCN-07-NEAR-MISS-0006-NORMAL_B,0,SCN-07-NEAR-MISS-0006-W1,0.0,-1,0,no_movement
SCN-07-NEAR-MISS-0006,false_positive,train,SCN-07-NEAR-MISS-0006-NORMAL_C,0,SCN-07-NEAR-MISS-0006-W1,0.0,-1,0,no_movement
SCN-07-NEAR-MISS-0007,false_positive,test,SCN-07-NEAR-MISS-0007-VICTIM,0,SCN-07-NEAR-MISS-0007-W1,0.0,-1,0,no_movement
SCN-07-NEAR-MISS-0007,false_positive,test,SCN-07-NEAR-MISS-0007-W1,0,SCN-07-NEAR-MISS-0007-W1,24054.26,0,0,no_movement
SCN-07-NEAR-MISS-0007,false_positive,test,SCN-07-NEAR-MISS-0007-W2,0,SCN-07-NEAR-MISS-0007-W1,7997.74,1,0,no_movement
SCN-07-NEAR-MISS-0007,false_positive,test,SCN-07-NEAR-MISS-0007-NORMAL_A,0,SCN-07-NEAR-MISS-0007-W1,0.0,-1,0,no_movement
SCN-07-NEAR-MISS-0007,false_positive,test,SCN-07-NEAR-MISS-0007-NORMAL_B,0,SCN-07-NEAR-MISS-0007-W1,0.0,-1,0,no_movement
SCN-07-NEAR-MISS-0007,false_positive,test,SCN-07-NEAR-MISS-0007-NORMAL_C,0,SCN-07-NEAR-MISS-0007-W1,0.0,-1,0,no_movement
SCN-07-NEAR-MISS-0008,false_positive,train,SCN-07-NEAR-MISS-0008-VICTIM,0,SCN-07-NEAR-MISS-0008-W1,0.0,-1,0,no_movement
SCN-07-NEAR-MISS-0008,false_positive,train,SCN-07-NEAR-MISS-0008-W1,0,SCN-07-NEAR-MISS-0008-W1,23275.39,0,0,no_movement
SCN-07-NEAR-MISS-0008,false_positive,train,SCN-07-NEAR-MISS-0008-W2,0,SCN-07-NEAR-MISS-0008-W1,7353.61,1,0,no_movement
SCN-07-NEAR-MISS-0008,false_positive,train,SCN-07-NEAR-MISS-0008-NORMAL_A,0,SCN-07-NEAR-MISS-0008-W1,0.0,-1,0,no_movement
SCN-07-NEAR-MISS-0008,false_positive,train,SCN-07-NEAR-MISS-0008-NORMAL_B,0,SCN-07-NEAR-MISS-0008-W1,0.0,-1,0,no_movement
SCN-07-NEAR-MISS-0008,false_positive,train,SCN-07-NEAR-MISS-0008-NORMAL_C,0,SCN-07-NEAR-MISS-0008-W1,0.0,-1,0,no_movement
SCN-07-NEAR-MISS-0009,false_positive,train,SCN-07-NEAR-MISS-0009-VICTIM,0,SCN-07-NEAR-MISS-0009-W1,0.0,-1,0,no_movement
SCN-07-NEAR-MISS-0009,false_positive,train,SCN-07-NEAR-MISS-0009-W1,0,SCN-07-NEAR-MISS-0009-W1,18958.69,0,0,no_movement
SCN-07-NEAR-MISS-0009,false_positive,train,SCN-07-NEAR-MISS-0009-W2,0,SCN-07-NEAR-MISS-0009-W1,5592.31,1,0,no_movement
SCN-07-NEAR-MISS-0009,false_positive,train,SCN-07-NEAR-MISS-0009-NORMAL_A,0,SCN-07-NEAR-MISS-0009-W1,0.0,-1,0,no_movement
SCN-07-NEAR-MISS-0009,false_positive,train,SCN-07-NEAR-MISS-0009-NORMAL_B,0,SCN-07-NEAR-MISS-0009-W1,0.0,-1,0,no_movement
SCN-07-NEAR-MISS-0009,false_positive,train,SCN-07-NEAR-MISS-0009-NORMAL_C,0,SCN-07-NEAR-MISS-0009-W1,0.0,-1,0,no_movement
SCN-07-NEAR-MISS-0010,false_positive,train,SCN-07-NEAR-MISS-0010-VICTIM,0,SCN-07-NEAR-MISS-0010-W1,0.0,-1,0,no_movement
SCN-07-NEAR-MISS-0010,false_positive,train,SCN-07-NEAR-MISS-0010-W1,0,SCN-07-NEAR-MISS-0010-W1,24215.21,0,0,no_movement
SCN-07-NEAR-MISS-0010,false_positive,train,SCN-07-NEAR-MISS-0010-W2,0,SCN-07-NEAR-MISS-0010-W1,6312.79,1,0,no_movement
SCN-07-NEAR-MISS-0010,false_positive,train,SCN-07-NEAR-MISS-0010-NORMAL_A,0,SCN-07-NEAR-MISS-0010-W1,0.0,-1,0,no_movement
SCN-07-NEAR-MISS-0010,false_positive,train,SCN-07-NEAR-MISS-0010-NORMAL_B,0,SCN-07-NEAR-MISS-0010-W1,0.0,-1,0,no_movement
SCN-07-NEAR-MISS-0010,false_positive,train,SCN-07-NEAR-MISS-0010-NORMAL_C,0,SCN-07-NEAR-MISS-0010-W1,0.0,-1,0,no_movement
SCN-07-NEAR-MISS-0011,false_positive,validation,SCN-07-NEAR-MISS-0011-VICTIM,0,SCN-07-NEAR-MISS-0011-W1,0.0,-1,0,no_movement
SCN-07-NEAR-MISS-0011,false_positive,validation,SCN-07-NEAR-MISS-0011-W1,0,SCN-07-NEAR-MISS-0011-W1,20131.85,0,0,no_movement
SCN-07-NEAR-MISS-0011,false_positive,validation,SCN-07-NEAR-MISS-0011-W2,0,SCN-07-NEAR-MISS-0011-W1,6051.15,1,0,no_movement
SCN-07-NEAR-MISS-0011,false_positive,validation,SCN-07-NEAR-MISS-0011-NORMAL_A,0,SCN-07-NEAR-MISS-0011-W1,0.0,-1,0,no_movement
SCN-07-NEAR-MISS-0011,false_positive,validation,SCN-07-NEAR-MISS-0011-NORMAL_B,0,SCN-07-NEAR-MISS-0011-W1,0.0,-1,0,no_movement
SCN-07-NEAR-MISS-0011,false_positive,validation,SCN-07-NEAR-MISS-0011-NORMAL_C,0,SCN-07-NEAR-MISS-0011-W1,0.0,-1,0,no_movement
SCN-07-NEAR-MISS-0012,false_positive,test,SCN-07-NEAR-MISS-0012-VICTIM,0,SCN-07-NEAR-MISS-0012-W1,0.0,-1,0,no_movement
SCN-07-NEAR-MISS-0012,false_positive,test,SCN-07-NEAR-MISS-0012-W1,0,SCN-07-NEAR-MISS-0012-W1,24312.02,0,0,no_movement
SCN-07-NEAR-MISS-0012,false_positive,test,SCN-07-NEAR-MISS-0012-W2,0,SCN-07-NEAR-MISS-0012-W1,6564.98,1,0,no_movement
SCN-07-NEAR-MISS-0012,false_positive,test,SCN-07-NEAR-MISS-0012-NORMAL_A,0,SCN-07-NEAR-MISS-0012-W1,0.0,-1,0,no_movement
SCN-07-NEAR-MISS-0012,false_positive,test,SCN-07-NEAR-MISS-0012-NORMAL_B,0,SCN-07-NEAR-MISS-0012-W1,0.0,-1,0,no_movement
SCN-07-NEAR-MISS-0012,false_positive,test,SCN-07-NEAR-MISS-0012-NORMAL_C,0,SCN-07-NEAR-MISS-0012-W1,0.0,-1,0,no_movement
SCN-07-NEAR-MISS-0013,false_positive,train,SCN-07-NEAR-MISS-0013-VICTIM,0,SCN-07-NEAR-MISS-0013-W1,0.0,-1,0,no_movement
SCN-07-NEAR-MISS-0013,false_positive,train,SCN-07-NEAR-MISS-0013-W1,0,SCN-07-NEAR-MISS-0013-W1,20807.7,0,0,no_movement
SCN-07-NEAR-MISS-0013,false_positive,train,SCN-07-NEAR-MISS-0013-W2,0,SCN-07-NEAR-MISS-0013-W1,6444.3,1,0,no_movement
SCN-07-NEAR-MISS-0013,false_positive,train,SCN-07-NEAR-MISS-0013-NORMAL_A,0,SCN-07-NEAR-MISS-0013-W1,0.0,-1,0,no_movement
SCN-07-NEAR-MISS-0013,false_positive,train,SCN-07-NEAR-MISS-0013-NORMAL_B,0,SCN-07-NEAR-MISS-0013-W1,0.0,-1,0,no_movement
SCN-07-NEAR-MISS-0013,false_positive,train,SCN-07-NEAR-MISS-0013-NORMAL_C,0,SCN-07-NEAR-MISS-0013-W1,0.0,-1,0,no_movement
SCN-07-NEAR-MISS-0014,false_positive,test,SCN-07-NEAR-MISS-0014-VICTIM,0,SCN-07-NEAR-MISS-0014-W1,0.0,-1,0,no_movement
SCN-07-NEAR-MISS-0014,false_positive,test,SCN-07-NEAR-MISS-0014-W1,0,SCN-07-NEAR-MISS-0014-W1,20324.03,0,0,no_movement
SCN-07-NEAR-MISS-0014,false_positive,test,SCN-07-NEAR-MISS-0014-W2,0,SCN-07-NEAR-MISS-0014-W1,5413.97,1,0,no_movement
SCN-07-NEAR-MISS-0014,false_positive,test,SCN-07-NEAR-MISS-0014-NORMAL_A,0,SCN-07-NEAR-MISS-0014-W1,0.0,-1,0,no_movement
SCN-07-NEAR-MISS-0014,false_positive,test,SCN-07-NEAR-MISS-0014-NORMAL_B,0,SCN-07-NEAR-MISS-0014-W1,0.0,-1,0,no_movement
SCN-07-NEAR-MISS-0014,false_positive,test,SCN-07-NEAR-MISS-0014-NORMAL_C,0,SCN-07-NEAR-MISS-0014-W1,0.0,-1,0,no_movement
SCN-07-NEAR-MISS-0015,false_positive,train,SCN-07-NEAR-MISS-0015-VICTIM,0,SCN-07-NEAR-MISS-0015-W1,0.0,-1,0,no_movement
SCN-07-NEAR-MISS-0015,false_positive,train,SCN-07-NEAR-MISS-0015-W1,0,SCN-07-NEAR-MISS-0015-W1,26200.01,0,0,no_movement
SCN-07-NEAR-MISS-0015,false_positive,train,SCN-07-NEAR-MISS-0015-W2,0,SCN-07-NEAR-MISS-0015-W1,8303.99,1,0,no_movement
SCN-07-NEAR-MISS-0015,false_positive,train,SCN-07-NEAR-MISS-0015-NORMAL_A,0,SCN-07-NEAR-MISS-0015-W1,0.0,-1,0,no_movement
SCN-07-NEAR-MISS-0015,false_positive,train,SCN-07-NEAR-MISS-0015-NORMAL_B,0,SCN-07-NEAR-MISS-0015-W1,0.0,-1,0,no_movement
SCN-07-NEAR-MISS-0015,false_positive,train,SCN-07-NEAR-MISS-0015-NORMAL_C,0,SCN-07-NEAR-MISS-0015-W1,0.0,-1,0,no_movement
SCN-07-NEAR-MISS-0016,false_positive,train,SCN-07-NEAR-MISS-0016-VICTIM,0,SCN-07-NEAR-MISS-0016-W1,0.0,-1,0,no_movement
SCN-07-NEAR-MISS-0016,false_positive,train,SCN-07-NEAR-MISS-0016-W1,0,SCN-07-NEAR-MISS-0016-W1,20462.9,0,0,no_movement
SCN-07-NEAR-MISS-0016,false_positive,train,SCN-07-NEAR-MISS-0016-W2,0,SCN-07-NEAR-MISS-0016-W1,6632.1,1,0,no_movement
SCN-07-NEAR-MISS-0016,false_positive,train,SCN-07-NEAR-MISS-0016-NORMAL_A,0,SCN-07-NEAR-MISS-0016-W1,0.0,-1,0,no_movement
SCN-07-NEAR-MISS-0016,false_positive,train,SCN-07-NEAR-MISS-0016-NORMAL_B,0,SCN-07-NEAR-MISS-0016-W1,0.0,-1,0,no_movement
SCN-07-NEAR-MISS-0016,false_positive,train,SCN-07-NEAR-MISS-0016-NORMAL_C,0,SCN-07-NEAR-MISS-0016-W1,0.0,-1,0,no_movement
SCN-07-NEAR-MISS-0017,false_positive,train,SCN-07-NEAR-MISS-0017-VICTIM,0,SCN-07-NEAR-MISS-0017-W1,0.0,-1,0,no_movement
SCN-07-NEAR-MISS-0017,false_positive,train,SCN-07-NEAR-MISS-0017-W1,0,SCN-07-NEAR-MISS-0017-W1,20590.49,0,0,no_movement
SCN-07-NEAR-MISS-0017,false_positive,train,SCN-07-NEAR-MISS-0017-W2,0,SCN-07-NEAR-MISS-0017-W1,5790.51,1,0,no_movement
SCN-07-NEAR-MISS-0017,false_positive,train,SCN-07-NEAR-MISS-0017-NORMAL_A,0,SCN-07-NEAR-MISS-0017-W1,0.0,-1,0,no_movement
SCN-07-NEAR-MISS-0017,false_positive,train,SCN-07-NEAR-MISS-0017-NORMAL_B,0,SCN-07-NEAR-MISS-0017-W1,0.0,-1,0,no_movement
SCN-07-NEAR-MISS-0017,false_positive,train,SCN-07-NEAR-MISS-0017-NORMAL_C,0,SCN-07-NEAR-MISS-0017-W1,0.0,-1,0,no_movement
SCN-07-NEAR-MISS-0018,false_positive,validation,SCN-07-NEAR-MISS-0018-VICTIM,0,SCN-07-NEAR-MISS-0018-W1,0.0,-1,0,no_movement
SCN-07-NEAR-MISS-0018,false_positive,validation,SCN-07-NEAR-MISS-0018-W1,0,SCN-07-NEAR-MISS-0018-W1,23094.51,0,0,no_movement
SCN-07-NEAR-MISS-0018,false_positive,validation,SCN-07-NEAR-MISS-0018-W2,0,SCN-07-NEAR-MISS-0018-W1,6270.49,1,0,no_movement
SCN-07-NEAR-MISS-0018,false_positive,validation,SCN-07-NEAR-MISS-0018-NORMAL_A,0,SCN-07-NEAR-MISS-0018-W1,0.0,-1,0,no_movement
SCN-07-NEAR-MISS-0018,false_positive,validation,SCN-07-NEAR-MISS-0018-NORMAL_B,0,SCN-07-NEAR-MISS-0018-W1,0.0,-1,0,no_movement
SCN-07-NEAR-MISS-0018,false_positive,validation,SCN-07-NEAR-MISS-0018-NORMAL_C,0,SCN-07-NEAR-MISS-0018-W1,0.0,-1,0,no_movement
SCN-07-NEAR-MISS-0019,false_positive,train,SCN-07-NEAR-MISS-0019-VICTIM,0,SCN-07-NEAR-MISS-0019-W1,0.0,-1,0,no_movement
SCN-07-NEAR-MISS-0019,false_positive,train,SCN-07-NEAR-MISS-0019-W1,0,SCN-07-NEAR-MISS-0019-W1,18290.0,0,0,no_movement
SCN-07-NEAR-MISS-0019,false_positive,train,SCN-07-NEAR-MISS-0019-W2,0,SCN-07-NEAR-MISS-0019-W1,5534.0,1,0,no_movement
SCN-07-NEAR-MISS-0019,false_positive,train,SCN-07-NEAR-MISS-0019-NORMAL_A,0,SCN-07-NEAR-MISS-0019-W1,0.0,-1,0,no_movement
SCN-07-NEAR-MISS-0019,false_positive,train,SCN-07-NEAR-MISS-0019-NORMAL_B,0,SCN-07-NEAR-MISS-0019-W1,0.0,-1,0,no_movement
SCN-07-NEAR-MISS-0019,false_positive,train,SCN-07-NEAR-MISS-0019-NORMAL_C,0,SCN-07-NEAR-MISS-0019-W1,0.0,-1,0,no_movement
SCN-07-NEAR-MISS-0020,false_positive,test,SCN-07-NEAR-MISS-0020-VICTIM,0,SCN-07-NEAR-MISS-0020-W1,0.0,-1,0,no_movement
SCN-07-NEAR-MISS-0020,false_positive,test,SCN-07-NEAR-MISS-0020-W1,0,SCN-07-NEAR-MISS-0020-W1,22362.65,0,0,no_movement
SCN-07-NEAR-MISS-0020,false_positive,test,SCN-07-NEAR-MISS-0020-W2,0,SCN-07-NEAR-MISS-0020-W1,7030.35,1,0,no_movement
SCN-07-NEAR-MISS-0020,false_positive,test,SCN-07-NEAR-MISS-0020-NORMAL_A,0,SCN-07-NEAR-MISS-0020-W1,0.0,-1,0,no_movement
SCN-07-NEAR-MISS-0020,false_positive,test,SCN-07-NEAR-MISS-0020-NORMAL_B,0,SCN-07-NEAR-MISS-0020-W1,0.0,-1,0,no_movement
SCN-07-NEAR-MISS-0020,false_positive,test,SCN-07-NEAR-MISS-0020-NORMAL_C,0,SCN-07-NEAR-MISS-0020-W1,0.0,-1,0,no_movement
SCN-07-NEAR-MISS-0021,false_positive,train,SCN-07-NEAR-MISS-0021-VICTIM,0,SCN-07-NEAR-MISS-0021-W1,0.0,-1,0,no_movement
SCN-07-NEAR-MISS-0021,false_positive,train,SCN-07-NEAR-MISS-0021-W1,0,SCN-07-NEAR-MISS-0021-W1,19541.06,0,0,no_movement
SCN-07-NEAR-MISS-0021,false_positive,train,SCN-07-NEAR-MISS-0021-W2,0,SCN-07-NEAR-MISS-0021-W1,4808.94,1,0,no_movement
SCN-07-NEAR-MISS-0021,false_positive,train,SCN-07-NEAR-MISS-0021-NORMAL_A,0,SCN-07-NEAR-MISS-0021-W1,0.0,-1,0,no_movement
SCN-07-NEAR-MISS-0021,false_positive,train,SCN-07-NEAR-MISS-0021-NORMAL_B,0,SCN-07-NEAR-MISS-0021-W1,0.0,-1,0,no_movement
SCN-07-NEAR-MISS-0021,false_positive,train,SCN-07-NEAR-MISS-0021-NORMAL_C,0,SCN-07-NEAR-MISS-0021-W1,0.0,-1,0,no_movement
SCN-07-NEAR-MISS-0022,false_positive,train,SCN-07-NEAR-MISS-0022-VICTIM,0,SCN-07-NEAR-MISS-0022-W1,0.0,-1,0,no_movement
SCN-07-NEAR-MISS-0022,false_positive,train,SCN-07-NEAR-MISS-0022-W1,0,SCN-07-NEAR-MISS-0022-W1,20245.1,0,0,no_movement
SCN-07-NEAR-MISS-0022,false_positive,train,SCN-07-NEAR-MISS-0022-W2,0,SCN-07-NEAR-MISS-0022-W1,5698.9,1,0,no_movement
SCN-07-NEAR-MISS-0022,false_positive,train,SCN-07-NEAR-MISS-0022-NORMAL_A,0,SCN-07-NEAR-MISS-0022-W1,0.0,-1,0,no_movement
SCN-07-NEAR-MISS-0022,false_positive,train,SCN-07-NEAR-MISS-0022-NORMAL_B,0,SCN-07-NEAR-MISS-0022-W1,0.0,-1,0,no_movement
SCN-07-NEAR-MISS-0022,false_positive,train,SCN-07-NEAR-MISS-0022-NORMAL_C,0,SCN-07-NEAR-MISS-0022-W1,0.0,-1,0,no_movement
SCN-07-NEAR-MISS-0023,false_positive,train,SCN-07-NEAR-MISS-0023-VICTIM,0,SCN-07-NEAR-MISS-0023-W1,0.0,-1,0,no_movement
SCN-07-NEAR-MISS-0023,false_positive,train,SCN-07-NEAR-MISS-0023-W1,0,SCN-07-NEAR-MISS-0023-W1,17465.4,0,0,no_movement
SCN-07-NEAR-MISS-0023,false_positive,train,SCN-07-NEAR-MISS-0023-W2,0,SCN-07-NEAR-MISS-0023-W1,4495.6,1,0,no_movement
SCN-07-NEAR-MISS-0023,false_positive,train,SCN-07-NEAR-MISS-0023-NORMAL_A,0,SCN-07-NEAR-MISS-0023-W1,0.0,-1,0,no_movement
SCN-07-NEAR-MISS-0023,false_positive,train,SCN-07-NEAR-MISS-0023-NORMAL_B,0,SCN-07-NEAR-MISS-0023-W1,0.0,-1,0,no_movement
SCN-07-NEAR-MISS-0023,false_positive,train,SCN-07-NEAR-MISS-0023-NORMAL_C,0,SCN-07-NEAR-MISS-0023-W1,0.0,-1,0,no_movement
SCN-07-NEAR-MISS-0024,false_positive,train,SCN-07-NEAR-MISS-0024-VICTIM,0,SCN-07-NEAR-MISS-0024-W1,0.0,-1,0,no_movement
SCN-07-NEAR-MISS-0024,false_positive,train,SCN-07-NEAR-MISS-0024-W1,0,SCN-07-NEAR-MISS-0024-W1,20304.89,0,0,no_movement
SCN-07-NEAR-MISS-0024,false_positive,train,SCN-07-NEAR-MISS-0024-W2,0,SCN-07-NEAR-MISS-0024-W1,5568.11,1,0,no_movement
SCN-07-NEAR-MISS-0024,false_positive,train,SCN-07-NEAR-MISS-0024-NORMAL_A,0,SCN-07-NEAR-MISS-0024-W1,0.0,-1,0,no_movement
SCN-07-NEAR-MISS-0024,false_positive,train,SCN-07-NEAR-MISS-0024-NORMAL_B,0,SCN-07-NEAR-MISS-0024-W1,0.0,-1,0,no_movement
SCN-07-NEAR-MISS-0024,false_positive,train,SCN-07-NEAR-MISS-0024-NORMAL_C,0,SCN-07-NEAR-MISS-0024-W1,0.0,-1,0,no_movement
SCN-07-NEAR-MISS-0025,false_positive,train,SCN-07-NEAR-MISS-0025-VICTIM,0,SCN-07-NEAR-MISS-0025-W1,0.0,-1,0,no_movement
SCN-07-NEAR-MISS-0025,false_positive,train,SCN-07-NEAR-MISS-0025-W1,0,SCN-07-NEAR-MISS-0025-W1,26344.78,0,0,no_movement
SCN-07-NEAR-MISS-0025,false_positive,train,SCN-07-NEAR-MISS-0025-W2,0,SCN-07-NEAR-MISS-0025-W1,7671.22,1,0,no_movement
SCN-07-NEAR-MISS-0025,false_positive,train,SCN-07-NEAR-MISS-0025-NORMAL_A,0,SCN-07-NEAR-MISS-0025-W1,0.0,-1,0,no_movement
SCN-07-NEAR-MISS-0025,false_positive,train,SCN-07-NEAR-MISS-0025-NORMAL_B,0,SCN-07-NEAR-MISS-0025-W1,0.0,-1,0,no_movement
SCN-07-NEAR-MISS-0025,false_positive,train,SCN-07-NEAR-MISS-0025-NORMAL_C,0,SCN-07-NEAR-MISS-0025-W1,0.0,-1,0,no_movement
SCN-07-NEAR-MISS-0026,false_positive,train,SCN-07-NEAR-MISS-0026-VICTIM,0,SCN-07-NEAR-MISS-0026-W1,0.0,-1,0,no_movement
SCN-07-NEAR-MISS-0026,false_positive,train,SCN-07-NEAR-MISS-0026-W1,0,SCN-07-NEAR-MISS-0026-W1,17480.18,0,0,no_movement
SCN-07-NEAR-MISS-0026,false_positive,train,SCN-07-NEAR-MISS-0026-W2,0,SCN-07-NEAR-MISS-0026-W1,4532.82,1,0,no_movement
SCN-07-NEAR-MISS-0026,false_positive,train,SCN-07-NEAR-MISS-0026-NORMAL_A,0,SCN-07-NEAR-MISS-0026-W1,0.0,-1,0,no_movement
SCN-07-NEAR-MISS-0026,false_positive,train,SCN-07-NEAR-MISS-0026-NORMAL_B,0,SCN-07-NEAR-MISS-0026-W1,0.0,-1,0,no_movement
SCN-07-NEAR-MISS-0026,false_positive,train,SCN-07-NEAR-MISS-0026-NORMAL_C,0,SCN-07-NEAR-MISS-0026-W1,0.0,-1,0,no_movement
SCN-07-NEAR-MISS-0027,false_positive,train,SCN-07-NEAR-MISS-0027-VICTIM,0,SCN-07-NEAR-MISS-0027-W1,0.0,-1,0,no_movement
SCN-07-NEAR-MISS-0027,false_positive,train,SCN-07-NEAR-MISS-0027-W1,0,SCN-07-NEAR-MISS-0027-W1,26248.56,0,0,no_movement
SCN-07-NEAR-MISS-0027,false_positive,train,SCN-07-NEAR-MISS-0027-W2,0,SCN-07-NEAR-MISS-0027-W1,7017.44,1,0,no_movement
SCN-07-NEAR-MISS-0027,false_positive,train,SCN-07-NEAR-MISS-0027-NORMAL_A,0,SCN-07-NEAR-MISS-0027-W1,0.0,-1,0,no_movement
SCN-07-NEAR-MISS-0027,false_positive,train,SCN-07-NEAR-MISS-0027-NORMAL_B,0,SCN-07-NEAR-MISS-0027-W1,0.0,-1,0,no_movement
SCN-07-NEAR-MISS-0027,false_positive,train,SCN-07-NEAR-MISS-0027-NORMAL_C,0,SCN-07-NEAR-MISS-0027-W1,0.0,-1,0,no_movement
SCN-07-NEAR-MISS-0028,false_positive,test,SCN-07-NEAR-MISS-0028-VICTIM,0,SCN-07-NEAR-MISS-0028-W1,0.0,-1,0,no_movement
SCN-07-NEAR-MISS-0028,false_positive,test,SCN-07-NEAR-MISS-0028-W1,0,SCN-07-NEAR-MISS-0028-W1,23136.18,0,0,no_movement
SCN-07-NEAR-MISS-0028,false_positive,test,SCN-07-NEAR-MISS-0028-W2,0,SCN-07-NEAR-MISS-0028-W1,5747.82,1,0,no_movement
SCN-07-NEAR-MISS-0028,false_positive,test,SCN-07-NEAR-MISS-0028-NORMAL_A,0,SCN-07-NEAR-MISS-0028-W1,0.0,-1,0,no_movement
SCN-07-NEAR-MISS-0028,false_positive,test,SCN-07-NEAR-MISS-0028-NORMAL_B,0,SCN-07-NEAR-MISS-0028-W1,0.0,-1,0,no_movement
SCN-07-NEAR-MISS-0028,false_positive,test,SCN-07-NEAR-MISS-0028-NORMAL_C,0,SCN-07-NEAR-MISS-0028-W1,0.0,-1,0,no_movement
SCN-07-NEAR-MISS-0029,false_positive,train,SCN-07-NEAR-MISS-0029-VICTIM,0,SCN-07-NEAR-MISS-0029-W1,0.0,-1,0,no_movement
SCN-07-NEAR-MISS-0029,false_positive,train,SCN-07-NEAR-MISS-0029-W1,0,SCN-07-NEAR-MISS-0029-W1,20794.02,0,0,no_movement
SCN-07-NEAR-MISS-0029,false_positive,train,SCN-07-NEAR-MISS-0029-W2,0,SCN-07-NEAR-MISS-0029-W1,6655.98,1,0,no_movement
SCN-07-NEAR-MISS-0029,false_positive,train,SCN-07-NEAR-MISS-0029-NORMAL_A,0,SCN-07-NEAR-MISS-0029-W1,0.0,-1,0,no_movement
SCN-07-NEAR-MISS-0029,false_positive,train,SCN-07-NEAR-MISS-0029-NORMAL_B,0,SCN-07-NEAR-MISS-0029-W1,0.0,-1,0,no_movement
SCN-07-NEAR-MISS-0029,false_positive,train,SCN-07-NEAR-MISS-0029-NORMAL_C,0,SCN-07-NEAR-MISS-0029-W1,0.0,-1,0,no_movement
SCN-07-NEAR-MISS-0030,false_positive,train,SCN-07-NEAR-MISS-0030-VICTIM,0,SCN-07-NEAR-MISS-0030-W1,0.0,-1,0,no_movement
SCN-07-NEAR-MISS-0030,false_positive,train,SCN-07-NEAR-MISS-0030-W1,0,SCN-07-NEAR-MISS-0030-W1,22834.83,0,0,no_movement
SCN-07-NEAR-MISS-0030,false_positive,train,SCN-07-NEAR-MISS-0030-W2,0,SCN-07-NEAR-MISS-0030-W1,7036.17,1,0,no_movement
SCN-07-NEAR-MISS-0030,false_positive,train,SCN-07-NEAR-MISS-0030-NORMAL_A,0,SCN-07-NEAR-MISS-0030-W1,0.0,-1,0,no_movement
SCN-07-NEAR-MISS-0030,false_positive,train,SCN-07-NEAR-MISS-0030-NORMAL_B,0,SCN-07-NEAR-MISS-0030-W1,0.0,-1,0,no_movement
SCN-07-NEAR-MISS-0030,false_positive,train,SCN-07-NEAR-MISS-0030-NORMAL_C,0,SCN-07-NEAR-MISS-0030-W1,0.0,-1,0,no_movement
SCN-07-NEAR-MISS-0031,false_positive,validation,SCN-07-NEAR-MISS-0031-VICTIM,0,SCN-07-NEAR-MISS-0031-W1,0.0,-1,0,no_movement
SCN-07-NEAR-MISS-0031,false_positive,validation,SCN-07-NEAR-MISS-0031-W1,0,SCN-07-NEAR-MISS-0031-W1,27342.69,0,0,no_movement
SCN-07-NEAR-MISS-0031,false_positive,validation,SCN-07-NEAR-MISS-0031-W2,0,SCN-07-NEAR-MISS-0031-W1,7033.31,1,0,no_movement
SCN-07-NEAR-MISS-0031,false_positive,validation,SCN-07-NEAR-MISS-0031-NORMAL_A,0,SCN-07-NEAR-MISS-0031-W1,0.0,-1,0,no_movement
SCN-07-NEAR-MISS-0031,false_positive,validation,SCN-07-NEAR-MISS-0031-NORMAL_B,0,SCN-07-NEAR-MISS-0031-W1,0.0,-1,0,no_movement
SCN-07-NEAR-MISS-0031,false_positive,validation,SCN-07-NEAR-MISS-0031-NORMAL_C,0,SCN-07-NEAR-MISS-0031-W1,0.0,-1,0,no_movement
SCN-07-NEAR-MISS-0032,false_positive,train,SCN-07-NEAR-MISS-0032-VICTIM,0,SCN-07-NEAR-MISS-0032-W1,0.0,-1,0,no_movement
SCN-07-NEAR-MISS-0032,false_positive,train,SCN-07-NEAR-MISS-0032-W1,0,SCN-07-NEAR-MISS-0032-W1,16837.08,0,0,no_movement
SCN-07-NEAR-MISS-0032,false_positive,train,SCN-07-NEAR-MISS-0032-W2,0,SCN-07-NEAR-MISS-0032-W1,5464.92,1,0,no_movement
SCN-07-NEAR-MISS-0032,false_positive,train,SCN-07-NEAR-MISS-0032-NORMAL_A,0,SCN-07-NEAR-MISS-0032-W1,0.0,-1,0,no_movement
SCN-07-NEAR-MISS-0032,false_positive,train,SCN-07-NEAR-MISS-0032-NORMAL_B,0,SCN-07-NEAR-MISS-0032-W1,0.0,-1,0,no_movement
SCN-07-NEAR-MISS-0032,false_positive,train,SCN-07-NEAR-MISS-0032-NORMAL_C,0,SCN-07-NEAR-MISS-0032-W1,0.0,-1,0,no_movement
SCN-07-NEAR-MISS-0033,false_positive,train,SCN-07-NEAR-MISS-0033-VICTIM,0,SCN-07-NEAR-MISS-0033-W1,0.0,-1,0,no_movement
SCN-07-NEAR-MISS-0033,false_positive,train,SCN-07-NEAR-MISS-0033-W1,0,SCN-07-NEAR-MISS-0033-W1,21217.3,0,0,no_movement
SCN-07-NEAR-MISS-0033,false_positive,train,SCN-07-NEAR-MISS-0033-W2,0,SCN-07-NEAR-MISS-0033-W1,6454.7,1,0,no_movement
SCN-07-NEAR-MISS-0033,false_positive,train,SCN-07-NEAR-MISS-0033-NORMAL_A,0,SCN-07-NEAR-MISS-0033-W1,0.0,-1,0,no_movement
SCN-07-NEAR-MISS-0033,false_positive,train,SCN-07-NEAR-MISS-0033-NORMAL_B,0,SCN-07-NEAR-MISS-0033-W1,0.0,-1,0,no_movement
SCN-07-NEAR-MISS-0033,false_positive,train,SCN-07-NEAR-MISS-0033-NORMAL_C,0,SCN-07-NEAR-MISS-0033-W1,0.0,-1,0,no_movement
SCN-07-NEAR-MISS-0034,false_positive,train,SCN-07-NEAR-MISS-0034-VICTIM,0,SCN-07-NEAR-MISS-0034-W1,0.0,-1,0,no_movement
SCN-07-NEAR-MISS-0034,false_positive,train,SCN-07-NEAR-MISS-0034-W1,0,SCN-07-NEAR-MISS-0034-W1,23309.48,0,0,no_movement
SCN-07-NEAR-MISS-0034,false_positive,train,SCN-07-NEAR-MISS-0034-W2,0,SCN-07-NEAR-MISS-0034-W1,7254.52,1,0,no_movement
SCN-07-NEAR-MISS-0034,false_positive,train,SCN-07-NEAR-MISS-0034-NORMAL_A,0,SCN-07-NEAR-MISS-0034-W1,0.0,-1,0,no_movement
SCN-07-NEAR-MISS-0034,false_positive,train,SCN-07-NEAR-MISS-0034-NORMAL_B,0,SCN-07-NEAR-MISS-0034-W1,0.0,-1,0,no_movement
SCN-07-NEAR-MISS-0034,false_positive,train,SCN-07-NEAR-MISS-0034-NORMAL_C,0,SCN-07-NEAR-MISS-0034-W1,0.0,-1,0,no_movement
SCN-07-NEAR-MISS-0035,false_positive,validation,SCN-07-NEAR-MISS-0035-VICTIM,0,SCN-07-NEAR-MISS-0035-W1,0.0,-1,0,no_movement
SCN-07-NEAR-MISS-0035,false_positive,validation,SCN-07-NEAR-MISS-0035-W1,0,SCN-07-NEAR-MISS-0035-W1,25431.76,0,0,no_movement
SCN-07-NEAR-MISS-0035,false_positive,validation,SCN-07-NEAR-MISS-0035-W2,0,SCN-07-NEAR-MISS-0035-W1,7786.24,1,0,no_movement
SCN-07-NEAR-MISS-0035,false_positive,validation,SCN-07-NEAR-MISS-0035-NORMAL_A,0,SCN-07-NEAR-MISS-0035-W1,0.0,-1,0,no_movement
SCN-07-NEAR-MISS-0035,false_positive,validation,SCN-07-NEAR-MISS-0035-NORMAL_B,0,SCN-07-NEAR-MISS-0035-W1,0.0,-1,0,no_movement
SCN-07-NEAR-MISS-0035,false_positive,validation,SCN-07-NEAR-MISS-0035-NORMAL_C,0,SCN-07-NEAR-MISS-0035-W1,0.0,-1,0,no_movement
SCN-07-NEAR-MISS-0036,false_positive,train,SCN-07-NEAR-MISS-0036-VICTIM,0,SCN-07-NEAR-MISS-0036-W1,0.0,-1,0,no_movement
SCN-07-NEAR-MISS-0036,false_positive,train,SCN-07-NEAR-MISS-0036-W1,0,SCN-07-NEAR-MISS-0036-W1,18273.03,0,0,no_movement
SCN-07-NEAR-MISS-0036,false_positive,train,SCN-07-NEAR-MISS-0036-W2,0,SCN-07-NEAR-MISS-0036-W1,4910.97,1,0,no_movement
SCN-07-NEAR-MISS-0036,false_positive,train,SCN-07-NEAR-MISS-0036-NORMAL_A,0,SCN-07-NEAR-MISS-0036-W1,0.0,-1,0,no_movement
SCN-07-NEAR-MISS-0036,false_positive,train,SCN-07-NEAR-MISS-0036-NORMAL_B,0,SCN-07-NEAR-MISS-0036-W1,0.0,-1,0,no_movement
SCN-07-NEAR-MISS-0036,false_positive,train,SCN-07-NEAR-MISS-0036-NORMAL_C,0,SCN-07-NEAR-MISS-0036-W1,0.0,-1,0,no_movement
SCN-07-NEAR-MISS-0037,false_positive,validation,SCN-07-NEAR-MISS-0037-VICTIM,0,SCN-07-NEAR-MISS-0037-W1,0.0,-1,0,no_movement
SCN-07-NEAR-MISS-0037,false_positive,validation,SCN-07-NEAR-MISS-0037-W1,0,SCN-07-NEAR-MISS-0037-W1,22277.88,0,0,no_movement
SCN-07-NEAR-MISS-0037,false_positive,validation,SCN-07-NEAR-MISS-0037-W2,0,SCN-07-NEAR-MISS-0037-W1,7316.12,1,0,no_movement
SCN-07-NEAR-MISS-0037,false_positive,validation,SCN-07-NEAR-MISS-0037-NORMAL_A,0,SCN-07-NEAR-MISS-0037-W1,0.0,-1,0,no_movement
SCN-07-NEAR-MISS-0037,false_positive,validation,SCN-07-NEAR-MISS-0037-NORMAL_B,0,SCN-07-NEAR-MISS-0037-W1,0.0,-1,0,no_movement
SCN-07-NEAR-MISS-0037,false_positive,validation,SCN-07-NEAR-MISS-0037-NORMAL_C,0,SCN-07-NEAR-MISS-0037-W1,0.0,-1,0,no_movement
SCN-07-NEAR-MISS-0038,false_positive,train,SCN-07-NEAR-MISS-0038-VICTIM,0,SCN-07-NEAR-MISS-0038-W1,0.0,-1,0,no_movement
SCN-07-NEAR-MISS-0038,false_positive,train,SCN-07-NEAR-MISS-0038-W1,0,SCN-07-NEAR-MISS-0038-W1,23699.46,0,0,no_movement
SCN-07-NEAR-MISS-0038,false_positive,train,SCN-07-NEAR-MISS-0038-W2,0,SCN-07-NEAR-MISS-0038-W1,5989.54,1,0,no_movement
SCN-07-NEAR-MISS-0038,false_positive,train,SCN-07-NEAR-MISS-0038-NORMAL_A,0,SCN-07-NEAR-MISS-0038-W1,0.0,-1,0,no_movement
SCN-07-NEAR-MISS-0038,false_positive,train,SCN-07-NEAR-MISS-0038-NORMAL_B,0,SCN-07-NEAR-MISS-0038-W1,0.0,-1,0,no_movement
SCN-07-NEAR-MISS-0038,false_positive,train,SCN-07-NEAR-MISS-0038-NORMAL_C,0,SCN-07-NEAR-MISS-0038-W1,0.0,-1,0,no_movement
SCN-07-NEAR-MISS-0039,false_positive,train,SCN-07-NEAR-MISS-0039-VICTIM,0,SCN-07-NEAR-MISS-0039-W1,0.0,-1,0,no_movement
SCN-07-NEAR-MISS-0039,false_positive,train,SCN-07-NEAR-MISS-0039-W1,0,SCN-07-NEAR-MISS-0039-W1,21387.83,0,0,no_movement
SCN-07-NEAR-MISS-0039,false_positive,train,SCN-07-NEAR-MISS-0039-W2,0,SCN-07-NEAR-MISS-0039-W1,6483.17,1,0,no_movement
SCN-07-NEAR-MISS-0039,false_positive,train,SCN-07-NEAR-MISS-0039-NORMAL_A,0,SCN-07-NEAR-MISS-0039-W1,0.0,-1,0,no_movement
SCN-07-NEAR-MISS-0039,false_positive,train,SCN-07-NEAR-MISS-0039-NORMAL_B,0,SCN-07-NEAR-MISS-0039-W1,0.0,-1,0,no_movement
SCN-07-NEAR-MISS-0039,false_positive,train,SCN-07-NEAR-MISS-0039-NORMAL_C,0,SCN-07-NEAR-MISS-0039-W1,0.0,-1,0,no_movement
SCN-07-NEAR-MISS-0040,false_positive,test,SCN-07-NEAR-MISS-0040-VICTIM,0,SCN-07-NEAR-MISS-0040-W1,0.0,-1,0,no_movement
SCN-07-NEAR-MISS-0040,false_positive,test,SCN-07-NEAR-MISS-0040-W1,0,SCN-07-NEAR-MISS-0040-W1,22626.92,0,0,no_movement
SCN-07-NEAR-MISS-0040,false_positive,test,SCN-07-NEAR-MISS-0040-W2,0,SCN-07-NEAR-MISS-0040-W1,6446.08,1,0,no_movement
SCN-07-NEAR-MISS-0040,false_positive,test,SCN-07-NEAR-MISS-0040-NORMAL_A,0,SCN-07-NEAR-MISS-0040-W1,0.0,-1,0,no_movement
SCN-07-NEAR-MISS-0040,false_positive,test,SCN-07-NEAR-MISS-0040-NORMAL_B,0,SCN-07-NEAR-MISS-0040-W1,0.0,-1,0,no_movement
SCN-07-NEAR-MISS-0040,false_positive,test,SCN-07-NEAR-MISS-0040-NORMAL_C,0,SCN-07-NEAR-MISS-0040-W1,0.0,-1,0,no_movement
SCN-07-NEAR-MISS-0041,false_positive,test,SCN-07-NEAR-MISS-0041-VICTIM,0,SCN-07-NEAR-MISS-0041-W1,0.0,-1,0,no_movement
SCN-07-NEAR-MISS-0041,false_positive,test,SCN-07-NEAR-MISS-0041-W1,0,SCN-07-NEAR-MISS-0041-W1,21338.26,0,0,no_movement
SCN-07-NEAR-MISS-0041,false_positive,test,SCN-07-NEAR-MISS-0041-W2,0,SCN-07-NEAR-MISS-0041-W1,6696.74,1,0,no_movement
SCN-07-NEAR-MISS-0041,false_positive,test,SCN-07-NEAR-MISS-0041-NORMAL_A,0,SCN-07-NEAR-MISS-0041-W1,0.0,-1,0,no_movement
SCN-07-NEAR-MISS-0041,false_positive,test,SCN-07-NEAR-MISS-0041-NORMAL_B,0,SCN-07-NEAR-MISS-0041-W1,0.0,-1,0,no_movement
SCN-07-NEAR-MISS-0041,false_positive,test,SCN-07-NEAR-MISS-0041-NORMAL_C,0,SCN-07-NEAR-MISS-0041-W1,0.0,-1,0,no_movement
SCN-07-NEAR-MISS-0042,false_positive,train,SCN-07-NEAR-MISS-0042-VICTIM,0,SCN-07-NEAR-MISS-0042-W1,0.0,-1,0,no_movement
SCN-07-NEAR-MISS-0042,false_positive,train,SCN-07-NEAR-MISS-0042-W1,0,SCN-07-NEAR-MISS-0042-W1,23105.33,0,0,no_movement
SCN-07-NEAR-MISS-0042,false_positive,train,SCN-07-NEAR-MISS-0042-W2,0,SCN-07-NEAR-MISS-0042-W1,7669.67,1,0,no_movement
SCN-07-NEAR-MISS-0042,false_positive,train,SCN-07-NEAR-MISS-0042-NORMAL_A,0,SCN-07-NEAR-MISS-0042-W1,0.0,-1,0,no_movement
SCN-07-NEAR-MISS-0042,false_positive,train,SCN-07-NEAR-MISS-0042-NORMAL_B,0,SCN-07-NEAR-MISS-0042-W1,0.0,-1,0,no_movement
SCN-07-NEAR-MISS-0042,false_positive,train,SCN-07-NEAR-MISS-0042-NORMAL_C,0,SCN-07-NEAR-MISS-0042-W1,0.0,-1,0,no_movement
SCN-07-NEAR-MISS-0043,false_positive,validation,SCN-07-NEAR-MISS-0043-VICTIM,0,SCN-07-NEAR-MISS-0043-W1,0.0,-1,0,no_movement
SCN-07-NEAR-MISS-0043,false_positive,validation,SCN-07-NEAR-MISS-0043-W1,0,SCN-07-NEAR-MISS-0043-W1,22322.08,0,0,no_movement
SCN-07-NEAR-MISS-0043,false_positive,validation,SCN-07-NEAR-MISS-0043-W2,0,SCN-07-NEAR-MISS-0043-W1,6811.92,1,0,no_movement
SCN-07-NEAR-MISS-0043,false_positive,validation,SCN-07-NEAR-MISS-0043-NORMAL_A,0,SCN-07-NEAR-MISS-0043-W1,0.0,-1,0,no_movement
SCN-07-NEAR-MISS-0043,false_positive,validation,SCN-07-NEAR-MISS-0043-NORMAL_B,0,SCN-07-NEAR-MISS-0043-W1,0.0,-1,0,no_movement
SCN-07-NEAR-MISS-0043,false_positive,validation,SCN-07-NEAR-MISS-0043-NORMAL_C,0,SCN-07-NEAR-MISS-0043-W1,0.0,-1,0,no_movement
SCN-07-NEAR-MISS-0044,false_positive,train,SCN-07-NEAR-MISS-0044-VICTIM,0,SCN-07-NEAR-MISS-0044-W1,0.0,-1,0,no_movement
SCN-07-NEAR-MISS-0044,false_positive,train,SCN-07-NEAR-MISS-0044-W1,0,SCN-07-NEAR-MISS-0044-W1,18780.4,0,0,no_movement
SCN-07-NEAR-MISS-0044,false_positive,train,SCN-07-NEAR-MISS-0044-W2,0,SCN-07-NEAR-MISS-0044-W1,5539.6,1,0,no_movement
SCN-07-NEAR-MISS-0044,false_positive,train,SCN-07-NEAR-MISS-0044-NORMAL_A,0,SCN-07-NEAR-MISS-0044-W1,0.0,-1,0,no_movement
SCN-07-NEAR-MISS-0044,false_positive,train,SCN-07-NEAR-MISS-0044-NORMAL_B,0,SCN-07-NEAR-MISS-0044-W1,0.0,-1,0,no_movement
SCN-07-NEAR-MISS-0044,false_positive,train,SCN-07-NEAR-MISS-0044-NORMAL_C,0,SCN-07-NEAR-MISS-0044-W1,0.0,-1,0,no_movement
SCN-07-NEAR-MISS-0045,false_positive,train,SCN-07-NEAR-MISS-0045-VICTIM,0,SCN-07-NEAR-MISS-0045-W1,0.0,-1,0,no_movement
SCN-07-NEAR-MISS-0045,false_positive,train,SCN-07-NEAR-MISS-0045-W1,0,SCN-07-NEAR-MISS-0045-W1,19071.02,0,0,no_movement
SCN-07-NEAR-MISS-0045,false_positive,train,SCN-07-NEAR-MISS-0045-W2,0,SCN-07-NEAR-MISS-0045-W1,4875.98,1,0,no_movement
SCN-07-NEAR-MISS-0045,false_positive,train,SCN-07-NEAR-MISS-0045-NORMAL_A,0,SCN-07-NEAR-MISS-0045-W1,0.0,-1,0,no_movement
SCN-07-NEAR-MISS-0045,false_positive,train,SCN-07-NEAR-MISS-0045-NORMAL_B,0,SCN-07-NEAR-MISS-0045-W1,0.0,-1,0,no_movement
SCN-07-NEAR-MISS-0045,false_positive,train,SCN-07-NEAR-MISS-0045-NORMAL_C,0,SCN-07-NEAR-MISS-0045-W1,0.0,-1,0,no_movement
SCN-07-NEAR-MISS-0046,false_positive,train,SCN-07-NEAR-MISS-0046-VICTIM,0,SCN-07-NEAR-MISS-0046-W1,0.0,-1,0,no_movement
SCN-07-NEAR-MISS-0046,false_positive,train,SCN-07-NEAR-MISS-0046-W1,0,SCN-07-NEAR-MISS-0046-W1,17976.31,0,0,no_movement
SCN-07-NEAR-MISS-0046,false_positive,train,SCN-07-NEAR-MISS-0046-W2,0,SCN-07-NEAR-MISS-0046-W1,5541.69,1,0,no_movement
SCN-07-NEAR-MISS-0046,false_positive,train,SCN-07-NEAR-MISS-0046-NORMAL_A,0,SCN-07-NEAR-MISS-0046-W1,0.0,-1,0,no_movement
SCN-07-NEAR-MISS-0046,false_positive,train,SCN-07-NEAR-MISS-0046-NORMAL_B,0,SCN-07-NEAR-MISS-0046-W1,0.0,-1,0,no_movement
SCN-07-NEAR-MISS-0046,false_positive,train,SCN-07-NEAR-MISS-0046-NORMAL_C,0,SCN-07-NEAR-MISS-0046-W1,0.0,-1,0,no_movement
SCN-07-NEAR-MISS-0047,false_positive,test,SCN-07-NEAR-MISS-0047-VICTIM,0,SCN-07-NEAR-MISS-0047-W1,0.0,-1,0,no_movement
SCN-07-NEAR-MISS-0047,false_positive,test,SCN-07-NEAR-MISS-0047-W1,0,SCN-07-NEAR-MISS-0047-W1,19155.21,0,0,no_movement
SCN-07-NEAR-MISS-0047,false_positive,test,SCN-07-NEAR-MISS-0047-W2,0,SCN-07-NEAR-MISS-0047-W1,5623.79,1,0,no_movement
SCN-07-NEAR-MISS-0047,false_positive,test,SCN-07-NEAR-MISS-0047-NORMAL_A,0,SCN-07-NEAR-MISS-0047-W1,0.0,-1,0,no_movement
SCN-07-NEAR-MISS-0047,false_positive,test,SCN-07-NEAR-MISS-0047-NORMAL_B,0,SCN-07-NEAR-MISS-0047-W1,0.0,-1,0,no_movement
SCN-07-NEAR-MISS-0047,false_positive,test,SCN-07-NEAR-MISS-0047-NORMAL_C,0,SCN-07-NEAR-MISS-0047-W1,0.0,-1,0,no_movement
SCN-07-NEAR-MISS-0048,false_positive,train,SCN-07-NEAR-MISS-0048-VICTIM,0,SCN-07-NEAR-MISS-0048-W1,0.0,-1,0,no_movement
SCN-07-NEAR-MISS-0048,false_positive,train,SCN-07-NEAR-MISS-0048-W1,0,SCN-07-NEAR-MISS-0048-W1,26207.96,0,0,no_movement
SCN-07-NEAR-MISS-0048,false_positive,train,SCN-07-NEAR-MISS-0048-W2,0,SCN-07-NEAR-MISS-0048-W1,8220.04,1,0,no_movement
SCN-07-NEAR-MISS-0048,false_positive,train,SCN-07-NEAR-MISS-0048-NORMAL_A,0,SCN-07-NEAR-MISS-0048-W1,0.0,-1,0,no_movement
SCN-07-NEAR-MISS-0048,false_positive,train,SCN-07-NEAR-MISS-0048-NORMAL_B,0,SCN-07-NEAR-MISS-0048-W1,0.0,-1,0,no_movement
SCN-07-NEAR-MISS-0048,false_positive,train,SCN-07-NEAR-MISS-0048-NORMAL_C,0,SCN-07-NEAR-MISS-0048-W1,0.0,-1,0,no_movement
SCN-07-NEAR-MISS-0049,false_positive,train,SCN-07-NEAR-MISS-0049-VICTIM,0,SCN-07-NEAR-MISS-0049-W1,0.0,-1,0,no_movement
SCN-07-NEAR-MISS-0049,false_positive,train,SCN-07-NEAR-MISS-0049-W1,0,SCN-07-NEAR-MISS-0049-W1,27611.25,0,0,no_movement
SCN-07-NEAR-MISS-0049,false_positive,train,SCN-07-NEAR-MISS-0049-W2,0,SCN-07-NEAR-MISS-0049-W1,7326.75,1,0,no_movement
SCN-07-NEAR-MISS-0049,false_positive,train,SCN-07-NEAR-MISS-0049-NORMAL_A,0,SCN-07-NEAR-MISS-0049-W1,0.0,-1,0,no_movement
SCN-07-NEAR-MISS-0049,false_positive,train,SCN-07-NEAR-MISS-0049-NORMAL_B,0,SCN-07-NEAR-MISS-0049-W1,0.0,-1,0,no_movement
SCN-07-NEAR-MISS-0049,false_positive,train,SCN-07-NEAR-MISS-0049-NORMAL_C,0,SCN-07-NEAR-MISS-0049-W1,0.0,-1,0,no_movement
SCN-07-NEAR-MISS-0050,false_positive,train,SCN-07-NEAR-MISS-0050-VICTIM,0,SCN-07-NEAR-MISS-0050-W1,0.0,-1,0,no_movement
SCN-07-NEAR-MISS-0050,false_positive,train,SCN-07-NEAR-MISS-0050-W1,0,SCN-07-NEAR-MISS-0050-W1,19505.14,0,0,no_movement
SCN-07-NEAR-MISS-0050,false_positive,train,SCN-07-NEAR-MISS-0050-W2,0,SCN-07-NEAR-MISS-0050-W1,5694.86,1,0,no_movement
SCN-07-NEAR-MISS-0050,false_positive,train,SCN-07-NEAR-MISS-0050-NORMAL_A,0,SCN-07-NEAR-MISS-0050-W1,0.0,-1,0,no_movement
SCN-07-NEAR-MISS-0050,false_positive,train,SCN-07-NEAR-MISS-0050-NORMAL_B,0,SCN-07-NEAR-MISS-0050-W1,0.0,-1,0,no_movement
SCN-07-NEAR-MISS-0050,false_positive,train,SCN-07-NEAR-MISS-0050-NORMAL_C,0,SCN-07-NEAR-MISS-0050-W1,0.0,-1,0,no_movement
SCN-07-NEAR-MISS-0051,false_positive,train,SCN-07-NEAR-MISS-0051-VICTIM,0,SCN-07-NEAR-MISS-0051-W1,0.0,-1,0,no_movement
SCN-07-NEAR-MISS-0051,false_positive,train,SCN-07-NEAR-MISS-0051-W1,0,SCN-07-NEAR-MISS-0051-W1,17166.1,0,0,no_movement
SCN-07-NEAR-MISS-0051,false_positive,train,SCN-07-NEAR-MISS-0051-W2,0,SCN-07-NEAR-MISS-0051-W1,4674.9,1,0,no_movement
SCN-07-NEAR-MISS-0051,false_positive,train,SCN-07-NEAR-MISS-0051-NORMAL_A,0,SCN-07-NEAR-MISS-0051-W1,0.0,-1,0,no_movement
SCN-07-NEAR-MISS-0051,false_positive,train,SCN-07-NEAR-MISS-0051-NORMAL_B,0,SCN-07-NEAR-MISS-0051-W1,0.0,-1,0,no_movement
SCN-07-NEAR-MISS-0051,false_positive,train,SCN-07-NEAR-MISS-0051-NORMAL_C,0,SCN-07-NEAR-MISS-0051-W1,0.0,-1,0,no_movement
SCN-07-NEAR-MISS-0052,false_positive,train,SCN-07-NEAR-MISS-0052-VICTIM,0,SCN-07-NEAR-MISS-0052-W1,0.0,-1,0,no_movement
SCN-07-NEAR-MISS-0052,false_positive,train,SCN-07-NEAR-MISS-0052-W1,0,SCN-07-NEAR-MISS-0052-W1,20541.73,0,0,no_movement
SCN-07-NEAR-MISS-0052,false_positive,train,SCN-07-NEAR-MISS-0052-W2,0,SCN-07-NEAR-MISS-0052-W1,5143.27,1,0,no_movement
SCN-07-NEAR-MISS-0052,false_positive,train,SCN-07-NEAR-MISS-0052-NORMAL_A,0,SCN-07-NEAR-MISS-0052-W1,0.0,-1,0,no_movement
SCN-07-NEAR-MISS-0052,false_positive,train,SCN-07-NEAR-MISS-0052-NORMAL_B,0,SCN-07-NEAR-MISS-0052-W1,0.0,-1,0,no_movement
SCN-07-NEAR-MISS-0052,false_positive,train,SCN-07-NEAR-MISS-0052-NORMAL_C,0,SCN-07-NEAR-MISS-0052-W1,0.0,-1,0,no_movement
SCN-07-NEAR-MISS-0053,false_positive,train,SCN-07-NEAR-MISS-0053-VICTIM,0,SCN-07-NEAR-MISS-0053-W1,0.0,-1,0,no_movement
SCN-07-NEAR-MISS-0053,false_positive,train,SCN-07-NEAR-MISS-0053-W1,0,SCN-07-NEAR-MISS-0053-W1,17045.5,0,0,no_movement
SCN-07-NEAR-MISS-0053,false_positive,train,SCN-07-NEAR-MISS-0053-W2,0,SCN-07-NEAR-MISS-0053-W1,4232.5,1,0,no_movement
SCN-07-NEAR-MISS-0053,false_positive,train,SCN-07-NEAR-MISS-0053-NORMAL_A,0,SCN-07-NEAR-MISS-0053-W1,0.0,-1,0,no_movement
SCN-07-NEAR-MISS-0053,false_positive,train,SCN-07-NEAR-MISS-0053-NORMAL_B,0,SCN-07-NEAR-MISS-0053-W1,0.0,-1,0,no_movement
SCN-07-NEAR-MISS-0053,false_positive,train,SCN-07-NEAR-MISS-0053-NORMAL_C,0,SCN-07-NEAR-MISS-0053-W1,0.0,-1,0,no_movement
SCN-07-NEAR-MISS-0054,false_positive,train,SCN-07-NEAR-MISS-0054-VICTIM,0,SCN-07-NEAR-MISS-0054-W1,0.0,-1,0,no_movement
SCN-07-NEAR-MISS-0054,false_positive,train,SCN-07-NEAR-MISS-0054-W1,0,SCN-07-NEAR-MISS-0054-W1,23048.84,0,0,no_movement
SCN-07-NEAR-MISS-0054,false_positive,train,SCN-07-NEAR-MISS-0054-W2,0,SCN-07-NEAR-MISS-0054-W1,6014.16,1,0,no_movement
SCN-07-NEAR-MISS-0054,false_positive,train,SCN-07-NEAR-MISS-0054-NORMAL_A,0,SCN-07-NEAR-MISS-0054-W1,0.0,-1,0,no_movement
SCN-07-NEAR-MISS-0054,false_positive,train,SCN-07-NEAR-MISS-0054-NORMAL_B,0,SCN-07-NEAR-MISS-0054-W1,0.0,-1,0,no_movement
SCN-07-NEAR-MISS-0054,false_positive,train,SCN-07-NEAR-MISS-0054-NORMAL_C,0,SCN-07-NEAR-MISS-0054-W1,0.0,-1,0,no_movement
SCN-07-NEAR-MISS-0055,false_positive,train,SCN-07-NEAR-MISS-0055-VICTIM,0,SCN-07-NEAR-MISS-0055-W1,0.0,-1,0,no_movement
SCN-07-NEAR-MISS-0055,false_positive,train,SCN-07-NEAR-MISS-0055-W1,0,SCN-07-NEAR-MISS-0055-W1,24277.24,0,0,no_movement
SCN-07-NEAR-MISS-0055,false_positive,train,SCN-07-NEAR-MISS-0055-W2,0,SCN-07-NEAR-MISS-0055-W1,6147.76,1,0,no_movement
SCN-07-NEAR-MISS-0055,false_positive,train,SCN-07-NEAR-MISS-0055-NORMAL_A,0,SCN-07-NEAR-MISS-0055-W1,0.0,-1,0,no_movement
SCN-07-NEAR-MISS-0055,false_positive,train,SCN-07-NEAR-MISS-0055-NORMAL_B,0,SCN-07-NEAR-MISS-0055-W1,0.0,-1,0,no_movement
SCN-07-NEAR-MISS-0055,false_positive,train,SCN-07-NEAR-MISS-0055-NORMAL_C,0,SCN-07-NEAR-MISS-0055-W1,0.0,-1,0,no_movement
SCN-07-NEAR-MISS-0056,false_positive,validation,SCN-07-NEAR-MISS-0056-VICTIM,0,SCN-07-NEAR-MISS-0056-W1,0.0,-1,0,no_movement
SCN-07-NEAR-MISS-0056,false_positive,validation,SCN-07-NEAR-MISS-0056-W1,0,SCN-07-NEAR-MISS-0056-W1,19025.61,0,0,no_movement
SCN-07-NEAR-MISS-0056,false_positive,validation,SCN-07-NEAR-MISS-0056-W2,0,SCN-07-NEAR-MISS-0056-W1,5985.39,1,0,no_movement
SCN-07-NEAR-MISS-0056,false_positive,validation,SCN-07-NEAR-MISS-0056-NORMAL_A,0,SCN-07-NEAR-MISS-0056-W1,0.0,-1,0,no_movement
SCN-07-NEAR-MISS-0056,false_positive,validation,SCN-07-NEAR-MISS-0056-NORMAL_B,0,SCN-07-NEAR-MISS-0056-W1,0.0,-1,0,no_movement
SCN-07-NEAR-MISS-0056,false_positive,validation,SCN-07-NEAR-MISS-0056-NORMAL_C,0,SCN-07-NEAR-MISS-0056-W1,0.0,-1,0,no_movement
SCN-07-NEAR-MISS-0057,false_positive,train,SCN-07-NEAR-MISS-0057-VICTIM,0,SCN-07-NEAR-MISS-0057-W1,0.0,-1,0,no_movement
SCN-07-NEAR-MISS-0057,false_positive,train,SCN-07-NEAR-MISS-0057-W1,0,SCN-07-NEAR-MISS-0057-W1,20479.39,0,0,no_movement
SCN-07-NEAR-MISS-0057,false_positive,train,SCN-07-NEAR-MISS-0057-W2,0,SCN-07-NEAR-MISS-0057-W1,5243.61,1,0,no_movement
SCN-07-NEAR-MISS-0057,false_positive,train,SCN-07-NEAR-MISS-0057-NORMAL_A,0,SCN-07-NEAR-MISS-0057-W1,0.0,-1,0,no_movement
SCN-07-NEAR-MISS-0057,false_positive,train,SCN-07-NEAR-MISS-0057-NORMAL_B,0,SCN-07-NEAR-MISS-0057-W1,0.0,-1,0,no_movement
SCN-07-NEAR-MISS-0057,false_positive,train,SCN-07-NEAR-MISS-0057-NORMAL_C,0,SCN-07-NEAR-MISS-0057-W1,0.0,-1,0,no_movement
SCN-07-NEAR-MISS-0058,false_positive,train,SCN-07-NEAR-MISS-0058-VICTIM,0,SCN-07-NEAR-MISS-0058-W1,0.0,-1,0,no_movement
SCN-07-NEAR-MISS-0058,false_positive,train,SCN-07-NEAR-MISS-0058-W1,0,SCN-07-NEAR-MISS-0058-W1,17870.39,0,0,no_movement
SCN-07-NEAR-MISS-0058,false_positive,train,SCN-07-NEAR-MISS-0058-W2,0,SCN-07-NEAR-MISS-0058-W1,5397.61,1,0,no_movement
SCN-07-NEAR-MISS-0058,false_positive,train,SCN-07-NEAR-MISS-0058-NORMAL_A,0,SCN-07-NEAR-MISS-0058-W1,0.0,-1,0,no_movement
SCN-07-NEAR-MISS-0058,false_positive,train,SCN-07-NEAR-MISS-0058-NORMAL_B,0,SCN-07-NEAR-MISS-0058-W1,0.0,-1,0,no_movement
SCN-07-NEAR-MISS-0058,false_positive,train,SCN-07-NEAR-MISS-0058-NORMAL_C,0,SCN-07-NEAR-MISS-0058-W1,0.0,-1,0,no_movement
SCN-07-NEAR-MISS-0059,false_positive,train,SCN-07-NEAR-MISS-0059-VICTIM,0,SCN-07-NEAR-MISS-0059-W1,0.0,-1,0,no_movement
SCN-07-NEAR-MISS-0059,false_positive,train,SCN-07-NEAR-MISS-0059-W1,0,SCN-07-NEAR-MISS-0059-W1,23922.73,0,0,no_movement
SCN-07-NEAR-MISS-0059,false_positive,train,SCN-07-NEAR-MISS-0059-W2,0,SCN-07-NEAR-MISS-0059-W1,6102.27,1,0,no_movement
SCN-07-NEAR-MISS-0059,false_positive,train,SCN-07-NEAR-MISS-0059-NORMAL_A,0,SCN-07-NEAR-MISS-0059-W1,0.0,-1,0,no_movement
SCN-07-NEAR-MISS-0059,false_positive,train,SCN-07-NEAR-MISS-0059-NORMAL_B,0,SCN-07-NEAR-MISS-0059-W1,0.0,-1,0,no_movement
SCN-07-NEAR-MISS-0059,false_positive,train,SCN-07-NEAR-MISS-0059-NORMAL_C,0,SCN-07-NEAR-MISS-0059-W1,0.0,-1,0,no_movement
SCN-07-NEAR-MISS-0060,false_positive,train,SCN-07-NEAR-MISS-0060-VICTIM,0,SCN-07-NEAR-MISS-0060-W1,0.0,-1,0,no_movement
SCN-07-NEAR-MISS-0060,false_positive,train,SCN-07-NEAR-MISS-0060-W1,0,SCN-07-NEAR-MISS-0060-W1,22254.18,0,0,no_movement
SCN-07-NEAR-MISS-0060,false_positive,train,SCN-07-NEAR-MISS-0060-W2,0,SCN-07-NEAR-MISS-0060-W1,6962.82,1,0,no_movement
SCN-07-NEAR-MISS-0060,false_positive,train,SCN-07-NEAR-MISS-0060-NORMAL_A,0,SCN-07-NEAR-MISS-0060-W1,0.0,-1,0,no_movement
SCN-07-NEAR-MISS-0060,false_positive,train,SCN-07-NEAR-MISS-0060-NORMAL_B,0,SCN-07-NEAR-MISS-0060-W1,0.0,-1,0,no_movement
SCN-07-NEAR-MISS-0060,false_positive,train,SCN-07-NEAR-MISS-0060-NORMAL_C,0,SCN-07-NEAR-MISS-0060-W1,0.0,-1,0,no_movement
SCN-07-NEAR-MISS-0061,false_positive,validation,SCN-07-NEAR-MISS-0061-VICTIM,0,SCN-07-NEAR-MISS-0061-W1,0.0,-1,0,no_movement
SCN-07-NEAR-MISS-0061,false_positive,validation,SCN-07-NEAR-MISS-0061-W1,0,SCN-07-NEAR-MISS-0061-W1,24619.42,0,0,no_movement
SCN-07-NEAR-MISS-0061,false_positive,validation,SCN-07-NEAR-MISS-0061-W2,0,SCN-07-NEAR-MISS-0061-W1,6569.58,1,0,no_movement
SCN-07-NEAR-MISS-0061,false_positive,validation,SCN-07-NEAR-MISS-0061-NORMAL_A,0,SCN-07-NEAR-MISS-0061-W1,0.0,-1,0,no_movement
SCN-07-NEAR-MISS-0061,false_positive,validation,SCN-07-NEAR-MISS-0061-NORMAL_B,0,SCN-07-NEAR-MISS-0061-W1,0.0,-1,0,no_movement
SCN-07-NEAR-MISS-0061,false_positive,validation,SCN-07-NEAR-MISS-0061-NORMAL_C,0,SCN-07-NEAR-MISS-0061-W1,0.0,-1,0,no_movement
SCN-07-NEAR-MISS-0062,false_positive,test,SCN-07-NEAR-MISS-0062-VICTIM,0,SCN-07-NEAR-MISS-0062-W1,0.0,-1,0,no_movement
SCN-07-NEAR-MISS-0062,false_positive,test,SCN-07-NEAR-MISS-0062-W1,0,SCN-07-NEAR-MISS-0062-W1,18610.25,0,0,no_movement
SCN-07-NEAR-MISS-0062,false_positive,test,SCN-07-NEAR-MISS-0062-W2,0,SCN-07-NEAR-MISS-0062-W1,4726.75,1,0,no_movement
SCN-07-NEAR-MISS-0062,false_positive,test,SCN-07-NEAR-MISS-0062-NORMAL_A,0,SCN-07-NEAR-MISS-0062-W1,0.0,-1,0,no_movement
SCN-07-NEAR-MISS-0062,false_positive,test,SCN-07-NEAR-MISS-0062-NORMAL_B,0,SCN-07-NEAR-MISS-0062-W1,0.0,-1,0,no_movement
SCN-07-NEAR-MISS-0062,false_positive,test,SCN-07-NEAR-MISS-0062-NORMAL_C,0,SCN-07-NEAR-MISS-0062-W1,0.0,-1,0,no_movement
SCN-07-NEAR-MISS-0063,false_positive,train,SCN-07-NEAR-MISS-0063-VICTIM,0,SCN-07-NEAR-MISS-0063-W1,0.0,-1,0,no_movement
SCN-07-NEAR-MISS-0063,false_positive,train,SCN-07-NEAR-MISS-0063-W1,0,SCN-07-NEAR-MISS-0063-W1,16142.6,0,0,no_movement
SCN-07-NEAR-MISS-0063,false_positive,train,SCN-07-NEAR-MISS-0063-W2,0,SCN-07-NEAR-MISS-0063-W1,5226.4,1,0,no_movement
SCN-07-NEAR-MISS-0063,false_positive,train,SCN-07-NEAR-MISS-0063-NORMAL_A,0,SCN-07-NEAR-MISS-0063-W1,0.0,-1,0,no_movement
SCN-07-NEAR-MISS-0063,false_positive,train,SCN-07-NEAR-MISS-0063-NORMAL_B,0,SCN-07-NEAR-MISS-0063-W1,0.0,-1,0,no_movement
SCN-07-NEAR-MISS-0063,false_positive,train,SCN-07-NEAR-MISS-0063-NORMAL_C,0,SCN-07-NEAR-MISS-0063-W1,0.0,-1,0,no_movement
SCN-07-NEAR-MISS-0064,false_positive,train,SCN-07-NEAR-MISS-0064-VICTIM,0,SCN-07-NEAR-MISS-0064-W1,0.0,-1,0,no_movement
SCN-07-NEAR-MISS-0064,false_positive,train,SCN-07-NEAR-MISS-0064-W1,0,SCN-07-NEAR-MISS-0064-W1,17821.85,0,0,no_movement
SCN-07-NEAR-MISS-0064,false_positive,train,SCN-07-NEAR-MISS-0064-W2,0,SCN-07-NEAR-MISS-0064-W1,5352.15,1,0,no_movement
SCN-07-NEAR-MISS-0064,false_positive,train,SCN-07-NEAR-MISS-0064-NORMAL_A,0,SCN-07-NEAR-MISS-0064-W1,0.0,-1,0,no_movement
SCN-07-NEAR-MISS-0064,false_positive,train,SCN-07-NEAR-MISS-0064-NORMAL_B,0,SCN-07-NEAR-MISS-0064-W1,0.0,-1,0,no_movement
SCN-07-NEAR-MISS-0064,false_positive,train,SCN-07-NEAR-MISS-0064-NORMAL_C,0,SCN-07-NEAR-MISS-0064-W1,0.0,-1,0,no_movement
SCN-07-NEAR-MISS-0065,false_positive,test,SCN-07-NEAR-MISS-0065-VICTIM,0,SCN-07-NEAR-MISS-0065-W1,0.0,-1,0,no_movement
SCN-07-NEAR-MISS-0065,false_positive,test,SCN-07-NEAR-MISS-0065-W1,0,SCN-07-NEAR-MISS-0065-W1,19874.7,0,0,no_movement
SCN-07-NEAR-MISS-0065,false_positive,test,SCN-07-NEAR-MISS-0065-W2,0,SCN-07-NEAR-MISS-0065-W1,5103.3,1,0,no_movement
SCN-07-NEAR-MISS-0065,false_positive,test,SCN-07-NEAR-MISS-0065-NORMAL_A,0,SCN-07-NEAR-MISS-0065-W1,0.0,-1,0,no_movement
SCN-07-NEAR-MISS-0065,false_positive,test,SCN-07-NEAR-MISS-0065-NORMAL_B,0,SCN-07-NEAR-MISS-0065-W1,0.0,-1,0,no_movement
SCN-07-NEAR-MISS-0065,false_positive,test,SCN-07-NEAR-MISS-0065-NORMAL_C,0,SCN-07-NEAR-MISS-0065-W1,0.0,-1,0,no_movement
SCN-07-NEAR-MISS-0066,false_positive,train,SCN-07-NEAR-MISS-0066-VICTIM,0,SCN-07-NEAR-MISS-0066-W1,0.0,-1,0,no_movement
SCN-07-NEAR-MISS-0066,false_positive,train,SCN-07-NEAR-MISS-0066-W1,0,SCN-07-NEAR-MISS-0066-W1,23570.53,0,0,no_movement
SCN-07-NEAR-MISS-0066,false_positive,train,SCN-07-NEAR-MISS-0066-W2,0,SCN-07-NEAR-MISS-0066-W1,6719.47,1,0,no_movement
SCN-07-NEAR-MISS-0066,false_positive,train,SCN-07-NEAR-MISS-0066-NORMAL_A,0,SCN-07-NEAR-MISS-0066-W1,0.0,-1,0,no_movement
SCN-07-NEAR-MISS-0066,false_positive,train,SCN-07-NEAR-MISS-0066-NORMAL_B,0,SCN-07-NEAR-MISS-0066-W1,0.0,-1,0,no_movement
SCN-07-NEAR-MISS-0066,false_positive,train,SCN-07-NEAR-MISS-0066-NORMAL_C,0,SCN-07-NEAR-MISS-0066-W1,0.0,-1,0,no_movement
SCN-07-NEAR-MISS-0067,false_positive,train,SCN-07-NEAR-MISS-0067-VICTIM,0,SCN-07-NEAR-MISS-0067-W1,0.0,-1,0,no_movement
SCN-07-NEAR-MISS-0067,false_positive,train,SCN-07-NEAR-MISS-0067-W1,0,SCN-07-NEAR-MISS-0067-W1,22893.34,0,0,no_movement
SCN-07-NEAR-MISS-0067,false_positive,train,SCN-07-NEAR-MISS-0067-W2,0,SCN-07-NEAR-MISS-0067-W1,5674.66,1,0,no_movement
SCN-07-NEAR-MISS-0067,false_positive,train,SCN-07-NEAR-MISS-0067-NORMAL_A,0,SCN-07-NEAR-MISS-0067-W1,0.0,-1,0,no_movement
SCN-07-NEAR-MISS-0067,false_positive,train,SCN-07-NEAR-MISS-0067-NORMAL_B,0,SCN-07-NEAR-MISS-0067-W1,0.0,-1,0,no_movement
SCN-07-NEAR-MISS-0067,false_positive,train,SCN-07-NEAR-MISS-0067-NORMAL_C,0,SCN-07-NEAR-MISS-0067-W1,0.0,-1,0,no_movement
SCN-07-NEAR-MISS-0068,false_positive,train,SCN-07-NEAR-MISS-0068-VICTIM,0,SCN-07-NEAR-MISS-0068-W1,0.0,-1,0,no_movement
SCN-07-NEAR-MISS-0068,false_positive,train,SCN-07-NEAR-MISS-0068-W1,0,SCN-07-NEAR-MISS-0068-W1,18460.16,0,0,no_movement
SCN-07-NEAR-MISS-0068,false_positive,train,SCN-07-NEAR-MISS-0068-W2,0,SCN-07-NEAR-MISS-0068-W1,5018.84,1,0,no_movement
SCN-07-NEAR-MISS-0068,false_positive,train,SCN-07-NEAR-MISS-0068-NORMAL_A,0,SCN-07-NEAR-MISS-0068-W1,0.0,-1,0,no_movement
SCN-07-NEAR-MISS-0068,false_positive,train,SCN-07-NEAR-MISS-0068-NORMAL_B,0,SCN-07-NEAR-MISS-0068-W1,0.0,-1,0,no_movement
SCN-07-NEAR-MISS-0068,false_positive,train,SCN-07-NEAR-MISS-0068-NORMAL_C,0,SCN-07-NEAR-MISS-0068-W1,0.0,-1,0,no_movement
SCN-07-NEAR-MISS-0069,false_positive,train,SCN-07-NEAR-MISS-0069-VICTIM,0,SCN-07-NEAR-MISS-0069-W1,0.0,-1,0,no_movement
SCN-07-NEAR-MISS-0069,false_positive,train,SCN-07-NEAR-MISS-0069-W1,0,SCN-07-NEAR-MISS-0069-W1,21846.0,0,0,no_movement
SCN-07-NEAR-MISS-0069,false_positive,train,SCN-07-NEAR-MISS-0069-W2,0,SCN-07-NEAR-MISS-0069-W1,6482.0,1,0,no_movement
SCN-07-NEAR-MISS-0069,false_positive,train,SCN-07-NEAR-MISS-0069-NORMAL_A,0,SCN-07-NEAR-MISS-0069-W1,0.0,-1,0,no_movement
SCN-07-NEAR-MISS-0069,false_positive,train,SCN-07-NEAR-MISS-0069-NORMAL_B,0,SCN-07-NEAR-MISS-0069-W1,0.0,-1,0,no_movement
SCN-07-NEAR-MISS-0069,false_positive,train,SCN-07-NEAR-MISS-0069-NORMAL_C,0,SCN-07-NEAR-MISS-0069-W1,0.0,-1,0,no_movement
SCN-07-NEAR-MISS-0070,false_positive,train,SCN-07-NEAR-MISS-0070-VICTIM,0,SCN-07-NEAR-MISS-0070-W1,0.0,-1,0,no_movement
SCN-07-NEAR-MISS-0070,false_positive,train,SCN-07-NEAR-MISS-0070-W1,0,SCN-07-NEAR-MISS-0070-W1,24722.35,0,0,no_movement
SCN-07-NEAR-MISS-0070,false_positive,train,SCN-07-NEAR-MISS-0070-W2,0,SCN-07-NEAR-MISS-0070-W1,7543.65,1,0,no_movement
SCN-07-NEAR-MISS-0070,false_positive,train,SCN-07-NEAR-MISS-0070-NORMAL_A,0,SCN-07-NEAR-MISS-0070-W1,0.0,-1,0,no_movement
SCN-07-NEAR-MISS-0070,false_positive,train,SCN-07-NEAR-MISS-0070-NORMAL_B,0,SCN-07-NEAR-MISS-0070-W1,0.0,-1,0,no_movement
SCN-07-NEAR-MISS-0070,false_positive,train,SCN-07-NEAR-MISS-0070-NORMAL_C,0,SCN-07-NEAR-MISS-0070-W1,0.0,-1,0,no_movement
SCN-07-NEAR-MISS-0071,false_positive,train,SCN-07-NEAR-MISS-0071-VICTIM,0,SCN-07-NEAR-MISS-0071-W1,0.0,-1,0,no_movement
SCN-07-NEAR-MISS-0071,false_positive,train,SCN-07-NEAR-MISS-0071-W1,0,SCN-07-NEAR-MISS-0071-W1,16191.58,0,0,no_movement
SCN-07-NEAR-MISS-0071,false_positive,train,SCN-07-NEAR-MISS-0071-W2,0,SCN-07-NEAR-MISS-0071-W1,4809.42,1,0,no_movement
SCN-07-NEAR-MISS-0071,false_positive,train,SCN-07-NEAR-MISS-0071-NORMAL_A,0,SCN-07-NEAR-MISS-0071-W1,0.0,-1,0,no_movement
SCN-07-NEAR-MISS-0071,false_positive,train,SCN-07-NEAR-MISS-0071-NORMAL_B,0,SCN-07-NEAR-MISS-0071-W1,0.0,-1,0,no_movement
SCN-07-NEAR-MISS-0071,false_positive,train,SCN-07-NEAR-MISS-0071-NORMAL_C,0,SCN-07-NEAR-MISS-0071-W1,0.0,-1,0,no_movement
SCN-07-NEAR-MISS-0072,false_positive,train,SCN-07-NEAR-MISS-0072-VICTIM,0,SCN-07-NEAR-MISS-0072-W1,0.0,-1,0,no_movement
SCN-07-NEAR-MISS-0072,false_positive,train,SCN-07-NEAR-MISS-0072-W1,0,SCN-07-NEAR-MISS-0072-W1,16432.94,0,0,no_movement
SCN-07-NEAR-MISS-0072,false_positive,train,SCN-07-NEAR-MISS-0072-W2,0,SCN-07-NEAR-MISS-0072-W1,4683.06,1,0,no_movement
SCN-07-NEAR-MISS-0072,false_positive,train,SCN-07-NEAR-MISS-0072-NORMAL_A,0,SCN-07-NEAR-MISS-0072-W1,0.0,-1,0,no_movement
SCN-07-NEAR-MISS-0072,false_positive,train,SCN-07-NEAR-MISS-0072-NORMAL_B,0,SCN-07-NEAR-MISS-0072-W1,0.0,-1,0,no_movement
SCN-07-NEAR-MISS-0072,false_positive,train,SCN-07-NEAR-MISS-0072-NORMAL_C,0,SCN-07-NEAR-MISS-0072-W1,0.0,-1,0,no_movement
SCN-07-NEAR-MISS-0073,false_positive,train,SCN-07-NEAR-MISS-0073-VICTIM,0,SCN-07-NEAR-MISS-0073-W1,0.0,-1,0,no_movement
SCN-07-NEAR-MISS-0073,false_positive,train,SCN-07-NEAR-MISS-0073-W1,0,SCN-07-NEAR-MISS-0073-W1,20282.55,0,0,no_movement
SCN-07-NEAR-MISS-0073,false_positive,train,SCN-07-NEAR-MISS-0073-W2,0,SCN-07-NEAR-MISS-0073-W1,6743.45,1,0,no_movement
SCN-07-NEAR-MISS-0073,false_positive,train,SCN-07-NEAR-MISS-0073-NORMAL_A,0,SCN-07-NEAR-MISS-0073-W1,0.0,-1,0,no_movement
SCN-07-NEAR-MISS-0073,false_positive,train,SCN-07-NEAR-MISS-0073-NORMAL_B,0,SCN-07-NEAR-MISS-0073-W1,0.0,-1,0,no_movement
SCN-07-NEAR-MISS-0073,false_positive,train,SCN-07-NEAR-MISS-0073-NORMAL_C,0,SCN-07-NEAR-MISS-0073-W1,0.0,-1,0,no_movement
SCN-07-NEAR-MISS-0074,false_positive,test,SCN-07-NEAR-MISS-0074-VICTIM,0,SCN-07-NEAR-MISS-0074-W1,0.0,-1,0,no_movement
SCN-07-NEAR-MISS-0074,false_positive,test,SCN-07-NEAR-MISS-0074-W1,0,SCN-07-NEAR-MISS-0074-W1,20352.16,0,0,no_movement
SCN-07-NEAR-MISS-0074,false_positive,test,SCN-07-NEAR-MISS-0074-W2,0,SCN-07-NEAR-MISS-0074-W1,6411.84,1,0,no_movement
SCN-07-NEAR-MISS-0074,false_positive,test,SCN-07-NEAR-MISS-0074-NORMAL_A,0,SCN-07-NEAR-MISS-0074-W1,0.0,-1,0,no_movement
SCN-07-NEAR-MISS-0074,false_positive,test,SCN-07-NEAR-MISS-0074-NORMAL_B,0,SCN-07-NEAR-MISS-0074-W1,0.0,-1,0,no_movement
SCN-07-NEAR-MISS-0074,false_positive,test,SCN-07-NEAR-MISS-0074-NORMAL_C,0,SCN-07-NEAR-MISS-0074-W1,0.0,-1,0,no_movement
SCN-07-NEAR-MISS-0075,false_positive,train,SCN-07-NEAR-MISS-0075-VICTIM,0,SCN-07-NEAR-MISS-0075-W1,0.0,-1,0,no_movement
SCN-07-NEAR-MISS-0075,false_positive,train,SCN-07-NEAR-MISS-0075-W1,0,SCN-07-NEAR-MISS-0075-W1,20511.32,0,0,no_movement
SCN-07-NEAR-MISS-0075,false_positive,train,SCN-07-NEAR-MISS-0075-W2,0,SCN-07-NEAR-MISS-0075-W1,5944.68,1,0,no_movement
SCN-07-NEAR-MISS-0075,false_positive,train,SCN-07-NEAR-MISS-0075-NORMAL_A,0,SCN-07-NEAR-MISS-0075-W1,0.0,-1,0,no_movement
SCN-07-NEAR-MISS-0075,false_positive,train,SCN-07-NEAR-MISS-0075-NORMAL_B,0,SCN-07-NEAR-MISS-0075-W1,0.0,-1,0,no_movement
SCN-07-NEAR-MISS-0075,false_positive,train,SCN-07-NEAR-MISS-0075-NORMAL_C,0,SCN-07-NEAR-MISS-0075-W1,0.0,-1,0,no_movement
SCN-07-NEAR-MISS-0076,false_positive,train,SCN-07-NEAR-MISS-0076-VICTIM,0,SCN-07-NEAR-MISS-0076-W1,0.0,-1,0,no_movement
SCN-07-NEAR-MISS-0076,false_positive,train,SCN-07-NEAR-MISS-0076-W1,0,SCN-07-NEAR-MISS-0076-W1,25001.73,0,0,no_movement
SCN-07-NEAR-MISS-0076,false_positive,train,SCN-07-NEAR-MISS-0076-W2,0,SCN-07-NEAR-MISS-0076-W1,6702.27,1,0,no_movement
SCN-07-NEAR-MISS-0076,false_positive,train,SCN-07-NEAR-MISS-0076-NORMAL_A,0,SCN-07-NEAR-MISS-0076-W1,0.0,-1,0,no_movement
SCN-07-NEAR-MISS-0076,false_positive,train,SCN-07-NEAR-MISS-0076-NORMAL_B,0,SCN-07-NEAR-MISS-0076-W1,0.0,-1,0,no_movement
SCN-07-NEAR-MISS-0076,false_positive,train,SCN-07-NEAR-MISS-0076-NORMAL_C,0,SCN-07-NEAR-MISS-0076-W1,0.0,-1,0,no_movement
SCN-07-NEAR-MISS-0077,false_positive,validation,SCN-07-NEAR-MISS-0077-VICTIM,0,SCN-07-NEAR-MISS-0077-W1,0.0,-1,0,no_movement
SCN-07-NEAR-MISS-0077,false_positive,validation,SCN-07-NEAR-MISS-0077-W1,0,SCN-07-NEAR-MISS-0077-W1,25006.15,0,0,no_movement
SCN-07-NEAR-MISS-0077,false_positive,validation,SCN-07-NEAR-MISS-0077-W2,0,SCN-07-NEAR-MISS-0077-W1,6394.85,1,0,no_movement
SCN-07-NEAR-MISS-0077,false_positive,validation,SCN-07-NEAR-MISS-0077-NORMAL_A,0,SCN-07-NEAR-MISS-0077-W1,0.0,-1,0,no_movement
SCN-07-NEAR-MISS-0077,false_positive,validation,SCN-07-NEAR-MISS-0077-NORMAL_B,0,SCN-07-NEAR-MISS-0077-W1,0.0,-1,0,no_movement
SCN-07-NEAR-MISS-0077,false_positive,validation,SCN-07-NEAR-MISS-0077-NORMAL_C,0,SCN-07-NEAR-MISS-0077-W1,0.0,-1,0,no_movement
SCN-07-NEAR-MISS-0078,false_positive,train,SCN-07-NEAR-MISS-0078-VICTIM,0,SCN-07-NEAR-MISS-0078-W1,0.0,-1,0,no_movement
SCN-07-NEAR-MISS-0078,false_positive,train,SCN-07-NEAR-MISS-0078-W1,0,SCN-07-NEAR-MISS-0078-W1,19214.28,0,0,no_movement
SCN-07-NEAR-MISS-0078,false_positive,train,SCN-07-NEAR-MISS-0078-W2,0,SCN-07-NEAR-MISS-0078-W1,5839.72,1,0,no_movement
SCN-07-NEAR-MISS-0078,false_positive,train,SCN-07-NEAR-MISS-0078-NORMAL_A,0,SCN-07-NEAR-MISS-0078-W1,0.0,-1,0,no_movement
SCN-07-NEAR-MISS-0078,false_positive,train,SCN-07-NEAR-MISS-0078-NORMAL_B,0,SCN-07-NEAR-MISS-0078-W1,0.0,-1,0,no_movement
SCN-07-NEAR-MISS-0078,false_positive,train,SCN-07-NEAR-MISS-0078-NORMAL_C,0,SCN-07-NEAR-MISS-0078-W1,0.0,-1,0,no_movement
SCN-07-NEAR-MISS-0079,false_positive,train,SCN-07-NEAR-MISS-0079-VICTIM,0,SCN-07-NEAR-MISS-0079-W1,0.0,-1,0,no_movement
SCN-07-NEAR-MISS-0079,false_positive,train,SCN-07-NEAR-MISS-0079-W1,0,SCN-07-NEAR-MISS-0079-W1,18459.43,0,0,no_movement
SCN-07-NEAR-MISS-0079,false_positive,train,SCN-07-NEAR-MISS-0079-W2,0,SCN-07-NEAR-MISS-0079-W1,5169.57,1,0,no_movement
SCN-07-NEAR-MISS-0079,false_positive,train,SCN-07-NEAR-MISS-0079-NORMAL_A,0,SCN-07-NEAR-MISS-0079-W1,0.0,-1,0,no_movement
SCN-07-NEAR-MISS-0079,false_positive,train,SCN-07-NEAR-MISS-0079-NORMAL_B,0,SCN-07-NEAR-MISS-0079-W1,0.0,-1,0,no_movement
SCN-07-NEAR-MISS-0079,false_positive,train,SCN-07-NEAR-MISS-0079-NORMAL_C,0,SCN-07-NEAR-MISS-0079-W1,0.0,-1,0,no_movement
SCN-07-NEAR-MISS-0080,false_positive,validation,SCN-07-NEAR-MISS-0080-VICTIM,0,SCN-07-NEAR-MISS-0080-W1,0.0,-1,0,no_movement
SCN-07-NEAR-MISS-0080,false_positive,validation,SCN-07-NEAR-MISS-0080-W1,0,SCN-07-NEAR-MISS-0080-W1,17734.84,0,0,no_movement
SCN-07-NEAR-MISS-0080,false_positive,validation,SCN-07-NEAR-MISS-0080-W2,0,SCN-07-NEAR-MISS-0080-W1,4697.16,1,0,no_movement
SCN-07-NEAR-MISS-0080,false_positive,validation,SCN-07-NEAR-MISS-0080-NORMAL_A,0,SCN-07-NEAR-MISS-0080-W1,0.0,-1,0,no_movement
SCN-07-NEAR-MISS-0080,false_positive,validation,SCN-07-NEAR-MISS-0080-NORMAL_B,0,SCN-07-NEAR-MISS-0080-W1,0.0,-1,0,no_movement
SCN-07-NEAR-MISS-0080,false_positive,validation,SCN-07-NEAR-MISS-0080-NORMAL_C,0,SCN-07-NEAR-MISS-0080-W1,0.0,-1,0,no_movement
SCN-07-NEAR-MISS-0081,false_positive,train,SCN-07-NEAR-MISS-0081-VICTIM,0,SCN-07-NEAR-MISS-0081-W1,0.0,-1,0,no_movement
SCN-07-NEAR-MISS-0081,false_positive,train,SCN-07-NEAR-MISS-0081-W1,0,SCN-07-NEAR-MISS-0081-W1,17775.77,0,0,no_movement
SCN-07-NEAR-MISS-0081,false_positive,train,SCN-07-NEAR-MISS-0081-W2,0,SCN-07-NEAR-MISS-0081-W1,5334.23,1,0,no_movement
SCN-07-NEAR-MISS-0081,false_positive,train,SCN-07-NEAR-MISS-0081-NORMAL_A,0,SCN-07-NEAR-MISS-0081-W1,0.0,-1,0,no_movement
SCN-07-NEAR-MISS-0081,false_positive,train,SCN-07-NEAR-MISS-0081-NORMAL_B,0,SCN-07-NEAR-MISS-0081-W1,0.0,-1,0,no_movement
SCN-07-NEAR-MISS-0081,false_positive,train,SCN-07-NEAR-MISS-0081-NORMAL_C,0,SCN-07-NEAR-MISS-0081-W1,0.0,-1,0,no_movement
SCN-07-NEAR-MISS-0082,false_positive,train,SCN-07-NEAR-MISS-0082-VICTIM,0,SCN-07-NEAR-MISS-0082-W1,0.0,-1,0,no_movement
SCN-07-NEAR-MISS-0082,false_positive,train,SCN-07-NEAR-MISS-0082-W1,0,SCN-07-NEAR-MISS-0082-W1,26935.71,0,0,no_movement
SCN-07-NEAR-MISS-0082,false_positive,train,SCN-07-NEAR-MISS-0082-W2,0,SCN-07-NEAR-MISS-0082-W1,8035.29,1,0,no_movement
SCN-07-NEAR-MISS-0082,false_positive,train,SCN-07-NEAR-MISS-0082-NORMAL_A,0,SCN-07-NEAR-MISS-0082-W1,0.0,-1,0,no_movement
SCN-07-NEAR-MISS-0082,false_positive,train,SCN-07-NEAR-MISS-0082-NORMAL_B,0,SCN-07-NEAR-MISS-0082-W1,0.0,-1,0,no_movement
SCN-07-NEAR-MISS-0082,false_positive,train,SCN-07-NEAR-MISS-0082-NORMAL_C,0,SCN-07-NEAR-MISS-0082-W1,0.0,-1,0,no_movement
SCN-07-NEAR-MISS-0083,false_positive,train,SCN-07-NEAR-MISS-0083-VICTIM,0,SCN-07-NEAR-MISS-0083-W1,0.0,-1,0,no_movement
SCN-07-NEAR-MISS-0083,false_positive,train,SCN-07-NEAR-MISS-0083-W1,0,SCN-07-NEAR-MISS-0083-W1,25902.65,0,0,no_movement
SCN-07-NEAR-MISS-0083,false_positive,train,SCN-07-NEAR-MISS-0083-W2,0,SCN-07-NEAR-MISS-0083-W1,8420.35,1,0,no_movement
SCN-07-NEAR-MISS-0083,false_positive,train,SCN-07-NEAR-MISS-0083-NORMAL_A,0,SCN-07-NEAR-MISS-0083-W1,0.0,-1,0,no_movement
SCN-07-NEAR-MISS-0083,false_positive,train,SCN-07-NEAR-MISS-0083-NORMAL_B,0,SCN-07-NEAR-MISS-0083-W1,0.0,-1,0,no_movement
SCN-07-NEAR-MISS-0083,false_positive,train,SCN-07-NEAR-MISS-0083-NORMAL_C,0,SCN-07-NEAR-MISS-0083-W1,0.0,-1,0,no_movement
SCN-07-NEAR-MISS-0084,false_positive,train,SCN-07-NEAR-MISS-0084-VICTIM,0,SCN-07-NEAR-MISS-0084-W1,0.0,-1,0,no_movement
SCN-07-NEAR-MISS-0084,false_positive,train,SCN-07-NEAR-MISS-0084-W1,0,SCN-07-NEAR-MISS-0084-W1,18839.97,0,0,no_movement
SCN-07-NEAR-MISS-0084,false_positive,train,SCN-07-NEAR-MISS-0084-W2,0,SCN-07-NEAR-MISS-0084-W1,4851.03,1,0,no_movement
SCN-07-NEAR-MISS-0084,false_positive,train,SCN-07-NEAR-MISS-0084-NORMAL_A,0,SCN-07-NEAR-MISS-0084-W1,0.0,-1,0,no_movement
SCN-07-NEAR-MISS-0084,false_positive,train,SCN-07-NEAR-MISS-0084-NORMAL_B,0,SCN-07-NEAR-MISS-0084-W1,0.0,-1,0,no_movement
SCN-07-NEAR-MISS-0084,false_positive,train,SCN-07-NEAR-MISS-0084-NORMAL_C,0,SCN-07-NEAR-MISS-0084-W1,0.0,-1,0,no_movement
SCN-07-NEAR-MISS-0085,false_positive,test,SCN-07-NEAR-MISS-0085-VICTIM,0,SCN-07-NEAR-MISS-0085-W1,0.0,-1,0,no_movement
SCN-07-NEAR-MISS-0085,false_positive,test,SCN-07-NEAR-MISS-0085-W1,0,SCN-07-NEAR-MISS-0085-W1,24654.2,0,0,no_movement
SCN-07-NEAR-MISS-0085,false_positive,test,SCN-07-NEAR-MISS-0085-W2,0,SCN-07-NEAR-MISS-0085-W1,7099.8,1,0,no_movement
SCN-07-NEAR-MISS-0085,false_positive,test,SCN-07-NEAR-MISS-0085-NORMAL_A,0,SCN-07-NEAR-MISS-0085-W1,0.0,-1,0,no_movement
SCN-07-NEAR-MISS-0085,false_positive,test,SCN-07-NEAR-MISS-0085-NORMAL_B,0,SCN-07-NEAR-MISS-0085-W1,0.0,-1,0,no_movement
SCN-07-NEAR-MISS-0085,false_positive,test,SCN-07-NEAR-MISS-0085-NORMAL_C,0,SCN-07-NEAR-MISS-0085-W1,0.0,-1,0,no_movement
SCN-07-NEAR-MISS-0086,false_positive,train,SCN-07-NEAR-MISS-0086-VICTIM,0,SCN-07-NEAR-MISS-0086-W1,0.0,-1,0,no_movement
SCN-07-NEAR-MISS-0086,false_positive,train,SCN-07-NEAR-MISS-0086-W1,0,SCN-07-NEAR-MISS-0086-W1,16756.8,0,0,no_movement
SCN-07-NEAR-MISS-0086,false_positive,train,SCN-07-NEAR-MISS-0086-W2,0,SCN-07-NEAR-MISS-0086-W1,4712.2,1,0,no_movement
SCN-07-NEAR-MISS-0086,false_positive,train,SCN-07-NEAR-MISS-0086-NORMAL_A,0,SCN-07-NEAR-MISS-0086-W1,0.0,-1,0,no_movement
SCN-07-NEAR-MISS-0086,false_positive,train,SCN-07-NEAR-MISS-0086-NORMAL_B,0,SCN-07-NEAR-MISS-0086-W1,0.0,-1,0,no_movement
SCN-07-NEAR-MISS-0086,false_positive,train,SCN-07-NEAR-MISS-0086-NORMAL_C,0,SCN-07-NEAR-MISS-0086-W1,0.0,-1,0,no_movement
SCN-07-NEAR-MISS-0087,false_positive,train,SCN-07-NEAR-MISS-0087-VICTIM,0,SCN-07-NEAR-MISS-0087-W1,0.0,-1,0,no_movement
SCN-07-NEAR-MISS-0087,false_positive,train,SCN-07-NEAR-MISS-0087-W1,0,SCN-07-NEAR-MISS-0087-W1,21262.82,0,0,no_movement
SCN-07-NEAR-MISS-0087,false_positive,train,SCN-07-NEAR-MISS-0087-W2,0,SCN-07-NEAR-MISS-0087-W1,6357.18,1,0,no_movement
SCN-07-NEAR-MISS-0087,false_positive,train,SCN-07-NEAR-MISS-0087-NORMAL_A,0,SCN-07-NEAR-MISS-0087-W1,0.0,-1,0,no_movement
SCN-07-NEAR-MISS-0087,false_positive,train,SCN-07-NEAR-MISS-0087-NORMAL_B,0,SCN-07-NEAR-MISS-0087-W1,0.0,-1,0,no_movement
SCN-07-NEAR-MISS-0087,false_positive,train,SCN-07-NEAR-MISS-0087-NORMAL_C,0,SCN-07-NEAR-MISS-0087-W1,0.0,-1,0,no_movement
SCN-07-NEAR-MISS-0088,false_positive,train,SCN-07-NEAR-MISS-0088-VICTIM,0,SCN-07-NEAR-MISS-0088-W1,0.0,-1,0,no_movement
SCN-07-NEAR-MISS-0088,false_positive,train,SCN-07-NEAR-MISS-0088-W1,0,SCN-07-NEAR-MISS-0088-W1,16534.99,0,0,no_movement
SCN-07-NEAR-MISS-0088,false_positive,train,SCN-07-NEAR-MISS-0088-W2,0,SCN-07-NEAR-MISS-0088-W1,5056.01,1,0,no_movement
SCN-07-NEAR-MISS-0088,false_positive,train,SCN-07-NEAR-MISS-0088-NORMAL_A,0,SCN-07-NEAR-MISS-0088-W1,0.0,-1,0,no_movement
SCN-07-NEAR-MISS-0088,false_positive,train,SCN-07-NEAR-MISS-0088-NORMAL_B,0,SCN-07-NEAR-MISS-0088-W1,0.0,-1,0,no_movement
SCN-07-NEAR-MISS-0088,false_positive,train,SCN-07-NEAR-MISS-0088-NORMAL_C,0,SCN-07-NEAR-MISS-0088-W1,0.0,-1,0,no_movement
SCN-07-NEAR-MISS-0089,false_positive,test,SCN-07-NEAR-MISS-0089-VICTIM,0,SCN-07-NEAR-MISS-0089-W1,0.0,-1,0,no_movement
SCN-07-NEAR-MISS-0089,false_positive,test,SCN-07-NEAR-MISS-0089-W1,0,SCN-07-NEAR-MISS-0089-W1,18162.99,0,0,no_movement
SCN-07-NEAR-MISS-0089,false_positive,test,SCN-07-NEAR-MISS-0089-W2,0,SCN-07-NEAR-MISS-0089-W1,5619.01,1,0,no_movement
SCN-07-NEAR-MISS-0089,false_positive,test,SCN-07-NEAR-MISS-0089-NORMAL_A,0,SCN-07-NEAR-MISS-0089-W1,0.0,-1,0,no_movement
SCN-07-NEAR-MISS-0089,false_positive,test,SCN-07-NEAR-MISS-0089-NORMAL_B,0,SCN-07-NEAR-MISS-0089-W1,0.0,-1,0,no_movement
SCN-07-NEAR-MISS-0089,false_positive,test,SCN-07-NEAR-MISS-0089-NORMAL_C,0,SCN-07-NEAR-MISS-0089-W1,0.0,-1,0,no_movement
SCN-07-NEAR-MISS-0090,false_positive,train,SCN-07-NEAR-MISS-0090-VICTIM,0,SCN-07-NEAR-MISS-0090-W1,0.0,-1,0,no_movement
SCN-07-NEAR-MISS-0090,false_positive,train,SCN-07-NEAR-MISS-0090-W1,0,SCN-07-NEAR-MISS-0090-W1,22907.68,0,0,no_movement
SCN-07-NEAR-MISS-0090,false_positive,train,SCN-07-NEAR-MISS-0090-W2,0,SCN-07-NEAR-MISS-0090-W1,6953.32,1,0,no_movement
SCN-07-NEAR-MISS-0090,false_positive,train,SCN-07-NEAR-MISS-0090-NORMAL_A,0,SCN-07-NEAR-MISS-0090-W1,0.0,-1,0,no_movement
SCN-07-NEAR-MISS-0090,false_positive,train,SCN-07-NEAR-MISS-0090-NORMAL_B,0,SCN-07-NEAR-MISS-0090-W1,0.0,-1,0,no_movement
SCN-07-NEAR-MISS-0090,false_positive,train,SCN-07-NEAR-MISS-0090-NORMAL_C,0,SCN-07-NEAR-MISS-0090-W1,0.0,-1,0,no_movement
SCN-07-NEAR-MISS-0091,false_positive,train,SCN-07-NEAR-MISS-0091-VICTIM,0,SCN-07-NEAR-MISS-0091-W1,0.0,-1,0,no_movement
SCN-07-NEAR-MISS-0091,false_positive,train,SCN-07-NEAR-MISS-0091-W1,0,SCN-07-NEAR-MISS-0091-W1,25420.46,0,0,no_movement
SCN-07-NEAR-MISS-0091,false_positive,train,SCN-07-NEAR-MISS-0091-W2,0,SCN-07-NEAR-MISS-0091-W1,6627.54,1,0,no_movement
SCN-07-NEAR-MISS-0091,false_positive,train,SCN-07-NEAR-MISS-0091-NORMAL_A,0,SCN-07-NEAR-MISS-0091-W1,0.0,-1,0,no_movement
SCN-07-NEAR-MISS-0091,false_positive,train,SCN-07-NEAR-MISS-0091-NORMAL_B,0,SCN-07-NEAR-MISS-0091-W1,0.0,-1,0,no_movement
SCN-07-NEAR-MISS-0091,false_positive,train,SCN-07-NEAR-MISS-0091-NORMAL_C,0,SCN-07-NEAR-MISS-0091-W1,0.0,-1,0,no_movement
SCN-07-NEAR-MISS-0092,false_positive,validation,SCN-07-NEAR-MISS-0092-VICTIM,0,SCN-07-NEAR-MISS-0092-W1,0.0,-1,0,no_movement
SCN-07-NEAR-MISS-0092,false_positive,validation,SCN-07-NEAR-MISS-0092-W1,0,SCN-07-NEAR-MISS-0092-W1,22306.16,0,0,no_movement
SCN-07-NEAR-MISS-0092,false_positive,validation,SCN-07-NEAR-MISS-0092-W2,0,SCN-07-NEAR-MISS-0092-W1,7040.84,1,0,no_movement
SCN-07-NEAR-MISS-0092,false_positive,validation,SCN-07-NEAR-MISS-0092-NORMAL_A,0,SCN-07-NEAR-MISS-0092-W1,0.0,-1,0,no_movement
SCN-07-NEAR-MISS-0092,false_positive,validation,SCN-07-NEAR-MISS-0092-NORMAL_B,0,SCN-07-NEAR-MISS-0092-W1,0.0,-1,0,no_movement
SCN-07-NEAR-MISS-0092,false_positive,validation,SCN-07-NEAR-MISS-0092-NORMAL_C,0,SCN-07-NEAR-MISS-0092-W1,0.0,-1,0,no_movement
SCN-07-NEAR-MISS-0093,false_positive,train,SCN-07-NEAR-MISS-0093-VICTIM,0,SCN-07-NEAR-MISS-0093-W1,0.0,-1,0,no_movement
SCN-07-NEAR-MISS-0093,false_positive,train,SCN-07-NEAR-MISS-0093-W1,0,SCN-07-NEAR-MISS-0093-W1,23305.22,0,0,no_movement
SCN-07-NEAR-MISS-0093,false_positive,train,SCN-07-NEAR-MISS-0093-W2,0,SCN-07-NEAR-MISS-0093-W1,6355.78,1,0,no_movement
SCN-07-NEAR-MISS-0093,false_positive,train,SCN-07-NEAR-MISS-0093-NORMAL_A,0,SCN-07-NEAR-MISS-0093-W1,0.0,-1,0,no_movement
SCN-07-NEAR-MISS-0093,false_positive,train,SCN-07-NEAR-MISS-0093-NORMAL_B,0,SCN-07-NEAR-MISS-0093-W1,0.0,-1,0,no_movement
SCN-07-NEAR-MISS-0093,false_positive,train,SCN-07-NEAR-MISS-0093-NORMAL_C,0,SCN-07-NEAR-MISS-0093-W1,0.0,-1,0,no_movement
SCN-07-NEAR-MISS-0094,false_positive,validation,SCN-07-NEAR-MISS-0094-VICTIM,0,SCN-07-NEAR-MISS-0094-W1,0.0,-1,0,no_movement
SCN-07-NEAR-MISS-0094,false_positive,validation,SCN-07-NEAR-MISS-0094-W1,0,SCN-07-NEAR-MISS-0094-W1,22761.82,0,0,no_movement
SCN-07-NEAR-MISS-0094,false_positive,validation,SCN-07-NEAR-MISS-0094-W2,0,SCN-07-NEAR-MISS-0094-W1,7262.18,1,0,no_movement
SCN-07-NEAR-MISS-0094,false_positive,validation,SCN-07-NEAR-MISS-0094-NORMAL_A,0,SCN-07-NEAR-MISS-0094-W1,0.0,-1,0,no_movement
SCN-07-NEAR-MISS-0094,false_positive,validation,SCN-07-NEAR-MISS-0094-NORMAL_B,0,SCN-07-NEAR-MISS-0094-W1,0.0,-1,0,no_movement
SCN-07-NEAR-MISS-0094,false_positive,validation,SCN-07-NEAR-MISS-0094-NORMAL_C,0,SCN-07-NEAR-MISS-0094-W1,0.0,-1,0,no_movement
SCN-07-NEAR-MISS-0095,false_positive,train,SCN-07-NEAR-MISS-0095-VICTIM,0,SCN-07-NEAR-MISS-0095-W1,0.0,-1,0,no_movement
SCN-07-NEAR-MISS-0095,false_positive,train,SCN-07-NEAR-MISS-0095-W1,0,SCN-07-NEAR-MISS-0095-W1,27592.88,0,0,no_movement
SCN-07-NEAR-MISS-0095,false_positive,train,SCN-07-NEAR-MISS-0095-W2,0,SCN-07-NEAR-MISS-0095-W1,7150.12,1,0,no_movement
SCN-07-NEAR-MISS-0095,false_positive,train,SCN-07-NEAR-MISS-0095-NORMAL_A,0,SCN-07-NEAR-MISS-0095-W1,0.0,-1,0,no_movement
SCN-07-NEAR-MISS-0095,false_positive,train,SCN-07-NEAR-MISS-0095-NORMAL_B,0,SCN-07-NEAR-MISS-0095-W1,0.0,-1,0,no_movement
SCN-07-NEAR-MISS-0095,false_positive,train,SCN-07-NEAR-MISS-0095-NORMAL_C,0,SCN-07-NEAR-MISS-0095-W1,0.0,-1,0,no_movement
SCN-07-NEAR-MISS-0096,false_positive,validation,SCN-07-NEAR-MISS-0096-VICTIM,0,SCN-07-NEAR-MISS-0096-W1,0.0,-1,0,no_movement
SCN-07-NEAR-MISS-0096,false_positive,validation,SCN-07-NEAR-MISS-0096-W1,0,SCN-07-NEAR-MISS-0096-W1,17982.15,0,0,no_movement
SCN-07-NEAR-MISS-0096,false_positive,validation,SCN-07-NEAR-MISS-0096-W2,0,SCN-07-NEAR-MISS-0096-W1,5719.85,1,0,no_movement
SCN-07-NEAR-MISS-0096,false_positive,validation,SCN-07-NEAR-MISS-0096-NORMAL_A,0,SCN-07-NEAR-MISS-0096-W1,0.0,-1,0,no_movement
SCN-07-NEAR-MISS-0096,false_positive,validation,SCN-07-NEAR-MISS-0096-NORMAL_B,0,SCN-07-NEAR-MISS-0096-W1,0.0,-1,0,no_movement
SCN-07-NEAR-MISS-0096,false_positive,validation,SCN-07-NEAR-MISS-0096-NORMAL_C,0,SCN-07-NEAR-MISS-0096-W1,0.0,-1,0,no_movement
SCN-07-NEAR-MISS-0097,false_positive,test,SCN-07-NEAR-MISS-0097-VICTIM,0,SCN-07-NEAR-MISS-0097-W1,0.0,-1,0,no_movement
SCN-07-NEAR-MISS-0097,false_positive,test,SCN-07-NEAR-MISS-0097-W1,0,SCN-07-NEAR-MISS-0097-W1,21934.48,0,0,no_movement
SCN-07-NEAR-MISS-0097,false_positive,test,SCN-07-NEAR-MISS-0097-W2,0,SCN-07-NEAR-MISS-0097-W1,5859.52,1,0,no_movement
SCN-07-NEAR-MISS-0097,false_positive,test,SCN-07-NEAR-MISS-0097-NORMAL_A,0,SCN-07-NEAR-MISS-0097-W1,0.0,-1,0,no_movement
SCN-07-NEAR-MISS-0097,false_positive,test,SCN-07-NEAR-MISS-0097-NORMAL_B,0,SCN-07-NEAR-MISS-0097-W1,0.0,-1,0,no_movement
SCN-07-NEAR-MISS-0097,false_positive,test,SCN-07-NEAR-MISS-0097-NORMAL_C,0,SCN-07-NEAR-MISS-0097-W1,0.0,-1,0,no_movement
SCN-07-NEAR-MISS-0098,false_positive,train,SCN-07-NEAR-MISS-0098-VICTIM,0,SCN-07-NEAR-MISS-0098-W1,0.0,-1,0,no_movement
SCN-07-NEAR-MISS-0098,false_positive,train,SCN-07-NEAR-MISS-0098-W1,0,SCN-07-NEAR-MISS-0098-W1,18113.42,0,0,no_movement
SCN-07-NEAR-MISS-0098,false_positive,train,SCN-07-NEAR-MISS-0098-W2,0,SCN-07-NEAR-MISS-0098-W1,5499.58,1,0,no_movement
SCN-07-NEAR-MISS-0098,false_positive,train,SCN-07-NEAR-MISS-0098-NORMAL_A,0,SCN-07-NEAR-MISS-0098-W1,0.0,-1,0,no_movement
SCN-07-NEAR-MISS-0098,false_positive,train,SCN-07-NEAR-MISS-0098-NORMAL_B,0,SCN-07-NEAR-MISS-0098-W1,0.0,-1,0,no_movement
SCN-07-NEAR-MISS-0098,false_positive,train,SCN-07-NEAR-MISS-0098-NORMAL_C,0,SCN-07-NEAR-MISS-0098-W1,0.0,-1,0,no_movement
SCN-07-NEAR-MISS-0099,false_positive,validation,SCN-07-NEAR-MISS-0099-VICTIM,0,SCN-07-NEAR-MISS-0099-W1,0.0,-1,0,no_movement
SCN-07-NEAR-MISS-0099,false_positive,validation,SCN-07-NEAR-MISS-0099-W1,0,SCN-07-NEAR-MISS-0099-W1,25687.58,0,0,no_movement
SCN-07-NEAR-MISS-0099,false_positive,validation,SCN-07-NEAR-MISS-0099-W2,0,SCN-07-NEAR-MISS-0099-W1,8115.42,1,0,no_movement
SCN-07-NEAR-MISS-0099,false_positive,validation,SCN-07-NEAR-MISS-0099-NORMAL_A,0,SCN-07-NEAR-MISS-0099-W1,0.0,-1,0,no_movement
SCN-07-NEAR-MISS-0099,false_positive,validation,SCN-07-NEAR-MISS-0099-NORMAL_B,0,SCN-07-NEAR-MISS-0099-W1,0.0,-1,0,no_movement
SCN-07-NEAR-MISS-0099,false_positive,validation,SCN-07-NEAR-MISS-0099-NORMAL_C,0,SCN-07-NEAR-MISS-0099-W1,0.0,-1,0,no_movement
SCN-07-NEAR-MISS-0100,false_positive,train,SCN-07-NEAR-MISS-0100-VICTIM,0,SCN-07-NEAR-MISS-0100-W1,0.0,-1,0,no_movement
SCN-07-NEAR-MISS-0100,false_positive,train,SCN-07-NEAR-MISS-0100-W1,0,SCN-07-NEAR-MISS-0100-W1,19412.69,0,0,no_movement
SCN-07-NEAR-MISS-0100,false_positive,train,SCN-07-NEAR-MISS-0100-W2,0,SCN-07-NEAR-MISS-0100-W1,5274.31,1,0,no_movement
SCN-07-NEAR-MISS-0100,false_positive,train,SCN-07-NEAR-MISS-0100-NORMAL_A,0,SCN-07-NEAR-MISS-0100-W1,0.0,-1,0,no_movement
SCN-07-NEAR-MISS-0100,false_positive,train,SCN-07-NEAR-MISS-0100-NORMAL_B,0,SCN-07-NEAR-MISS-0100-W1,0.0,-1,0,no_movement
SCN-07-NEAR-MISS-0100,false_positive,train,SCN-07-NEAR-MISS-0100-NORMAL_C,0,SCN-07-NEAR-MISS-0100-W1,0.0,-1,0,no_movement
SCN-08-WRONG-RECIPIENT-0001,wrong_recipient,validation,SCN-08-WRONG-RECIPIENT-0001-VICTIM,0,SCN-08-WRONG-RECIPIENT-0001-W1,0.0,-1,0,no_movement
SCN-08-WRONG-RECIPIENT-0001,wrong_recipient,validation,SCN-08-WRONG-RECIPIENT-0001-W1,0,SCN-08-WRONG-RECIPIENT-0001-W1,10113.0,0,0,no_movement
SCN-08-WRONG-RECIPIENT-0001,wrong_recipient,validation,SCN-08-WRONG-RECIPIENT-0001-NORMAL_A,0,SCN-08-WRONG-RECIPIENT-0001-W1,0.0,-1,0,no_movement
SCN-08-WRONG-RECIPIENT-0001,wrong_recipient,validation,SCN-08-WRONG-RECIPIENT-0001-NORMAL_B,0,SCN-08-WRONG-RECIPIENT-0001-W1,0.0,-1,0,no_movement
SCN-08-WRONG-RECIPIENT-0001,wrong_recipient,validation,SCN-08-WRONG-RECIPIENT-0001-NORMAL_C,0,SCN-08-WRONG-RECIPIENT-0001-W1,0.0,-1,0,no_movement
SCN-08-WRONG-RECIPIENT-0002,wrong_recipient,train,SCN-08-WRONG-RECIPIENT-0002-VICTIM,0,SCN-08-WRONG-RECIPIENT-0002-W1,0.0,-1,0,no_movement
SCN-08-WRONG-RECIPIENT-0002,wrong_recipient,train,SCN-08-WRONG-RECIPIENT-0002-W1,0,SCN-08-WRONG-RECIPIENT-0002-W1,10433.0,0,0,no_movement
SCN-08-WRONG-RECIPIENT-0002,wrong_recipient,train,SCN-08-WRONG-RECIPIENT-0002-NORMAL_A,0,SCN-08-WRONG-RECIPIENT-0002-W1,0.0,-1,0,no_movement
SCN-08-WRONG-RECIPIENT-0002,wrong_recipient,train,SCN-08-WRONG-RECIPIENT-0002-NORMAL_B,0,SCN-08-WRONG-RECIPIENT-0002-W1,0.0,-1,0,no_movement
SCN-08-WRONG-RECIPIENT-0002,wrong_recipient,train,SCN-08-WRONG-RECIPIENT-0002-NORMAL_C,0,SCN-08-WRONG-RECIPIENT-0002-W1,0.0,-1,0,no_movement
SCN-08-WRONG-RECIPIENT-0003,wrong_recipient,train,SCN-08-WRONG-RECIPIENT-0003-VICTIM,0,SCN-08-WRONG-RECIPIENT-0003-W1,0.0,-1,0,no_movement
SCN-08-WRONG-RECIPIENT-0003,wrong_recipient,train,SCN-08-WRONG-RECIPIENT-0003-W1,0,SCN-08-WRONG-RECIPIENT-0003-W1,11325.0,0,0,no_movement
SCN-08-WRONG-RECIPIENT-0003,wrong_recipient,train,SCN-08-WRONG-RECIPIENT-0003-NORMAL_A,0,SCN-08-WRONG-RECIPIENT-0003-W1,0.0,-1,0,no_movement
SCN-08-WRONG-RECIPIENT-0003,wrong_recipient,train,SCN-08-WRONG-RECIPIENT-0003-NORMAL_B,0,SCN-08-WRONG-RECIPIENT-0003-W1,0.0,-1,0,no_movement
SCN-08-WRONG-RECIPIENT-0003,wrong_recipient,train,SCN-08-WRONG-RECIPIENT-0003-NORMAL_C,0,SCN-08-WRONG-RECIPIENT-0003-W1,0.0,-1,0,no_movement
SCN-08-WRONG-RECIPIENT-0004,wrong_recipient,train,SCN-08-WRONG-RECIPIENT-0004-VICTIM,0,SCN-08-WRONG-RECIPIENT-0004-W1,0.0,-1,0,no_movement
SCN-08-WRONG-RECIPIENT-0004,wrong_recipient,train,SCN-08-WRONG-RECIPIENT-0004-W1,0,SCN-08-WRONG-RECIPIENT-0004-W1,12678.0,0,0,no_movement
SCN-08-WRONG-RECIPIENT-0004,wrong_recipient,train,SCN-08-WRONG-RECIPIENT-0004-NORMAL_A,0,SCN-08-WRONG-RECIPIENT-0004-W1,0.0,-1,0,no_movement
SCN-08-WRONG-RECIPIENT-0004,wrong_recipient,train,SCN-08-WRONG-RECIPIENT-0004-NORMAL_B,0,SCN-08-WRONG-RECIPIENT-0004-W1,0.0,-1,0,no_movement
SCN-08-WRONG-RECIPIENT-0004,wrong_recipient,train,SCN-08-WRONG-RECIPIENT-0004-NORMAL_C,0,SCN-08-WRONG-RECIPIENT-0004-W1,0.0,-1,0,no_movement
SCN-08-WRONG-RECIPIENT-0005,wrong_recipient,validation,SCN-08-WRONG-RECIPIENT-0005-VICTIM,0,SCN-08-WRONG-RECIPIENT-0005-W1,0.0,-1,0,no_movement
SCN-08-WRONG-RECIPIENT-0005,wrong_recipient,validation,SCN-08-WRONG-RECIPIENT-0005-W1,0,SCN-08-WRONG-RECIPIENT-0005-W1,12139.0,0,0,no_movement
SCN-08-WRONG-RECIPIENT-0005,wrong_recipient,validation,SCN-08-WRONG-RECIPIENT-0005-NORMAL_A,0,SCN-08-WRONG-RECIPIENT-0005-W1,0.0,-1,0,no_movement
SCN-08-WRONG-RECIPIENT-0005,wrong_recipient,validation,SCN-08-WRONG-RECIPIENT-0005-NORMAL_B,0,SCN-08-WRONG-RECIPIENT-0005-W1,0.0,-1,0,no_movement
SCN-08-WRONG-RECIPIENT-0005,wrong_recipient,validation,SCN-08-WRONG-RECIPIENT-0005-NORMAL_C,0,SCN-08-WRONG-RECIPIENT-0005-W1,0.0,-1,0,no_movement
SCN-08-WRONG-RECIPIENT-0006,wrong_recipient,train,SCN-08-WRONG-RECIPIENT-0006-VICTIM,0,SCN-08-WRONG-RECIPIENT-0006-W1,0.0,-1,0,no_movement
SCN-08-WRONG-RECIPIENT-0006,wrong_recipient,train,SCN-08-WRONG-RECIPIENT-0006-W1,0,SCN-08-WRONG-RECIPIENT-0006-W1,14241.0,0,0,no_movement
SCN-08-WRONG-RECIPIENT-0006,wrong_recipient,train,SCN-08-WRONG-RECIPIENT-0006-NORMAL_A,0,SCN-08-WRONG-RECIPIENT-0006-W1,0.0,-1,0,no_movement
SCN-08-WRONG-RECIPIENT-0006,wrong_recipient,train,SCN-08-WRONG-RECIPIENT-0006-NORMAL_B,0,SCN-08-WRONG-RECIPIENT-0006-W1,0.0,-1,0,no_movement
SCN-08-WRONG-RECIPIENT-0006,wrong_recipient,train,SCN-08-WRONG-RECIPIENT-0006-NORMAL_C,0,SCN-08-WRONG-RECIPIENT-0006-W1,0.0,-1,0,no_movement
SCN-08-WRONG-RECIPIENT-0007,wrong_recipient,train,SCN-08-WRONG-RECIPIENT-0007-VICTIM,0,SCN-08-WRONG-RECIPIENT-0007-W1,0.0,-1,0,no_movement
SCN-08-WRONG-RECIPIENT-0007,wrong_recipient,train,SCN-08-WRONG-RECIPIENT-0007-W1,0,SCN-08-WRONG-RECIPIENT-0007-W1,12426.0,0,0,no_movement
SCN-08-WRONG-RECIPIENT-0007,wrong_recipient,train,SCN-08-WRONG-RECIPIENT-0007-NORMAL_A,0,SCN-08-WRONG-RECIPIENT-0007-W1,0.0,-1,0,no_movement
SCN-08-WRONG-RECIPIENT-0007,wrong_recipient,train,SCN-08-WRONG-RECIPIENT-0007-NORMAL_B,0,SCN-08-WRONG-RECIPIENT-0007-W1,0.0,-1,0,no_movement
SCN-08-WRONG-RECIPIENT-0007,wrong_recipient,train,SCN-08-WRONG-RECIPIENT-0007-NORMAL_C,0,SCN-08-WRONG-RECIPIENT-0007-W1,0.0,-1,0,no_movement
SCN-08-WRONG-RECIPIENT-0008,wrong_recipient,train,SCN-08-WRONG-RECIPIENT-0008-VICTIM,0,SCN-08-WRONG-RECIPIENT-0008-W1,0.0,-1,0,no_movement
SCN-08-WRONG-RECIPIENT-0008,wrong_recipient,train,SCN-08-WRONG-RECIPIENT-0008-W1,0,SCN-08-WRONG-RECIPIENT-0008-W1,13208.0,0,0,no_movement
SCN-08-WRONG-RECIPIENT-0008,wrong_recipient,train,SCN-08-WRONG-RECIPIENT-0008-NORMAL_A,0,SCN-08-WRONG-RECIPIENT-0008-W1,0.0,-1,0,no_movement
SCN-08-WRONG-RECIPIENT-0008,wrong_recipient,train,SCN-08-WRONG-RECIPIENT-0008-NORMAL_B,0,SCN-08-WRONG-RECIPIENT-0008-W1,0.0,-1,0,no_movement
SCN-08-WRONG-RECIPIENT-0008,wrong_recipient,train,SCN-08-WRONG-RECIPIENT-0008-NORMAL_C,0,SCN-08-WRONG-RECIPIENT-0008-W1,0.0,-1,0,no_movement
SCN-08-WRONG-RECIPIENT-0009,wrong_recipient,train,SCN-08-WRONG-RECIPIENT-0009-VICTIM,0,SCN-08-WRONG-RECIPIENT-0009-W1,0.0,-1,0,no_movement
SCN-08-WRONG-RECIPIENT-0009,wrong_recipient,train,SCN-08-WRONG-RECIPIENT-0009-W1,0,SCN-08-WRONG-RECIPIENT-0009-W1,9425.0,0,0,no_movement
SCN-08-WRONG-RECIPIENT-0009,wrong_recipient,train,SCN-08-WRONG-RECIPIENT-0009-NORMAL_A,0,SCN-08-WRONG-RECIPIENT-0009-W1,0.0,-1,0,no_movement
SCN-08-WRONG-RECIPIENT-0009,wrong_recipient,train,SCN-08-WRONG-RECIPIENT-0009-NORMAL_B,0,SCN-08-WRONG-RECIPIENT-0009-W1,0.0,-1,0,no_movement
SCN-08-WRONG-RECIPIENT-0009,wrong_recipient,train,SCN-08-WRONG-RECIPIENT-0009-NORMAL_C,0,SCN-08-WRONG-RECIPIENT-0009-W1,0.0,-1,0,no_movement
SCN-08-WRONG-RECIPIENT-0010,wrong_recipient,test,SCN-08-WRONG-RECIPIENT-0010-VICTIM,0,SCN-08-WRONG-RECIPIENT-0010-W1,0.0,-1,0,no_movement
SCN-08-WRONG-RECIPIENT-0010,wrong_recipient,test,SCN-08-WRONG-RECIPIENT-0010-W1,0,SCN-08-WRONG-RECIPIENT-0010-W1,14339.0,0,0,no_movement
SCN-08-WRONG-RECIPIENT-0010,wrong_recipient,test,SCN-08-WRONG-RECIPIENT-0010-NORMAL_A,0,SCN-08-WRONG-RECIPIENT-0010-W1,0.0,-1,0,no_movement
SCN-08-WRONG-RECIPIENT-0010,wrong_recipient,test,SCN-08-WRONG-RECIPIENT-0010-NORMAL_B,0,SCN-08-WRONG-RECIPIENT-0010-W1,0.0,-1,0,no_movement
SCN-08-WRONG-RECIPIENT-0010,wrong_recipient,test,SCN-08-WRONG-RECIPIENT-0010-NORMAL_C,0,SCN-08-WRONG-RECIPIENT-0010-W1,0.0,-1,0,no_movement
SCN-08-WRONG-RECIPIENT-0011,wrong_recipient,train,SCN-08-WRONG-RECIPIENT-0011-VICTIM,0,SCN-08-WRONG-RECIPIENT-0011-W1,0.0,-1,0,no_movement
SCN-08-WRONG-RECIPIENT-0011,wrong_recipient,train,SCN-08-WRONG-RECIPIENT-0011-W1,0,SCN-08-WRONG-RECIPIENT-0011-W1,12348.0,0,0,no_movement
SCN-08-WRONG-RECIPIENT-0011,wrong_recipient,train,SCN-08-WRONG-RECIPIENT-0011-NORMAL_A,0,SCN-08-WRONG-RECIPIENT-0011-W1,0.0,-1,0,no_movement
SCN-08-WRONG-RECIPIENT-0011,wrong_recipient,train,SCN-08-WRONG-RECIPIENT-0011-NORMAL_B,0,SCN-08-WRONG-RECIPIENT-0011-W1,0.0,-1,0,no_movement
SCN-08-WRONG-RECIPIENT-0011,wrong_recipient,train,SCN-08-WRONG-RECIPIENT-0011-NORMAL_C,0,SCN-08-WRONG-RECIPIENT-0011-W1,0.0,-1,0,no_movement
SCN-08-WRONG-RECIPIENT-0012,wrong_recipient,validation,SCN-08-WRONG-RECIPIENT-0012-VICTIM,0,SCN-08-WRONG-RECIPIENT-0012-W1,0.0,-1,0,no_movement
SCN-08-WRONG-RECIPIENT-0012,wrong_recipient,validation,SCN-08-WRONG-RECIPIENT-0012-W1,0,SCN-08-WRONG-RECIPIENT-0012-W1,13251.0,0,0,no_movement
SCN-08-WRONG-RECIPIENT-0012,wrong_recipient,validation,SCN-08-WRONG-RECIPIENT-0012-NORMAL_A,0,SCN-08-WRONG-RECIPIENT-0012-W1,0.0,-1,0,no_movement
SCN-08-WRONG-RECIPIENT-0012,wrong_recipient,validation,SCN-08-WRONG-RECIPIENT-0012-NORMAL_B,0,SCN-08-WRONG-RECIPIENT-0012-W1,0.0,-1,0,no_movement
SCN-08-WRONG-RECIPIENT-0012,wrong_recipient,validation,SCN-08-WRONG-RECIPIENT-0012-NORMAL_C,0,SCN-08-WRONG-RECIPIENT-0012-W1,0.0,-1,0,no_movement
SCN-08-WRONG-RECIPIENT-0013,wrong_recipient,train,SCN-08-WRONG-RECIPIENT-0013-VICTIM,0,SCN-08-WRONG-RECIPIENT-0013-W1,0.0,-1,0,no_movement
SCN-08-WRONG-RECIPIENT-0013,wrong_recipient,train,SCN-08-WRONG-RECIPIENT-0013-W1,0,SCN-08-WRONG-RECIPIENT-0013-W1,9422.0,0,0,no_movement
SCN-08-WRONG-RECIPIENT-0013,wrong_recipient,train,SCN-08-WRONG-RECIPIENT-0013-NORMAL_A,0,SCN-08-WRONG-RECIPIENT-0013-W1,0.0,-1,0,no_movement
SCN-08-WRONG-RECIPIENT-0013,wrong_recipient,train,SCN-08-WRONG-RECIPIENT-0013-NORMAL_B,0,SCN-08-WRONG-RECIPIENT-0013-W1,0.0,-1,0,no_movement
SCN-08-WRONG-RECIPIENT-0013,wrong_recipient,train,SCN-08-WRONG-RECIPIENT-0013-NORMAL_C,0,SCN-08-WRONG-RECIPIENT-0013-W1,0.0,-1,0,no_movement
SCN-08-WRONG-RECIPIENT-0014,wrong_recipient,test,SCN-08-WRONG-RECIPIENT-0014-VICTIM,0,SCN-08-WRONG-RECIPIENT-0014-W1,0.0,-1,0,no_movement
SCN-08-WRONG-RECIPIENT-0014,wrong_recipient,test,SCN-08-WRONG-RECIPIENT-0014-W1,0,SCN-08-WRONG-RECIPIENT-0014-W1,9583.0,0,0,no_movement
SCN-08-WRONG-RECIPIENT-0014,wrong_recipient,test,SCN-08-WRONG-RECIPIENT-0014-NORMAL_A,0,SCN-08-WRONG-RECIPIENT-0014-W1,0.0,-1,0,no_movement
SCN-08-WRONG-RECIPIENT-0014,wrong_recipient,test,SCN-08-WRONG-RECIPIENT-0014-NORMAL_B,0,SCN-08-WRONG-RECIPIENT-0014-W1,0.0,-1,0,no_movement
SCN-08-WRONG-RECIPIENT-0014,wrong_recipient,test,SCN-08-WRONG-RECIPIENT-0014-NORMAL_C,0,SCN-08-WRONG-RECIPIENT-0014-W1,0.0,-1,0,no_movement
SCN-08-WRONG-RECIPIENT-0015,wrong_recipient,train,SCN-08-WRONG-RECIPIENT-0015-VICTIM,0,SCN-08-WRONG-RECIPIENT-0015-W1,0.0,-1,0,no_movement
SCN-08-WRONG-RECIPIENT-0015,wrong_recipient,train,SCN-08-WRONG-RECIPIENT-0015-W1,0,SCN-08-WRONG-RECIPIENT-0015-W1,12157.0,0,0,no_movement
SCN-08-WRONG-RECIPIENT-0015,wrong_recipient,train,SCN-08-WRONG-RECIPIENT-0015-NORMAL_A,0,SCN-08-WRONG-RECIPIENT-0015-W1,0.0,-1,0,no_movement
SCN-08-WRONG-RECIPIENT-0015,wrong_recipient,train,SCN-08-WRONG-RECIPIENT-0015-NORMAL_B,0,SCN-08-WRONG-RECIPIENT-0015-W1,0.0,-1,0,no_movement
SCN-08-WRONG-RECIPIENT-0015,wrong_recipient,train,SCN-08-WRONG-RECIPIENT-0015-NORMAL_C,0,SCN-08-WRONG-RECIPIENT-0015-W1,0.0,-1,0,no_movement
SCN-08-WRONG-RECIPIENT-0016,wrong_recipient,validation,SCN-08-WRONG-RECIPIENT-0016-VICTIM,0,SCN-08-WRONG-RECIPIENT-0016-W1,0.0,-1,0,no_movement
SCN-08-WRONG-RECIPIENT-0016,wrong_recipient,validation,SCN-08-WRONG-RECIPIENT-0016-W1,0,SCN-08-WRONG-RECIPIENT-0016-W1,13495.0,0,0,no_movement
SCN-08-WRONG-RECIPIENT-0016,wrong_recipient,validation,SCN-08-WRONG-RECIPIENT-0016-NORMAL_A,0,SCN-08-WRONG-RECIPIENT-0016-W1,0.0,-1,0,no_movement
SCN-08-WRONG-RECIPIENT-0016,wrong_recipient,validation,SCN-08-WRONG-RECIPIENT-0016-NORMAL_B,0,SCN-08-WRONG-RECIPIENT-0016-W1,0.0,-1,0,no_movement
SCN-08-WRONG-RECIPIENT-0016,wrong_recipient,validation,SCN-08-WRONG-RECIPIENT-0016-NORMAL_C,0,SCN-08-WRONG-RECIPIENT-0016-W1,0.0,-1,0,no_movement
SCN-08-WRONG-RECIPIENT-0017,wrong_recipient,train,SCN-08-WRONG-RECIPIENT-0017-VICTIM,0,SCN-08-WRONG-RECIPIENT-0017-W1,0.0,-1,0,no_movement
SCN-08-WRONG-RECIPIENT-0017,wrong_recipient,train,SCN-08-WRONG-RECIPIENT-0017-W1,0,SCN-08-WRONG-RECIPIENT-0017-W1,11148.0,0,0,no_movement
SCN-08-WRONG-RECIPIENT-0017,wrong_recipient,train,SCN-08-WRONG-RECIPIENT-0017-NORMAL_A,0,SCN-08-WRONG-RECIPIENT-0017-W1,0.0,-1,0,no_movement
SCN-08-WRONG-RECIPIENT-0017,wrong_recipient,train,SCN-08-WRONG-RECIPIENT-0017-NORMAL_B,0,SCN-08-WRONG-RECIPIENT-0017-W1,0.0,-1,0,no_movement
SCN-08-WRONG-RECIPIENT-0017,wrong_recipient,train,SCN-08-WRONG-RECIPIENT-0017-NORMAL_C,0,SCN-08-WRONG-RECIPIENT-0017-W1,0.0,-1,0,no_movement
SCN-08-WRONG-RECIPIENT-0018,wrong_recipient,train,SCN-08-WRONG-RECIPIENT-0018-VICTIM,0,SCN-08-WRONG-RECIPIENT-0018-W1,0.0,-1,0,no_movement
SCN-08-WRONG-RECIPIENT-0018,wrong_recipient,train,SCN-08-WRONG-RECIPIENT-0018-W1,0,SCN-08-WRONG-RECIPIENT-0018-W1,10001.0,0,0,no_movement
SCN-08-WRONG-RECIPIENT-0018,wrong_recipient,train,SCN-08-WRONG-RECIPIENT-0018-NORMAL_A,0,SCN-08-WRONG-RECIPIENT-0018-W1,0.0,-1,0,no_movement
SCN-08-WRONG-RECIPIENT-0018,wrong_recipient,train,SCN-08-WRONG-RECIPIENT-0018-NORMAL_B,0,SCN-08-WRONG-RECIPIENT-0018-W1,0.0,-1,0,no_movement
SCN-08-WRONG-RECIPIENT-0018,wrong_recipient,train,SCN-08-WRONG-RECIPIENT-0018-NORMAL_C,0,SCN-08-WRONG-RECIPIENT-0018-W1,0.0,-1,0,no_movement
SCN-08-WRONG-RECIPIENT-0019,wrong_recipient,train,SCN-08-WRONG-RECIPIENT-0019-VICTIM,0,SCN-08-WRONG-RECIPIENT-0019-W1,0.0,-1,0,no_movement
SCN-08-WRONG-RECIPIENT-0019,wrong_recipient,train,SCN-08-WRONG-RECIPIENT-0019-W1,0,SCN-08-WRONG-RECIPIENT-0019-W1,9949.0,0,0,no_movement
SCN-08-WRONG-RECIPIENT-0019,wrong_recipient,train,SCN-08-WRONG-RECIPIENT-0019-NORMAL_A,0,SCN-08-WRONG-RECIPIENT-0019-W1,0.0,-1,0,no_movement
SCN-08-WRONG-RECIPIENT-0019,wrong_recipient,train,SCN-08-WRONG-RECIPIENT-0019-NORMAL_B,0,SCN-08-WRONG-RECIPIENT-0019-W1,0.0,-1,0,no_movement
SCN-08-WRONG-RECIPIENT-0019,wrong_recipient,train,SCN-08-WRONG-RECIPIENT-0019-NORMAL_C,0,SCN-08-WRONG-RECIPIENT-0019-W1,0.0,-1,0,no_movement
SCN-08-WRONG-RECIPIENT-0020,wrong_recipient,test,SCN-08-WRONG-RECIPIENT-0020-VICTIM,0,SCN-08-WRONG-RECIPIENT-0020-W1,0.0,-1,0,no_movement
SCN-08-WRONG-RECIPIENT-0020,wrong_recipient,test,SCN-08-WRONG-RECIPIENT-0020-W1,0,SCN-08-WRONG-RECIPIENT-0020-W1,10891.0,0,0,no_movement
SCN-08-WRONG-RECIPIENT-0020,wrong_recipient,test,SCN-08-WRONG-RECIPIENT-0020-NORMAL_A,0,SCN-08-WRONG-RECIPIENT-0020-W1,0.0,-1,0,no_movement
SCN-08-WRONG-RECIPIENT-0020,wrong_recipient,test,SCN-08-WRONG-RECIPIENT-0020-NORMAL_B,0,SCN-08-WRONG-RECIPIENT-0020-W1,0.0,-1,0,no_movement
SCN-08-WRONG-RECIPIENT-0020,wrong_recipient,test,SCN-08-WRONG-RECIPIENT-0020-NORMAL_C,0,SCN-08-WRONG-RECIPIENT-0020-W1,0.0,-1,0,no_movement
SCN-08-WRONG-RECIPIENT-0021,wrong_recipient,train,SCN-08-WRONG-RECIPIENT-0021-VICTIM,0,SCN-08-WRONG-RECIPIENT-0021-W1,0.0,-1,0,no_movement
SCN-08-WRONG-RECIPIENT-0021,wrong_recipient,train,SCN-08-WRONG-RECIPIENT-0021-W1,0,SCN-08-WRONG-RECIPIENT-0021-W1,13585.0,0,0,no_movement
SCN-08-WRONG-RECIPIENT-0021,wrong_recipient,train,SCN-08-WRONG-RECIPIENT-0021-NORMAL_A,0,SCN-08-WRONG-RECIPIENT-0021-W1,0.0,-1,0,no_movement
SCN-08-WRONG-RECIPIENT-0021,wrong_recipient,train,SCN-08-WRONG-RECIPIENT-0021-NORMAL_B,0,SCN-08-WRONG-RECIPIENT-0021-W1,0.0,-1,0,no_movement
SCN-08-WRONG-RECIPIENT-0021,wrong_recipient,train,SCN-08-WRONG-RECIPIENT-0021-NORMAL_C,0,SCN-08-WRONG-RECIPIENT-0021-W1,0.0,-1,0,no_movement
SCN-08-WRONG-RECIPIENT-0022,wrong_recipient,train,SCN-08-WRONG-RECIPIENT-0022-VICTIM,0,SCN-08-WRONG-RECIPIENT-0022-W1,0.0,-1,0,no_movement
SCN-08-WRONG-RECIPIENT-0022,wrong_recipient,train,SCN-08-WRONG-RECIPIENT-0022-W1,0,SCN-08-WRONG-RECIPIENT-0022-W1,12379.0,0,0,no_movement
SCN-08-WRONG-RECIPIENT-0022,wrong_recipient,train,SCN-08-WRONG-RECIPIENT-0022-NORMAL_A,0,SCN-08-WRONG-RECIPIENT-0022-W1,0.0,-1,0,no_movement
SCN-08-WRONG-RECIPIENT-0022,wrong_recipient,train,SCN-08-WRONG-RECIPIENT-0022-NORMAL_B,0,SCN-08-WRONG-RECIPIENT-0022-W1,0.0,-1,0,no_movement
SCN-08-WRONG-RECIPIENT-0022,wrong_recipient,train,SCN-08-WRONG-RECIPIENT-0022-NORMAL_C,0,SCN-08-WRONG-RECIPIENT-0022-W1,0.0,-1,0,no_movement
SCN-08-WRONG-RECIPIENT-0023,wrong_recipient,validation,SCN-08-WRONG-RECIPIENT-0023-VICTIM,0,SCN-08-WRONG-RECIPIENT-0023-W1,0.0,-1,0,no_movement
SCN-08-WRONG-RECIPIENT-0023,wrong_recipient,validation,SCN-08-WRONG-RECIPIENT-0023-W1,0,SCN-08-WRONG-RECIPIENT-0023-W1,10525.0,0,0,no_movement
SCN-08-WRONG-RECIPIENT-0023,wrong_recipient,validation,SCN-08-WRONG-RECIPIENT-0023-NORMAL_A,0,SCN-08-WRONG-RECIPIENT-0023-W1,0.0,-1,0,no_movement
SCN-08-WRONG-RECIPIENT-0023,wrong_recipient,validation,SCN-08-WRONG-RECIPIENT-0023-NORMAL_B,0,SCN-08-WRONG-RECIPIENT-0023-W1,0.0,-1,0,no_movement
SCN-08-WRONG-RECIPIENT-0023,wrong_recipient,validation,SCN-08-WRONG-RECIPIENT-0023-NORMAL_C,0,SCN-08-WRONG-RECIPIENT-0023-W1,0.0,-1,0,no_movement
SCN-08-WRONG-RECIPIENT-0024,wrong_recipient,test,SCN-08-WRONG-RECIPIENT-0024-VICTIM,0,SCN-08-WRONG-RECIPIENT-0024-W1,0.0,-1,0,no_movement
SCN-08-WRONG-RECIPIENT-0024,wrong_recipient,test,SCN-08-WRONG-RECIPIENT-0024-W1,0,SCN-08-WRONG-RECIPIENT-0024-W1,13358.0,0,0,no_movement
SCN-08-WRONG-RECIPIENT-0024,wrong_recipient,test,SCN-08-WRONG-RECIPIENT-0024-NORMAL_A,0,SCN-08-WRONG-RECIPIENT-0024-W1,0.0,-1,0,no_movement
SCN-08-WRONG-RECIPIENT-0024,wrong_recipient,test,SCN-08-WRONG-RECIPIENT-0024-NORMAL_B,0,SCN-08-WRONG-RECIPIENT-0024-W1,0.0,-1,0,no_movement
SCN-08-WRONG-RECIPIENT-0024,wrong_recipient,test,SCN-08-WRONG-RECIPIENT-0024-NORMAL_C,0,SCN-08-WRONG-RECIPIENT-0024-W1,0.0,-1,0,no_movement
SCN-08-WRONG-RECIPIENT-0025,wrong_recipient,train,SCN-08-WRONG-RECIPIENT-0025-VICTIM,0,SCN-08-WRONG-RECIPIENT-0025-W1,0.0,-1,0,no_movement
SCN-08-WRONG-RECIPIENT-0025,wrong_recipient,train,SCN-08-WRONG-RECIPIENT-0025-W1,0,SCN-08-WRONG-RECIPIENT-0025-W1,14960.0,0,0,no_movement
SCN-08-WRONG-RECIPIENT-0025,wrong_recipient,train,SCN-08-WRONG-RECIPIENT-0025-NORMAL_A,0,SCN-08-WRONG-RECIPIENT-0025-W1,0.0,-1,0,no_movement
SCN-08-WRONG-RECIPIENT-0025,wrong_recipient,train,SCN-08-WRONG-RECIPIENT-0025-NORMAL_B,0,SCN-08-WRONG-RECIPIENT-0025-W1,0.0,-1,0,no_movement
SCN-08-WRONG-RECIPIENT-0025,wrong_recipient,train,SCN-08-WRONG-RECIPIENT-0025-NORMAL_C,0,SCN-08-WRONG-RECIPIENT-0025-W1,0.0,-1,0,no_movement
SCN-08-WRONG-RECIPIENT-0026,wrong_recipient,train,SCN-08-WRONG-RECIPIENT-0026-VICTIM,0,SCN-08-WRONG-RECIPIENT-0026-W1,0.0,-1,0,no_movement
SCN-08-WRONG-RECIPIENT-0026,wrong_recipient,train,SCN-08-WRONG-RECIPIENT-0026-W1,0,SCN-08-WRONG-RECIPIENT-0026-W1,14134.0,0,0,no_movement
SCN-08-WRONG-RECIPIENT-0026,wrong_recipient,train,SCN-08-WRONG-RECIPIENT-0026-NORMAL_A,0,SCN-08-WRONG-RECIPIENT-0026-W1,0.0,-1,0,no_movement
SCN-08-WRONG-RECIPIENT-0026,wrong_recipient,train,SCN-08-WRONG-RECIPIENT-0026-NORMAL_B,0,SCN-08-WRONG-RECIPIENT-0026-W1,0.0,-1,0,no_movement
SCN-08-WRONG-RECIPIENT-0026,wrong_recipient,train,SCN-08-WRONG-RECIPIENT-0026-NORMAL_C,0,SCN-08-WRONG-RECIPIENT-0026-W1,0.0,-1,0,no_movement
SCN-08-WRONG-RECIPIENT-0027,wrong_recipient,test,SCN-08-WRONG-RECIPIENT-0027-VICTIM,0,SCN-08-WRONG-RECIPIENT-0027-W1,0.0,-1,0,no_movement
SCN-08-WRONG-RECIPIENT-0027,wrong_recipient,test,SCN-08-WRONG-RECIPIENT-0027-W1,0,SCN-08-WRONG-RECIPIENT-0027-W1,10656.0,0,0,no_movement
SCN-08-WRONG-RECIPIENT-0027,wrong_recipient,test,SCN-08-WRONG-RECIPIENT-0027-NORMAL_A,0,SCN-08-WRONG-RECIPIENT-0027-W1,0.0,-1,0,no_movement
SCN-08-WRONG-RECIPIENT-0027,wrong_recipient,test,SCN-08-WRONG-RECIPIENT-0027-NORMAL_B,0,SCN-08-WRONG-RECIPIENT-0027-W1,0.0,-1,0,no_movement
SCN-08-WRONG-RECIPIENT-0027,wrong_recipient,test,SCN-08-WRONG-RECIPIENT-0027-NORMAL_C,0,SCN-08-WRONG-RECIPIENT-0027-W1,0.0,-1,0,no_movement
SCN-08-WRONG-RECIPIENT-0028,wrong_recipient,train,SCN-08-WRONG-RECIPIENT-0028-VICTIM,0,SCN-08-WRONG-RECIPIENT-0028-W1,0.0,-1,0,no_movement
SCN-08-WRONG-RECIPIENT-0028,wrong_recipient,train,SCN-08-WRONG-RECIPIENT-0028-W1,0,SCN-08-WRONG-RECIPIENT-0028-W1,9928.0,0,0,no_movement
SCN-08-WRONG-RECIPIENT-0028,wrong_recipient,train,SCN-08-WRONG-RECIPIENT-0028-NORMAL_A,0,SCN-08-WRONG-RECIPIENT-0028-W1,0.0,-1,0,no_movement
SCN-08-WRONG-RECIPIENT-0028,wrong_recipient,train,SCN-08-WRONG-RECIPIENT-0028-NORMAL_B,0,SCN-08-WRONG-RECIPIENT-0028-W1,0.0,-1,0,no_movement
SCN-08-WRONG-RECIPIENT-0028,wrong_recipient,train,SCN-08-WRONG-RECIPIENT-0028-NORMAL_C,0,SCN-08-WRONG-RECIPIENT-0028-W1,0.0,-1,0,no_movement
SCN-08-WRONG-RECIPIENT-0029,wrong_recipient,test,SCN-08-WRONG-RECIPIENT-0029-VICTIM,0,SCN-08-WRONG-RECIPIENT-0029-W1,0.0,-1,0,no_movement
SCN-08-WRONG-RECIPIENT-0029,wrong_recipient,test,SCN-08-WRONG-RECIPIENT-0029-W1,0,SCN-08-WRONG-RECIPIENT-0029-W1,11202.0,0,0,no_movement
SCN-08-WRONG-RECIPIENT-0029,wrong_recipient,test,SCN-08-WRONG-RECIPIENT-0029-NORMAL_A,0,SCN-08-WRONG-RECIPIENT-0029-W1,0.0,-1,0,no_movement
SCN-08-WRONG-RECIPIENT-0029,wrong_recipient,test,SCN-08-WRONG-RECIPIENT-0029-NORMAL_B,0,SCN-08-WRONG-RECIPIENT-0029-W1,0.0,-1,0,no_movement
SCN-08-WRONG-RECIPIENT-0029,wrong_recipient,test,SCN-08-WRONG-RECIPIENT-0029-NORMAL_C,0,SCN-08-WRONG-RECIPIENT-0029-W1,0.0,-1,0,no_movement
SCN-08-WRONG-RECIPIENT-0030,wrong_recipient,train,SCN-08-WRONG-RECIPIENT-0030-VICTIM,0,SCN-08-WRONG-RECIPIENT-0030-W1,0.0,-1,0,no_movement
SCN-08-WRONG-RECIPIENT-0030,wrong_recipient,train,SCN-08-WRONG-RECIPIENT-0030-W1,0,SCN-08-WRONG-RECIPIENT-0030-W1,9551.0,0,0,no_movement
SCN-08-WRONG-RECIPIENT-0030,wrong_recipient,train,SCN-08-WRONG-RECIPIENT-0030-NORMAL_A,0,SCN-08-WRONG-RECIPIENT-0030-W1,0.0,-1,0,no_movement
SCN-08-WRONG-RECIPIENT-0030,wrong_recipient,train,SCN-08-WRONG-RECIPIENT-0030-NORMAL_B,0,SCN-08-WRONG-RECIPIENT-0030-W1,0.0,-1,0,no_movement
SCN-08-WRONG-RECIPIENT-0030,wrong_recipient,train,SCN-08-WRONG-RECIPIENT-0030-NORMAL_C,0,SCN-08-WRONG-RECIPIENT-0030-W1,0.0,-1,0,no_movement
SCN-08-WRONG-RECIPIENT-0031,wrong_recipient,train,SCN-08-WRONG-RECIPIENT-0031-VICTIM,0,SCN-08-WRONG-RECIPIENT-0031-W1,0.0,-1,0,no_movement
SCN-08-WRONG-RECIPIENT-0031,wrong_recipient,train,SCN-08-WRONG-RECIPIENT-0031-W1,0,SCN-08-WRONG-RECIPIENT-0031-W1,13341.0,0,0,no_movement
SCN-08-WRONG-RECIPIENT-0031,wrong_recipient,train,SCN-08-WRONG-RECIPIENT-0031-NORMAL_A,0,SCN-08-WRONG-RECIPIENT-0031-W1,0.0,-1,0,no_movement
SCN-08-WRONG-RECIPIENT-0031,wrong_recipient,train,SCN-08-WRONG-RECIPIENT-0031-NORMAL_B,0,SCN-08-WRONG-RECIPIENT-0031-W1,0.0,-1,0,no_movement
SCN-08-WRONG-RECIPIENT-0031,wrong_recipient,train,SCN-08-WRONG-RECIPIENT-0031-NORMAL_C,0,SCN-08-WRONG-RECIPIENT-0031-W1,0.0,-1,0,no_movement
SCN-08-WRONG-RECIPIENT-0032,wrong_recipient,train,SCN-08-WRONG-RECIPIENT-0032-VICTIM,0,SCN-08-WRONG-RECIPIENT-0032-W1,0.0,-1,0,no_movement
SCN-08-WRONG-RECIPIENT-0032,wrong_recipient,train,SCN-08-WRONG-RECIPIENT-0032-W1,0,SCN-08-WRONG-RECIPIENT-0032-W1,13138.0,0,0,no_movement
SCN-08-WRONG-RECIPIENT-0032,wrong_recipient,train,SCN-08-WRONG-RECIPIENT-0032-NORMAL_A,0,SCN-08-WRONG-RECIPIENT-0032-W1,0.0,-1,0,no_movement
SCN-08-WRONG-RECIPIENT-0032,wrong_recipient,train,SCN-08-WRONG-RECIPIENT-0032-NORMAL_B,0,SCN-08-WRONG-RECIPIENT-0032-W1,0.0,-1,0,no_movement
SCN-08-WRONG-RECIPIENT-0032,wrong_recipient,train,SCN-08-WRONG-RECIPIENT-0032-NORMAL_C,0,SCN-08-WRONG-RECIPIENT-0032-W1,0.0,-1,0,no_movement
SCN-08-WRONG-RECIPIENT-0033,wrong_recipient,train,SCN-08-WRONG-RECIPIENT-0033-VICTIM,0,SCN-08-WRONG-RECIPIENT-0033-W1,0.0,-1,0,no_movement
SCN-08-WRONG-RECIPIENT-0033,wrong_recipient,train,SCN-08-WRONG-RECIPIENT-0033-W1,0,SCN-08-WRONG-RECIPIENT-0033-W1,10802.0,0,0,no_movement
SCN-08-WRONG-RECIPIENT-0033,wrong_recipient,train,SCN-08-WRONG-RECIPIENT-0033-NORMAL_A,0,SCN-08-WRONG-RECIPIENT-0033-W1,0.0,-1,0,no_movement
SCN-08-WRONG-RECIPIENT-0033,wrong_recipient,train,SCN-08-WRONG-RECIPIENT-0033-NORMAL_B,0,SCN-08-WRONG-RECIPIENT-0033-W1,0.0,-1,0,no_movement
SCN-08-WRONG-RECIPIENT-0033,wrong_recipient,train,SCN-08-WRONG-RECIPIENT-0033-NORMAL_C,0,SCN-08-WRONG-RECIPIENT-0033-W1,0.0,-1,0,no_movement
SCN-08-WRONG-RECIPIENT-0034,wrong_recipient,train,SCN-08-WRONG-RECIPIENT-0034-VICTIM,0,SCN-08-WRONG-RECIPIENT-0034-W1,0.0,-1,0,no_movement
SCN-08-WRONG-RECIPIENT-0034,wrong_recipient,train,SCN-08-WRONG-RECIPIENT-0034-W1,0,SCN-08-WRONG-RECIPIENT-0034-W1,9336.0,0,0,no_movement
SCN-08-WRONG-RECIPIENT-0034,wrong_recipient,train,SCN-08-WRONG-RECIPIENT-0034-NORMAL_A,0,SCN-08-WRONG-RECIPIENT-0034-W1,0.0,-1,0,no_movement
SCN-08-WRONG-RECIPIENT-0034,wrong_recipient,train,SCN-08-WRONG-RECIPIENT-0034-NORMAL_B,0,SCN-08-WRONG-RECIPIENT-0034-W1,0.0,-1,0,no_movement
SCN-08-WRONG-RECIPIENT-0034,wrong_recipient,train,SCN-08-WRONG-RECIPIENT-0034-NORMAL_C,0,SCN-08-WRONG-RECIPIENT-0034-W1,0.0,-1,0,no_movement
SCN-08-WRONG-RECIPIENT-0035,wrong_recipient,train,SCN-08-WRONG-RECIPIENT-0035-VICTIM,0,SCN-08-WRONG-RECIPIENT-0035-W1,0.0,-1,0,no_movement
SCN-08-WRONG-RECIPIENT-0035,wrong_recipient,train,SCN-08-WRONG-RECIPIENT-0035-W1,0,SCN-08-WRONG-RECIPIENT-0035-W1,11499.0,0,0,no_movement
SCN-08-WRONG-RECIPIENT-0035,wrong_recipient,train,SCN-08-WRONG-RECIPIENT-0035-NORMAL_A,0,SCN-08-WRONG-RECIPIENT-0035-W1,0.0,-1,0,no_movement
SCN-08-WRONG-RECIPIENT-0035,wrong_recipient,train,SCN-08-WRONG-RECIPIENT-0035-NORMAL_B,0,SCN-08-WRONG-RECIPIENT-0035-W1,0.0,-1,0,no_movement
SCN-08-WRONG-RECIPIENT-0035,wrong_recipient,train,SCN-08-WRONG-RECIPIENT-0035-NORMAL_C,0,SCN-08-WRONG-RECIPIENT-0035-W1,0.0,-1,0,no_movement
SCN-08-WRONG-RECIPIENT-0036,wrong_recipient,train,SCN-08-WRONG-RECIPIENT-0036-VICTIM,0,SCN-08-WRONG-RECIPIENT-0036-W1,0.0,-1,0,no_movement
SCN-08-WRONG-RECIPIENT-0036,wrong_recipient,train,SCN-08-WRONG-RECIPIENT-0036-W1,0,SCN-08-WRONG-RECIPIENT-0036-W1,12917.0,0,0,no_movement
SCN-08-WRONG-RECIPIENT-0036,wrong_recipient,train,SCN-08-WRONG-RECIPIENT-0036-NORMAL_A,0,SCN-08-WRONG-RECIPIENT-0036-W1,0.0,-1,0,no_movement
SCN-08-WRONG-RECIPIENT-0036,wrong_recipient,train,SCN-08-WRONG-RECIPIENT-0036-NORMAL_B,0,SCN-08-WRONG-RECIPIENT-0036-W1,0.0,-1,0,no_movement
SCN-08-WRONG-RECIPIENT-0036,wrong_recipient,train,SCN-08-WRONG-RECIPIENT-0036-NORMAL_C,0,SCN-08-WRONG-RECIPIENT-0036-W1,0.0,-1,0,no_movement
SCN-08-WRONG-RECIPIENT-0037,wrong_recipient,train,SCN-08-WRONG-RECIPIENT-0037-VICTIM,0,SCN-08-WRONG-RECIPIENT-0037-W1,0.0,-1,0,no_movement
SCN-08-WRONG-RECIPIENT-0037,wrong_recipient,train,SCN-08-WRONG-RECIPIENT-0037-W1,0,SCN-08-WRONG-RECIPIENT-0037-W1,11295.0,0,0,no_movement
SCN-08-WRONG-RECIPIENT-0037,wrong_recipient,train,SCN-08-WRONG-RECIPIENT-0037-NORMAL_A,0,SCN-08-WRONG-RECIPIENT-0037-W1,0.0,-1,0,no_movement
SCN-08-WRONG-RECIPIENT-0037,wrong_recipient,train,SCN-08-WRONG-RECIPIENT-0037-NORMAL_B,0,SCN-08-WRONG-RECIPIENT-0037-W1,0.0,-1,0,no_movement
SCN-08-WRONG-RECIPIENT-0037,wrong_recipient,train,SCN-08-WRONG-RECIPIENT-0037-NORMAL_C,0,SCN-08-WRONG-RECIPIENT-0037-W1,0.0,-1,0,no_movement
SCN-08-WRONG-RECIPIENT-0038,wrong_recipient,train,SCN-08-WRONG-RECIPIENT-0038-VICTIM,0,SCN-08-WRONG-RECIPIENT-0038-W1,0.0,-1,0,no_movement
SCN-08-WRONG-RECIPIENT-0038,wrong_recipient,train,SCN-08-WRONG-RECIPIENT-0038-W1,0,SCN-08-WRONG-RECIPIENT-0038-W1,9897.0,0,0,no_movement
SCN-08-WRONG-RECIPIENT-0038,wrong_recipient,train,SCN-08-WRONG-RECIPIENT-0038-NORMAL_A,0,SCN-08-WRONG-RECIPIENT-0038-W1,0.0,-1,0,no_movement
SCN-08-WRONG-RECIPIENT-0038,wrong_recipient,train,SCN-08-WRONG-RECIPIENT-0038-NORMAL_B,0,SCN-08-WRONG-RECIPIENT-0038-W1,0.0,-1,0,no_movement
SCN-08-WRONG-RECIPIENT-0038,wrong_recipient,train,SCN-08-WRONG-RECIPIENT-0038-NORMAL_C,0,SCN-08-WRONG-RECIPIENT-0038-W1,0.0,-1,0,no_movement
SCN-08-WRONG-RECIPIENT-0039,wrong_recipient,train,SCN-08-WRONG-RECIPIENT-0039-VICTIM,0,SCN-08-WRONG-RECIPIENT-0039-W1,0.0,-1,0,no_movement
SCN-08-WRONG-RECIPIENT-0039,wrong_recipient,train,SCN-08-WRONG-RECIPIENT-0039-W1,0,SCN-08-WRONG-RECIPIENT-0039-W1,13389.0,0,0,no_movement
SCN-08-WRONG-RECIPIENT-0039,wrong_recipient,train,SCN-08-WRONG-RECIPIENT-0039-NORMAL_A,0,SCN-08-WRONG-RECIPIENT-0039-W1,0.0,-1,0,no_movement
SCN-08-WRONG-RECIPIENT-0039,wrong_recipient,train,SCN-08-WRONG-RECIPIENT-0039-NORMAL_B,0,SCN-08-WRONG-RECIPIENT-0039-W1,0.0,-1,0,no_movement
SCN-08-WRONG-RECIPIENT-0039,wrong_recipient,train,SCN-08-WRONG-RECIPIENT-0039-NORMAL_C,0,SCN-08-WRONG-RECIPIENT-0039-W1,0.0,-1,0,no_movement
SCN-08-WRONG-RECIPIENT-0040,wrong_recipient,validation,SCN-08-WRONG-RECIPIENT-0040-VICTIM,0,SCN-08-WRONG-RECIPIENT-0040-W1,0.0,-1,0,no_movement
SCN-08-WRONG-RECIPIENT-0040,wrong_recipient,validation,SCN-08-WRONG-RECIPIENT-0040-W1,0,SCN-08-WRONG-RECIPIENT-0040-W1,12028.0,0,0,no_movement
SCN-08-WRONG-RECIPIENT-0040,wrong_recipient,validation,SCN-08-WRONG-RECIPIENT-0040-NORMAL_A,0,SCN-08-WRONG-RECIPIENT-0040-W1,0.0,-1,0,no_movement
SCN-08-WRONG-RECIPIENT-0040,wrong_recipient,validation,SCN-08-WRONG-RECIPIENT-0040-NORMAL_B,0,SCN-08-WRONG-RECIPIENT-0040-W1,0.0,-1,0,no_movement
SCN-08-WRONG-RECIPIENT-0040,wrong_recipient,validation,SCN-08-WRONG-RECIPIENT-0040-NORMAL_C,0,SCN-08-WRONG-RECIPIENT-0040-W1,0.0,-1,0,no_movement
SCN-08-WRONG-RECIPIENT-0041,wrong_recipient,validation,SCN-08-WRONG-RECIPIENT-0041-VICTIM,0,SCN-08-WRONG-RECIPIENT-0041-W1,0.0,-1,0,no_movement
SCN-08-WRONG-RECIPIENT-0041,wrong_recipient,validation,SCN-08-WRONG-RECIPIENT-0041-W1,0,SCN-08-WRONG-RECIPIENT-0041-W1,9793.0,0,0,no_movement
SCN-08-WRONG-RECIPIENT-0041,wrong_recipient,validation,SCN-08-WRONG-RECIPIENT-0041-NORMAL_A,0,SCN-08-WRONG-RECIPIENT-0041-W1,0.0,-1,0,no_movement
SCN-08-WRONG-RECIPIENT-0041,wrong_recipient,validation,SCN-08-WRONG-RECIPIENT-0041-NORMAL_B,0,SCN-08-WRONG-RECIPIENT-0041-W1,0.0,-1,0,no_movement
SCN-08-WRONG-RECIPIENT-0041,wrong_recipient,validation,SCN-08-WRONG-RECIPIENT-0041-NORMAL_C,0,SCN-08-WRONG-RECIPIENT-0041-W1,0.0,-1,0,no_movement
SCN-08-WRONG-RECIPIENT-0042,wrong_recipient,train,SCN-08-WRONG-RECIPIENT-0042-VICTIM,0,SCN-08-WRONG-RECIPIENT-0042-W1,0.0,-1,0,no_movement
SCN-08-WRONG-RECIPIENT-0042,wrong_recipient,train,SCN-08-WRONG-RECIPIENT-0042-W1,0,SCN-08-WRONG-RECIPIENT-0042-W1,11395.0,0,0,no_movement
SCN-08-WRONG-RECIPIENT-0042,wrong_recipient,train,SCN-08-WRONG-RECIPIENT-0042-NORMAL_A,0,SCN-08-WRONG-RECIPIENT-0042-W1,0.0,-1,0,no_movement
SCN-08-WRONG-RECIPIENT-0042,wrong_recipient,train,SCN-08-WRONG-RECIPIENT-0042-NORMAL_B,0,SCN-08-WRONG-RECIPIENT-0042-W1,0.0,-1,0,no_movement
SCN-08-WRONG-RECIPIENT-0042,wrong_recipient,train,SCN-08-WRONG-RECIPIENT-0042-NORMAL_C,0,SCN-08-WRONG-RECIPIENT-0042-W1,0.0,-1,0,no_movement
SCN-08-WRONG-RECIPIENT-0043,wrong_recipient,validation,SCN-08-WRONG-RECIPIENT-0043-VICTIM,0,SCN-08-WRONG-RECIPIENT-0043-W1,0.0,-1,0,no_movement
SCN-08-WRONG-RECIPIENT-0043,wrong_recipient,validation,SCN-08-WRONG-RECIPIENT-0043-W1,0,SCN-08-WRONG-RECIPIENT-0043-W1,9782.0,0,0,no_movement
SCN-08-WRONG-RECIPIENT-0043,wrong_recipient,validation,SCN-08-WRONG-RECIPIENT-0043-NORMAL_A,0,SCN-08-WRONG-RECIPIENT-0043-W1,0.0,-1,0,no_movement
SCN-08-WRONG-RECIPIENT-0043,wrong_recipient,validation,SCN-08-WRONG-RECIPIENT-0043-NORMAL_B,0,SCN-08-WRONG-RECIPIENT-0043-W1,0.0,-1,0,no_movement
SCN-08-WRONG-RECIPIENT-0043,wrong_recipient,validation,SCN-08-WRONG-RECIPIENT-0043-NORMAL_C,0,SCN-08-WRONG-RECIPIENT-0043-W1,0.0,-1,0,no_movement
SCN-08-WRONG-RECIPIENT-0044,wrong_recipient,train,SCN-08-WRONG-RECIPIENT-0044-VICTIM,0,SCN-08-WRONG-RECIPIENT-0044-W1,0.0,-1,0,no_movement
SCN-08-WRONG-RECIPIENT-0044,wrong_recipient,train,SCN-08-WRONG-RECIPIENT-0044-W1,0,SCN-08-WRONG-RECIPIENT-0044-W1,12913.0,0,0,no_movement
SCN-08-WRONG-RECIPIENT-0044,wrong_recipient,train,SCN-08-WRONG-RECIPIENT-0044-NORMAL_A,0,SCN-08-WRONG-RECIPIENT-0044-W1,0.0,-1,0,no_movement
SCN-08-WRONG-RECIPIENT-0044,wrong_recipient,train,SCN-08-WRONG-RECIPIENT-0044-NORMAL_B,0,SCN-08-WRONG-RECIPIENT-0044-W1,0.0,-1,0,no_movement
SCN-08-WRONG-RECIPIENT-0044,wrong_recipient,train,SCN-08-WRONG-RECIPIENT-0044-NORMAL_C,0,SCN-08-WRONG-RECIPIENT-0044-W1,0.0,-1,0,no_movement
SCN-08-WRONG-RECIPIENT-0045,wrong_recipient,train,SCN-08-WRONG-RECIPIENT-0045-VICTIM,0,SCN-08-WRONG-RECIPIENT-0045-W1,0.0,-1,0,no_movement
SCN-08-WRONG-RECIPIENT-0045,wrong_recipient,train,SCN-08-WRONG-RECIPIENT-0045-W1,0,SCN-08-WRONG-RECIPIENT-0045-W1,10477.0,0,0,no_movement
SCN-08-WRONG-RECIPIENT-0045,wrong_recipient,train,SCN-08-WRONG-RECIPIENT-0045-NORMAL_A,0,SCN-08-WRONG-RECIPIENT-0045-W1,0.0,-1,0,no_movement
SCN-08-WRONG-RECIPIENT-0045,wrong_recipient,train,SCN-08-WRONG-RECIPIENT-0045-NORMAL_B,0,SCN-08-WRONG-RECIPIENT-0045-W1,0.0,-1,0,no_movement
SCN-08-WRONG-RECIPIENT-0045,wrong_recipient,train,SCN-08-WRONG-RECIPIENT-0045-NORMAL_C,0,SCN-08-WRONG-RECIPIENT-0045-W1,0.0,-1,0,no_movement
SCN-08-WRONG-RECIPIENT-0046,wrong_recipient,test,SCN-08-WRONG-RECIPIENT-0046-VICTIM,0,SCN-08-WRONG-RECIPIENT-0046-W1,0.0,-1,0,no_movement
SCN-08-WRONG-RECIPIENT-0046,wrong_recipient,test,SCN-08-WRONG-RECIPIENT-0046-W1,0,SCN-08-WRONG-RECIPIENT-0046-W1,14545.0,0,0,no_movement
SCN-08-WRONG-RECIPIENT-0046,wrong_recipient,test,SCN-08-WRONG-RECIPIENT-0046-NORMAL_A,0,SCN-08-WRONG-RECIPIENT-0046-W1,0.0,-1,0,no_movement
SCN-08-WRONG-RECIPIENT-0046,wrong_recipient,test,SCN-08-WRONG-RECIPIENT-0046-NORMAL_B,0,SCN-08-WRONG-RECIPIENT-0046-W1,0.0,-1,0,no_movement
SCN-08-WRONG-RECIPIENT-0046,wrong_recipient,test,SCN-08-WRONG-RECIPIENT-0046-NORMAL_C,0,SCN-08-WRONG-RECIPIENT-0046-W1,0.0,-1,0,no_movement
SCN-08-WRONG-RECIPIENT-0047,wrong_recipient,train,SCN-08-WRONG-RECIPIENT-0047-VICTIM,0,SCN-08-WRONG-RECIPIENT-0047-W1,0.0,-1,0,no_movement
SCN-08-WRONG-RECIPIENT-0047,wrong_recipient,train,SCN-08-WRONG-RECIPIENT-0047-W1,0,SCN-08-WRONG-RECIPIENT-0047-W1,11090.0,0,0,no_movement
SCN-08-WRONG-RECIPIENT-0047,wrong_recipient,train,SCN-08-WRONG-RECIPIENT-0047-NORMAL_A,0,SCN-08-WRONG-RECIPIENT-0047-W1,0.0,-1,0,no_movement
SCN-08-WRONG-RECIPIENT-0047,wrong_recipient,train,SCN-08-WRONG-RECIPIENT-0047-NORMAL_B,0,SCN-08-WRONG-RECIPIENT-0047-W1,0.0,-1,0,no_movement
SCN-08-WRONG-RECIPIENT-0047,wrong_recipient,train,SCN-08-WRONG-RECIPIENT-0047-NORMAL_C,0,SCN-08-WRONG-RECIPIENT-0047-W1,0.0,-1,0,no_movement
SCN-08-WRONG-RECIPIENT-0048,wrong_recipient,train,SCN-08-WRONG-RECIPIENT-0048-VICTIM,0,SCN-08-WRONG-RECIPIENT-0048-W1,0.0,-1,0,no_movement
SCN-08-WRONG-RECIPIENT-0048,wrong_recipient,train,SCN-08-WRONG-RECIPIENT-0048-W1,0,SCN-08-WRONG-RECIPIENT-0048-W1,10829.0,0,0,no_movement
SCN-08-WRONG-RECIPIENT-0048,wrong_recipient,train,SCN-08-WRONG-RECIPIENT-0048-NORMAL_A,0,SCN-08-WRONG-RECIPIENT-0048-W1,0.0,-1,0,no_movement
SCN-08-WRONG-RECIPIENT-0048,wrong_recipient,train,SCN-08-WRONG-RECIPIENT-0048-NORMAL_B,0,SCN-08-WRONG-RECIPIENT-0048-W1,0.0,-1,0,no_movement
SCN-08-WRONG-RECIPIENT-0048,wrong_recipient,train,SCN-08-WRONG-RECIPIENT-0048-NORMAL_C,0,SCN-08-WRONG-RECIPIENT-0048-W1,0.0,-1,0,no_movement
SCN-08-WRONG-RECIPIENT-0049,wrong_recipient,test,SCN-08-WRONG-RECIPIENT-0049-VICTIM,0,SCN-08-WRONG-RECIPIENT-0049-W1,0.0,-1,0,no_movement
SCN-08-WRONG-RECIPIENT-0049,wrong_recipient,test,SCN-08-WRONG-RECIPIENT-0049-W1,0,SCN-08-WRONG-RECIPIENT-0049-W1,11653.0,0,0,no_movement
SCN-08-WRONG-RECIPIENT-0049,wrong_recipient,test,SCN-08-WRONG-RECIPIENT-0049-NORMAL_A,0,SCN-08-WRONG-RECIPIENT-0049-W1,0.0,-1,0,no_movement
SCN-08-WRONG-RECIPIENT-0049,wrong_recipient,test,SCN-08-WRONG-RECIPIENT-0049-NORMAL_B,0,SCN-08-WRONG-RECIPIENT-0049-W1,0.0,-1,0,no_movement
SCN-08-WRONG-RECIPIENT-0049,wrong_recipient,test,SCN-08-WRONG-RECIPIENT-0049-NORMAL_C,0,SCN-08-WRONG-RECIPIENT-0049-W1,0.0,-1,0,no_movement
SCN-08-WRONG-RECIPIENT-0050,wrong_recipient,train,SCN-08-WRONG-RECIPIENT-0050-VICTIM,0,SCN-08-WRONG-RECIPIENT-0050-W1,0.0,-1,0,no_movement
SCN-08-WRONG-RECIPIENT-0050,wrong_recipient,train,SCN-08-WRONG-RECIPIENT-0050-W1,0,SCN-08-WRONG-RECIPIENT-0050-W1,10198.0,0,0,no_movement
SCN-08-WRONG-RECIPIENT-0050,wrong_recipient,train,SCN-08-WRONG-RECIPIENT-0050-NORMAL_A,0,SCN-08-WRONG-RECIPIENT-0050-W1,0.0,-1,0,no_movement
SCN-08-WRONG-RECIPIENT-0050,wrong_recipient,train,SCN-08-WRONG-RECIPIENT-0050-NORMAL_B,0,SCN-08-WRONG-RECIPIENT-0050-W1,0.0,-1,0,no_movement
SCN-08-WRONG-RECIPIENT-0050,wrong_recipient,train,SCN-08-WRONG-RECIPIENT-0050-NORMAL_C,0,SCN-08-WRONG-RECIPIENT-0050-W1,0.0,-1,0,no_movement
SCN-08-WRONG-RECIPIENT-0051,wrong_recipient,train,SCN-08-WRONG-RECIPIENT-0051-VICTIM,0,SCN-08-WRONG-RECIPIENT-0051-W1,0.0,-1,0,no_movement
SCN-08-WRONG-RECIPIENT-0051,wrong_recipient,train,SCN-08-WRONG-RECIPIENT-0051-W1,0,SCN-08-WRONG-RECIPIENT-0051-W1,9674.0,0,0,no_movement
SCN-08-WRONG-RECIPIENT-0051,wrong_recipient,train,SCN-08-WRONG-RECIPIENT-0051-NORMAL_A,0,SCN-08-WRONG-RECIPIENT-0051-W1,0.0,-1,0,no_movement
SCN-08-WRONG-RECIPIENT-0051,wrong_recipient,train,SCN-08-WRONG-RECIPIENT-0051-NORMAL_B,0,SCN-08-WRONG-RECIPIENT-0051-W1,0.0,-1,0,no_movement
SCN-08-WRONG-RECIPIENT-0051,wrong_recipient,train,SCN-08-WRONG-RECIPIENT-0051-NORMAL_C,0,SCN-08-WRONG-RECIPIENT-0051-W1,0.0,-1,0,no_movement
SCN-08-WRONG-RECIPIENT-0052,wrong_recipient,validation,SCN-08-WRONG-RECIPIENT-0052-VICTIM,0,SCN-08-WRONG-RECIPIENT-0052-W1,0.0,-1,0,no_movement
SCN-08-WRONG-RECIPIENT-0052,wrong_recipient,validation,SCN-08-WRONG-RECIPIENT-0052-W1,0,SCN-08-WRONG-RECIPIENT-0052-W1,14213.0,0,0,no_movement
SCN-08-WRONG-RECIPIENT-0052,wrong_recipient,validation,SCN-08-WRONG-RECIPIENT-0052-NORMAL_A,0,SCN-08-WRONG-RECIPIENT-0052-W1,0.0,-1,0,no_movement
SCN-08-WRONG-RECIPIENT-0052,wrong_recipient,validation,SCN-08-WRONG-RECIPIENT-0052-NORMAL_B,0,SCN-08-WRONG-RECIPIENT-0052-W1,0.0,-1,0,no_movement
SCN-08-WRONG-RECIPIENT-0052,wrong_recipient,validation,SCN-08-WRONG-RECIPIENT-0052-NORMAL_C,0,SCN-08-WRONG-RECIPIENT-0052-W1,0.0,-1,0,no_movement
SCN-08-WRONG-RECIPIENT-0053,wrong_recipient,test,SCN-08-WRONG-RECIPIENT-0053-VICTIM,0,SCN-08-WRONG-RECIPIENT-0053-W1,0.0,-1,0,no_movement
SCN-08-WRONG-RECIPIENT-0053,wrong_recipient,test,SCN-08-WRONG-RECIPIENT-0053-W1,0,SCN-08-WRONG-RECIPIENT-0053-W1,9668.0,0,0,no_movement
SCN-08-WRONG-RECIPIENT-0053,wrong_recipient,test,SCN-08-WRONG-RECIPIENT-0053-NORMAL_A,0,SCN-08-WRONG-RECIPIENT-0053-W1,0.0,-1,0,no_movement
SCN-08-WRONG-RECIPIENT-0053,wrong_recipient,test,SCN-08-WRONG-RECIPIENT-0053-NORMAL_B,0,SCN-08-WRONG-RECIPIENT-0053-W1,0.0,-1,0,no_movement
SCN-08-WRONG-RECIPIENT-0053,wrong_recipient,test,SCN-08-WRONG-RECIPIENT-0053-NORMAL_C,0,SCN-08-WRONG-RECIPIENT-0053-W1,0.0,-1,0,no_movement
SCN-08-WRONG-RECIPIENT-0054,wrong_recipient,train,SCN-08-WRONG-RECIPIENT-0054-VICTIM,0,SCN-08-WRONG-RECIPIENT-0054-W1,0.0,-1,0,no_movement
SCN-08-WRONG-RECIPIENT-0054,wrong_recipient,train,SCN-08-WRONG-RECIPIENT-0054-W1,0,SCN-08-WRONG-RECIPIENT-0054-W1,12228.0,0,0,no_movement
SCN-08-WRONG-RECIPIENT-0054,wrong_recipient,train,SCN-08-WRONG-RECIPIENT-0054-NORMAL_A,0,SCN-08-WRONG-RECIPIENT-0054-W1,0.0,-1,0,no_movement
SCN-08-WRONG-RECIPIENT-0054,wrong_recipient,train,SCN-08-WRONG-RECIPIENT-0054-NORMAL_B,0,SCN-08-WRONG-RECIPIENT-0054-W1,0.0,-1,0,no_movement
SCN-08-WRONG-RECIPIENT-0054,wrong_recipient,train,SCN-08-WRONG-RECIPIENT-0054-NORMAL_C,0,SCN-08-WRONG-RECIPIENT-0054-W1,0.0,-1,0,no_movement
SCN-08-WRONG-RECIPIENT-0055,wrong_recipient,train,SCN-08-WRONG-RECIPIENT-0055-VICTIM,0,SCN-08-WRONG-RECIPIENT-0055-W1,0.0,-1,0,no_movement
SCN-08-WRONG-RECIPIENT-0055,wrong_recipient,train,SCN-08-WRONG-RECIPIENT-0055-W1,0,SCN-08-WRONG-RECIPIENT-0055-W1,11898.0,0,0,no_movement
SCN-08-WRONG-RECIPIENT-0055,wrong_recipient,train,SCN-08-WRONG-RECIPIENT-0055-NORMAL_A,0,SCN-08-WRONG-RECIPIENT-0055-W1,0.0,-1,0,no_movement
SCN-08-WRONG-RECIPIENT-0055,wrong_recipient,train,SCN-08-WRONG-RECIPIENT-0055-NORMAL_B,0,SCN-08-WRONG-RECIPIENT-0055-W1,0.0,-1,0,no_movement
SCN-08-WRONG-RECIPIENT-0055,wrong_recipient,train,SCN-08-WRONG-RECIPIENT-0055-NORMAL_C,0,SCN-08-WRONG-RECIPIENT-0055-W1,0.0,-1,0,no_movement
SCN-08-WRONG-RECIPIENT-0056,wrong_recipient,train,SCN-08-WRONG-RECIPIENT-0056-VICTIM,0,SCN-08-WRONG-RECIPIENT-0056-W1,0.0,-1,0,no_movement
SCN-08-WRONG-RECIPIENT-0056,wrong_recipient,train,SCN-08-WRONG-RECIPIENT-0056-W1,0,SCN-08-WRONG-RECIPIENT-0056-W1,9110.0,0,0,no_movement
SCN-08-WRONG-RECIPIENT-0056,wrong_recipient,train,SCN-08-WRONG-RECIPIENT-0056-NORMAL_A,0,SCN-08-WRONG-RECIPIENT-0056-W1,0.0,-1,0,no_movement
SCN-08-WRONG-RECIPIENT-0056,wrong_recipient,train,SCN-08-WRONG-RECIPIENT-0056-NORMAL_B,0,SCN-08-WRONG-RECIPIENT-0056-W1,0.0,-1,0,no_movement
SCN-08-WRONG-RECIPIENT-0056,wrong_recipient,train,SCN-08-WRONG-RECIPIENT-0056-NORMAL_C,0,SCN-08-WRONG-RECIPIENT-0056-W1,0.0,-1,0,no_movement
SCN-08-WRONG-RECIPIENT-0057,wrong_recipient,train,SCN-08-WRONG-RECIPIENT-0057-VICTIM,0,SCN-08-WRONG-RECIPIENT-0057-W1,0.0,-1,0,no_movement
SCN-08-WRONG-RECIPIENT-0057,wrong_recipient,train,SCN-08-WRONG-RECIPIENT-0057-W1,0,SCN-08-WRONG-RECIPIENT-0057-W1,10022.0,0,0,no_movement
SCN-08-WRONG-RECIPIENT-0057,wrong_recipient,train,SCN-08-WRONG-RECIPIENT-0057-NORMAL_A,0,SCN-08-WRONG-RECIPIENT-0057-W1,0.0,-1,0,no_movement
SCN-08-WRONG-RECIPIENT-0057,wrong_recipient,train,SCN-08-WRONG-RECIPIENT-0057-NORMAL_B,0,SCN-08-WRONG-RECIPIENT-0057-W1,0.0,-1,0,no_movement
SCN-08-WRONG-RECIPIENT-0057,wrong_recipient,train,SCN-08-WRONG-RECIPIENT-0057-NORMAL_C,0,SCN-08-WRONG-RECIPIENT-0057-W1,0.0,-1,0,no_movement
SCN-08-WRONG-RECIPIENT-0058,wrong_recipient,train,SCN-08-WRONG-RECIPIENT-0058-VICTIM,0,SCN-08-WRONG-RECIPIENT-0058-W1,0.0,-1,0,no_movement
SCN-08-WRONG-RECIPIENT-0058,wrong_recipient,train,SCN-08-WRONG-RECIPIENT-0058-W1,0,SCN-08-WRONG-RECIPIENT-0058-W1,9319.0,0,0,no_movement
SCN-08-WRONG-RECIPIENT-0058,wrong_recipient,train,SCN-08-WRONG-RECIPIENT-0058-NORMAL_A,0,SCN-08-WRONG-RECIPIENT-0058-W1,0.0,-1,0,no_movement
SCN-08-WRONG-RECIPIENT-0058,wrong_recipient,train,SCN-08-WRONG-RECIPIENT-0058-NORMAL_B,0,SCN-08-WRONG-RECIPIENT-0058-W1,0.0,-1,0,no_movement
SCN-08-WRONG-RECIPIENT-0058,wrong_recipient,train,SCN-08-WRONG-RECIPIENT-0058-NORMAL_C,0,SCN-08-WRONG-RECIPIENT-0058-W1,0.0,-1,0,no_movement
SCN-08-WRONG-RECIPIENT-0059,wrong_recipient,train,SCN-08-WRONG-RECIPIENT-0059-VICTIM,0,SCN-08-WRONG-RECIPIENT-0059-W1,0.0,-1,0,no_movement
SCN-08-WRONG-RECIPIENT-0059,wrong_recipient,train,SCN-08-WRONG-RECIPIENT-0059-W1,0,SCN-08-WRONG-RECIPIENT-0059-W1,10628.0,0,0,no_movement
SCN-08-WRONG-RECIPIENT-0059,wrong_recipient,train,SCN-08-WRONG-RECIPIENT-0059-NORMAL_A,0,SCN-08-WRONG-RECIPIENT-0059-W1,0.0,-1,0,no_movement
SCN-08-WRONG-RECIPIENT-0059,wrong_recipient,train,SCN-08-WRONG-RECIPIENT-0059-NORMAL_B,0,SCN-08-WRONG-RECIPIENT-0059-W1,0.0,-1,0,no_movement
SCN-08-WRONG-RECIPIENT-0059,wrong_recipient,train,SCN-08-WRONG-RECIPIENT-0059-NORMAL_C,0,SCN-08-WRONG-RECIPIENT-0059-W1,0.0,-1,0,no_movement
SCN-08-WRONG-RECIPIENT-0060,wrong_recipient,test,SCN-08-WRONG-RECIPIENT-0060-VICTIM,0,SCN-08-WRONG-RECIPIENT-0060-W1,0.0,-1,0,no_movement
SCN-08-WRONG-RECIPIENT-0060,wrong_recipient,test,SCN-08-WRONG-RECIPIENT-0060-W1,0,SCN-08-WRONG-RECIPIENT-0060-W1,9114.0,0,0,no_movement
SCN-08-WRONG-RECIPIENT-0060,wrong_recipient,test,SCN-08-WRONG-RECIPIENT-0060-NORMAL_A,0,SCN-08-WRONG-RECIPIENT-0060-W1,0.0,-1,0,no_movement
SCN-08-WRONG-RECIPIENT-0060,wrong_recipient,test,SCN-08-WRONG-RECIPIENT-0060-NORMAL_B,0,SCN-08-WRONG-RECIPIENT-0060-W1,0.0,-1,0,no_movement
SCN-08-WRONG-RECIPIENT-0060,wrong_recipient,test,SCN-08-WRONG-RECIPIENT-0060-NORMAL_C,0,SCN-08-WRONG-RECIPIENT-0060-W1,0.0,-1,0,no_movement
SCN-08-WRONG-RECIPIENT-0061,wrong_recipient,train,SCN-08-WRONG-RECIPIENT-0061-VICTIM,0,SCN-08-WRONG-RECIPIENT-0061-W1,0.0,-1,0,no_movement
SCN-08-WRONG-RECIPIENT-0061,wrong_recipient,train,SCN-08-WRONG-RECIPIENT-0061-W1,0,SCN-08-WRONG-RECIPIENT-0061-W1,11284.0,0,0,no_movement
SCN-08-WRONG-RECIPIENT-0061,wrong_recipient,train,SCN-08-WRONG-RECIPIENT-0061-NORMAL_A,0,SCN-08-WRONG-RECIPIENT-0061-W1,0.0,-1,0,no_movement
SCN-08-WRONG-RECIPIENT-0061,wrong_recipient,train,SCN-08-WRONG-RECIPIENT-0061-NORMAL_B,0,SCN-08-WRONG-RECIPIENT-0061-W1,0.0,-1,0,no_movement
SCN-08-WRONG-RECIPIENT-0061,wrong_recipient,train,SCN-08-WRONG-RECIPIENT-0061-NORMAL_C,0,SCN-08-WRONG-RECIPIENT-0061-W1,0.0,-1,0,no_movement
SCN-08-WRONG-RECIPIENT-0062,wrong_recipient,train,SCN-08-WRONG-RECIPIENT-0062-VICTIM,0,SCN-08-WRONG-RECIPIENT-0062-W1,0.0,-1,0,no_movement
SCN-08-WRONG-RECIPIENT-0062,wrong_recipient,train,SCN-08-WRONG-RECIPIENT-0062-W1,0,SCN-08-WRONG-RECIPIENT-0062-W1,14201.0,0,0,no_movement
SCN-08-WRONG-RECIPIENT-0062,wrong_recipient,train,SCN-08-WRONG-RECIPIENT-0062-NORMAL_A,0,SCN-08-WRONG-RECIPIENT-0062-W1,0.0,-1,0,no_movement
SCN-08-WRONG-RECIPIENT-0062,wrong_recipient,train,SCN-08-WRONG-RECIPIENT-0062-NORMAL_B,0,SCN-08-WRONG-RECIPIENT-0062-W1,0.0,-1,0,no_movement
SCN-08-WRONG-RECIPIENT-0062,wrong_recipient,train,SCN-08-WRONG-RECIPIENT-0062-NORMAL_C,0,SCN-08-WRONG-RECIPIENT-0062-W1,0.0,-1,0,no_movement
SCN-08-WRONG-RECIPIENT-0063,wrong_recipient,train,SCN-08-WRONG-RECIPIENT-0063-VICTIM,0,SCN-08-WRONG-RECIPIENT-0063-W1,0.0,-1,0,no_movement
SCN-08-WRONG-RECIPIENT-0063,wrong_recipient,train,SCN-08-WRONG-RECIPIENT-0063-W1,0,SCN-08-WRONG-RECIPIENT-0063-W1,11748.0,0,0,no_movement
SCN-08-WRONG-RECIPIENT-0063,wrong_recipient,train,SCN-08-WRONG-RECIPIENT-0063-NORMAL_A,0,SCN-08-WRONG-RECIPIENT-0063-W1,0.0,-1,0,no_movement
SCN-08-WRONG-RECIPIENT-0063,wrong_recipient,train,SCN-08-WRONG-RECIPIENT-0063-NORMAL_B,0,SCN-08-WRONG-RECIPIENT-0063-W1,0.0,-1,0,no_movement
SCN-08-WRONG-RECIPIENT-0063,wrong_recipient,train,SCN-08-WRONG-RECIPIENT-0063-NORMAL_C,0,SCN-08-WRONG-RECIPIENT-0063-W1,0.0,-1,0,no_movement
SCN-08-WRONG-RECIPIENT-0064,wrong_recipient,validation,SCN-08-WRONG-RECIPIENT-0064-VICTIM,0,SCN-08-WRONG-RECIPIENT-0064-W1,0.0,-1,0,no_movement
SCN-08-WRONG-RECIPIENT-0064,wrong_recipient,validation,SCN-08-WRONG-RECIPIENT-0064-W1,0,SCN-08-WRONG-RECIPIENT-0064-W1,12176.0,0,0,no_movement
SCN-08-WRONG-RECIPIENT-0064,wrong_recipient,validation,SCN-08-WRONG-RECIPIENT-0064-NORMAL_A,0,SCN-08-WRONG-RECIPIENT-0064-W1,0.0,-1,0,no_movement
SCN-08-WRONG-RECIPIENT-0064,wrong_recipient,validation,SCN-08-WRONG-RECIPIENT-0064-NORMAL_B,0,SCN-08-WRONG-RECIPIENT-0064-W1,0.0,-1,0,no_movement
SCN-08-WRONG-RECIPIENT-0064,wrong_recipient,validation,SCN-08-WRONG-RECIPIENT-0064-NORMAL_C,0,SCN-08-WRONG-RECIPIENT-0064-W1,0.0,-1,0,no_movement
SCN-08-WRONG-RECIPIENT-0065,wrong_recipient,train,SCN-08-WRONG-RECIPIENT-0065-VICTIM,0,SCN-08-WRONG-RECIPIENT-0065-W1,0.0,-1,0,no_movement
SCN-08-WRONG-RECIPIENT-0065,wrong_recipient,train,SCN-08-WRONG-RECIPIENT-0065-W1,0,SCN-08-WRONG-RECIPIENT-0065-W1,11081.0,0,0,no_movement
SCN-08-WRONG-RECIPIENT-0065,wrong_recipient,train,SCN-08-WRONG-RECIPIENT-0065-NORMAL_A,0,SCN-08-WRONG-RECIPIENT-0065-W1,0.0,-1,0,no_movement
SCN-08-WRONG-RECIPIENT-0065,wrong_recipient,train,SCN-08-WRONG-RECIPIENT-0065-NORMAL_B,0,SCN-08-WRONG-RECIPIENT-0065-W1,0.0,-1,0,no_movement
SCN-08-WRONG-RECIPIENT-0065,wrong_recipient,train,SCN-08-WRONG-RECIPIENT-0065-NORMAL_C,0,SCN-08-WRONG-RECIPIENT-0065-W1,0.0,-1,0,no_movement
SCN-08-WRONG-RECIPIENT-0066,wrong_recipient,train,SCN-08-WRONG-RECIPIENT-0066-VICTIM,0,SCN-08-WRONG-RECIPIENT-0066-W1,0.0,-1,0,no_movement
SCN-08-WRONG-RECIPIENT-0066,wrong_recipient,train,SCN-08-WRONG-RECIPIENT-0066-W1,0,SCN-08-WRONG-RECIPIENT-0066-W1,14869.0,0,0,no_movement
SCN-08-WRONG-RECIPIENT-0066,wrong_recipient,train,SCN-08-WRONG-RECIPIENT-0066-NORMAL_A,0,SCN-08-WRONG-RECIPIENT-0066-W1,0.0,-1,0,no_movement
SCN-08-WRONG-RECIPIENT-0066,wrong_recipient,train,SCN-08-WRONG-RECIPIENT-0066-NORMAL_B,0,SCN-08-WRONG-RECIPIENT-0066-W1,0.0,-1,0,no_movement
SCN-08-WRONG-RECIPIENT-0066,wrong_recipient,train,SCN-08-WRONG-RECIPIENT-0066-NORMAL_C,0,SCN-08-WRONG-RECIPIENT-0066-W1,0.0,-1,0,no_movement
SCN-08-WRONG-RECIPIENT-0067,wrong_recipient,train,SCN-08-WRONG-RECIPIENT-0067-VICTIM,0,SCN-08-WRONG-RECIPIENT-0067-W1,0.0,-1,0,no_movement
SCN-08-WRONG-RECIPIENT-0067,wrong_recipient,train,SCN-08-WRONG-RECIPIENT-0067-W1,0,SCN-08-WRONG-RECIPIENT-0067-W1,14272.0,0,0,no_movement
SCN-08-WRONG-RECIPIENT-0067,wrong_recipient,train,SCN-08-WRONG-RECIPIENT-0067-NORMAL_A,0,SCN-08-WRONG-RECIPIENT-0067-W1,0.0,-1,0,no_movement
SCN-08-WRONG-RECIPIENT-0067,wrong_recipient,train,SCN-08-WRONG-RECIPIENT-0067-NORMAL_B,0,SCN-08-WRONG-RECIPIENT-0067-W1,0.0,-1,0,no_movement
SCN-08-WRONG-RECIPIENT-0067,wrong_recipient,train,SCN-08-WRONG-RECIPIENT-0067-NORMAL_C,0,SCN-08-WRONG-RECIPIENT-0067-W1,0.0,-1,0,no_movement
SCN-08-WRONG-RECIPIENT-0068,wrong_recipient,validation,SCN-08-WRONG-RECIPIENT-0068-VICTIM,0,SCN-08-WRONG-RECIPIENT-0068-W1,0.0,-1,0,no_movement
SCN-08-WRONG-RECIPIENT-0068,wrong_recipient,validation,SCN-08-WRONG-RECIPIENT-0068-W1,0,SCN-08-WRONG-RECIPIENT-0068-W1,12330.0,0,0,no_movement
SCN-08-WRONG-RECIPIENT-0068,wrong_recipient,validation,SCN-08-WRONG-RECIPIENT-0068-NORMAL_A,0,SCN-08-WRONG-RECIPIENT-0068-W1,0.0,-1,0,no_movement
SCN-08-WRONG-RECIPIENT-0068,wrong_recipient,validation,SCN-08-WRONG-RECIPIENT-0068-NORMAL_B,0,SCN-08-WRONG-RECIPIENT-0068-W1,0.0,-1,0,no_movement
SCN-08-WRONG-RECIPIENT-0068,wrong_recipient,validation,SCN-08-WRONG-RECIPIENT-0068-NORMAL_C,0,SCN-08-WRONG-RECIPIENT-0068-W1,0.0,-1,0,no_movement
SCN-08-WRONG-RECIPIENT-0069,wrong_recipient,train,SCN-08-WRONG-RECIPIENT-0069-VICTIM,0,SCN-08-WRONG-RECIPIENT-0069-W1,0.0,-1,0,no_movement
SCN-08-WRONG-RECIPIENT-0069,wrong_recipient,train,SCN-08-WRONG-RECIPIENT-0069-W1,0,SCN-08-WRONG-RECIPIENT-0069-W1,12942.0,0,0,no_movement
SCN-08-WRONG-RECIPIENT-0069,wrong_recipient,train,SCN-08-WRONG-RECIPIENT-0069-NORMAL_A,0,SCN-08-WRONG-RECIPIENT-0069-W1,0.0,-1,0,no_movement
SCN-08-WRONG-RECIPIENT-0069,wrong_recipient,train,SCN-08-WRONG-RECIPIENT-0069-NORMAL_B,0,SCN-08-WRONG-RECIPIENT-0069-W1,0.0,-1,0,no_movement
SCN-08-WRONG-RECIPIENT-0069,wrong_recipient,train,SCN-08-WRONG-RECIPIENT-0069-NORMAL_C,0,SCN-08-WRONG-RECIPIENT-0069-W1,0.0,-1,0,no_movement
SCN-08-WRONG-RECIPIENT-0070,wrong_recipient,train,SCN-08-WRONG-RECIPIENT-0070-VICTIM,0,SCN-08-WRONG-RECIPIENT-0070-W1,0.0,-1,0,no_movement
SCN-08-WRONG-RECIPIENT-0070,wrong_recipient,train,SCN-08-WRONG-RECIPIENT-0070-W1,0,SCN-08-WRONG-RECIPIENT-0070-W1,12675.0,0,0,no_movement
SCN-08-WRONG-RECIPIENT-0070,wrong_recipient,train,SCN-08-WRONG-RECIPIENT-0070-NORMAL_A,0,SCN-08-WRONG-RECIPIENT-0070-W1,0.0,-1,0,no_movement
SCN-08-WRONG-RECIPIENT-0070,wrong_recipient,train,SCN-08-WRONG-RECIPIENT-0070-NORMAL_B,0,SCN-08-WRONG-RECIPIENT-0070-W1,0.0,-1,0,no_movement
SCN-08-WRONG-RECIPIENT-0070,wrong_recipient,train,SCN-08-WRONG-RECIPIENT-0070-NORMAL_C,0,SCN-08-WRONG-RECIPIENT-0070-W1,0.0,-1,0,no_movement
SCN-08-WRONG-RECIPIENT-0071,wrong_recipient,train,SCN-08-WRONG-RECIPIENT-0071-VICTIM,0,SCN-08-WRONG-RECIPIENT-0071-W1,0.0,-1,0,no_movement
SCN-08-WRONG-RECIPIENT-0071,wrong_recipient,train,SCN-08-WRONG-RECIPIENT-0071-W1,0,SCN-08-WRONG-RECIPIENT-0071-W1,9916.0,0,0,no_movement
SCN-08-WRONG-RECIPIENT-0071,wrong_recipient,train,SCN-08-WRONG-RECIPIENT-0071-NORMAL_A,0,SCN-08-WRONG-RECIPIENT-0071-W1,0.0,-1,0,no_movement
SCN-08-WRONG-RECIPIENT-0071,wrong_recipient,train,SCN-08-WRONG-RECIPIENT-0071-NORMAL_B,0,SCN-08-WRONG-RECIPIENT-0071-W1,0.0,-1,0,no_movement
SCN-08-WRONG-RECIPIENT-0071,wrong_recipient,train,SCN-08-WRONG-RECIPIENT-0071-NORMAL_C,0,SCN-08-WRONG-RECIPIENT-0071-W1,0.0,-1,0,no_movement
SCN-08-WRONG-RECIPIENT-0072,wrong_recipient,test,SCN-08-WRONG-RECIPIENT-0072-VICTIM,0,SCN-08-WRONG-RECIPIENT-0072-W1,0.0,-1,0,no_movement
SCN-08-WRONG-RECIPIENT-0072,wrong_recipient,test,SCN-08-WRONG-RECIPIENT-0072-W1,0,SCN-08-WRONG-RECIPIENT-0072-W1,12253.0,0,0,no_movement
SCN-08-WRONG-RECIPIENT-0072,wrong_recipient,test,SCN-08-WRONG-RECIPIENT-0072-NORMAL_A,0,SCN-08-WRONG-RECIPIENT-0072-W1,0.0,-1,0,no_movement
SCN-08-WRONG-RECIPIENT-0072,wrong_recipient,test,SCN-08-WRONG-RECIPIENT-0072-NORMAL_B,0,SCN-08-WRONG-RECIPIENT-0072-W1,0.0,-1,0,no_movement
SCN-08-WRONG-RECIPIENT-0072,wrong_recipient,test,SCN-08-WRONG-RECIPIENT-0072-NORMAL_C,0,SCN-08-WRONG-RECIPIENT-0072-W1,0.0,-1,0,no_movement
SCN-08-WRONG-RECIPIENT-0073,wrong_recipient,train,SCN-08-WRONG-RECIPIENT-0073-VICTIM,0,SCN-08-WRONG-RECIPIENT-0073-W1,0.0,-1,0,no_movement
SCN-08-WRONG-RECIPIENT-0073,wrong_recipient,train,SCN-08-WRONG-RECIPIENT-0073-W1,0,SCN-08-WRONG-RECIPIENT-0073-W1,13801.0,0,0,no_movement
SCN-08-WRONG-RECIPIENT-0073,wrong_recipient,train,SCN-08-WRONG-RECIPIENT-0073-NORMAL_A,0,SCN-08-WRONG-RECIPIENT-0073-W1,0.0,-1,0,no_movement
SCN-08-WRONG-RECIPIENT-0073,wrong_recipient,train,SCN-08-WRONG-RECIPIENT-0073-NORMAL_B,0,SCN-08-WRONG-RECIPIENT-0073-W1,0.0,-1,0,no_movement
SCN-08-WRONG-RECIPIENT-0073,wrong_recipient,train,SCN-08-WRONG-RECIPIENT-0073-NORMAL_C,0,SCN-08-WRONG-RECIPIENT-0073-W1,0.0,-1,0,no_movement
SCN-08-WRONG-RECIPIENT-0074,wrong_recipient,test,SCN-08-WRONG-RECIPIENT-0074-VICTIM,0,SCN-08-WRONG-RECIPIENT-0074-W1,0.0,-1,0,no_movement
SCN-08-WRONG-RECIPIENT-0074,wrong_recipient,test,SCN-08-WRONG-RECIPIENT-0074-W1,0,SCN-08-WRONG-RECIPIENT-0074-W1,12143.0,0,0,no_movement
SCN-08-WRONG-RECIPIENT-0074,wrong_recipient,test,SCN-08-WRONG-RECIPIENT-0074-NORMAL_A,0,SCN-08-WRONG-RECIPIENT-0074-W1,0.0,-1,0,no_movement
SCN-08-WRONG-RECIPIENT-0074,wrong_recipient,test,SCN-08-WRONG-RECIPIENT-0074-NORMAL_B,0,SCN-08-WRONG-RECIPIENT-0074-W1,0.0,-1,0,no_movement
SCN-08-WRONG-RECIPIENT-0074,wrong_recipient,test,SCN-08-WRONG-RECIPIENT-0074-NORMAL_C,0,SCN-08-WRONG-RECIPIENT-0074-W1,0.0,-1,0,no_movement
SCN-08-WRONG-RECIPIENT-0075,wrong_recipient,train,SCN-08-WRONG-RECIPIENT-0075-VICTIM,0,SCN-08-WRONG-RECIPIENT-0075-W1,0.0,-1,0,no_movement
SCN-08-WRONG-RECIPIENT-0075,wrong_recipient,train,SCN-08-WRONG-RECIPIENT-0075-W1,0,SCN-08-WRONG-RECIPIENT-0075-W1,9871.0,0,0,no_movement
SCN-08-WRONG-RECIPIENT-0075,wrong_recipient,train,SCN-08-WRONG-RECIPIENT-0075-NORMAL_A,0,SCN-08-WRONG-RECIPIENT-0075-W1,0.0,-1,0,no_movement
SCN-08-WRONG-RECIPIENT-0075,wrong_recipient,train,SCN-08-WRONG-RECIPIENT-0075-NORMAL_B,0,SCN-08-WRONG-RECIPIENT-0075-W1,0.0,-1,0,no_movement
SCN-08-WRONG-RECIPIENT-0075,wrong_recipient,train,SCN-08-WRONG-RECIPIENT-0075-NORMAL_C,0,SCN-08-WRONG-RECIPIENT-0075-W1,0.0,-1,0,no_movement
SCN-08-WRONG-RECIPIENT-0076,wrong_recipient,train,SCN-08-WRONG-RECIPIENT-0076-VICTIM,0,SCN-08-WRONG-RECIPIENT-0076-W1,0.0,-1,0,no_movement
SCN-08-WRONG-RECIPIENT-0076,wrong_recipient,train,SCN-08-WRONG-RECIPIENT-0076-W1,0,SCN-08-WRONG-RECIPIENT-0076-W1,12344.0,0,0,no_movement
SCN-08-WRONG-RECIPIENT-0076,wrong_recipient,train,SCN-08-WRONG-RECIPIENT-0076-NORMAL_A,0,SCN-08-WRONG-RECIPIENT-0076-W1,0.0,-1,0,no_movement
SCN-08-WRONG-RECIPIENT-0076,wrong_recipient,train,SCN-08-WRONG-RECIPIENT-0076-NORMAL_B,0,SCN-08-WRONG-RECIPIENT-0076-W1,0.0,-1,0,no_movement
SCN-08-WRONG-RECIPIENT-0076,wrong_recipient,train,SCN-08-WRONG-RECIPIENT-0076-NORMAL_C,0,SCN-08-WRONG-RECIPIENT-0076-W1,0.0,-1,0,no_movement
SCN-08-WRONG-RECIPIENT-0077,wrong_recipient,train,SCN-08-WRONG-RECIPIENT-0077-VICTIM,0,SCN-08-WRONG-RECIPIENT-0077-W1,0.0,-1,0,no_movement
SCN-08-WRONG-RECIPIENT-0077,wrong_recipient,train,SCN-08-WRONG-RECIPIENT-0077-W1,0,SCN-08-WRONG-RECIPIENT-0077-W1,14278.0,0,0,no_movement
SCN-08-WRONG-RECIPIENT-0077,wrong_recipient,train,SCN-08-WRONG-RECIPIENT-0077-NORMAL_A,0,SCN-08-WRONG-RECIPIENT-0077-W1,0.0,-1,0,no_movement
SCN-08-WRONG-RECIPIENT-0077,wrong_recipient,train,SCN-08-WRONG-RECIPIENT-0077-NORMAL_B,0,SCN-08-WRONG-RECIPIENT-0077-W1,0.0,-1,0,no_movement
SCN-08-WRONG-RECIPIENT-0077,wrong_recipient,train,SCN-08-WRONG-RECIPIENT-0077-NORMAL_C,0,SCN-08-WRONG-RECIPIENT-0077-W1,0.0,-1,0,no_movement
SCN-08-WRONG-RECIPIENT-0078,wrong_recipient,train,SCN-08-WRONG-RECIPIENT-0078-VICTIM,0,SCN-08-WRONG-RECIPIENT-0078-W1,0.0,-1,0,no_movement
SCN-08-WRONG-RECIPIENT-0078,wrong_recipient,train,SCN-08-WRONG-RECIPIENT-0078-W1,0,SCN-08-WRONG-RECIPIENT-0078-W1,11484.0,0,0,no_movement
SCN-08-WRONG-RECIPIENT-0078,wrong_recipient,train,SCN-08-WRONG-RECIPIENT-0078-NORMAL_A,0,SCN-08-WRONG-RECIPIENT-0078-W1,0.0,-1,0,no_movement
SCN-08-WRONG-RECIPIENT-0078,wrong_recipient,train,SCN-08-WRONG-RECIPIENT-0078-NORMAL_B,0,SCN-08-WRONG-RECIPIENT-0078-W1,0.0,-1,0,no_movement
SCN-08-WRONG-RECIPIENT-0078,wrong_recipient,train,SCN-08-WRONG-RECIPIENT-0078-NORMAL_C,0,SCN-08-WRONG-RECIPIENT-0078-W1,0.0,-1,0,no_movement
SCN-08-WRONG-RECIPIENT-0079,wrong_recipient,validation,SCN-08-WRONG-RECIPIENT-0079-VICTIM,0,SCN-08-WRONG-RECIPIENT-0079-W1,0.0,-1,0,no_movement
SCN-08-WRONG-RECIPIENT-0079,wrong_recipient,validation,SCN-08-WRONG-RECIPIENT-0079-W1,0,SCN-08-WRONG-RECIPIENT-0079-W1,14365.0,0,0,no_movement
SCN-08-WRONG-RECIPIENT-0079,wrong_recipient,validation,SCN-08-WRONG-RECIPIENT-0079-NORMAL_A,0,SCN-08-WRONG-RECIPIENT-0079-W1,0.0,-1,0,no_movement
SCN-08-WRONG-RECIPIENT-0079,wrong_recipient,validation,SCN-08-WRONG-RECIPIENT-0079-NORMAL_B,0,SCN-08-WRONG-RECIPIENT-0079-W1,0.0,-1,0,no_movement
SCN-08-WRONG-RECIPIENT-0079,wrong_recipient,validation,SCN-08-WRONG-RECIPIENT-0079-NORMAL_C,0,SCN-08-WRONG-RECIPIENT-0079-W1,0.0,-1,0,no_movement
SCN-08-WRONG-RECIPIENT-0080,wrong_recipient,train,SCN-08-WRONG-RECIPIENT-0080-VICTIM,0,SCN-08-WRONG-RECIPIENT-0080-W1,0.0,-1,0,no_movement
SCN-08-WRONG-RECIPIENT-0080,wrong_recipient,train,SCN-08-WRONG-RECIPIENT-0080-W1,0,SCN-08-WRONG-RECIPIENT-0080-W1,9641.0,0,0,no_movement
SCN-08-WRONG-RECIPIENT-0080,wrong_recipient,train,SCN-08-WRONG-RECIPIENT-0080-NORMAL_A,0,SCN-08-WRONG-RECIPIENT-0080-W1,0.0,-1,0,no_movement
SCN-08-WRONG-RECIPIENT-0080,wrong_recipient,train,SCN-08-WRONG-RECIPIENT-0080-NORMAL_B,0,SCN-08-WRONG-RECIPIENT-0080-W1,0.0,-1,0,no_movement
SCN-08-WRONG-RECIPIENT-0080,wrong_recipient,train,SCN-08-WRONG-RECIPIENT-0080-NORMAL_C,0,SCN-08-WRONG-RECIPIENT-0080-W1,0.0,-1,0,no_movement
SCN-08-WRONG-RECIPIENT-0081,wrong_recipient,test,SCN-08-WRONG-RECIPIENT-0081-VICTIM,0,SCN-08-WRONG-RECIPIENT-0081-W1,0.0,-1,0,no_movement
SCN-08-WRONG-RECIPIENT-0081,wrong_recipient,test,SCN-08-WRONG-RECIPIENT-0081-W1,0,SCN-08-WRONG-RECIPIENT-0081-W1,10601.0,0,0,no_movement
SCN-08-WRONG-RECIPIENT-0081,wrong_recipient,test,SCN-08-WRONG-RECIPIENT-0081-NORMAL_A,0,SCN-08-WRONG-RECIPIENT-0081-W1,0.0,-1,0,no_movement
SCN-08-WRONG-RECIPIENT-0081,wrong_recipient,test,SCN-08-WRONG-RECIPIENT-0081-NORMAL_B,0,SCN-08-WRONG-RECIPIENT-0081-W1,0.0,-1,0,no_movement
SCN-08-WRONG-RECIPIENT-0081,wrong_recipient,test,SCN-08-WRONG-RECIPIENT-0081-NORMAL_C,0,SCN-08-WRONG-RECIPIENT-0081-W1,0.0,-1,0,no_movement
SCN-08-WRONG-RECIPIENT-0082,wrong_recipient,train,SCN-08-WRONG-RECIPIENT-0082-VICTIM,0,SCN-08-WRONG-RECIPIENT-0082-W1,0.0,-1,0,no_movement
SCN-08-WRONG-RECIPIENT-0082,wrong_recipient,train,SCN-08-WRONG-RECIPIENT-0082-W1,0,SCN-08-WRONG-RECIPIENT-0082-W1,13124.0,0,0,no_movement
SCN-08-WRONG-RECIPIENT-0082,wrong_recipient,train,SCN-08-WRONG-RECIPIENT-0082-NORMAL_A,0,SCN-08-WRONG-RECIPIENT-0082-W1,0.0,-1,0,no_movement
SCN-08-WRONG-RECIPIENT-0082,wrong_recipient,train,SCN-08-WRONG-RECIPIENT-0082-NORMAL_B,0,SCN-08-WRONG-RECIPIENT-0082-W1,0.0,-1,0,no_movement
SCN-08-WRONG-RECIPIENT-0082,wrong_recipient,train,SCN-08-WRONG-RECIPIENT-0082-NORMAL_C,0,SCN-08-WRONG-RECIPIENT-0082-W1,0.0,-1,0,no_movement
SCN-08-WRONG-RECIPIENT-0083,wrong_recipient,train,SCN-08-WRONG-RECIPIENT-0083-VICTIM,0,SCN-08-WRONG-RECIPIENT-0083-W1,0.0,-1,0,no_movement
SCN-08-WRONG-RECIPIENT-0083,wrong_recipient,train,SCN-08-WRONG-RECIPIENT-0083-W1,0,SCN-08-WRONG-RECIPIENT-0083-W1,12014.0,0,0,no_movement
SCN-08-WRONG-RECIPIENT-0083,wrong_recipient,train,SCN-08-WRONG-RECIPIENT-0083-NORMAL_A,0,SCN-08-WRONG-RECIPIENT-0083-W1,0.0,-1,0,no_movement
SCN-08-WRONG-RECIPIENT-0083,wrong_recipient,train,SCN-08-WRONG-RECIPIENT-0083-NORMAL_B,0,SCN-08-WRONG-RECIPIENT-0083-W1,0.0,-1,0,no_movement
SCN-08-WRONG-RECIPIENT-0083,wrong_recipient,train,SCN-08-WRONG-RECIPIENT-0083-NORMAL_C,0,SCN-08-WRONG-RECIPIENT-0083-W1,0.0,-1,0,no_movement
SCN-08-WRONG-RECIPIENT-0084,wrong_recipient,validation,SCN-08-WRONG-RECIPIENT-0084-VICTIM,0,SCN-08-WRONG-RECIPIENT-0084-W1,0.0,-1,0,no_movement
SCN-08-WRONG-RECIPIENT-0084,wrong_recipient,validation,SCN-08-WRONG-RECIPIENT-0084-W1,0,SCN-08-WRONG-RECIPIENT-0084-W1,14113.0,0,0,no_movement
SCN-08-WRONG-RECIPIENT-0084,wrong_recipient,validation,SCN-08-WRONG-RECIPIENT-0084-NORMAL_A,0,SCN-08-WRONG-RECIPIENT-0084-W1,0.0,-1,0,no_movement
SCN-08-WRONG-RECIPIENT-0084,wrong_recipient,validation,SCN-08-WRONG-RECIPIENT-0084-NORMAL_B,0,SCN-08-WRONG-RECIPIENT-0084-W1,0.0,-1,0,no_movement
SCN-08-WRONG-RECIPIENT-0084,wrong_recipient,validation,SCN-08-WRONG-RECIPIENT-0084-NORMAL_C,0,SCN-08-WRONG-RECIPIENT-0084-W1,0.0,-1,0,no_movement
SCN-08-WRONG-RECIPIENT-0085,wrong_recipient,train,SCN-08-WRONG-RECIPIENT-0085-VICTIM,0,SCN-08-WRONG-RECIPIENT-0085-W1,0.0,-1,0,no_movement
SCN-08-WRONG-RECIPIENT-0085,wrong_recipient,train,SCN-08-WRONG-RECIPIENT-0085-W1,0,SCN-08-WRONG-RECIPIENT-0085-W1,9193.0,0,0,no_movement
SCN-08-WRONG-RECIPIENT-0085,wrong_recipient,train,SCN-08-WRONG-RECIPIENT-0085-NORMAL_A,0,SCN-08-WRONG-RECIPIENT-0085-W1,0.0,-1,0,no_movement
SCN-08-WRONG-RECIPIENT-0085,wrong_recipient,train,SCN-08-WRONG-RECIPIENT-0085-NORMAL_B,0,SCN-08-WRONG-RECIPIENT-0085-W1,0.0,-1,0,no_movement
SCN-08-WRONG-RECIPIENT-0085,wrong_recipient,train,SCN-08-WRONG-RECIPIENT-0085-NORMAL_C,0,SCN-08-WRONG-RECIPIENT-0085-W1,0.0,-1,0,no_movement
SCN-08-WRONG-RECIPIENT-0086,wrong_recipient,train,SCN-08-WRONG-RECIPIENT-0086-VICTIM,0,SCN-08-WRONG-RECIPIENT-0086-W1,0.0,-1,0,no_movement
SCN-08-WRONG-RECIPIENT-0086,wrong_recipient,train,SCN-08-WRONG-RECIPIENT-0086-W1,0,SCN-08-WRONG-RECIPIENT-0086-W1,11478.0,0,0,no_movement
SCN-08-WRONG-RECIPIENT-0086,wrong_recipient,train,SCN-08-WRONG-RECIPIENT-0086-NORMAL_A,0,SCN-08-WRONG-RECIPIENT-0086-W1,0.0,-1,0,no_movement
SCN-08-WRONG-RECIPIENT-0086,wrong_recipient,train,SCN-08-WRONG-RECIPIENT-0086-NORMAL_B,0,SCN-08-WRONG-RECIPIENT-0086-W1,0.0,-1,0,no_movement
SCN-08-WRONG-RECIPIENT-0086,wrong_recipient,train,SCN-08-WRONG-RECIPIENT-0086-NORMAL_C,0,SCN-08-WRONG-RECIPIENT-0086-W1,0.0,-1,0,no_movement
SCN-08-WRONG-RECIPIENT-0087,wrong_recipient,validation,SCN-08-WRONG-RECIPIENT-0087-VICTIM,0,SCN-08-WRONG-RECIPIENT-0087-W1,0.0,-1,0,no_movement
SCN-08-WRONG-RECIPIENT-0087,wrong_recipient,validation,SCN-08-WRONG-RECIPIENT-0087-W1,0,SCN-08-WRONG-RECIPIENT-0087-W1,9397.0,0,0,no_movement
SCN-08-WRONG-RECIPIENT-0087,wrong_recipient,validation,SCN-08-WRONG-RECIPIENT-0087-NORMAL_A,0,SCN-08-WRONG-RECIPIENT-0087-W1,0.0,-1,0,no_movement
SCN-08-WRONG-RECIPIENT-0087,wrong_recipient,validation,SCN-08-WRONG-RECIPIENT-0087-NORMAL_B,0,SCN-08-WRONG-RECIPIENT-0087-W1,0.0,-1,0,no_movement
SCN-08-WRONG-RECIPIENT-0087,wrong_recipient,validation,SCN-08-WRONG-RECIPIENT-0087-NORMAL_C,0,SCN-08-WRONG-RECIPIENT-0087-W1,0.0,-1,0,no_movement
SCN-08-WRONG-RECIPIENT-0088,wrong_recipient,train,SCN-08-WRONG-RECIPIENT-0088-VICTIM,0,SCN-08-WRONG-RECIPIENT-0088-W1,0.0,-1,0,no_movement
SCN-08-WRONG-RECIPIENT-0088,wrong_recipient,train,SCN-08-WRONG-RECIPIENT-0088-W1,0,SCN-08-WRONG-RECIPIENT-0088-W1,11940.0,0,0,no_movement
SCN-08-WRONG-RECIPIENT-0088,wrong_recipient,train,SCN-08-WRONG-RECIPIENT-0088-NORMAL_A,0,SCN-08-WRONG-RECIPIENT-0088-W1,0.0,-1,0,no_movement
SCN-08-WRONG-RECIPIENT-0088,wrong_recipient,train,SCN-08-WRONG-RECIPIENT-0088-NORMAL_B,0,SCN-08-WRONG-RECIPIENT-0088-W1,0.0,-1,0,no_movement
SCN-08-WRONG-RECIPIENT-0088,wrong_recipient,train,SCN-08-WRONG-RECIPIENT-0088-NORMAL_C,0,SCN-08-WRONG-RECIPIENT-0088-W1,0.0,-1,0,no_movement
SCN-08-WRONG-RECIPIENT-0089,wrong_recipient,train,SCN-08-WRONG-RECIPIENT-0089-VICTIM,0,SCN-08-WRONG-RECIPIENT-0089-W1,0.0,-1,0,no_movement
SCN-08-WRONG-RECIPIENT-0089,wrong_recipient,train,SCN-08-WRONG-RECIPIENT-0089-W1,0,SCN-08-WRONG-RECIPIENT-0089-W1,11429.0,0,0,no_movement
SCN-08-WRONG-RECIPIENT-0089,wrong_recipient,train,SCN-08-WRONG-RECIPIENT-0089-NORMAL_A,0,SCN-08-WRONG-RECIPIENT-0089-W1,0.0,-1,0,no_movement
SCN-08-WRONG-RECIPIENT-0089,wrong_recipient,train,SCN-08-WRONG-RECIPIENT-0089-NORMAL_B,0,SCN-08-WRONG-RECIPIENT-0089-W1,0.0,-1,0,no_movement
SCN-08-WRONG-RECIPIENT-0089,wrong_recipient,train,SCN-08-WRONG-RECIPIENT-0089-NORMAL_C,0,SCN-08-WRONG-RECIPIENT-0089-W1,0.0,-1,0,no_movement
SCN-08-WRONG-RECIPIENT-0090,wrong_recipient,test,SCN-08-WRONG-RECIPIENT-0090-VICTIM,0,SCN-08-WRONG-RECIPIENT-0090-W1,0.0,-1,0,no_movement
SCN-08-WRONG-RECIPIENT-0090,wrong_recipient,test,SCN-08-WRONG-RECIPIENT-0090-W1,0,SCN-08-WRONG-RECIPIENT-0090-W1,10877.0,0,0,no_movement
SCN-08-WRONG-RECIPIENT-0090,wrong_recipient,test,SCN-08-WRONG-RECIPIENT-0090-NORMAL_A,0,SCN-08-WRONG-RECIPIENT-0090-W1,0.0,-1,0,no_movement
SCN-08-WRONG-RECIPIENT-0090,wrong_recipient,test,SCN-08-WRONG-RECIPIENT-0090-NORMAL_B,0,SCN-08-WRONG-RECIPIENT-0090-W1,0.0,-1,0,no_movement
SCN-08-WRONG-RECIPIENT-0090,wrong_recipient,test,SCN-08-WRONG-RECIPIENT-0090-NORMAL_C,0,SCN-08-WRONG-RECIPIENT-0090-W1,0.0,-1,0,no_movement
SCN-08-WRONG-RECIPIENT-0091,wrong_recipient,train,SCN-08-WRONG-RECIPIENT-0091-VICTIM,0,SCN-08-WRONG-RECIPIENT-0091-W1,0.0,-1,0,no_movement
SCN-08-WRONG-RECIPIENT-0091,wrong_recipient,train,SCN-08-WRONG-RECIPIENT-0091-W1,0,SCN-08-WRONG-RECIPIENT-0091-W1,12151.0,0,0,no_movement
SCN-08-WRONG-RECIPIENT-0091,wrong_recipient,train,SCN-08-WRONG-RECIPIENT-0091-NORMAL_A,0,SCN-08-WRONG-RECIPIENT-0091-W1,0.0,-1,0,no_movement
SCN-08-WRONG-RECIPIENT-0091,wrong_recipient,train,SCN-08-WRONG-RECIPIENT-0091-NORMAL_B,0,SCN-08-WRONG-RECIPIENT-0091-W1,0.0,-1,0,no_movement
SCN-08-WRONG-RECIPIENT-0091,wrong_recipient,train,SCN-08-WRONG-RECIPIENT-0091-NORMAL_C,0,SCN-08-WRONG-RECIPIENT-0091-W1,0.0,-1,0,no_movement
SCN-08-WRONG-RECIPIENT-0092,wrong_recipient,train,SCN-08-WRONG-RECIPIENT-0092-VICTIM,0,SCN-08-WRONG-RECIPIENT-0092-W1,0.0,-1,0,no_movement
SCN-08-WRONG-RECIPIENT-0092,wrong_recipient,train,SCN-08-WRONG-RECIPIENT-0092-W1,0,SCN-08-WRONG-RECIPIENT-0092-W1,11710.0,0,0,no_movement
SCN-08-WRONG-RECIPIENT-0092,wrong_recipient,train,SCN-08-WRONG-RECIPIENT-0092-NORMAL_A,0,SCN-08-WRONG-RECIPIENT-0092-W1,0.0,-1,0,no_movement
SCN-08-WRONG-RECIPIENT-0092,wrong_recipient,train,SCN-08-WRONG-RECIPIENT-0092-NORMAL_B,0,SCN-08-WRONG-RECIPIENT-0092-W1,0.0,-1,0,no_movement
SCN-08-WRONG-RECIPIENT-0092,wrong_recipient,train,SCN-08-WRONG-RECIPIENT-0092-NORMAL_C,0,SCN-08-WRONG-RECIPIENT-0092-W1,0.0,-1,0,no_movement
SCN-08-WRONG-RECIPIENT-0093,wrong_recipient,train,SCN-08-WRONG-RECIPIENT-0093-VICTIM,0,SCN-08-WRONG-RECIPIENT-0093-W1,0.0,-1,0,no_movement
SCN-08-WRONG-RECIPIENT-0093,wrong_recipient,train,SCN-08-WRONG-RECIPIENT-0093-W1,0,SCN-08-WRONG-RECIPIENT-0093-W1,12112.0,0,0,no_movement
SCN-08-WRONG-RECIPIENT-0093,wrong_recipient,train,SCN-08-WRONG-RECIPIENT-0093-NORMAL_A,0,SCN-08-WRONG-RECIPIENT-0093-W1,0.0,-1,0,no_movement
SCN-08-WRONG-RECIPIENT-0093,wrong_recipient,train,SCN-08-WRONG-RECIPIENT-0093-NORMAL_B,0,SCN-08-WRONG-RECIPIENT-0093-W1,0.0,-1,0,no_movement
SCN-08-WRONG-RECIPIENT-0093,wrong_recipient,train,SCN-08-WRONG-RECIPIENT-0093-NORMAL_C,0,SCN-08-WRONG-RECIPIENT-0093-W1,0.0,-1,0,no_movement
SCN-08-WRONG-RECIPIENT-0094,wrong_recipient,train,SCN-08-WRONG-RECIPIENT-0094-VICTIM,0,SCN-08-WRONG-RECIPIENT-0094-W1,0.0,-1,0,no_movement
SCN-08-WRONG-RECIPIENT-0094,wrong_recipient,train,SCN-08-WRONG-RECIPIENT-0094-W1,0,SCN-08-WRONG-RECIPIENT-0094-W1,12097.0,0,0,no_movement
SCN-08-WRONG-RECIPIENT-0094,wrong_recipient,train,SCN-08-WRONG-RECIPIENT-0094-NORMAL_A,0,SCN-08-WRONG-RECIPIENT-0094-W1,0.0,-1,0,no_movement
SCN-08-WRONG-RECIPIENT-0094,wrong_recipient,train,SCN-08-WRONG-RECIPIENT-0094-NORMAL_B,0,SCN-08-WRONG-RECIPIENT-0094-W1,0.0,-1,0,no_movement
SCN-08-WRONG-RECIPIENT-0094,wrong_recipient,train,SCN-08-WRONG-RECIPIENT-0094-NORMAL_C,0,SCN-08-WRONG-RECIPIENT-0094-W1,0.0,-1,0,no_movement
SCN-08-WRONG-RECIPIENT-0095,wrong_recipient,train,SCN-08-WRONG-RECIPIENT-0095-VICTIM,0,SCN-08-WRONG-RECIPIENT-0095-W1,0.0,-1,0,no_movement
SCN-08-WRONG-RECIPIENT-0095,wrong_recipient,train,SCN-08-WRONG-RECIPIENT-0095-W1,0,SCN-08-WRONG-RECIPIENT-0095-W1,11388.0,0,0,no_movement
SCN-08-WRONG-RECIPIENT-0095,wrong_recipient,train,SCN-08-WRONG-RECIPIENT-0095-NORMAL_A,0,SCN-08-WRONG-RECIPIENT-0095-W1,0.0,-1,0,no_movement
SCN-08-WRONG-RECIPIENT-0095,wrong_recipient,train,SCN-08-WRONG-RECIPIENT-0095-NORMAL_B,0,SCN-08-WRONG-RECIPIENT-0095-W1,0.0,-1,0,no_movement
SCN-08-WRONG-RECIPIENT-0095,wrong_recipient,train,SCN-08-WRONG-RECIPIENT-0095-NORMAL_C,0,SCN-08-WRONG-RECIPIENT-0095-W1,0.0,-1,0,no_movement
SCN-08-WRONG-RECIPIENT-0096,wrong_recipient,train,SCN-08-WRONG-RECIPIENT-0096-VICTIM,0,SCN-08-WRONG-RECIPIENT-0096-W1,0.0,-1,0,no_movement
SCN-08-WRONG-RECIPIENT-0096,wrong_recipient,train,SCN-08-WRONG-RECIPIENT-0096-W1,0,SCN-08-WRONG-RECIPIENT-0096-W1,11535.0,0,0,no_movement
SCN-08-WRONG-RECIPIENT-0096,wrong_recipient,train,SCN-08-WRONG-RECIPIENT-0096-NORMAL_A,0,SCN-08-WRONG-RECIPIENT-0096-W1,0.0,-1,0,no_movement
SCN-08-WRONG-RECIPIENT-0096,wrong_recipient,train,SCN-08-WRONG-RECIPIENT-0096-NORMAL_B,0,SCN-08-WRONG-RECIPIENT-0096-W1,0.0,-1,0,no_movement
SCN-08-WRONG-RECIPIENT-0096,wrong_recipient,train,SCN-08-WRONG-RECIPIENT-0096-NORMAL_C,0,SCN-08-WRONG-RECIPIENT-0096-W1,0.0,-1,0,no_movement
SCN-08-WRONG-RECIPIENT-0097,wrong_recipient,train,SCN-08-WRONG-RECIPIENT-0097-VICTIM,0,SCN-08-WRONG-RECIPIENT-0097-W1,0.0,-1,0,no_movement
SCN-08-WRONG-RECIPIENT-0097,wrong_recipient,train,SCN-08-WRONG-RECIPIENT-0097-W1,0,SCN-08-WRONG-RECIPIENT-0097-W1,9853.0,0,0,no_movement
SCN-08-WRONG-RECIPIENT-0097,wrong_recipient,train,SCN-08-WRONG-RECIPIENT-0097-NORMAL_A,0,SCN-08-WRONG-RECIPIENT-0097-W1,0.0,-1,0,no_movement
SCN-08-WRONG-RECIPIENT-0097,wrong_recipient,train,SCN-08-WRONG-RECIPIENT-0097-NORMAL_B,0,SCN-08-WRONG-RECIPIENT-0097-W1,0.0,-1,0,no_movement
SCN-08-WRONG-RECIPIENT-0097,wrong_recipient,train,SCN-08-WRONG-RECIPIENT-0097-NORMAL_C,0,SCN-08-WRONG-RECIPIENT-0097-W1,0.0,-1,0,no_movement
SCN-08-WRONG-RECIPIENT-0098,wrong_recipient,test,SCN-08-WRONG-RECIPIENT-0098-VICTIM,0,SCN-08-WRONG-RECIPIENT-0098-W1,0.0,-1,0,no_movement
SCN-08-WRONG-RECIPIENT-0098,wrong_recipient,test,SCN-08-WRONG-RECIPIENT-0098-W1,0,SCN-08-WRONG-RECIPIENT-0098-W1,9679.0,0,0,no_movement
SCN-08-WRONG-RECIPIENT-0098,wrong_recipient,test,SCN-08-WRONG-RECIPIENT-0098-NORMAL_A,0,SCN-08-WRONG-RECIPIENT-0098-W1,0.0,-1,0,no_movement
SCN-08-WRONG-RECIPIENT-0098,wrong_recipient,test,SCN-08-WRONG-RECIPIENT-0098-NORMAL_B,0,SCN-08-WRONG-RECIPIENT-0098-W1,0.0,-1,0,no_movement
SCN-08-WRONG-RECIPIENT-0098,wrong_recipient,test,SCN-08-WRONG-RECIPIENT-0098-NORMAL_C,0,SCN-08-WRONG-RECIPIENT-0098-W1,0.0,-1,0,no_movement
SCN-08-WRONG-RECIPIENT-0099,wrong_recipient,train,SCN-08-WRONG-RECIPIENT-0099-VICTIM,0,SCN-08-WRONG-RECIPIENT-0099-W1,0.0,-1,0,no_movement
SCN-08-WRONG-RECIPIENT-0099,wrong_recipient,train,SCN-08-WRONG-RECIPIENT-0099-W1,0,SCN-08-WRONG-RECIPIENT-0099-W1,9812.0,0,0,no_movement
SCN-08-WRONG-RECIPIENT-0099,wrong_recipient,train,SCN-08-WRONG-RECIPIENT-0099-NORMAL_A,0,SCN-08-WRONG-RECIPIENT-0099-W1,0.0,-1,0,no_movement
SCN-08-WRONG-RECIPIENT-0099,wrong_recipient,train,SCN-08-WRONG-RECIPIENT-0099-NORMAL_B,0,SCN-08-WRONG-RECIPIENT-0099-W1,0.0,-1,0,no_movement
SCN-08-WRONG-RECIPIENT-0099,wrong_recipient,train,SCN-08-WRONG-RECIPIENT-0099-NORMAL_C,0,SCN-08-WRONG-RECIPIENT-0099-W1,0.0,-1,0,no_movement
SCN-08-WRONG-RECIPIENT-0100,wrong_recipient,validation,SCN-08-WRONG-RECIPIENT-0100-VICTIM,0,SCN-08-WRONG-RECIPIENT-0100-W1,0.0,-1,0,no_movement
SCN-08-WRONG-RECIPIENT-0100,wrong_recipient,validation,SCN-08-WRONG-RECIPIENT-0100-W1,0,SCN-08-WRONG-RECIPIENT-0100-W1,12542.0,0,0,no_movement
SCN-08-WRONG-RECIPIENT-0100,wrong_recipient,validation,SCN-08-WRONG-RECIPIENT-0100-NORMAL_A,0,SCN-08-WRONG-RECIPIENT-0100-W1,0.0,-1,0,no_movement
SCN-08-WRONG-RECIPIENT-0100,wrong_recipient,validation,SCN-08-WRONG-RECIPIENT-0100-NORMAL_B,0,SCN-08-WRONG-RECIPIENT-0100-W1,0.0,-1,0,no_movement
SCN-08-WRONG-RECIPIENT-0100,wrong_recipient,validation,SCN-08-WRONG-RECIPIENT-0100-NORMAL_C,0,SCN-08-WRONG-RECIPIENT-0100-W1,0.0,-1,0,no_movement
